STORE_SO=<work>/src/Mooncake-r2/build/mooncake-integration/store.cpython-312-aarch64-linux-gnu.so
WARNING: Logging before InitGoogleLogging() is written to STDERR
I1008 08:28:28.114374 96609 client_metric.cpp:80] Client metrics enabled (default enabled)
I1008 08:28:28.114442 96609 client_metric.cpp:81] Client bandwidth summary enabled via MC_STORE_CLIENT_METRIC_BANDWIDTH
I1008 08:28:28.117415 96609 client_service.cpp:458] client_id=17241196995992472287-14771775672889787563
I1008 08:28:28.117439 96609 client_service.cpp:472] Client metrics enabled but reporting disabled (interval=0)
I1008 08:28:28.119658 96609 client_service.cpp:1111] Storage root directory is: /tmp/mooncake_ci_ssd_offload
I1008 08:28:28.119676 96609 client_service.cpp:1112] Fs subdir is: mooncake_cluster
I1008 08:28:28.119681 96609 client_service.cpp:1113] Disk eviction enabled: 1
I1008 08:28:28.119686 96609 client_service.cpp:1115] Quota bytes: 0
I1008 08:28:28.120281 96609 storage_backend.cpp:122] Reconstructing storage state from disk at: "/tmp/mooncake_ci_ssd_offload/mooncake_cluster"
I1008 08:28:28.120378 96609 storage_backend.cpp:212] Init: Quota: 5599241714073, Used: 0, Available: 5599241714073
I1008 08:28:28.120503 96609 transfer_engine_impl.cpp:1140] Metrics reporting is disabled (set MC_TE_METRIC=1 to enable)
I1008 08:28:28.120546 96609 transfer_engine_impl.cpp:146] Transfer Engine parseHostNameWithPort. server_name: localhost port: 13248
I1008 08:28:28.123659 96609 transfer_metadata_plugin.cpp:1462] Found active interface enp189s0f0 with IP <ip>
I1008 08:28:28.123679 96609 transfer_metadata_plugin.cpp:1451] Skipping interface virbr0 (not UP or not RUNNING)
I1008 08:28:28.123687 96609 transfer_metadata_plugin.cpp:1462] Found active interface docker0 with IP <ip>
I1008 08:28:28.123692 96609 transfer_metadata_plugin.cpp:1462] Found active interface tunl0 with IP <ip>
I1008 08:28:28.123798 96609 transfer_engine_impl.cpp:213] Transfer Engine RPC using new RPC mapping, listening on <ip>:16791
E1008 08:28:28.126518 96609 transfer_metadata_plugin.cpp:355] GET http://<ip>:8080/metadata?key=mooncake%2Frpc_meta%2Flocalhost%3A13248 http=404 body: metadata not found
I1008 08:28:28.127276 96609 client_service.cpp:891] Transfer engine auto discovery is disabled for protocol: tcp
W1008 08:28:28.127295 96609 client_service.cpp:926] TCP protocol does not use device names, ignoring
W1008 08:28:28.127974 96609 transfer_metadata.cpp:1322] Failed to retrieve segment descriptor, name localhost:13248
E1008 08:28:28.128558 96609 transfer_metadata_plugin.cpp:355] GET http://<ip>:8080/metadata?key=mooncake%2Fram%2Flocalhost%3A13248 http=404 body: metadata not found
I1008 08:28:28.129074 96609 tcp_transport.cpp:433] TcpTransport: listen on port 15904
I1008 08:28:28.129251 96609 tcp_transport.cpp:449] TcpTransport: I/O pool started with 1 thread(s)
I1008 08:28:28.130487 96609 transfer_task.cpp:1043] MC_STORE_MEMCPY not set, auto-detected: TCP-only environment, memcpy enabled
I1008 08:28:28.130515 96609 real_client.cpp:1047] Successfully created client on port 13248 after 1 attempt(s)
I1008 08:28:28.131973 96609 real_client.cpp:1082] Registering local memory: 536870912 bytes
I1008 08:28:28.133090 96609 real_client.cpp:1224] Mounting segment: 536870912 bytes, 536870912 of 536870912
completed 500 entries
completed 1000 entries
completed 500 entries
completed 1000 entries

=== Put Operations STATISTICS ===
Operations: 1000 (Success: 1000, Failure: 0)
Success Rate: 100.00%
Duration: 4.91 seconds
Data Transferred: 1000.00 MB
Latency (ms): Min=0.56, Max=1.86, Avg=0.70
Percentiles (ms): P90=0.86, P99=1.11, P999=1.11
==================================================

=== Batch Get Operations STATISTICS ===
Operations: 1000 (Success: 1000, Failure: 0)
Success Rate: 100.00%
Duration: 32.98 seconds
Data Transferred: 1000.00 MB
Latency (ms): Min=0.81, Max=2.59, Avg=1.46
Percentiles (ms): P90=1.99, P99=2.42, P999=2.42
==================================================
Cleanup completed
.Thread 0 started
Thread 1 started
Thread 2 started
Thread 3 started
Thread 2 completed
Thread 1 completed
Thread 3 completed
Thread 0 completed
Cleanup completed

=== Concurrent Put Operations STATISTICS ===
Operations: 4000 (Success: 4000, Failure: 0)
Success Rate: 100.00%
Duration: 0.00 seconds
Data Transferred: 4000.00 MB
Latency (ms): Min=0.26, Max=2.18, Avg=0.54
Percentiles (ms): P90=0.96, P99=1.27, P999=1.61
==================================================

=== Concurrent Get Operations STATISTICS ===
Operations: 4000 (Success: 4000, Failure: 0)
Success Rate: 100.00%
Duration: 0.00 seconds
Data Transferred: 4000.00 MB
Latency (ms): Min=0.35, Max=11.40, Avg=1.73
Percentiles (ms): P90=2.65, P99=5.05, P999=8.88
==================================================

=== Concurrent overall STATISTICS ===
Concurrent Throughput: 1052.43 ops/sec, 1052.43 MB/s
Total Operations: 8000, Duration: 7.60 seconds
Put Concurrency Efficiency: 400.00%
  • Average Thread Time: 0.5563s
  • Slowest Thread Time: 0.5571s
  • Efficiency Ratio: 1.00
Get Concurrency Efficiency: 400.00%
  • Average Thread Time: 2.0120s
  • Slowest Thread Time: 2.0429s
  • Efficiency Ratio: 0.98
.completed 500 entries
completed 1000 entries
completed 500 entries
completed 1000 entries

=== Put Operations STATISTICS ===
Operations: 1000 (Success: 1000, Failure: 0)
Success Rate: 100.00%
Duration: 4.84 seconds
Data Transferred: 1000.00 MB
Latency (ms): Min=0.53, Max=3.69, Avg=0.64
Percentiles (ms): P90=0.72, P99=0.92, P999=0.92
==================================================

=== Get Operations STATISTICS ===
Operations: 1000 (Success: 1000, Failure: 0)
Success Rate: 100.00%
Duration: 1.12 seconds
Data Transferred: 1000.00 MB
Latency (ms): Min=0.35, Max=1.70, Avg=0.72
Percentiles (ms): P90=1.05, P99=1.20, P999=1.20
==================================================
Cleanup completed
.
----------------------------------------------------------------------
Ran 3 tests in 67.675s

OK
sWARNING: Logging before InitGoogleLogging() is written to STDERR
I1008 08:29:38.153776 98994 client_metric.cpp:80] Client metrics enabled (default enabled)
I1008 08:29:38.153836 98994 client_metric.cpp:81] Client bandwidth summary enabled via MC_STORE_CLIENT_METRIC_BANDWIDTH
I1008 08:29:38.156858 98994 client_service.cpp:458] client_id=9531009594066420612-15924966679451354280
I1008 08:29:38.156880 98994 client_service.cpp:472] Client metrics enabled but reporting disabled (interval=0)
I1008 08:29:38.158854 98994 client_service.cpp:1111] Storage root directory is: /tmp/mooncake_ci_promotion
I1008 08:29:38.158872 98994 client_service.cpp:1112] Fs subdir is: mooncake_cluster
I1008 08:29:38.158877 98994 client_service.cpp:1113] Disk eviction enabled: 1
I1008 08:29:38.158883 98994 client_service.cpp:1115] Quota bytes: 0
I1008 08:29:38.159807 98994 storage_backend.cpp:122] Reconstructing storage state from disk at: "/tmp/mooncake_ci_promotion/mooncake_cluster"
I1008 08:29:38.159901 98994 storage_backend.cpp:212] Init: Quota: 5599241714073, Used: 0, Available: 5599241714073
I1008 08:29:38.159957 98994 transfer_engine_impl.cpp:1140] Metrics reporting is disabled (set MC_TE_METRIC=1 to enable)
I1008 08:29:38.159997 98994 transfer_engine_impl.cpp:146] Transfer Engine parseHostNameWithPort. server_name: localhost port: 14238
I1008 08:29:38.163234 98994 transfer_metadata_plugin.cpp:1462] Found active interface enp189s0f0 with IP <ip>
I1008 08:29:38.163257 98994 transfer_metadata_plugin.cpp:1451] Skipping interface virbr0 (not UP or not RUNNING)
I1008 08:29:38.163264 98994 transfer_metadata_plugin.cpp:1462] Found active interface docker0 with IP <ip>
I1008 08:29:38.163269 98994 transfer_metadata_plugin.cpp:1462] Found active interface tunl0 with IP <ip>
I1008 08:29:38.163307 98994 transfer_engine_impl.cpp:213] Transfer Engine RPC using new RPC mapping, listening on <ip>:16918
E1008 08:29:38.166105 98994 transfer_metadata_plugin.cpp:355] GET http://<ip>:8080/metadata?key=mooncake%2Frpc_meta%2Flocalhost%3A14238 http=404 body: metadata not found
I1008 08:29:38.166684 98994 client_service.cpp:891] Transfer engine auto discovery is disabled for protocol: tcp
W1008 08:29:38.167237 98994 transfer_metadata.cpp:1322] Failed to retrieve segment descriptor, name localhost:14238
E1008 08:29:38.167915 98994 transfer_metadata_plugin.cpp:355] GET http://<ip>:8080/metadata?key=mooncake%2Fram%2Flocalhost%3A14238 http=404 body: metadata not found
I1008 08:29:38.168484 98994 tcp_transport.cpp:433] TcpTransport: listen on port 15835
I1008 08:29:38.168649 98994 tcp_transport.cpp:449] TcpTransport: I/O pool started with 1 thread(s)
I1008 08:29:38.170027 98994 transfer_task.cpp:1043] MC_STORE_MEMCPY not set, auto-detected: TCP-only environment, memcpy enabled
I1008 08:29:38.170049 98994 real_client.cpp:1047] Successfully created client on port 14238 after 1 attempt(s)
I1008 08:29:38.171397 98994 real_client.cpp:1082] Registering local memory: 67108864 bytes
I1008 08:29:38.172659 98994 real_client.cpp:1224] Mounting segment: 33554432 bytes, 33554432 of 33554432
I1008 08:29:38.174557 98994 real_client.cpp:1329] Offload RPC server started on port 33733
I1008 08:29:38.355407 98994 aligned_client_buffer.cpp:127] AlignedClientBufferAllocator: allocated 1342177280 bytes at address 0xfffb5ffff000 (aligned to 4096 bytes)
I1008 08:29:38.357007 98994 storage_backend.cpp:1511] BucketStorageBackend: Allocated 33554432 bytes aligned buffer at 0xfffb5c3fc000
I1008 08:29:38.358839 98994 storage_backend.cpp:2160] Bucket backend max_total_size not set; using 90% of disk capacity: 5599241714073 bytes
I1008 08:29:38.358871 98994 storage_backend.cpp:2167] Initialized BucketIdGenerator with fresh start. No existing buckets found; starting from ID: 7337771737778
I1008 08:29:38.358879 98994 file_storage.cpp:150] IsEnableOffloading result: true
I1008 08:29:38.359740 99230 file_storage.cpp:215] Starting periodic task with interval: 2s, running is: 1
I1008 08:29:38.360019 99231 file_storage.cpp:1274] action=client_buffer_gc_thread_started
.I1008 08:30:04.384450 98994 file_storage.cpp:118] Shutdown FileStorage...
I1008 08:30:07.361814 99231 file_storage.cpp:1295] action=client_buffer_gc_thread_stopped
I1008 08:30:07.362063 98994 aligned_client_buffer.cpp:161] AlignedClientBufferAllocator: freeing aligned memory at 0xfffb5ffff000 (1342177280 bytes)
I1008 08:30:09.924602 98994 client_metric.cpp:80] Client metrics enabled (default enabled)
I1008 08:30:09.924644 98994 client_metric.cpp:81] Client bandwidth summary enabled via MC_STORE_CLIENT_METRIC_BANDWIDTH
I1008 08:30:09.930685 98994 client_service.cpp:458] client_id=8448875363183078512-4506764309685684117
I1008 08:30:09.930721 98994 client_service.cpp:472] Client metrics enabled but reporting disabled (interval=0)
I1008 08:30:09.931144 98994 client_service.cpp:1111] Storage root directory is: /tmp/mooncake_ci_promotion
I1008 08:30:09.931159 98994 client_service.cpp:1112] Fs subdir is: mooncake_cluster
I1008 08:30:09.931164 98994 client_service.cpp:1113] Disk eviction enabled: 1
I1008 08:30:09.931169 98994 client_service.cpp:1115] Quota bytes: 0
I1008 08:30:09.931290 98994 storage_backend.cpp:122] Reconstructing storage state from disk at: "/tmp/mooncake_ci_promotion/mooncake_cluster"
I1008 08:30:09.932339 98994 storage_backend.cpp:212] Init: Quota: 5599241714073, Used: 16384, Available: 5599241697689
I1008 08:30:09.932395 98994 transfer_engine_impl.cpp:1140] Metrics reporting is disabled (set MC_TE_METRIC=1 to enable)
I1008 08:30:09.932415 98994 transfer_engine_impl.cpp:146] Transfer Engine parseHostNameWithPort. server_name: localhost port: 13238
I1008 08:30:09.935587 98994 transfer_metadata_plugin.cpp:1462] Found active interface enp189s0f0 with IP <ip>
I1008 08:30:09.935606 98994 transfer_metadata_plugin.cpp:1451] Skipping interface virbr0 (not UP or not RUNNING)
I1008 08:30:09.935612 98994 transfer_metadata_plugin.cpp:1462] Found active interface docker0 with IP <ip>
I1008 08:30:09.935618 98994 transfer_metadata_plugin.cpp:1462] Found active interface tunl0 with IP <ip>
I1008 08:30:09.935719 98994 transfer_engine_impl.cpp:213] Transfer Engine RPC using new RPC mapping, listening on <ip>:16258
E1008 08:30:09.936484 98994 transfer_metadata_plugin.cpp:355] GET http://<ip>:8080/metadata?key=mooncake%2Frpc_meta%2Flocalhost%3A13238 http=404 body: metadata not found
I1008 08:30:09.936970 98994 client_service.cpp:891] Transfer engine auto discovery is disabled for protocol: tcp
W1008 08:30:09.937361 98994 transfer_metadata.cpp:1322] Failed to retrieve segment descriptor, name localhost:13238
E1008 08:30:09.937817 98994 transfer_metadata_plugin.cpp:355] GET http://<ip>:8080/metadata?key=mooncake%2Fram%2Flocalhost%3A13238 http=404 body: metadata not found
I1008 08:30:09.938247 98994 tcp_transport.cpp:433] TcpTransport: listen on port 16859
I1008 08:30:09.938392 98994 tcp_transport.cpp:449] TcpTransport: I/O pool started with 1 thread(s)
I1008 08:30:09.939219 98994 transfer_task.cpp:1043] MC_STORE_MEMCPY not set, auto-detected: TCP-only environment, memcpy enabled
I1008 08:30:09.939241 98994 real_client.cpp:1047] Successfully created client on port 13238 after 1 attempt(s)
I1008 08:30:09.940908 98994 real_client.cpp:1082] Registering local memory: 67108864 bytes
I1008 08:30:09.941854 98994 real_client.cpp:1224] Mounting segment: 33554432 bytes, 33554432 of 33554432
I1008 08:30:09.943324 98994 real_client.cpp:1329] Offload RPC server started on port 37623
I1008 08:30:10.124313 98994 aligned_client_buffer.cpp:127] AlignedClientBufferAllocator: allocated 1342177280 bytes at address 0xfffb5ffff000 (aligned to 4096 bytes)
I1008 08:30:10.126098 98994 storage_backend.cpp:1511] BucketStorageBackend: Allocated 33554432 bytes aligned buffer at 0xfffbc47cf000
I1008 08:30:10.128700 98994 storage_backend.cpp:2160] Bucket backend max_total_size not set; using 90% of disk capacity: 5599241714073 bytes
I1008 08:30:10.128733 98994 storage_backend.cpp:2167] Initialized BucketIdGenerator with fresh start. No existing buckets found; starting from ID: 7337771868850
I1008 08:30:10.128741 98994 file_storage.cpp:150] IsEnableOffloading result: true
I1008 08:30:10.129427 99256 file_storage.cpp:215] Starting periodic task with interval: 2s, running is: 1
I1008 08:30:10.129482 99257 file_storage.cpp:1274] action=client_buffer_gc_thread_started
W1008 08:30:10.297857 98994 client_service.cpp:2052] Failed to start put operation for key=poh_32_1791448210 due to insufficient space. Consider lowering eviction_high_watermark_ratio or mounting more segments.
W1008 08:30:10.302466 98994 client_service.cpp:2052] Failed to start put operation for key=poh_33_1791448210 due to insufficient space. Consider lowering eviction_high_watermark_ratio or mounting more segments.
W1008 08:30:10.306640 98994 client_service.cpp:2052] Failed to start put operation for key=poh_34_1791448210 due to insufficient space. Consider lowering eviction_high_watermark_ratio or mounting more segments.
W1008 08:30:10.310779 98994 client_service.cpp:2052] Failed to start put operation for key=poh_35_1791448210 due to insufficient space. Consider lowering eviction_high_watermark_ratio or mounting more segments.
W1008 08:30:10.314919 98994 client_service.cpp:2052] Failed to start put operation for key=poh_36_1791448210 due to insufficient space. Consider lowering eviction_high_watermark_ratio or mounting more segments.
W1008 08:30:10.319065 98994 client_service.cpp:2052] Failed to start put operation for key=poh_37_1791448210 due to insufficient space. Consider lowering eviction_high_watermark_ratio or mounting more segments.
W1008 08:30:10.323148 98994 client_service.cpp:2052] Failed to start put operation for key=poh_38_1791448210 due to insufficient space. Consider lowering eviction_high_watermark_ratio or mounting more segments.
W1008 08:30:10.327232 98994 client_service.cpp:2052] Failed to start put operation for key=poh_39_1791448210 due to insufficient space. Consider lowering eviction_high_watermark_ratio or mounting more segments.
W1008 08:30:10.331292 98994 client_service.cpp:2052] Failed to start put operation for key=poh_40_1791448210 due to insufficient space. Consider lowering eviction_high_watermark_ratio or mounting more segments.
W1008 08:30:10.335345 98994 client_service.cpp:2052] Failed to start put operation for key=poh_41_1791448210 due to insufficient space. Consider lowering eviction_high_watermark_ratio or mounting more segments.
W1008 08:30:10.339422 98994 client_service.cpp:2052] Failed to start put operation for key=poh_42_1791448210 due to insufficient space. Consider lowering eviction_high_watermark_ratio or mounting more segments.
W1008 08:30:10.343487 98994 client_service.cpp:2052] Failed to start put operation for key=poh_43_1791448210 due to insufficient space. Consider lowering eviction_high_watermark_ratio or mounting more segments.
W1008 08:30:10.347548 98994 client_service.cpp:2052] Failed to start put operation for key=poh_44_1791448210 due to insufficient space. Consider lowering eviction_high_watermark_ratio or mounting more segments.
W1008 08:30:10.351621 98994 client_service.cpp:2052] Failed to start put operation for key=poh_45_1791448210 due to insufficient space. Consider lowering eviction_high_watermark_ratio or mounting more segments.
W1008 08:30:10.355676 98994 client_service.cpp:2052] Failed to start put operation for key=poh_46_1791448210 due to insufficient space. Consider lowering eviction_high_watermark_ratio or mounting more segments.
W1008 08:30:10.359748 98994 client_service.cpp:2052] Failed to start put operation for key=poh_47_1791448210 due to insufficient space. Consider lowering eviction_high_watermark_ratio or mounting more segments.
W1008 08:30:10.363799 98994 client_service.cpp:2052] Failed to start put operation for key=poh_48_1791448210 due to insufficient space. Consider lowering eviction_high_watermark_ratio or mounting more segments.
W1008 08:30:10.367859 98994 client_service.cpp:2052] Failed to start put operation for key=poh_49_1791448210 due to insufficient space. Consider lowering eviction_high_watermark_ratio or mounting more segments.
W1008 08:30:10.371923 98994 client_service.cpp:2052] Failed to start put operation for key=poh_50_1791448210 due to insufficient space. Consider lowering eviction_high_watermark_ratio or mounting more segments.
W1008 08:30:10.375988 98994 client_service.cpp:2052] Failed to start put operation for key=poh_51_1791448210 due to insufficient space. Consider lowering eviction_high_watermark_ratio or mounting more segments.
W1008 08:30:10.380038 98994 client_service.cpp:2052] Failed to start put operation for key=poh_52_1791448210 due to insufficient space. Consider lowering eviction_high_watermark_ratio or mounting more segments.
W1008 08:30:10.384099 98994 client_service.cpp:2052] Failed to start put operation for key=poh_53_1791448210 due to insufficient space. Consider lowering eviction_high_watermark_ratio or mounting more segments.
W1008 08:30:10.388149 98994 client_service.cpp:2052] Failed to start put operation for key=poh_54_1791448210 due to insufficient space. Consider lowering eviction_high_watermark_ratio or mounting more segments.
W1008 08:30:10.392206 98994 client_service.cpp:2052] Failed to start put operation for key=poh_55_1791448210 due to insufficient space. Consider lowering eviction_high_watermark_ratio or mounting more segments.
W1008 08:30:10.396265 98994 client_service.cpp:2052] Failed to start put operation for key=poh_56_1791448210 due to insufficient space. Consider lowering eviction_high_watermark_ratio or mounting more segments.
W1008 08:30:10.400328 98994 client_service.cpp:2052] Failed to start put operation for key=poh_57_1791448210 due to insufficient space. Consider lowering eviction_high_watermark_ratio or mounting more segments.
W1008 08:30:10.404452 98994 client_service.cpp:2052] Failed to start put operation for key=poh_58_1791448210 due to insufficient space. Consider lowering eviction_high_watermark_ratio or mounting more segments.
W1008 08:30:10.408587 98994 client_service.cpp:2052] Failed to start put operation for key=poh_59_1791448210 due to insufficient space. Consider lowering eviction_high_watermark_ratio or mounting more segments.
W1008 08:30:10.412664 98994 client_service.cpp:2052] Failed to start put operation for key=poh_60_1791448210 due to insufficient space. Consider lowering eviction_high_watermark_ratio or mounting more segments.
W1008 08:30:10.416735 98994 client_service.cpp:2052] Failed to start put operation for key=poh_61_1791448210 due to insufficient space. Consider lowering eviction_high_watermark_ratio or mounting more segments.
W1008 08:30:10.420805 98994 client_service.cpp:2052] Failed to start put operation for key=poh_62_1791448210 due to insufficient space. Consider lowering eviction_high_watermark_ratio or mounting more segments.
W1008 08:30:10.424866 98994 client_service.cpp:2052] Failed to start put operation for key=poh_63_1791448210 due to insufficient space. Consider lowering eviction_high_watermark_ratio or mounting more segments.
W1008 08:30:10.428926 98994 client_service.cpp:2052] Failed to start put operation for key=poh_64_1791448210 due to insufficient space. Consider lowering eviction_high_watermark_ratio or mounting more segments.
W1008 08:30:10.432986 98994 client_service.cpp:2052] Failed to start put operation for key=poh_65_1791448210 due to insufficient space. Consider lowering eviction_high_watermark_ratio or mounting more segments.
W1008 08:30:10.437041 98994 client_service.cpp:2052] Failed to start put operation for key=poh_66_1791448210 due to insufficient space. Consider lowering eviction_high_watermark_ratio or mounting more segments.
W1008 08:30:10.441115 98994 client_service.cpp:2052] Failed to start put operation for key=poh_67_1791448210 due to insufficient space. Consider lowering eviction_high_watermark_ratio or mounting more segments.
W1008 08:30:10.445168 98994 client_service.cpp:2052] Failed to start put operation for key=poh_68_1791448210 due to insufficient space. Consider lowering eviction_high_watermark_ratio or mounting more segments.
W1008 08:30:10.449225 98994 client_service.cpp:2052] Failed to start put operation for key=poh_69_1791448210 due to insufficient space. Consider lowering eviction_high_watermark_ratio or mounting more segments.
W1008 08:30:10.453287 98994 client_service.cpp:2052] Failed to start put operation for key=poh_70_1791448210 due to insufficient space. Consider lowering eviction_high_watermark_ratio or mounting more segments.
W1008 08:30:10.457345 98994 client_service.cpp:2052] Failed to start put operation for key=poh_71_1791448210 due to insufficient space. Consider lowering eviction_high_watermark_ratio or mounting more segments.
W1008 08:30:10.461401 98994 client_service.cpp:2052] Failed to start put operation for key=poh_72_1791448210 due to insufficient space. Consider lowering eviction_high_watermark_ratio or mounting more segments.
W1008 08:30:10.465473 98994 client_service.cpp:2052] Failed to start put operation for key=poh_73_1791448210 due to insufficient space. Consider lowering eviction_high_watermark_ratio or mounting more segments.
W1008 08:30:10.469527 98994 client_service.cpp:2052] Failed to start put operation for key=poh_74_1791448210 due to insufficient space. Consider lowering eviction_high_watermark_ratio or mounting more segments.
W1008 08:30:10.473590 98994 client_service.cpp:2052] Failed to start put operation for key=poh_75_1791448210 due to insufficient space. Consider lowering eviction_high_watermark_ratio or mounting more segments.
W1008 08:30:10.477735 98994 client_service.cpp:2052] Failed to start put operation for key=poh_76_1791448210 due to insufficient space. Consider lowering eviction_high_watermark_ratio or mounting more segments.
W1008 08:30:10.481827 98994 client_service.cpp:2052] Failed to start put operation for key=poh_77_1791448210 due to insufficient space. Consider lowering eviction_high_watermark_ratio or mounting more segments.
W1008 08:30:10.485898 98994 client_service.cpp:2052] Failed to start put operation for key=poh_78_1791448210 due to insufficient space. Consider lowering eviction_high_watermark_ratio or mounting more segments.
W1008 08:30:10.489962 98994 client_service.cpp:2052] Failed to start put operation for key=poh_79_1791448210 due to insufficient space. Consider lowering eviction_high_watermark_ratio or mounting more segments.
W1008 08:30:10.494012 98994 client_service.cpp:2052] Failed to start put operation for key=poh_80_1791448210 due to insufficient space. Consider lowering eviction_high_watermark_ratio or mounting more segments.
W1008 08:30:10.498073 98994 client_service.cpp:2052] Failed to start put operation for key=poh_81_1791448210 due to insufficient space. Consider lowering eviction_high_watermark_ratio or mounting more segments.
W1008 08:30:10.502128 98994 client_service.cpp:2052] Failed to start put operation for key=poh_82_1791448210 due to insufficient space. Consider lowering eviction_high_watermark_ratio or mounting more segments.
W1008 08:30:10.506189 98994 client_service.cpp:2052] Failed to start put operation for key=poh_83_1791448210 due to insufficient space. Consider lowering eviction_high_watermark_ratio or mounting more segments.
W1008 08:30:10.510251 98994 client_service.cpp:2052] Failed to start put operation for key=poh_84_1791448210 due to insufficient space. Consider lowering eviction_high_watermark_ratio or mounting more segments.
W1008 08:30:10.514312 98994 client_service.cpp:2052] Failed to start put operation for key=poh_85_1791448210 due to insufficient space. Consider lowering eviction_high_watermark_ratio or mounting more segments.
W1008 08:30:10.518365 98994 client_service.cpp:2052] Failed to start put operation for key=poh_86_1791448210 due to insufficient space. Consider lowering eviction_high_watermark_ratio or mounting more segments.
W1008 08:30:10.522428 98994 client_service.cpp:2052] Failed to start put operation for key=poh_87_1791448210 due to insufficient space. Consider lowering eviction_high_watermark_ratio or mounting more segments.
W1008 08:30:10.526480 98994 client_service.cpp:2052] Failed to start put operation for key=poh_88_1791448210 due to insufficient space. Consider lowering eviction_high_watermark_ratio or mounting more segments.
W1008 08:30:10.533272 98994 client_service.cpp:2052] Failed to start put operation for key=poh_89_1791448210 due to insufficient space. Consider lowering eviction_high_watermark_ratio or mounting more segments.
W1008 08:30:10.537621 98994 client_service.cpp:2052] Failed to start put operation for key=poh_90_1791448210 due to insufficient space. Consider lowering eviction_high_watermark_ratio or mounting more segments.
W1008 08:30:10.541711 98994 client_service.cpp:2052] Failed to start put operation for key=poh_91_1791448210 due to insufficient space. Consider lowering eviction_high_watermark_ratio or mounting more segments.
W1008 08:30:10.545817 98994 client_service.cpp:2052] Failed to start put operation for key=poh_92_1791448210 due to insufficient space. Consider lowering eviction_high_watermark_ratio or mounting more segments.
W1008 08:30:10.549918 98994 client_service.cpp:2052] Failed to start put operation for key=poh_93_1791448210 due to insufficient space. Consider lowering eviction_high_watermark_ratio or mounting more segments.
W1008 08:30:10.554004 98994 client_service.cpp:2052] Failed to start put operation for key=poh_94_1791448210 due to insufficient space. Consider lowering eviction_high_watermark_ratio or mounting more segments.
W1008 08:30:10.558077 98994 client_service.cpp:2052] Failed to start put operation for key=poh_95_1791448210 due to insufficient space. Consider lowering eviction_high_watermark_ratio or mounting more segments.
replica-type histogram after phase 2: {'DISK,LOCAL_DISK,MEMORY': 25, 'DISK,LOCAL_DISK': 5, 'DISK,MEMORY': 2}
I1008 08:30:13.567605 98994 real_client.cpp:8635] Time taken for batch_get_into_offload_object_internal: 4ms, with target_rpc_service_addr: localhost:37623, key size: 1, batch_id: 1, gc ttl: 5000ms.
I1008 08:30:13.571853 98994 real_client.cpp:8635] Time taken for batch_get_into_offload_object_internal: 2ms, with target_rpc_service_addr: localhost:37623, key size: 1, batch_id: 2, gc ttl: 5000ms.
I1008 08:30:13.575928 98994 real_client.cpp:8635] Time taken for batch_get_into_offload_object_internal: 2ms, with target_rpc_service_addr: localhost:37623, key size: 1, batch_id: 3, gc ttl: 5000ms.
I1008 08:30:13.579398 98994 real_client.cpp:8635] Time taken for batch_get_into_offload_object_internal: 2ms, with target_rpc_service_addr: localhost:37623, key size: 1, batch_id: 4, gc ttl: 5000ms.
replica types for poh_3_1791448210 after promotion: ['LOCAL_DISK', 'DISK', 'MEMORY']
.I1008 08:30:15.628018 98994 file_storage.cpp:118] Shutdown FileStorage...
I1008 08:30:17.129957 99257 file_storage.cpp:1295] action=client_buffer_gc_thread_stopped
I1008 08:30:17.130050 98994 aligned_client_buffer.cpp:161] AlignedClientBufferAllocator: freeing aligned memory at 0xfffb5ffff000 (1342177280 bytes)

----------------------------------------------------------------------
Ran 3 tests in 41.011s

OK (skipped=1)
WARNING: Logging before InitGoogleLogging() is written to STDERR
I1008 08:30:20.171864 103552 client_metric.cpp:80] Client metrics enabled (default enabled)
I1008 08:30:20.171923 103552 client_metric.cpp:81] Client bandwidth summary enabled via MC_STORE_CLIENT_METRIC_BANDWIDTH
I1008 08:30:20.174806 103552 client_service.cpp:458] client_id=12558011673465470824-14352153473080118179
I1008 08:30:20.174829 103552 client_service.cpp:472] Client metrics enabled but reporting disabled (interval=0)
I1008 08:30:20.176548 103552 client_service.cpp:1111] Storage root directory is: /tmp/mooncake_ci_prefetch
I1008 08:30:20.176565 103552 client_service.cpp:1112] Fs subdir is: mooncake_cluster
I1008 08:30:20.176569 103552 client_service.cpp:1113] Disk eviction enabled: 1
I1008 08:30:20.176575 103552 client_service.cpp:1115] Quota bytes: 0
I1008 08:30:20.177208 103552 storage_backend.cpp:122] Reconstructing storage state from disk at: "/tmp/mooncake_ci_prefetch/mooncake_cluster"
I1008 08:30:20.177395 103552 storage_backend.cpp:212] Init: Quota: 5599241714073, Used: 0, Available: 5599241714073
I1008 08:30:20.177450 103552 transfer_engine_impl.cpp:1140] Metrics reporting is disabled (set MC_TE_METRIC=1 to enable)
I1008 08:30:20.177492 103552 transfer_engine_impl.cpp:146] Transfer Engine parseHostNameWithPort. server_name: <ip> port: 12896
I1008 08:30:20.180519 103552 transfer_metadata_plugin.cpp:1462] Found active interface enp189s0f0 with IP <ip>
I1008 08:30:20.180540 103552 transfer_metadata_plugin.cpp:1451] Skipping interface virbr0 (not UP or not RUNNING)
I1008 08:30:20.180547 103552 transfer_metadata_plugin.cpp:1462] Found active interface docker0 with IP <ip>
I1008 08:30:20.180553 103552 transfer_metadata_plugin.cpp:1462] Found active interface tunl0 with IP <ip>
I1008 08:30:20.180590 103552 transfer_engine_impl.cpp:213] Transfer Engine RPC using new RPC mapping, listening on <ip>:15696
E1008 08:30:20.183167 103552 transfer_metadata_plugin.cpp:355] GET http://<ip>:8080/metadata?key=mooncake%2Frpc_meta%2F127.0.0.1%3A12896 http=404 body: metadata not found
I1008 08:30:20.183712 103552 client_service.cpp:891] Transfer engine auto discovery is disabled for protocol: tcp
W1008 08:30:20.184167 103552 transfer_metadata.cpp:1322] Failed to retrieve segment descriptor, name <ip>:12896
E1008 08:30:20.184867 103552 transfer_metadata_plugin.cpp:355] GET http://<ip>:8080/metadata?key=mooncake%2Fram%2F127.0.0.1%3A12896 http=404 body: metadata not found
I1008 08:30:20.185307 103552 tcp_transport.cpp:433] TcpTransport: listen on port 16859
I1008 08:30:20.185482 103552 tcp_transport.cpp:449] TcpTransport: I/O pool started with 1 thread(s)
I1008 08:30:20.186635 103552 transfer_task.cpp:1043] MC_STORE_MEMCPY not set, auto-detected: TCP-only environment, memcpy enabled
I1008 08:30:20.186657 103552 real_client.cpp:1047] Successfully created client on port 12896 after 1 attempt(s)
I1008 08:30:20.188056 103552 real_client.cpp:1082] Registering local memory: 67108864 bytes
I1008 08:30:20.189030 103552 real_client.cpp:1224] Mounting segment: 33554432 bytes, 33554432 of 33554432
I1008 08:30:20.190965 103552 real_client.cpp:1329] Offload RPC server started on port 39819
I1008 08:30:20.371503 103552 aligned_client_buffer.cpp:127] AlignedClientBufferAllocator: allocated 1342177280 bytes at address 0xfffb4bfff000 (aligned to 4096 bytes)
I1008 08:30:20.373127 103552 storage_backend.cpp:1511] BucketStorageBackend: Allocated 33554432 bytes aligned buffer at 0xfffb49ffd000
I1008 08:30:20.374980 103552 storage_backend.cpp:2160] Bucket backend max_total_size not set; using 90% of disk capacity: 5599241714073 bytes
I1008 08:30:20.375015 103552 storage_backend.cpp:2167] Initialized BucketIdGenerator with fresh start. No existing buckets found; starting from ID: 7337771910272
I1008 08:30:20.375022 103552 file_storage.cpp:150] IsEnableOffloading result: true
I1008 08:30:20.375705 103788 file_storage.cpp:215] Starting periodic task with interval: 2s, running is: 1
I1008 08:30:20.375767 103789 file_storage.cpp:1274] action=client_buffer_gc_thread_started
I1008 08:30:20.376012 103552 ssd_prefetcher.cpp:134] SSD prefetch runtime: pool_size=4, ssd_get_wait_ms=2000
I1008 08:30:20.376029 103552 real_client.cpp:1376] SSD prefetch enabled: ssd_prefetch_cooldown_sec=5s, ssd_prefetch_dedup_ttl_sec=30s, ssd_get_wait_ms=2000ms
W1008 08:30:20.548508 103552 client_service.cpp:2052] Failed to start put operation for key=prefetch_promote_32_1791448220376 due to insufficient space. Consider lowering eviction_high_watermark_ratio or mounting more segments.
W1008 08:30:20.552960 103552 client_service.cpp:2052] Failed to start put operation for key=prefetch_promote_33_1791448220376 due to insufficient space. Consider lowering eviction_high_watermark_ratio or mounting more segments.
W1008 08:30:20.556983 103552 client_service.cpp:2052] Failed to start put operation for key=prefetch_promote_34_1791448220376 due to insufficient space. Consider lowering eviction_high_watermark_ratio or mounting more segments.
W1008 08:30:20.561017 103552 client_service.cpp:2052] Failed to start put operation for key=prefetch_promote_35_1791448220376 due to insufficient space. Consider lowering eviction_high_watermark_ratio or mounting more segments.
W1008 08:30:20.565044 103552 client_service.cpp:2052] Failed to start put operation for key=prefetch_promote_36_1791448220376 due to insufficient space. Consider lowering eviction_high_watermark_ratio or mounting more segments.
W1008 08:30:20.569064 103552 client_service.cpp:2052] Failed to start put operation for key=prefetch_promote_37_1791448220376 due to insufficient space. Consider lowering eviction_high_watermark_ratio or mounting more segments.
W1008 08:30:20.573087 103552 client_service.cpp:2052] Failed to start put operation for key=prefetch_promote_38_1791448220376 due to insufficient space. Consider lowering eviction_high_watermark_ratio or mounting more segments.
W1008 08:30:20.577108 103552 client_service.cpp:2052] Failed to start put operation for key=prefetch_promote_39_1791448220376 due to insufficient space. Consider lowering eviction_high_watermark_ratio or mounting more segments.
W1008 08:30:20.581125 103552 client_service.cpp:2052] Failed to start put operation for key=prefetch_promote_40_1791448220376 due to insufficient space. Consider lowering eviction_high_watermark_ratio or mounting more segments.
W1008 08:30:20.585140 103552 client_service.cpp:2052] Failed to start put operation for key=prefetch_promote_41_1791448220376 due to insufficient space. Consider lowering eviction_high_watermark_ratio or mounting more segments.
W1008 08:30:20.589172 103552 client_service.cpp:2052] Failed to start put operation for key=prefetch_promote_42_1791448220376 due to insufficient space. Consider lowering eviction_high_watermark_ratio or mounting more segments.
W1008 08:30:20.593189 103552 client_service.cpp:2052] Failed to start put operation for key=prefetch_promote_43_1791448220376 due to insufficient space. Consider lowering eviction_high_watermark_ratio or mounting more segments.
W1008 08:30:20.597203 103552 client_service.cpp:2052] Failed to start put operation for key=prefetch_promote_44_1791448220376 due to insufficient space. Consider lowering eviction_high_watermark_ratio or mounting more segments.
W1008 08:30:20.601280 103552 client_service.cpp:2052] Failed to start put operation for key=prefetch_promote_45_1791448220376 due to insufficient space. Consider lowering eviction_high_watermark_ratio or mounting more segments.
W1008 08:30:20.605347 103552 client_service.cpp:2052] Failed to start put operation for key=prefetch_promote_46_1791448220376 due to insufficient space. Consider lowering eviction_high_watermark_ratio or mounting more segments.
W1008 08:30:20.609402 103552 client_service.cpp:2052] Failed to start put operation for key=prefetch_promote_47_1791448220376 due to insufficient space. Consider lowering eviction_high_watermark_ratio or mounting more segments.
W1008 08:30:20.613490 103552 client_service.cpp:2052] Failed to start put operation for key=prefetch_promote_48_1791448220376 due to insufficient space. Consider lowering eviction_high_watermark_ratio or mounting more segments.
W1008 08:30:20.617627 103552 client_service.cpp:2052] Failed to start put operation for key=prefetch_promote_49_1791448220376 due to insufficient space. Consider lowering eviction_high_watermark_ratio or mounting more segments.
W1008 08:30:20.621701 103552 client_service.cpp:2052] Failed to start put operation for key=prefetch_promote_50_1791448220376 due to insufficient space. Consider lowering eviction_high_watermark_ratio or mounting more segments.
W1008 08:30:20.625774 103552 client_service.cpp:2052] Failed to start put operation for key=prefetch_promote_51_1791448220376 due to insufficient space. Consider lowering eviction_high_watermark_ratio or mounting more segments.
W1008 08:30:20.629822 103552 client_service.cpp:2052] Failed to start put operation for key=prefetch_promote_52_1791448220376 due to insufficient space. Consider lowering eviction_high_watermark_ratio or mounting more segments.
W1008 08:30:20.633881 103552 client_service.cpp:2052] Failed to start put operation for key=prefetch_promote_53_1791448220376 due to insufficient space. Consider lowering eviction_high_watermark_ratio or mounting more segments.
W1008 08:30:20.637948 103552 client_service.cpp:2052] Failed to start put operation for key=prefetch_promote_54_1791448220376 due to insufficient space. Consider lowering eviction_high_watermark_ratio or mounting more segments.
W1008 08:30:20.642059 103552 client_service.cpp:2052] Failed to start put operation for key=prefetch_promote_55_1791448220376 due to insufficient space. Consider lowering eviction_high_watermark_ratio or mounting more segments.
W1008 08:30:20.646142 103552 client_service.cpp:2052] Failed to start put operation for key=prefetch_promote_56_1791448220376 due to insufficient space. Consider lowering eviction_high_watermark_ratio or mounting more segments.
W1008 08:30:20.650209 103552 client_service.cpp:2052] Failed to start put operation for key=prefetch_promote_57_1791448220376 due to insufficient space. Consider lowering eviction_high_watermark_ratio or mounting more segments.
W1008 08:30:20.654248 103552 client_service.cpp:2052] Failed to start put operation for key=prefetch_promote_58_1791448220376 due to insufficient space. Consider lowering eviction_high_watermark_ratio or mounting more segments.
W1008 08:30:20.658317 103552 client_service.cpp:2052] Failed to start put operation for key=prefetch_promote_59_1791448220376 due to insufficient space. Consider lowering eviction_high_watermark_ratio or mounting more segments.
W1008 08:30:20.662367 103552 client_service.cpp:2052] Failed to start put operation for key=prefetch_promote_60_1791448220376 due to insufficient space. Consider lowering eviction_high_watermark_ratio or mounting more segments.
W1008 08:30:20.666417 103552 client_service.cpp:2052] Failed to start put operation for key=prefetch_promote_61_1791448220376 due to insufficient space. Consider lowering eviction_high_watermark_ratio or mounting more segments.
W1008 08:30:20.670527 103552 client_service.cpp:2052] Failed to start put operation for key=prefetch_promote_62_1791448220376 due to insufficient space. Consider lowering eviction_high_watermark_ratio or mounting more segments.
W1008 08:30:20.674611 103552 client_service.cpp:2052] Failed to start put operation for key=prefetch_promote_63_1791448220376 due to insufficient space. Consider lowering eviction_high_watermark_ratio or mounting more segments.
W1008 08:30:20.678745 103552 client_service.cpp:2052] Failed to start put operation for key=prefetch_promote_64_1791448220376 due to insufficient space. Consider lowering eviction_high_watermark_ratio or mounting more segments.
W1008 08:30:20.682885 103552 client_service.cpp:2052] Failed to start put operation for key=prefetch_promote_65_1791448220376 due to insufficient space. Consider lowering eviction_high_watermark_ratio or mounting more segments.
W1008 08:30:20.686916 103552 client_service.cpp:2052] Failed to start put operation for key=prefetch_promote_66_1791448220376 due to insufficient space. Consider lowering eviction_high_watermark_ratio or mounting more segments.
W1008 08:30:20.690936 103552 client_service.cpp:2052] Failed to start put operation for key=prefetch_promote_67_1791448220376 due to insufficient space. Consider lowering eviction_high_watermark_ratio or mounting more segments.
W1008 08:30:20.694958 103552 client_service.cpp:2052] Failed to start put operation for key=prefetch_promote_68_1791448220376 due to insufficient space. Consider lowering eviction_high_watermark_ratio or mounting more segments.
W1008 08:30:20.698976 103552 client_service.cpp:2052] Failed to start put operation for key=prefetch_promote_69_1791448220376 due to insufficient space. Consider lowering eviction_high_watermark_ratio or mounting more segments.
W1008 08:30:20.702991 103552 client_service.cpp:2052] Failed to start put operation for key=prefetch_promote_70_1791448220376 due to insufficient space. Consider lowering eviction_high_watermark_ratio or mounting more segments.
W1008 08:30:20.707019 103552 client_service.cpp:2052] Failed to start put operation for key=prefetch_promote_71_1791448220376 due to insufficient space. Consider lowering eviction_high_watermark_ratio or mounting more segments.
W1008 08:30:20.711031 103552 client_service.cpp:2052] Failed to start put operation for key=prefetch_promote_72_1791448220376 due to insufficient space. Consider lowering eviction_high_watermark_ratio or mounting more segments.
W1008 08:30:20.715055 103552 client_service.cpp:2052] Failed to start put operation for key=prefetch_promote_73_1791448220376 due to insufficient space. Consider lowering eviction_high_watermark_ratio or mounting more segments.
W1008 08:30:20.719082 103552 client_service.cpp:2052] Failed to start put operation for key=prefetch_promote_74_1791448220376 due to insufficient space. Consider lowering eviction_high_watermark_ratio or mounting more segments.
W1008 08:30:20.723109 103552 client_service.cpp:2052] Failed to start put operation for key=prefetch_promote_75_1791448220376 due to insufficient space. Consider lowering eviction_high_watermark_ratio or mounting more segments.
W1008 08:30:20.727131 103552 client_service.cpp:2052] Failed to start put operation for key=prefetch_promote_76_1791448220376 due to insufficient space. Consider lowering eviction_high_watermark_ratio or mounting more segments.
W1008 08:30:20.731154 103552 client_service.cpp:2052] Failed to start put operation for key=prefetch_promote_77_1791448220376 due to insufficient space. Consider lowering eviction_high_watermark_ratio or mounting more segments.
W1008 08:30:20.735170 103552 client_service.cpp:2052] Failed to start put operation for key=prefetch_promote_78_1791448220376 due to insufficient space. Consider lowering eviction_high_watermark_ratio or mounting more segments.
W1008 08:30:20.739198 103552 client_service.cpp:2052] Failed to start put operation for key=prefetch_promote_79_1791448220376 due to insufficient space. Consider lowering eviction_high_watermark_ratio or mounting more segments.
W1008 08:30:20.743218 103552 client_service.cpp:2052] Failed to start put operation for key=prefetch_promote_80_1791448220376 due to insufficient space. Consider lowering eviction_high_watermark_ratio or mounting more segments.
W1008 08:30:20.747236 103552 client_service.cpp:2052] Failed to start put operation for key=prefetch_promote_81_1791448220376 due to insufficient space. Consider lowering eviction_high_watermark_ratio or mounting more segments.
W1008 08:30:20.751263 103552 client_service.cpp:2052] Failed to start put operation for key=prefetch_promote_82_1791448220376 due to insufficient space. Consider lowering eviction_high_watermark_ratio or mounting more segments.
W1008 08:30:20.755277 103552 client_service.cpp:2052] Failed to start put operation for key=prefetch_promote_83_1791448220376 due to insufficient space. Consider lowering eviction_high_watermark_ratio or mounting more segments.
W1008 08:30:20.759291 103552 client_service.cpp:2052] Failed to start put operation for key=prefetch_promote_84_1791448220376 due to insufficient space. Consider lowering eviction_high_watermark_ratio or mounting more segments.
W1008 08:30:20.763319 103552 client_service.cpp:2052] Failed to start put operation for key=prefetch_promote_85_1791448220376 due to insufficient space. Consider lowering eviction_high_watermark_ratio or mounting more segments.
W1008 08:30:20.767334 103552 client_service.cpp:2052] Failed to start put operation for key=prefetch_promote_86_1791448220376 due to insufficient space. Consider lowering eviction_high_watermark_ratio or mounting more segments.
W1008 08:30:20.771353 103552 client_service.cpp:2052] Failed to start put operation for key=prefetch_promote_87_1791448220376 due to insufficient space. Consider lowering eviction_high_watermark_ratio or mounting more segments.
W1008 08:30:20.775380 103552 client_service.cpp:2052] Failed to start put operation for key=prefetch_promote_88_1791448220376 due to insufficient space. Consider lowering eviction_high_watermark_ratio or mounting more segments.
W1008 08:30:20.779398 103552 client_service.cpp:2052] Failed to start put operation for key=prefetch_promote_89_1791448220376 due to insufficient space. Consider lowering eviction_high_watermark_ratio or mounting more segments.
W1008 08:30:20.783412 103552 client_service.cpp:2052] Failed to start put operation for key=prefetch_promote_90_1791448220376 due to insufficient space. Consider lowering eviction_high_watermark_ratio or mounting more segments.
W1008 08:30:20.787441 103552 client_service.cpp:2052] Failed to start put operation for key=prefetch_promote_91_1791448220376 due to insufficient space. Consider lowering eviction_high_watermark_ratio or mounting more segments.
W1008 08:30:20.791455 103552 client_service.cpp:2052] Failed to start put operation for key=prefetch_promote_92_1791448220376 due to insufficient space. Consider lowering eviction_high_watermark_ratio or mounting more segments.
W1008 08:30:20.795470 103552 client_service.cpp:2052] Failed to start put operation for key=prefetch_promote_93_1791448220376 due to insufficient space. Consider lowering eviction_high_watermark_ratio or mounting more segments.
W1008 08:30:20.799494 103552 client_service.cpp:2052] Failed to start put operation for key=prefetch_promote_94_1791448220376 due to insufficient space. Consider lowering eviction_high_watermark_ratio or mounting more segments.
W1008 08:30:20.803506 103552 client_service.cpp:2052] Failed to start put operation for key=prefetch_promote_95_1791448220376 due to insufficient space. Consider lowering eviction_high_watermark_ratio or mounting more segments.
replica-type histogram: {'DISK,LOCAL_DISK': 1}
.W1008 08:30:24.918437 103552 client_service.cpp:2052] Failed to start put operation for key=prefetch_control_20_1791448224813 due to insufficient space. Consider lowering eviction_high_watermark_ratio or mounting more segments.
W1008 08:30:24.922960 103552 client_service.cpp:2052] Failed to start put operation for key=prefetch_control_21_1791448224813 due to insufficient space. Consider lowering eviction_high_watermark_ratio or mounting more segments.
W1008 08:30:24.927006 103552 client_service.cpp:2052] Failed to start put operation for key=prefetch_control_22_1791448224813 due to insufficient space. Consider lowering eviction_high_watermark_ratio or mounting more segments.
W1008 08:30:24.940588 103552 client_service.cpp:2052] Failed to start put operation for key=prefetch_control_25_1791448224813 due to insufficient space. Consider lowering eviction_high_watermark_ratio or mounting more segments.
W1008 08:30:24.979183 103552 client_service.cpp:2052] Failed to start put operation for key=prefetch_control_33_1791448224813 due to insufficient space. Consider lowering eviction_high_watermark_ratio or mounting more segments.
W1008 08:30:24.983788 103552 client_service.cpp:2052] Failed to start put operation for key=prefetch_control_34_1791448224813 due to insufficient space. Consider lowering eviction_high_watermark_ratio or mounting more segments.
W1008 08:30:24.987924 103552 client_service.cpp:2052] Failed to start put operation for key=prefetch_control_35_1791448224813 due to insufficient space. Consider lowering eviction_high_watermark_ratio or mounting more segments.
W1008 08:30:24.992072 103552 client_service.cpp:2052] Failed to start put operation for key=prefetch_control_36_1791448224813 due to insufficient space. Consider lowering eviction_high_watermark_ratio or mounting more segments.
W1008 08:30:24.996253 103552 client_service.cpp:2052] Failed to start put operation for key=prefetch_control_37_1791448224813 due to insufficient space. Consider lowering eviction_high_watermark_ratio or mounting more segments.
W1008 08:30:25.000342 103552 client_service.cpp:2052] Failed to start put operation for key=prefetch_control_38_1791448224813 due to insufficient space. Consider lowering eviction_high_watermark_ratio or mounting more segments.
W1008 08:30:25.004417 103552 client_service.cpp:2052] Failed to start put operation for key=prefetch_control_39_1791448224813 due to insufficient space. Consider lowering eviction_high_watermark_ratio or mounting more segments.
W1008 08:30:25.008477 103552 client_service.cpp:2052] Failed to start put operation for key=prefetch_control_40_1791448224813 due to insufficient space. Consider lowering eviction_high_watermark_ratio or mounting more segments.
W1008 08:30:25.012529 103552 client_service.cpp:2052] Failed to start put operation for key=prefetch_control_41_1791448224813 due to insufficient space. Consider lowering eviction_high_watermark_ratio or mounting more segments.
W1008 08:30:25.016575 103552 client_service.cpp:2052] Failed to start put operation for key=prefetch_control_42_1791448224813 due to insufficient space. Consider lowering eviction_high_watermark_ratio or mounting more segments.
W1008 08:30:25.020614 103552 client_service.cpp:2052] Failed to start put operation for key=prefetch_control_43_1791448224813 due to insufficient space. Consider lowering eviction_high_watermark_ratio or mounting more segments.
W1008 08:30:25.024662 103552 client_service.cpp:2052] Failed to start put operation for key=prefetch_control_44_1791448224813 due to insufficient space. Consider lowering eviction_high_watermark_ratio or mounting more segments.
W1008 08:30:25.028697 103552 client_service.cpp:2052] Failed to start put operation for key=prefetch_control_45_1791448224813 due to insufficient space. Consider lowering eviction_high_watermark_ratio or mounting more segments.
W1008 08:30:25.032735 103552 client_service.cpp:2052] Failed to start put operation for key=prefetch_control_46_1791448224813 due to insufficient space. Consider lowering eviction_high_watermark_ratio or mounting more segments.
W1008 08:30:25.036782 103552 client_service.cpp:2052] Failed to start put operation for key=prefetch_control_47_1791448224813 due to insufficient space. Consider lowering eviction_high_watermark_ratio or mounting more segments.
W1008 08:30:25.040820 103552 client_service.cpp:2052] Failed to start put operation for key=prefetch_control_48_1791448224813 due to insufficient space. Consider lowering eviction_high_watermark_ratio or mounting more segments.
W1008 08:30:25.044888 103552 client_service.cpp:2052] Failed to start put operation for key=prefetch_control_49_1791448224813 due to insufficient space. Consider lowering eviction_high_watermark_ratio or mounting more segments.
W1008 08:30:25.048942 103552 client_service.cpp:2052] Failed to start put operation for key=prefetch_control_50_1791448224813 due to insufficient space. Consider lowering eviction_high_watermark_ratio or mounting more segments.
W1008 08:30:25.053001 103552 client_service.cpp:2052] Failed to start put operation for key=prefetch_control_51_1791448224813 due to insufficient space. Consider lowering eviction_high_watermark_ratio or mounting more segments.
W1008 08:30:25.057053 103552 client_service.cpp:2052] Failed to start put operation for key=prefetch_control_52_1791448224813 due to insufficient space. Consider lowering eviction_high_watermark_ratio or mounting more segments.
W1008 08:30:25.063690 103552 client_service.cpp:2052] Failed to start put operation for key=prefetch_control_53_1791448224813 due to insufficient space. Consider lowering eviction_high_watermark_ratio or mounting more segments.
W1008 08:30:25.067967 103552 client_service.cpp:2052] Failed to start put operation for key=prefetch_control_54_1791448224813 due to insufficient space. Consider lowering eviction_high_watermark_ratio or mounting more segments.
W1008 08:30:25.072041 103552 client_service.cpp:2052] Failed to start put operation for key=prefetch_control_55_1791448224813 due to insufficient space. Consider lowering eviction_high_watermark_ratio or mounting more segments.
W1008 08:30:25.076083 103552 client_service.cpp:2052] Failed to start put operation for key=prefetch_control_56_1791448224813 due to insufficient space. Consider lowering eviction_high_watermark_ratio or mounting more segments.
W1008 08:30:25.080160 103552 client_service.cpp:2052] Failed to start put operation for key=prefetch_control_57_1791448224813 due to insufficient space. Consider lowering eviction_high_watermark_ratio or mounting more segments.
W1008 08:30:25.084332 103552 client_service.cpp:2052] Failed to start put operation for key=prefetch_control_58_1791448224813 due to insufficient space. Consider lowering eviction_high_watermark_ratio or mounting more segments.
W1008 08:30:25.088574 103552 client_service.cpp:2052] Failed to start put operation for key=prefetch_control_59_1791448224813 due to insufficient space. Consider lowering eviction_high_watermark_ratio or mounting more segments.
W1008 08:30:25.092787 103552 client_service.cpp:2052] Failed to start put operation for key=prefetch_control_60_1791448224813 due to insufficient space. Consider lowering eviction_high_watermark_ratio or mounting more segments.
W1008 08:30:25.096966 103552 client_service.cpp:2052] Failed to start put operation for key=prefetch_control_61_1791448224813 due to insufficient space. Consider lowering eviction_high_watermark_ratio or mounting more segments.
W1008 08:30:25.101114 103552 client_service.cpp:2052] Failed to start put operation for key=prefetch_control_62_1791448224813 due to insufficient space. Consider lowering eviction_high_watermark_ratio or mounting more segments.
W1008 08:30:25.105242 103552 client_service.cpp:2052] Failed to start put operation for key=prefetch_control_63_1791448224813 due to insufficient space. Consider lowering eviction_high_watermark_ratio or mounting more segments.
W1008 08:30:25.109369 103552 client_service.cpp:2052] Failed to start put operation for key=prefetch_control_64_1791448224813 due to insufficient space. Consider lowering eviction_high_watermark_ratio or mounting more segments.
W1008 08:30:25.113530 103552 client_service.cpp:2052] Failed to start put operation for key=prefetch_control_65_1791448224813 due to insufficient space. Consider lowering eviction_high_watermark_ratio or mounting more segments.
W1008 08:30:25.117640 103552 client_service.cpp:2052] Failed to start put operation for key=prefetch_control_66_1791448224813 due to insufficient space. Consider lowering eviction_high_watermark_ratio or mounting more segments.
W1008 08:30:25.121774 103552 client_service.cpp:2052] Failed to start put operation for key=prefetch_control_67_1791448224813 due to insufficient space. Consider lowering eviction_high_watermark_ratio or mounting more segments.
W1008 08:30:25.125844 103552 client_service.cpp:2052] Failed to start put operation for key=prefetch_control_68_1791448224813 due to insufficient space. Consider lowering eviction_high_watermark_ratio or mounting more segments.
W1008 08:30:25.129889 103552 client_service.cpp:2052] Failed to start put operation for key=prefetch_control_69_1791448224813 due to insufficient space. Consider lowering eviction_high_watermark_ratio or mounting more segments.
W1008 08:30:25.133947 103552 client_service.cpp:2052] Failed to start put operation for key=prefetch_control_70_1791448224813 due to insufficient space. Consider lowering eviction_high_watermark_ratio or mounting more segments.
W1008 08:30:25.138036 103552 client_service.cpp:2052] Failed to start put operation for key=prefetch_control_71_1791448224813 due to insufficient space. Consider lowering eviction_high_watermark_ratio or mounting more segments.
W1008 08:30:25.142076 103552 client_service.cpp:2052] Failed to start put operation for key=prefetch_control_72_1791448224813 due to insufficient space. Consider lowering eviction_high_watermark_ratio or mounting more segments.
W1008 08:30:25.146108 103552 client_service.cpp:2052] Failed to start put operation for key=prefetch_control_73_1791448224813 due to insufficient space. Consider lowering eviction_high_watermark_ratio or mounting more segments.
W1008 08:30:25.150167 103552 client_service.cpp:2052] Failed to start put operation for key=prefetch_control_74_1791448224813 due to insufficient space. Consider lowering eviction_high_watermark_ratio or mounting more segments.
W1008 08:30:25.154198 103552 client_service.cpp:2052] Failed to start put operation for key=prefetch_control_75_1791448224813 due to insufficient space. Consider lowering eviction_high_watermark_ratio or mounting more segments.
W1008 08:30:25.158226 103552 client_service.cpp:2052] Failed to start put operation for key=prefetch_control_76_1791448224813 due to insufficient space. Consider lowering eviction_high_watermark_ratio or mounting more segments.
W1008 08:30:25.162253 103552 client_service.cpp:2052] Failed to start put operation for key=prefetch_control_77_1791448224813 due to insufficient space. Consider lowering eviction_high_watermark_ratio or mounting more segments.
W1008 08:30:25.166280 103552 client_service.cpp:2052] Failed to start put operation for key=prefetch_control_78_1791448224813 due to insufficient space. Consider lowering eviction_high_watermark_ratio or mounting more segments.
W1008 08:30:25.170307 103552 client_service.cpp:2052] Failed to start put operation for key=prefetch_control_79_1791448224813 due to insufficient space. Consider lowering eviction_high_watermark_ratio or mounting more segments.
W1008 08:30:25.174335 103552 client_service.cpp:2052] Failed to start put operation for key=prefetch_control_80_1791448224813 due to insufficient space. Consider lowering eviction_high_watermark_ratio or mounting more segments.
W1008 08:30:25.178368 103552 client_service.cpp:2052] Failed to start put operation for key=prefetch_control_81_1791448224813 due to insufficient space. Consider lowering eviction_high_watermark_ratio or mounting more segments.
W1008 08:30:25.182479 103552 client_service.cpp:2052] Failed to start put operation for key=prefetch_control_82_1791448224813 due to insufficient space. Consider lowering eviction_high_watermark_ratio or mounting more segments.
W1008 08:30:25.186550 103552 client_service.cpp:2052] Failed to start put operation for key=prefetch_control_83_1791448224813 due to insufficient space. Consider lowering eviction_high_watermark_ratio or mounting more segments.
W1008 08:30:25.190639 103552 client_service.cpp:2052] Failed to start put operation for key=prefetch_control_84_1791448224813 due to insufficient space. Consider lowering eviction_high_watermark_ratio or mounting more segments.
W1008 08:30:25.194701 103552 client_service.cpp:2052] Failed to start put operation for key=prefetch_control_85_1791448224813 due to insufficient space. Consider lowering eviction_high_watermark_ratio or mounting more segments.
W1008 08:30:25.199261 103552 client_service.cpp:2052] Failed to start put operation for key=prefetch_control_86_1791448224813 due to insufficient space. Consider lowering eviction_high_watermark_ratio or mounting more segments.
W1008 08:30:25.203382 103552 client_service.cpp:2052] Failed to start put operation for key=prefetch_control_87_1791448224813 due to insufficient space. Consider lowering eviction_high_watermark_ratio or mounting more segments.
W1008 08:30:25.207439 103552 client_service.cpp:2052] Failed to start put operation for key=prefetch_control_88_1791448224813 due to insufficient space. Consider lowering eviction_high_watermark_ratio or mounting more segments.
W1008 08:30:25.211516 103552 client_service.cpp:2052] Failed to start put operation for key=prefetch_control_89_1791448224813 due to insufficient space. Consider lowering eviction_high_watermark_ratio or mounting more segments.
W1008 08:30:25.215591 103552 client_service.cpp:2052] Failed to start put operation for key=prefetch_control_90_1791448224813 due to insufficient space. Consider lowering eviction_high_watermark_ratio or mounting more segments.
W1008 08:30:25.219650 103552 client_service.cpp:2052] Failed to start put operation for key=prefetch_control_91_1791448224813 due to insufficient space. Consider lowering eviction_high_watermark_ratio or mounting more segments.
W1008 08:30:25.223719 103552 client_service.cpp:2052] Failed to start put operation for key=prefetch_control_92_1791448224813 due to insufficient space. Consider lowering eviction_high_watermark_ratio or mounting more segments.
W1008 08:30:25.227824 103552 client_service.cpp:2052] Failed to start put operation for key=prefetch_control_93_1791448224813 due to insufficient space. Consider lowering eviction_high_watermark_ratio or mounting more segments.
W1008 08:30:25.231930 103552 client_service.cpp:2052] Failed to start put operation for key=prefetch_control_94_1791448224813 due to insufficient space. Consider lowering eviction_high_watermark_ratio or mounting more segments.
W1008 08:30:25.236004 103552 client_service.cpp:2052] Failed to start put operation for key=prefetch_control_95_1791448224813 due to insufficient space. Consider lowering eviction_high_watermark_ratio or mounting more segments.
replica-type histogram: {'DISK,LOCAL_DISK,MEMORY': 1, 'DISK,LOCAL_DISK': 1}
.I1008 08:30:32.247010 103552 storage_backend.cpp:512] Successfully removed file: /tmp/mooncake_ci_prefetch/mooncake_cluster/d/k/prefetch_promote_0_1791448220376
I1008 08:30:32.247469 103552 storage_backend.cpp:512] Successfully removed file: /tmp/mooncake_ci_prefetch/mooncake_cluster/j/g/prefetch_promote_1_1791448220376
I1008 08:30:32.247881 103552 storage_backend.cpp:512] Successfully removed file: /tmp/mooncake_ci_prefetch/mooncake_cluster/m/a/prefetch_promote_2_1791448220376
I1008 08:30:32.248256 103552 storage_backend.cpp:512] Successfully removed file: /tmp/mooncake_ci_prefetch/mooncake_cluster/j/a/prefetch_promote_3_1791448220376
I1008 08:30:32.248670 103552 storage_backend.cpp:512] Successfully removed file: /tmp/mooncake_ci_prefetch/mooncake_cluster/k/d/prefetch_promote_4_1791448220376
I1008 08:30:32.249065 103552 storage_backend.cpp:512] Successfully removed file: /tmp/mooncake_ci_prefetch/mooncake_cluster/j/h/prefetch_promote_5_1791448220376
I1008 08:30:32.249467 103552 storage_backend.cpp:512] Successfully removed file: /tmp/mooncake_ci_prefetch/mooncake_cluster/j/b/prefetch_promote_6_1791448220376
I1008 08:30:32.249871 103552 storage_backend.cpp:512] Successfully removed file: /tmp/mooncake_ci_prefetch/mooncake_cluster/d/i/prefetch_promote_7_1791448220376
I1008 08:30:32.250245 103552 storage_backend.cpp:512] Successfully removed file: /tmp/mooncake_ci_prefetch/mooncake_cluster/j/g/prefetch_promote_8_1791448220376
I1008 08:30:32.250674 103552 storage_backend.cpp:512] Successfully removed file: /tmp/mooncake_ci_prefetch/mooncake_cluster/o/o/prefetch_promote_9_1791448220376
I1008 08:30:32.251075 103552 storage_backend.cpp:512] Successfully removed file: /tmp/mooncake_ci_prefetch/mooncake_cluster/f/i/prefetch_promote_10_1791448220376
I1008 08:30:32.251475 103552 storage_backend.cpp:512] Successfully removed file: /tmp/mooncake_ci_prefetch/mooncake_cluster/h/o/prefetch_promote_11_1791448220376
I1008 08:30:32.251856 103552 storage_backend.cpp:512] Successfully removed file: /tmp/mooncake_ci_prefetch/mooncake_cluster/e/k/prefetch_promote_12_1791448220376
I1008 08:30:32.252250 103552 storage_backend.cpp:512] Successfully removed file: /tmp/mooncake_ci_prefetch/mooncake_cluster/e/f/prefetch_promote_13_1791448220376
I1008 08:30:32.252624 103552 storage_backend.cpp:512] Successfully removed file: /tmp/mooncake_ci_prefetch/mooncake_cluster/o/b/prefetch_promote_14_1791448220376
I1008 08:30:32.252997 103552 storage_backend.cpp:512] Successfully removed file: /tmp/mooncake_ci_prefetch/mooncake_cluster/j/h/prefetch_promote_15_1791448220376
I1008 08:30:32.253399 103552 storage_backend.cpp:512] Successfully removed file: /tmp/mooncake_ci_prefetch/mooncake_cluster/i/k/prefetch_promote_16_1791448220376
I1008 08:30:32.253791 103552 storage_backend.cpp:512] Successfully removed file: /tmp/mooncake_ci_prefetch/mooncake_cluster/d/c/prefetch_promote_17_1791448220376
I1008 08:30:32.254174 103552 storage_backend.cpp:512] Successfully removed file: /tmp/mooncake_ci_prefetch/mooncake_cluster/n/l/prefetch_promote_18_1791448220376
I1008 08:30:32.254568 103552 storage_backend.cpp:512] Successfully removed file: /tmp/mooncake_ci_prefetch/mooncake_cluster/o/c/prefetch_promote_19_1791448220376
I1008 08:30:32.254964 103552 storage_backend.cpp:512] Successfully removed file: /tmp/mooncake_ci_prefetch/mooncake_cluster/e/o/prefetch_promote_20_1791448220376
I1008 08:30:32.255357 103552 storage_backend.cpp:512] Successfully removed file: /tmp/mooncake_ci_prefetch/mooncake_cluster/k/h/prefetch_promote_21_1791448220376
I1008 08:30:32.255733 103552 storage_backend.cpp:512] Successfully removed file: /tmp/mooncake_ci_prefetch/mooncake_cluster/l/e/prefetch_promote_22_1791448220376
I1008 08:30:32.256119 103552 storage_backend.cpp:512] Successfully removed file: /tmp/mooncake_ci_prefetch/mooncake_cluster/h/h/prefetch_promote_23_1791448220376
I1008 08:30:32.256494 103552 storage_backend.cpp:512] Successfully removed file: /tmp/mooncake_ci_prefetch/mooncake_cluster/g/o/prefetch_promote_24_1791448220376
I1008 08:30:32.256884 103552 storage_backend.cpp:512] Successfully removed file: /tmp/mooncake_ci_prefetch/mooncake_cluster/o/h/prefetch_promote_25_1791448220376
I1008 08:30:32.257269 103552 storage_backend.cpp:512] Successfully removed file: /tmp/mooncake_ci_prefetch/mooncake_cluster/d/p/prefetch_promote_26_1791448220376
I1008 08:30:32.257664 103552 storage_backend.cpp:512] Successfully removed file: /tmp/mooncake_ci_prefetch/mooncake_cluster/j/d/prefetch_promote_27_1791448220376
I1008 08:30:32.258033 103552 storage_backend.cpp:512] Successfully removed file: /tmp/mooncake_ci_prefetch/mooncake_cluster/l/p/prefetch_promote_28_1791448220376
I1008 08:30:32.258308 103552 storage_backend.cpp:512] Successfully removed file: /tmp/mooncake_ci_prefetch/mooncake_cluster/j/d/prefetch_promote_29_1791448220376
I1008 08:30:32.258684 103552 storage_backend.cpp:512] Successfully removed file: /tmp/mooncake_ci_prefetch/mooncake_cluster/c/k/prefetch_promote_30_1791448220376
I1008 08:30:32.258985 103552 storage_backend.cpp:512] Successfully removed file: /tmp/mooncake_ci_prefetch/mooncake_cluster/f/f/prefetch_promote_31_1791448220376
I1008 08:30:32.259375 103552 storage_backend.cpp:512] Successfully removed file: /tmp/mooncake_ci_prefetch/mooncake_cluster/g/d/prefetch_control_0_1791448224813
I1008 08:30:32.259663 103552 storage_backend.cpp:512] Successfully removed file: /tmp/mooncake_ci_prefetch/mooncake_cluster/p/p/prefetch_control_1_1791448224813
I1008 08:30:32.260054 103552 storage_backend.cpp:512] Successfully removed file: /tmp/mooncake_ci_prefetch/mooncake_cluster/n/o/prefetch_control_2_1791448224813
I1008 08:30:32.260455 103552 storage_backend.cpp:512] Successfully removed file: /tmp/mooncake_ci_prefetch/mooncake_cluster/f/m/prefetch_control_3_1791448224813
I1008 08:30:32.260843 103552 storage_backend.cpp:512] Successfully removed file: /tmp/mooncake_ci_prefetch/mooncake_cluster/e/m/prefetch_control_4_1791448224813
I1008 08:30:32.261270 103552 storage_backend.cpp:512] Successfully removed file: /tmp/mooncake_ci_prefetch/mooncake_cluster/a/n/prefetch_control_5_1791448224813
I1008 08:30:32.261660 103552 storage_backend.cpp:512] Successfully removed file: /tmp/mooncake_ci_prefetch/mooncake_cluster/k/k/prefetch_control_6_1791448224813
I1008 08:30:32.261924 103552 storage_backend.cpp:512] Successfully removed file: /tmp/mooncake_ci_prefetch/mooncake_cluster/i/m/prefetch_control_7_1791448224813
I1008 08:30:32.262197 103552 storage_backend.cpp:512] Successfully removed file: /tmp/mooncake_ci_prefetch/mooncake_cluster/d/h/prefetch_control_8_1791448224813
I1008 08:30:32.262506 103552 storage_backend.cpp:512] Successfully removed file: /tmp/mooncake_ci_prefetch/mooncake_cluster/k/p/prefetch_control_9_1791448224813
I1008 08:30:32.262794 103552 storage_backend.cpp:512] Successfully removed file: /tmp/mooncake_ci_prefetch/mooncake_cluster/n/j/prefetch_control_10_1791448224813
I1008 08:30:32.263087 103552 storage_backend.cpp:512] Successfully removed file: /tmp/mooncake_ci_prefetch/mooncake_cluster/n/c/prefetch_control_11_1791448224813
I1008 08:30:32.263360 103552 storage_backend.cpp:512] Successfully removed file: /tmp/mooncake_ci_prefetch/mooncake_cluster/m/p/prefetch_control_12_1791448224813
I1008 08:30:32.263639 103552 storage_backend.cpp:512] Successfully removed file: /tmp/mooncake_ci_prefetch/mooncake_cluster/a/b/prefetch_control_13_1791448224813
I1008 08:30:32.263919 103552 storage_backend.cpp:512] Successfully removed file: /tmp/mooncake_ci_prefetch/mooncake_cluster/m/a/prefetch_control_14_1791448224813
I1008 08:30:32.264214 103552 storage_backend.cpp:512] Successfully removed file: /tmp/mooncake_ci_prefetch/mooncake_cluster/o/e/prefetch_control_15_1791448224813
I1008 08:30:32.264492 103552 storage_backend.cpp:512] Successfully removed file: /tmp/mooncake_ci_prefetch/mooncake_cluster/i/n/prefetch_control_16_1791448224813
I1008 08:30:32.264771 103552 storage_backend.cpp:512] Successfully removed file: /tmp/mooncake_ci_prefetch/mooncake_cluster/k/k/prefetch_control_17_1791448224813
I1008 08:30:32.265051 103552 storage_backend.cpp:512] Successfully removed file: /tmp/mooncake_ci_prefetch/mooncake_cluster/h/g/prefetch_control_18_1791448224813
I1008 08:30:32.265334 103552 storage_backend.cpp:512] Successfully removed file: /tmp/mooncake_ci_prefetch/mooncake_cluster/h/c/prefetch_control_19_1791448224813
I1008 08:30:32.265618 103552 storage_backend.cpp:512] Successfully removed file: /tmp/mooncake_ci_prefetch/mooncake_cluster/j/n/prefetch_control_23_1791448224813
I1008 08:30:32.265911 103552 storage_backend.cpp:512] Successfully removed file: /tmp/mooncake_ci_prefetch/mooncake_cluster/l/d/prefetch_control_24_1791448224813
I1008 08:30:32.266199 103552 storage_backend.cpp:512] Successfully removed file: /tmp/mooncake_ci_prefetch/mooncake_cluster/a/j/prefetch_control_26_1791448224813
I1008 08:30:32.266469 103552 storage_backend.cpp:512] Successfully removed file: /tmp/mooncake_ci_prefetch/mooncake_cluster/g/l/prefetch_control_27_1791448224813
I1008 08:30:32.266763 103552 storage_backend.cpp:512] Successfully removed file: /tmp/mooncake_ci_prefetch/mooncake_cluster/l/p/prefetch_control_28_1791448224813
I1008 08:30:32.267045 103552 storage_backend.cpp:512] Successfully removed file: /tmp/mooncake_ci_prefetch/mooncake_cluster/p/c/prefetch_control_29_1791448224813
I1008 08:30:32.267334 103552 storage_backend.cpp:512] Successfully removed file: /tmp/mooncake_ci_prefetch/mooncake_cluster/b/h/prefetch_control_30_1791448224813
I1008 08:30:32.267611 103552 storage_backend.cpp:512] Successfully removed file: /tmp/mooncake_ci_prefetch/mooncake_cluster/e/p/prefetch_control_31_1791448224813
I1008 08:30:32.267901 103552 storage_backend.cpp:512] Successfully removed file: /tmp/mooncake_ci_prefetch/mooncake_cluster/b/m/prefetch_control_32_1791448224813
FI1008 08:30:32.312672 103552 file_storage.cpp:118] Shutdown FileStorage...
I1008 08:30:33.376636 103789 file_storage.cpp:1295] action=client_buffer_gc_thread_stopped
I1008 08:30:33.376755 103552 aligned_client_buffer.cpp:161] AlignedClientBufferAllocator: freeing aligned memory at 0xfffb4bfff000 (1342177280 bytes)

======================================================================
FAIL: test_get_wait_success_carries_live_lease (__main__.TestPrefetchOnExist.test_get_wait_success_carries_live_lease)
ssd_get_wait_ms > 0: a get that arrives while the promotion is
----------------------------------------------------------------------
Traceback (most recent call last):
  File "<work>/src/Mooncake-r2/mooncake-wheel/tests/test_prefetch_on_exist.py", line 229, in test_get_wait_success_carries_live_lease
    self.assertEqual(self.store.remove_all(True), 0)
AssertionError: 61 != 0

----------------------------------------------------------------------
Ran 3 tests in 15.375s

FAILED (failures=1)
=== metadata ===
2026-10-08 08:28:27,859 - root - INFO - HTTP Metadata Server started on <ip>:8080
2026-10-08 08:28:28,126 - aiohttp.access - INFO - <ip> [08/Oct/2026:08:28:28 +0000] "GET /metadata?key=mooncake%2Frpc_meta%2Flocalhost%3A13248 HTTP/1.1" 404 184 "-" "-"
2026-10-08 08:28:28,127 - aiohttp.access - INFO - <ip> [08/Oct/2026:08:28:28 +0000] "PUT /metadata?key=mooncake%2Frpc_meta%2Flocalhost%3A13248 HTTP/1.1" 200 175 "-" "-"
2026-10-08 08:28:28,128 - aiohttp.access - INFO - <ip> [08/Oct/2026:08:28:28 +0000] "GET /metadata?key=mooncake%2Fram%2Flocalhost%3A13248 HTTP/1.1" 404 184 "-" "-"
2026-10-08 08:28:28,128 - aiohttp.access - INFO - <ip> [08/Oct/2026:08:28:28 +0000] "GET /metadata?key=mooncake%2Fram%2Flocalhost%3A13248 HTTP/1.1" 404 184 "-" "-"
2026-10-08 08:28:28,129 - aiohttp.access - INFO - <ip> [08/Oct/2026:08:28:28 +0000] "PUT /metadata?key=mooncake%2Fram%2Flocalhost%3A13248 HTTP/1.1" 200 175 "-" "-"
2026-10-08 08:28:28,132 - aiohttp.access - INFO - <ip> [08/Oct/2026:08:28:28 +0000] "GET /metadata?key=mooncake%2Fram%2Flocalhost%3A13248 HTTP/1.1" 200 375 "-" "-"
2026-10-08 08:28:28,133 - aiohttp.access - INFO - <ip> [08/Oct/2026:08:28:28 +0000] "PUT /metadata?key=mooncake%2Fram%2Flocalhost%3A13248 HTTP/1.1" 200 175 "-" "-"
2026-10-08 08:28:28,133 - aiohttp.access - INFO - <ip> [08/Oct/2026:08:28:28 +0000] "GET /metadata?key=mooncake%2Fram%2Flocalhost%3A13248 HTTP/1.1" 200 443 "-" "-"
2026-10-08 08:28:28,134 - aiohttp.access - INFO - <ip> [08/Oct/2026:08:28:28 +0000] "PUT /metadata?key=mooncake%2Fram%2Flocalhost%3A13248 HTTP/1.1" 200 175 "-" "-"
2026-10-08 08:28:28,137 - aiohttp.access - INFO - <ip> [08/Oct/2026:08:28:28 +0000] "GET /metadata?key=mooncake%2Fram%2Flocalhost%3A13248 HTTP/1.1" 200 512 "-" "-"
2026-10-08 08:28:28,137 - aiohttp.access - INFO - <ip> [08/Oct/2026:08:28:28 +0000] "PUT /metadata?key=mooncake%2Fram%2Flocalhost%3A13248 HTTP/1.1" 200 175 "-" "-"
2026-10-08 08:28:28,138 - aiohttp.access - INFO - <ip> [08/Oct/2026:08:28:28 +0000] "GET /metadata?key=mooncake%2Frpc_meta%2Flocalhost%3A13248 HTTP/1.1" 200 231 "-" "-"
2026-10-08 08:28:38,052 - aiohttp.access - INFO - <ip> [08/Oct/2026:08:28:38 +0000] "GET /metadata?key=mooncake%2Fram%2Flocalhost%3A13248 HTTP/1.1" 200 512 "-" "-"
2026-10-08 08:28:38,052 - aiohttp.access - INFO - <ip> [08/Oct/2026:08:28:38 +0000] "PUT /metadata?key=mooncake%2Fram%2Flocalhost%3A13248 HTTP/1.1" 200 175 "-" "-"
2026-10-08 08:29:11,539 - aiohttp.access - INFO - <ip> [08/Oct/2026:08:29:11 +0000] "GET /metadata?key=mooncake%2Fram%2Flocalhost%3A13248 HTTP/1.1" 200 579 "-" "-"
2026-10-08 08:29:11,539 - aiohttp.access - INFO - <ip> [08/Oct/2026:08:29:11 +0000] "PUT /metadata?key=mooncake%2Fram%2Flocalhost%3A13248 HTTP/1.1" 200 175 "-" "-"
2026-10-08 08:29:35,787 - aiohttp.access - INFO - <ip> [08/Oct/2026:08:29:35 +0000] "GET /metadata?key=mooncake%2Fram%2Flocalhost%3A13248 HTTP/1.1" 200 512 "-" "-"
2026-10-08 08:29:35,788 - aiohttp.access - INFO - <ip> [08/Oct/2026:08:29:35 +0000] "PUT /metadata?key=mooncake%2Fram%2Flocalhost%3A13248 HTTP/1.1" 200 175 "-" "-"
2026-10-08 08:29:37,157 - aiohttp.access - INFO - <ip> [08/Oct/2026:08:29:37 +0000] "GET /metadata?key=mooncake%2Fram%2Flocalhost%3A13248 HTTP/1.1" 200 443 "-" "-"
2026-10-08 08:29:37,157 - aiohttp.access - INFO - <ip> [08/Oct/2026:08:29:37 +0000] "PUT /metadata?key=mooncake%2Fram%2Flocalhost%3A13248 HTTP/1.1" 200 175 "-" "-"
2026-10-08 08:29:37,170 - aiohttp.access - INFO - <ip> [08/Oct/2026:08:29:37 +0000] "DELETE /metadata?key=mooncake%2Frpc_meta%2Flocalhost%3A13248 HTTP/1.1" 200 175 "-" "-"
2026-10-08 08:29:37,170 - aiohttp.access - INFO - <ip> [08/Oct/2026:08:29:37 +0000] "DELETE /metadata?key=mooncake%2Fram%2Flocalhost%3A13248 HTTP/1.1" 200 175 "-" "-"
2026-10-08 08:29:38,166 - aiohttp.access - INFO - <ip> [08/Oct/2026:08:29:38 +0000] "GET /metadata?key=mooncake%2Frpc_meta%2Flocalhost%3A14238 HTTP/1.1" 404 184 "-" "-"
2026-10-08 08:29:38,166 - aiohttp.access - INFO - <ip> [08/Oct/2026:08:29:38 +0000] "PUT /metadata?key=mooncake%2Frpc_meta%2Flocalhost%3A14238 HTTP/1.1" 200 175 "-" "-"
2026-10-08 08:29:38,167 - aiohttp.access - INFO - <ip> [08/Oct/2026:08:29:38 +0000] "GET /metadata?key=mooncake%2Fram%2Flocalhost%3A14238 HTTP/1.1" 404 184 "-" "-"
2026-10-08 08:29:38,167 - aiohttp.access - INFO - <ip> [08/Oct/2026:08:29:38 +0000] "GET /metadata?key=mooncake%2Fram%2Flocalhost%3A14238 HTTP/1.1" 404 184 "-" "-"
2026-10-08 08:29:38,168 - aiohttp.access - INFO - <ip> [08/Oct/2026:08:29:38 +0000] "PUT /metadata?key=mooncake%2Fram%2Flocalhost%3A14238 HTTP/1.1" 200 175 "-" "-"
2026-10-08 08:29:38,171 - aiohttp.access - INFO - <ip> [08/Oct/2026:08:29:38 +0000] "GET /metadata?key=mooncake%2Fram%2Flocalhost%3A14238 HTTP/1.1" 200 375 "-" "-"
2026-10-08 08:29:38,172 - aiohttp.access - INFO - <ip> [08/Oct/2026:08:29:38 +0000] "PUT /metadata?key=mooncake%2Fram%2Flocalhost%3A14238 HTTP/1.1" 200 175 "-" "-"
2026-10-08 08:29:38,173 - aiohttp.access - INFO - <ip> [08/Oct/2026:08:29:38 +0000] "GET /metadata?key=mooncake%2Fram%2Flocalhost%3A14238 HTTP/1.1" 200 442 "-" "-"
2026-10-08 08:29:38,173 - aiohttp.access - INFO - <ip> [08/Oct/2026:08:29:38 +0000] "PUT /metadata?key=mooncake%2Fram%2Flocalhost%3A14238 HTTP/1.1" 200 175 "-" "-"
2026-10-08 08:29:38,176 - aiohttp.access - INFO - <ip> [08/Oct/2026:08:29:38 +0000] "GET /metadata?key=mooncake%2Fram%2Flocalhost%3A14238 HTTP/1.1" 200 510 "-" "-"
2026-10-08 08:29:38,176 - aiohttp.access - INFO - <ip> [08/Oct/2026:08:29:38 +0000] "PUT /metadata?key=mooncake%2Fram%2Flocalhost%3A14238 HTTP/1.1" 200 175 "-" "-"
2026-10-08 08:29:38,176 - aiohttp.access - INFO - <ip> [08/Oct/2026:08:29:38 +0000] "GET /metadata?key=mooncake%2Frpc_meta%2Flocalhost%3A14238 HTTP/1.1" 200 231 "-" "-"
2026-10-08 08:29:38,357 - aiohttp.access - INFO - <ip> [08/Oct/2026:08:29:38 +0000] "GET /metadata?key=mooncake%2Fram%2Flocalhost%3A14238 HTTP/1.1" 200 510 "-" "-"
2026-10-08 08:29:38,358 - aiohttp.access - INFO - <ip> [08/Oct/2026:08:29:38 +0000] "PUT /metadata?key=mooncake%2Fram%2Flocalhost%3A14238 HTTP/1.1" 200 175 "-" "-"
2026-10-08 08:30:04,370 - aiohttp.access - INFO - <ip> [08/Oct/2026:08:30:04 +0000] "GET /metadata?key=mooncake%2Fram%2Flocalhost%3A14238 HTTP/1.1" 200 580 "-" "-"
2026-10-08 08:30:04,370 - aiohttp.access - INFO - <ip> [08/Oct/2026:08:30:04 +0000] "PUT /metadata?key=mooncake%2Fram%2Flocalhost%3A14238 HTTP/1.1" 200 175 "-" "-"
2026-10-08 08:30:09,192 - aiohttp.access - INFO - <ip> [08/Oct/2026:08:30:09 +0000] "GET /metadata?key=mooncake%2Fram%2Flocalhost%3A14238 HTTP/1.1" 200 512 "-" "-"
2026-10-08 08:30:09,193 - aiohttp.access - INFO - <ip> [08/Oct/2026:08:30:09 +0000] "PUT /metadata?key=mooncake%2Fram%2Flocalhost%3A14238 HTTP/1.1" 200 175 "-" "-"
2026-10-08 08:30:09,194 - aiohttp.access - INFO - <ip> [08/Oct/2026:08:30:09 +0000] "DELETE /metadata?key=mooncake%2Frpc_meta%2Flocalhost%3A14238 HTTP/1.1" 200 175 "-" "-"
2026-10-08 08:30:09,194 - aiohttp.access - INFO - <ip> [08/Oct/2026:08:30:09 +0000] "DELETE /metadata?key=mooncake%2Fram%2Flocalhost%3A14238 HTTP/1.1" 200 175 "-" "-"
2026-10-08 08:30:09,936 - aiohttp.access - INFO - <ip> [08/Oct/2026:08:30:09 +0000] "GET /metadata?key=mooncake%2Frpc_meta%2Flocalhost%3A13238 HTTP/1.1" 404 184 "-" "-"
2026-10-08 08:30:09,937 - aiohttp.access - INFO - <ip> [08/Oct/2026:08:30:09 +0000] "PUT /metadata?key=mooncake%2Frpc_meta%2Flocalhost%3A13238 HTTP/1.1" 200 175 "-" "-"
2026-10-08 08:30:09,937 - aiohttp.access - INFO - <ip> [08/Oct/2026:08:30:09 +0000] "GET /metadata?key=mooncake%2Fram%2Flocalhost%3A13238 HTTP/1.1" 404 184 "-" "-"
2026-10-08 08:30:09,937 - aiohttp.access - INFO - <ip> [08/Oct/2026:08:30:09 +0000] "GET /metadata?key=mooncake%2Fram%2Flocalhost%3A13238 HTTP/1.1" 404 184 "-" "-"
2026-10-08 08:30:09,938 - aiohttp.access - INFO - <ip> [08/Oct/2026:08:30:09 +0000] "PUT /metadata?key=mooncake%2Fram%2Flocalhost%3A13238 HTTP/1.1" 200 175 "-" "-"
2026-10-08 08:30:09,941 - aiohttp.access - INFO - <ip> [08/Oct/2026:08:30:09 +0000] "GET /metadata?key=mooncake%2Fram%2Flocalhost%3A13238 HTTP/1.1" 200 375 "-" "-"
2026-10-08 08:30:09,941 - aiohttp.access - INFO - <ip> [08/Oct/2026:08:30:09 +0000] "PUT /metadata?key=mooncake%2Fram%2Flocalhost%3A13238 HTTP/1.1" 200 175 "-" "-"
2026-10-08 08:30:09,942 - aiohttp.access - INFO - <ip> [08/Oct/2026:08:30:09 +0000] "GET /metadata?key=mooncake%2Fram%2Flocalhost%3A13238 HTTP/1.1" 200 442 "-" "-"
2026-10-08 08:30:09,942 - aiohttp.access - INFO - <ip> [08/Oct/2026:08:30:09 +0000] "PUT /metadata?key=mooncake%2Fram%2Flocalhost%3A13238 HTTP/1.1" 200 175 "-" "-"
2026-10-08 08:30:09,944 - aiohttp.access - INFO - <ip> [08/Oct/2026:08:30:09 +0000] "GET /metadata?key=mooncake%2Fram%2Flocalhost%3A13238 HTTP/1.1" 200 510 "-" "-"
2026-10-08 08:30:09,944 - aiohttp.access - INFO - <ip> [08/Oct/2026:08:30:09 +0000] "PUT /metadata?key=mooncake%2Fram%2Flocalhost%3A13238 HTTP/1.1" 200 175 "-" "-"
2026-10-08 08:30:09,945 - aiohttp.access - INFO - <ip> [08/Oct/2026:08:30:09 +0000] "GET /metadata?key=mooncake%2Frpc_meta%2Flocalhost%3A13238 HTTP/1.1" 200 231 "-" "-"
2026-10-08 08:30:10,127 - aiohttp.access - INFO - <ip> [08/Oct/2026:08:30:10 +0000] "GET /metadata?key=mooncake%2Fram%2Flocalhost%3A13238 HTTP/1.1" 200 510 "-" "-"
2026-10-08 08:30:10,127 - aiohttp.access - INFO - <ip> [08/Oct/2026:08:30:10 +0000] "PUT /metadata?key=mooncake%2Fram%2Flocalhost%3A13238 HTTP/1.1" 200 175 "-" "-"
2026-10-08 08:30:15,590 - aiohttp.access - INFO - <ip> [08/Oct/2026:08:30:15 +0000] "GET /metadata?key=mooncake%2Fram%2Flocalhost%3A13238 HTTP/1.1" 200 580 "-" "-"
2026-10-08 08:30:15,590 - aiohttp.access - INFO - <ip> [08/Oct/2026:08:30:15 +0000] "PUT /metadata?key=mooncake%2Fram%2Flocalhost%3A13238 HTTP/1.1" 200 175 "-" "-"
2026-10-08 08:30:18,947 - aiohttp.access - INFO - <ip> [08/Oct/2026:08:30:18 +0000] "GET /metadata?key=mooncake%2Fram%2Flocalhost%3A13238 HTTP/1.1" 200 512 "-" "-"
2026-10-08 08:30:18,948 - aiohttp.access - INFO - <ip> [08/Oct/2026:08:30:18 +0000] "PUT /metadata?key=mooncake%2Fram%2Flocalhost%3A13238 HTTP/1.1" 200 175 "-" "-"
2026-10-08 08:30:18,949 - aiohttp.access - INFO - <ip> [08/Oct/2026:08:30:18 +0000] "DELETE /metadata?key=mooncake%2Frpc_meta%2Flocalhost%3A13238 HTTP/1.1" 200 175 "-" "-"
2026-10-08 08:30:18,950 - aiohttp.access - INFO - <ip> [08/Oct/2026:08:30:18 +0000] "DELETE /metadata?key=mooncake%2Fram%2Flocalhost%3A13238 HTTP/1.1" 200 175 "-" "-"
2026-10-08 08:30:20,183 - aiohttp.access - INFO - <ip> [08/Oct/2026:08:30:20 +0000] "GET /metadata?key=mooncake%2Frpc_meta%2F127.0.0.1%3A12896 HTTP/1.1" 404 184 "-" "-"
2026-10-08 08:30:20,183 - aiohttp.access - INFO - <ip> [08/Oct/2026:08:30:20 +0000] "PUT /metadata?key=mooncake%2Frpc_meta%2F127.0.0.1%3A12896 HTTP/1.1" 200 175 "-" "-"
2026-10-08 08:30:20,184 - aiohttp.access - INFO - <ip> [08/Oct/2026:08:30:20 +0000] "GET /metadata?key=mooncake%2Fram%2F127.0.0.1%3A12896 HTTP/1.1" 404 184 "-" "-"
2026-10-08 08:30:20,184 - aiohttp.access - INFO - <ip> [08/Oct/2026:08:30:20 +0000] "GET /metadata?key=mooncake%2Fram%2F127.0.0.1%3A12896 HTTP/1.1" 404 184 "-" "-"
2026-10-08 08:30:20,185 - aiohttp.access - INFO - <ip> [08/Oct/2026:08:30:20 +0000] "PUT /metadata?key=mooncake%2Fram%2F127.0.0.1%3A12896 HTTP/1.1" 200 175 "-" "-"
2026-10-08 08:30:20,188 - aiohttp.access - INFO - <ip> [08/Oct/2026:08:30:20 +0000] "GET /metadata?key=mooncake%2Fram%2F127.0.0.1%3A12896 HTTP/1.1" 200 375 "-" "-"
2026-10-08 08:30:20,189 - aiohttp.access - INFO - <ip> [08/Oct/2026:08:30:20 +0000] "PUT /metadata?key=mooncake%2Fram%2F127.0.0.1%3A12896 HTTP/1.1" 200 175 "-" "-"
2026-10-08 08:30:20,189 - aiohttp.access - INFO - <ip> [08/Oct/2026:08:30:20 +0000] "GET /metadata?key=mooncake%2Fram%2F127.0.0.1%3A12896 HTTP/1.1" 200 442 "-" "-"
2026-10-08 08:30:20,189 - aiohttp.access - INFO - <ip> [08/Oct/2026:08:30:20 +0000] "PUT /metadata?key=mooncake%2Fram%2F127.0.0.1%3A12896 HTTP/1.1" 200 175 "-" "-"
2026-10-08 08:30:20,192 - aiohttp.access - INFO - <ip> [08/Oct/2026:08:30:20 +0000] "GET /metadata?key=mooncake%2Fram%2F127.0.0.1%3A12896 HTTP/1.1" 200 510 "-" "-"
2026-10-08 08:30:20,192 - aiohttp.access - INFO - <ip> [08/Oct/2026:08:30:20 +0000] "PUT /metadata?key=mooncake%2Fram%2F127.0.0.1%3A12896 HTTP/1.1" 200 175 "-" "-"
2026-10-08 08:30:20,193 - aiohttp.access - INFO - <ip> [08/Oct/2026:08:30:20 +0000] "GET /metadata?key=mooncake%2Frpc_meta%2F127.0.0.1%3A12896 HTTP/1.1" 200 231 "-" "-"
2026-10-08 08:30:20,374 - aiohttp.access - INFO - <ip> [08/Oct/2026:08:30:20 +0000] "GET /metadata?key=mooncake%2Fram%2F127.0.0.1%3A12896 HTTP/1.1" 200 510 "-" "-"
2026-10-08 08:30:20,374 - aiohttp.access - INFO - <ip> [08/Oct/2026:08:30:20 +0000] "PUT /metadata?key=mooncake%2Fram%2F127.0.0.1%3A12896 HTTP/1.1" 200 175 "-" "-"
2026-10-08 08:30:32,270 - aiohttp.access - INFO - <ip> [08/Oct/2026:08:30:32 +0000] "GET /metadata?key=mooncake%2Fram%2F127.0.0.1%3A12896 HTTP/1.1" 200 580 "-" "-"
2026-10-08 08:30:32,271 - aiohttp.access - INFO - <ip> [08/Oct/2026:08:30:32 +0000] "PUT /metadata?key=mooncake%2Fram%2F127.0.0.1%3A12896 HTTP/1.1" 200 175 "-" "-"
2026-10-08 08:30:35,200 - aiohttp.access - INFO - <ip> [08/Oct/2026:08:30:35 +0000] "GET /metadata?key=mooncake%2Fram%2F127.0.0.1%3A12896 HTTP/1.1" 200 512 "-" "-"
2026-10-08 08:30:35,200 - aiohttp.access - INFO - <ip> [08/Oct/2026:08:30:35 +0000] "PUT /metadata?key=mooncake%2Fram%2F127.0.0.1%3A12896 HTTP/1.1" 200 175 "-" "-"
2026-10-08 08:30:35,201 - aiohttp.access - INFO - <ip> [08/Oct/2026:08:30:35 +0000] "DELETE /metadata?key=mooncake%2Frpc_meta%2F127.0.0.1%3A12896 HTTP/1.1" 200 175 "-" "-"
2026-10-08 08:30:35,202 - aiohttp.access - INFO - <ip> [08/Oct/2026:08:30:35 +0000] "DELETE /metadata?key=mooncake%2Fram%2F127.0.0.1%3A12896 HTTP/1.1" 200 175 "-" "-"
2026-10-08 08:30:35,982 - root - INFO - Shutting down...
2026-10-08 08:30:35,982 - root - INFO - Stopping server loop...
2026-10-08 08:30:35,982 - root - INFO - Server thread stopped
=== ssd ===
WARNING: Logging before InitGoogleLogging() is written to STDERR
I1008 08:28:27.918357 96575 master.cpp:1548] Mooncake master version: 0.3.13 (git: 4e31d1002)
I1008 08:28:27.918584 96575 master.cpp:1683] Master service started on port 50051, max_threads=16, enable_metric_reporting=1, metrics_port=9003, metrics_host=<ip>, default_kv_lease_ttl=500, default_kv_soft_pin_ttl=1800000, max_kv_soft_pin_ttl=86400000, allow_evict_soft_pinned_objects=1, eviction_ratio=0.05, eviction_high_watermark_ratio=0.9, tenant_eviction_high_watermark_ratio=0.9, enable_ha=0, enable_oplog=0, weight_management_oplog_capability_confirmed=0, enable_oplog_snapshot=0, snapshot_chunk_object_count=1000000, enable_offload=0, enable_kv_events=0, kv_events_bind_endpoint=, kv_events_backend_id=, offload_on_evict=0, offload_force_evict=0, offloading_queue_limit=50000, offload_cap_ratio=0.5, ha_backend_type=etcd, ha_backend_connstring=, etcd_endpoints=, client_active_ttl_sec=10, client_suspicion_ttl_sec=20, rpc_thread_num=16, rpc_port=50051, rpc_address=<ip>, rpc_interface=, rpc_conn_timeout_seconds=0, rpc_enable_tcp_no_delay=1, rpc protocol=tcp, cluster_id=mooncake_cluster, root_fs_dir=/tmp/mooncake_ci_ssd_offload, global_file_segment_size=9223372036854775807, memory_allocator=offset, enable_http_metadata_server=0, http_metadata_server_port=8080, http_metadata_server_host=<ip>, enable_metadata_cleanup_on_timeout=0, put_start_discard_timeout_sec=30, put_start_release_timeout_sec=600, max_total_finished_tasks=10000, max_total_pending_tasks=10000, max_total_processing_tasks=10000, pending_task_timeout_sec=300, processing_task_timeout_sec=300, enable_snapshot=0, enable_snapshot_restore=0, snapshot_interval_seconds=600, snapshot_backup_dir=, snapshot_object_store_type=, snapshot_catalog_store_type=, snapshot_retention_count=2, max_retry_attempts=10, enable_cxl=0, cxl_path=/dev/dax0.0, cxl_size=8589934592
I1008 08:28:27.919299 96578 client_offboarding.cpp:94] Client offboarding worker started
I1008 08:28:27.919564 96581 master_service.cpp:3096] Task cleanup thread started
I1008 08:28:27.922197 96575 master_admin_service.cpp:324] Master admin server started on port 9003
I1008 08:28:27.922574 96587 master_admin_service.cpp:315] Master Admin Metrics: role=leader, state=serving, service_ready=false, master={Mem Storage: 0 B / 0 B | NVMe-oF SSD: 0 B / 0 B | SSD Storage: 0 B / infinite | Keys: 0 (soft-pinned: 0) | Clients: 0 | Requests (Success/Total per sec): PutStart=0.00/0.00, PutEnd=0.00/0.00, PutRevoke=0.00/0.00, Get=0.00/0.00, Exist=0.00/0.00, Del=0.00/0.00, DelAll=0.00/0.00, Ping=0.00/0.00, CopyStart=0.00/0.00, CopyEnd=0.00/0.00, CopyRevoke=0.00/0.00, MoveStart=0.00/0.00, MoveEnd=0.00/0.00, MoveRevoke=0.00/0.00, EvictDiskReplica=0.00/0.00 | Batch Requests (per sec, Req=Success/PartialSuccess/Total, Item=Success/Total): PutStart:(Req=0.00/0.00/0.00, Item=0.00/0.00), PutEnd:(Req=0.00/0.00/0.00, Item=0.00/0.00), PutRevoke:(Req=0.00/0.00/0.00, Item=0.00/0.00), Get:(Req=0.00/0.00/0.00, Item=0.00/0.00), ExistKey:(Req=0.00/0.00/0.00, Item=0.00/0.00), QueryIp:(Req=0.00/0.00/0.00, Item=0.00/0.00), Clear:(Req=0.00/0.00/0.00, Item=0.00/0.00), CreateMoveTask:(Req=0.00/0.00), CreateCopyTask:(Req=0.00/0.00), QueryTask:(Req=0.00/0.00), FetchTasks:(Req=0.00/0.00), MarkTaskToComplete:(Req=0.00/0.00) | Eviction: Success/Attempts=0/0, AllocFail=0, PartialAlloc=0, keys=0, size=0 B | Mem Eviction: Success/Attempts=0/0, keys=0, size=0 B | NoF Eviction: Success/Attempts=0/0, keys=0, size=0 B | Discard: Released/Total=0/0, StagingSize=0 B | Promotion: in_flight=0, admitted=0, completed=0, failed=0, cancelled=0, expired=0, bytes=0 B, rejected(freq/wm/cap)=0/0/0 | Snapshots: Success=0, Fail=0}, ha={HA Metrics Summary: last_seq=0, applied_seq=0, lag=0, pending=0, mutation_queue=0, batch_commits=0, sync_commits=0, skipped=0, checksum_fail=0, etcd_fail=0, watch_disconn=0, state=0, writer_accepting=false, writer_retry_count=0, writer_retry_delay_ms=0, writer_waiting_slots=0, writer_committed_queue=0, writer_callback_queue=0, writer_durable_batch=0, writer_durable_seq=0, writer_last_error=0}
I1008 08:28:28.134351 96594 master_service.cpp:914] client_id=17241196995992472287-14771775672889787563, action=mount_segment, segment_name=localhost:13248
W1008 08:28:28.136271 96594 segment.cpp:333] segment_name=localhost:13248, warn=segment_already_exists
I1008 08:28:30.433310 96579 master_service.cpp:10619] [EVICT-TRIGGER] memory_ratio=0.900391 high_watermark=0.9 need_mem_eviction=0 eviction_ratio=0.05
I1008 08:28:30.437191 96579 master_service.cpp:12526] [EVICT-RESULT] evicted_count=24, eviction_base=461, actual_evict_ratio=0.0520607, target_evict_ratio=0.0503906
I1008 08:28:30.437230 96579 master_service.cpp:10630] [EVICT-DONE] BatchEvict execution completed.
I1008 08:28:30.547847 96579 master_service.cpp:10619] [EVICT-TRIGGER] memory_ratio=0.900391 high_watermark=0.9 need_mem_eviction=0 eviction_ratio=0.05
I1008 08:28:30.550979 96579 master_service.cpp:12526] [EVICT-RESULT] evicted_count=24, eviction_base=461, actual_evict_ratio=0.0520607, target_evict_ratio=0.0503906
I1008 08:28:30.551011 96579 master_service.cpp:10630] [EVICT-DONE] BatchEvict execution completed.
I1008 08:28:30.661633 96579 master_service.cpp:10619] [EVICT-TRIGGER] memory_ratio=0.900391 high_watermark=0.9 need_mem_eviction=0 eviction_ratio=0.05
I1008 08:28:30.664750 96579 master_service.cpp:12526] [EVICT-RESULT] evicted_count=24, eviction_base=460, actual_evict_ratio=0.0521739, target_evict_ratio=0.0503906
I1008 08:28:30.664783 96579 master_service.cpp:10630] [EVICT-DONE] BatchEvict execution completed.
I1008 08:28:30.785457 96579 master_service.cpp:10619] [EVICT-TRIGGER] memory_ratio=0.902344 high_watermark=0.9 need_mem_eviction=0 eviction_ratio=0.05
I1008 08:28:30.788622 96579 master_service.cpp:12526] [EVICT-RESULT] evicted_count=25, eviction_base=462, actual_evict_ratio=0.0541126, target_evict_ratio=0.0523437
I1008 08:28:30.788656 96579 master_service.cpp:10630] [EVICT-DONE] BatchEvict execution completed.
I1008 08:28:30.899269 96579 master_service.cpp:10619] [EVICT-TRIGGER] memory_ratio=0.900391 high_watermark=0.9 need_mem_eviction=0 eviction_ratio=0.05
I1008 08:28:30.902333 96579 master_service.cpp:12526] [EVICT-RESULT] evicted_count=24, eviction_base=461, actual_evict_ratio=0.0520607, target_evict_ratio=0.0503906
I1008 08:28:30.902367 96579 master_service.cpp:10630] [EVICT-DONE] BatchEvict execution completed.
I1008 08:28:31.012990 96579 master_service.cpp:10619] [EVICT-TRIGGER] memory_ratio=0.900391 high_watermark=0.9 need_mem_eviction=0 eviction_ratio=0.05
I1008 08:28:31.016119 96579 master_service.cpp:12526] [EVICT-RESULT] evicted_count=24, eviction_base=461, actual_evict_ratio=0.0520607, target_evict_ratio=0.0503906
I1008 08:28:31.016153 96579 master_service.cpp:10630] [EVICT-DONE] BatchEvict execution completed.
I1008 08:28:31.136824 96579 master_service.cpp:10619] [EVICT-TRIGGER] memory_ratio=0.902344 high_watermark=0.9 need_mem_eviction=0 eviction_ratio=0.05
I1008 08:28:31.140324 96579 master_service.cpp:12526] [EVICT-RESULT] evicted_count=25, eviction_base=463, actual_evict_ratio=0.0539957, target_evict_ratio=0.0523437
I1008 08:28:31.140362 96579 master_service.cpp:10630] [EVICT-DONE] BatchEvict execution completed.
I1008 08:28:31.250988 96579 master_service.cpp:10619] [EVICT-TRIGGER] memory_ratio=0.900391 high_watermark=0.9 need_mem_eviction=0 eviction_ratio=0.05
I1008 08:28:31.254204 96579 master_service.cpp:12526] [EVICT-RESULT] evicted_count=24, eviction_base=461, actual_evict_ratio=0.0520607, target_evict_ratio=0.0503906
I1008 08:28:31.254240 96579 master_service.cpp:10630] [EVICT-DONE] BatchEvict execution completed.
I1008 08:28:31.364857 96579 master_service.cpp:10619] [EVICT-TRIGGER] memory_ratio=0.900391 high_watermark=0.9 need_mem_eviction=0 eviction_ratio=0.05
I1008 08:28:31.367964 96579 master_service.cpp:12526] [EVICT-RESULT] evicted_count=24, eviction_base=461, actual_evict_ratio=0.0520607, target_evict_ratio=0.0503906
I1008 08:28:31.367997 96579 master_service.cpp:10630] [EVICT-DONE] BatchEvict execution completed.
I1008 08:28:31.478615 96579 master_service.cpp:10619] [EVICT-TRIGGER] memory_ratio=0.900391 high_watermark=0.9 need_mem_eviction=0 eviction_ratio=0.05
I1008 08:28:31.481712 96579 master_service.cpp:12526] [EVICT-RESULT] evicted_count=24, eviction_base=461, actual_evict_ratio=0.0520607, target_evict_ratio=0.0503906
I1008 08:28:31.481746 96579 master_service.cpp:10630] [EVICT-DONE] BatchEvict execution completed.
I1008 08:28:31.602420 96579 master_service.cpp:10619] [EVICT-TRIGGER] memory_ratio=0.902344 high_watermark=0.9 need_mem_eviction=0 eviction_ratio=0.05
I1008 08:28:31.605647 96579 master_service.cpp:12526] [EVICT-RESULT] evicted_count=25, eviction_base=463, actual_evict_ratio=0.0539957, target_evict_ratio=0.0523437
I1008 08:28:31.605682 96579 master_service.cpp:10630] [EVICT-DONE] BatchEvict execution completed.
I1008 08:28:31.716300 96579 master_service.cpp:10619] [EVICT-TRIGGER] memory_ratio=0.900391 high_watermark=0.9 need_mem_eviction=0 eviction_ratio=0.05
I1008 08:28:31.719609 96579 master_service.cpp:12526] [EVICT-RESULT] evicted_count=24, eviction_base=461, actual_evict_ratio=0.0520607, target_evict_ratio=0.0503906
I1008 08:28:31.719651 96579 master_service.cpp:10630] [EVICT-DONE] BatchEvict execution completed.
I1008 08:28:31.840327 96579 master_service.cpp:10619] [EVICT-TRIGGER] memory_ratio=0.902344 high_watermark=0.9 need_mem_eviction=0 eviction_ratio=0.05
I1008 08:28:31.843613 96579 master_service.cpp:12526] [EVICT-RESULT] evicted_count=25, eviction_base=462, actual_evict_ratio=0.0541126, target_evict_ratio=0.0523437
I1008 08:28:31.843647 96579 master_service.cpp:10630] [EVICT-DONE] BatchEvict execution completed.
I1008 08:28:31.974367 96579 master_service.cpp:10619] [EVICT-TRIGGER] memory_ratio=0.902344 high_watermark=0.9 need_mem_eviction=0 eviction_ratio=0.05
I1008 08:28:31.977522 96579 master_service.cpp:12526] [EVICT-RESULT] evicted_count=25, eviction_base=462, actual_evict_ratio=0.0541126, target_evict_ratio=0.0523437
I1008 08:28:31.977556 96579 master_service.cpp:10630] [EVICT-DONE] BatchEvict execution completed.
I1008 08:28:32.098232 96579 master_service.cpp:10619] [EVICT-TRIGGER] memory_ratio=0.902344 high_watermark=0.9 need_mem_eviction=0 eviction_ratio=0.05
I1008 08:28:32.101344 96579 master_service.cpp:12526] [EVICT-RESULT] evicted_count=25, eviction_base=462, actual_evict_ratio=0.0541126, target_evict_ratio=0.0523437
I1008 08:28:32.101382 96579 master_service.cpp:10630] [EVICT-DONE] BatchEvict execution completed.
I1008 08:28:32.212020 96579 master_service.cpp:10619] [EVICT-TRIGGER] memory_ratio=0.900391 high_watermark=0.9 need_mem_eviction=0 eviction_ratio=0.05
I1008 08:28:32.215157 96579 master_service.cpp:12526] [EVICT-RESULT] evicted_count=24, eviction_base=461, actual_evict_ratio=0.0520607, target_evict_ratio=0.0503906
I1008 08:28:32.215190 96579 master_service.cpp:10630] [EVICT-DONE] BatchEvict execution completed.
I1008 08:28:32.335860 96579 master_service.cpp:10619] [EVICT-TRIGGER] memory_ratio=0.902344 high_watermark=0.9 need_mem_eviction=0 eviction_ratio=0.05
I1008 08:28:32.339131 96579 master_service.cpp:12526] [EVICT-RESULT] evicted_count=25, eviction_base=462, actual_evict_ratio=0.0541126, target_evict_ratio=0.0523437
I1008 08:28:32.339170 96579 master_service.cpp:10630] [EVICT-DONE] BatchEvict execution completed.
I1008 08:28:32.449788 96579 master_service.cpp:10619] [EVICT-TRIGGER] memory_ratio=0.900391 high_watermark=0.9 need_mem_eviction=0 eviction_ratio=0.05
I1008 08:28:32.452972 96579 master_service.cpp:12526] [EVICT-RESULT] evicted_count=24, eviction_base=461, actual_evict_ratio=0.0520607, target_evict_ratio=0.0503906
I1008 08:28:32.453006 96579 master_service.cpp:10630] [EVICT-DONE] BatchEvict execution completed.
I1008 08:28:32.563623 96579 master_service.cpp:10619] [EVICT-TRIGGER] memory_ratio=0.900391 high_watermark=0.9 need_mem_eviction=0 eviction_ratio=0.05
I1008 08:28:32.566710 96579 master_service.cpp:12526] [EVICT-RESULT] evicted_count=24, eviction_base=461, actual_evict_ratio=0.0520607, target_evict_ratio=0.0503906
I1008 08:28:32.566747 96579 master_service.cpp:10630] [EVICT-DONE] BatchEvict execution completed.
I1008 08:28:32.677366 96579 master_service.cpp:10619] [EVICT-TRIGGER] memory_ratio=0.900391 high_watermark=0.9 need_mem_eviction=0 eviction_ratio=0.05
I1008 08:28:32.680548 96579 master_service.cpp:12526] [EVICT-RESULT] evicted_count=24, eviction_base=461, actual_evict_ratio=0.0520607, target_evict_ratio=0.0503906
I1008 08:28:32.680580 96579 master_service.cpp:10630] [EVICT-DONE] BatchEvict execution completed.
I1008 08:28:32.791182 96579 master_service.cpp:10619] [EVICT-TRIGGER] memory_ratio=0.900391 high_watermark=0.9 need_mem_eviction=0 eviction_ratio=0.05
I1008 08:28:32.794378 96579 master_service.cpp:12526] [EVICT-RESULT] evicted_count=24, eviction_base=461, actual_evict_ratio=0.0520607, target_evict_ratio=0.0503906
I1008 08:28:32.794412 96579 master_service.cpp:10630] [EVICT-DONE] BatchEvict execution completed.
I1008 08:28:32.915093 96579 master_service.cpp:10619] [EVICT-TRIGGER] memory_ratio=0.902344 high_watermark=0.9 need_mem_eviction=0 eviction_ratio=0.05
I1008 08:28:32.918273 96579 master_service.cpp:12526] [EVICT-RESULT] evicted_count=25, eviction_base=462, actual_evict_ratio=0.0541126, target_evict_ratio=0.0523437
I1008 08:28:32.918308 96579 master_service.cpp:10630] [EVICT-DONE] BatchEvict execution completed.
I1008 08:28:33.028927 96579 master_service.cpp:10619] [EVICT-TRIGGER] memory_ratio=0.900391 high_watermark=0.9 need_mem_eviction=0 eviction_ratio=0.05
I1008 08:28:33.032091 96579 master_service.cpp:12526] [EVICT-RESULT] evicted_count=24, eviction_base=461, actual_evict_ratio=0.0520607, target_evict_ratio=0.0503906
I1008 08:28:33.032125 96579 master_service.cpp:10630] [EVICT-DONE] BatchEvict execution completed.
I1008 08:28:37.922953 96587 master_admin_service.cpp:315] Master Admin Metrics: role=leader, state=serving, service_ready=true, master={Mem Storage: 440.00 MB / 512.00 MB (85.9%) | NVMe-oF SSD: 0 B / 0 B | SSD Storage: 1000.00 MB / infinite | Keys: 1000 (soft-pinned: 0) | Clients: 1 | Requests (Success/Total per sec): PutStart=99.99/99.99, PutEnd=199.99/199.99, PutRevoke=0.00/0.00, Get=0.00/0.00, Exist=0.00/0.00, Del=0.00/0.00, DelAll=0.00/0.00, Ping=1.00/1.00, CopyStart=0.00/0.00, CopyEnd=0.00/0.00, CopyRevoke=0.00/0.00, MoveStart=0.00/0.00, MoveEnd=0.00/0.00, MoveRevoke=0.00/0.00, EvictDiskReplica=0.00/0.00 | Batch Requests (per sec, Req=Success/PartialSuccess/Total, Item=Success/Total): PutStart:(Req=0.00/0.00/0.00, Item=0.00/0.00), PutEnd:(Req=0.00/0.00/0.00, Item=0.00/0.00), PutRevoke:(Req=0.00/0.00/0.00, Item=0.00/0.00), Get:(Req=0.00/0.00/0.00, Item=0.00/0.00), ExistKey:(Req=0.00/0.00/0.00, Item=0.00/0.00), QueryIp:(Req=0.00/0.00/0.00, Item=0.00/0.00), Clear:(Req=0.00/0.00/0.00, Item=0.00/0.00), CreateMoveTask:(Req=0.00/0.00), CreateCopyTask:(Req=0.00/0.00), QueryTask:(Req=0.00/0.00), FetchTasks:(Req=1.00/1.00), MarkTaskToComplete:(Req=0.00/0.00) | Eviction: Success/Attempts=23/23, AllocFail=0, PartialAlloc=0, keys=560, size=560.00 MB | Mem Eviction: Success/Attempts=23/23, keys=560, size=560.00 MB | NoF Eviction: Success/Attempts=0/0, keys=0, size=0 B | Discard: Released/Total=0/0, StagingSize=0 B | Promotion: in_flight=0, admitted=0, completed=0, failed=0, cancelled=0, expired=0, bytes=0 B, rejected(freq/wm/cap)=0/0/0 | Snapshots: Success=0, Fail=0}, ha={HA Metrics Summary: last_seq=0, applied_seq=0, lag=0, pending=0, mutation_queue=0, batch_commits=0, sync_commits=0, skipped=0, checksum_fail=0, etcd_fail=0, watch_disconn=0, state=0, writer_accepting=false, writer_retry_count=0, writer_retry_delay_ms=0, writer_waiting_slots=0, writer_committed_queue=0, writer_callback_queue=0, writer_durable_batch=0, writer_durable_seq=0, writer_last_error=0}
I1008 08:28:47.923293 96587 master_admin_service.cpp:315] Master Admin Metrics: role=leader, state=serving, service_ready=true, master={Mem Storage: 440.00 MB / 512.00 MB (85.9%) | NVMe-oF SSD: 0 B / 0 B | SSD Storage: 1000.00 MB / infinite | Keys: 1000 (soft-pinned: 0) | Clients: 1 | Requests (Success/Total per sec): PutStart=0.00/0.00, PutEnd=0.00/0.00, PutRevoke=0.00/0.00, Get=0.00/0.00, Exist=0.00/0.00, Del=0.00/0.00, DelAll=0.00/0.00, Ping=1.00/1.00, CopyStart=0.00/0.00, CopyEnd=0.00/0.00, CopyRevoke=0.00/0.00, MoveStart=0.00/0.00, MoveEnd=0.00/0.00, MoveRevoke=0.00/0.00, EvictDiskReplica=0.00/0.00 | Batch Requests (per sec, Req=Success/PartialSuccess/Total, Item=Success/Total): PutStart:(Req=0.00/0.00/0.00, Item=0.00/0.00), PutEnd:(Req=0.00/0.00/0.00, Item=0.00/0.00), PutRevoke:(Req=0.00/0.00/0.00, Item=0.00/0.00), Get:(Req=7.50/0.00/7.50, Item=30.00/30.00), ExistKey:(Req=0.00/0.00/0.00, Item=0.00/0.00), QueryIp:(Req=0.00/0.00/0.00, Item=0.00/0.00), Clear:(Req=0.00/0.00/0.00, Item=0.00/0.00), CreateMoveTask:(Req=0.00/0.00), CreateCopyTask:(Req=0.00/0.00), QueryTask:(Req=0.00/0.00), FetchTasks:(Req=1.00/1.00), MarkTaskToComplete:(Req=0.00/0.00) | Eviction: Success/Attempts=23/23, AllocFail=0, PartialAlloc=0, keys=560, size=560.00 MB | Mem Eviction: Success/Attempts=23/23, keys=560, size=560.00 MB | NoF Eviction: Success/Attempts=0/0, keys=0, size=0 B | Discard: Released/Total=0/0, StagingSize=0 B | Promotion: in_flight=0, admitted=0, completed=0, failed=0, cancelled=0, expired=0, bytes=0 B, rejected(freq/wm/cap)=0/0/0 | Snapshots: Success=0, Fail=0}, ha={HA Metrics Summary: last_seq=0, applied_seq=0, lag=0, pending=0, mutation_queue=0, batch_commits=0, sync_commits=0, skipped=0, checksum_fail=0, etcd_fail=0, watch_disconn=0, state=0, writer_accepting=false, writer_retry_count=0, writer_retry_delay_ms=0, writer_waiting_slots=0, writer_committed_queue=0, writer_callback_queue=0, writer_durable_batch=0, writer_durable_seq=0, writer_last_error=0}
I1008 08:28:57.923664 96587 master_admin_service.cpp:315] Master Admin Metrics: role=leader, state=serving, service_ready=true, master={Mem Storage: 440.00 MB / 512.00 MB (85.9%) | NVMe-oF SSD: 0 B / 0 B | SSD Storage: 1000.00 MB / infinite | Keys: 1000 (soft-pinned: 0) | Clients: 1 | Requests (Success/Total per sec): PutStart=0.00/0.00, PutEnd=0.00/0.00, PutRevoke=0.00/0.00, Get=0.00/0.00, Exist=0.00/0.00, Del=0.00/0.00, DelAll=0.00/0.00, Ping=1.00/1.00, CopyStart=0.00/0.00, CopyEnd=0.00/0.00, CopyRevoke=0.00/0.00, MoveStart=0.00/0.00, MoveEnd=0.00/0.00, MoveRevoke=0.00/0.00, EvictDiskReplica=0.00/0.00 | Batch Requests (per sec, Req=Success/PartialSuccess/Total, Item=Success/Total): PutStart:(Req=0.00/0.00/0.00, Item=0.00/0.00), PutEnd:(Req=0.00/0.00/0.00, Item=0.00/0.00), PutRevoke:(Req=0.00/0.00/0.00, Item=0.00/0.00), Get:(Req=7.60/0.00/7.60, Item=30.40/30.40), ExistKey:(Req=0.00/0.00/0.00, Item=0.00/0.00), QueryIp:(Req=0.00/0.00/0.00, Item=0.00/0.00), Clear:(Req=0.00/0.00/0.00, Item=0.00/0.00), CreateMoveTask:(Req=0.00/0.00), CreateCopyTask:(Req=0.00/0.00), QueryTask:(Req=0.00/0.00), FetchTasks:(Req=1.00/1.00), MarkTaskToComplete:(Req=0.00/0.00) | Eviction: Success/Attempts=23/23, AllocFail=0, PartialAlloc=0, keys=560, size=560.00 MB | Mem Eviction: Success/Attempts=23/23, keys=560, size=560.00 MB | NoF Eviction: Success/Attempts=0/0, keys=0, size=0 B | Discard: Released/Total=0/0, StagingSize=0 B | Promotion: in_flight=0, admitted=0, completed=0, failed=0, cancelled=0, expired=0, bytes=0 B, rejected(freq/wm/cap)=0/0/0 | Snapshots: Success=0, Fail=0}, ha={HA Metrics Summary: last_seq=0, applied_seq=0, lag=0, pending=0, mutation_queue=0, batch_commits=0, sync_commits=0, skipped=0, checksum_fail=0, etcd_fail=0, watch_disconn=0, state=0, writer_accepting=false, writer_retry_count=0, writer_retry_delay_ms=0, writer_waiting_slots=0, writer_committed_queue=0, writer_callback_queue=0, writer_durable_batch=0, writer_durable_seq=0, writer_last_error=0}
I1008 08:29:07.923995 96587 master_admin_service.cpp:315] Master Admin Metrics: role=leader, state=serving, service_ready=true, master={Mem Storage: 440.00 MB / 512.00 MB (85.9%) | NVMe-oF SSD: 0 B / 0 B | SSD Storage: 1000.00 MB / infinite | Keys: 1000 (soft-pinned: 0) | Clients: 1 | Requests (Success/Total per sec): PutStart=0.00/0.00, PutEnd=0.00/0.00, PutRevoke=0.00/0.00, Get=0.00/0.00, Exist=0.00/0.00, Del=0.00/0.00, DelAll=0.00/0.00, Ping=1.00/1.00, CopyStart=0.00/0.00, CopyEnd=0.00/0.00, CopyRevoke=0.00/0.00, MoveStart=0.00/0.00, MoveEnd=0.00/0.00, MoveRevoke=0.00/0.00, EvictDiskReplica=0.00/0.00 | Batch Requests (per sec, Req=Success/PartialSuccess/Total, Item=Success/Total): PutStart:(Req=0.00/0.00/0.00, Item=0.00/0.00), PutEnd:(Req=0.00/0.00/0.00, Item=0.00/0.00), PutRevoke:(Req=0.00/0.00/0.00, Item=0.00/0.00), Get:(Req=7.60/0.00/7.60, Item=30.40/30.40), ExistKey:(Req=0.00/0.00/0.00, Item=0.00/0.00), QueryIp:(Req=0.00/0.00/0.00, Item=0.00/0.00), Clear:(Req=0.00/0.00/0.00, Item=0.00/0.00), CreateMoveTask:(Req=0.00/0.00), CreateCopyTask:(Req=0.00/0.00), QueryTask:(Req=0.00/0.00), FetchTasks:(Req=1.00/1.00), MarkTaskToComplete:(Req=0.00/0.00) | Eviction: Success/Attempts=23/23, AllocFail=0, PartialAlloc=0, keys=560, size=560.00 MB | Mem Eviction: Success/Attempts=23/23, keys=560, size=560.00 MB | NoF Eviction: Success/Attempts=0/0, keys=0, size=0 B | Discard: Released/Total=0/0, StagingSize=0 B | Promotion: in_flight=0, admitted=0, completed=0, failed=0, cancelled=0, expired=0, bytes=0 B, rejected(freq/wm/cap)=0/0/0 | Snapshots: Success=0, Fail=0}, ha={HA Metrics Summary: last_seq=0, applied_seq=0, lag=0, pending=0, mutation_queue=0, batch_commits=0, sync_commits=0, skipped=0, checksum_fail=0, etcd_fail=0, watch_disconn=0, state=0, writer_accepting=false, writer_retry_count=0, writer_retry_delay_ms=0, writer_waiting_slots=0, writer_committed_queue=0, writer_callback_queue=0, writer_durable_batch=0, writer_durable_seq=0, writer_last_error=0}
W1008 08:29:15.876112 96595 master_service.cpp:4424] key=concurrent_k_0, error=replica_not_ready
W1008 08:29:15.876343 96594 master_service.cpp:4424] key=concurrent_k_0, error=replica_not_ready
W1008 08:29:15.876477 96595 master_service.cpp:4424] key=concurrent_k_0, error=replica_not_ready
W1008 08:29:15.876775 96595 master_service.cpp:4424] key=concurrent_k_1, error=replica_not_ready
W1008 08:29:15.876838 96594 master_service.cpp:4424] key=concurrent_k_1, error=replica_not_ready
W1008 08:29:15.877473 96595 master_service.cpp:4424] key=concurrent_k_2, error=replica_not_ready
W1008 08:29:15.877983 96595 master_service.cpp:4424] key=concurrent_k_2, error=replica_not_ready
W1008 08:29:15.878407 96595 master_service.cpp:4424] key=concurrent_k_3, error=replica_not_ready
W1008 08:29:15.878700 96596 master_service.cpp:4424] key=concurrent_k_3, error=replica_not_ready
W1008 08:29:15.879294 96596 master_service.cpp:4424] key=concurrent_k_4, error=replica_not_ready
W1008 08:29:15.879338 96595 master_service.cpp:4424] key=concurrent_k_4, error=replica_not_ready
W1008 08:29:15.879343 96594 master_service.cpp:4424] key=concurrent_k_4, error=replica_not_ready
W1008 08:29:15.879824 96597 master_service.cpp:4424] key=concurrent_k_5, error=replica_not_ready
W1008 08:29:15.879844 96598 master_service.cpp:4424] key=concurrent_k_5, error=replica_not_ready
W1008 08:29:15.880101 96597 master_service.cpp:4424] key=concurrent_k_5, error=replica_not_ready
W1008 08:29:15.880414 96599 master_service.cpp:4424] key=concurrent_k_6, error=replica_not_ready
W1008 08:29:15.880510 96597 master_service.cpp:4424] key=concurrent_k_6, error=replica_not_ready
W1008 08:29:15.880698 96599 master_service.cpp:4424] key=concurrent_k_6, error=replica_not_ready
W1008 08:29:15.880967 96599 master_service.cpp:4424] key=concurrent_k_7, error=replica_not_ready
W1008 08:29:15.881110 96599 master_service.cpp:4424] key=concurrent_k_7, error=replica_not_ready
W1008 08:29:15.881619 96597 master_service.cpp:4424] key=concurrent_k_7, error=replica_not_ready
W1008 08:29:15.881619 96599 master_service.cpp:4424] key=concurrent_k_8, error=replica_not_ready
W1008 08:29:15.882048 96598 master_service.cpp:4424] key=concurrent_k_8, error=replica_not_ready
W1008 08:29:15.882196 96599 master_service.cpp:4424] key=concurrent_k_8, error=replica_not_ready
W1008 08:29:15.882465 96599 master_service.cpp:4424] key=concurrent_k_9, error=replica_not_ready
W1008 08:29:15.882613 96599 master_service.cpp:4424] key=concurrent_k_9, error=replica_not_ready
W1008 08:29:15.882624 96597 master_service.cpp:4424] key=concurrent_k_9, error=replica_not_ready
W1008 08:29:15.883111 96597 master_service.cpp:4424] key=concurrent_k_10, error=replica_not_ready
W1008 08:29:15.883111 96599 master_service.cpp:4424] key=concurrent_k_10, error=replica_not_ready
W1008 08:29:15.883285 96599 master_service.cpp:4424] key=concurrent_k_10, error=replica_not_ready
W1008 08:29:15.883634 96599 master_service.cpp:4424] key=concurrent_k_11, error=replica_not_ready
W1008 08:29:15.883682 96598 master_service.cpp:4424] key=concurrent_k_11, error=replica_not_ready
W1008 08:29:15.884150 96599 master_service.cpp:4424] key=concurrent_k_12, error=replica_not_ready
W1008 08:29:15.884159 96597 master_service.cpp:4424] key=concurrent_k_11, error=replica_not_ready
W1008 08:29:15.885015 96599 master_service.cpp:4424] key=concurrent_k_13, error=replica_not_ready
W1008 08:29:15.885061 96597 master_service.cpp:4424] key=concurrent_k_13, error=replica_not_ready
W1008 08:29:15.885143 96599 master_service.cpp:4424] key=concurrent_k_13, error=replica_not_ready
W1008 08:29:15.885509 96599 master_service.cpp:4424] key=concurrent_k_14, error=replica_not_ready
W1008 08:29:15.885589 96598 master_service.cpp:4424] key=concurrent_k_14, error=replica_not_ready
W1008 08:29:15.885818 96599 master_service.cpp:4424] key=concurrent_k_14, error=replica_not_ready
W1008 08:29:15.886034 96599 master_service.cpp:4424] key=concurrent_k_15, error=replica_not_ready
W1008 08:29:15.886281 96599 master_service.cpp:4424] key=concurrent_k_15, error=replica_not_ready
W1008 08:29:15.886793 96599 master_service.cpp:4424] key=concurrent_k_16, error=replica_not_ready
W1008 08:29:15.887320 96597 master_service.cpp:4424] key=concurrent_k_17, error=replica_not_ready
W1008 08:29:15.887328 96598 master_service.cpp:4424] key=concurrent_k_17, error=replica_not_ready
W1008 08:29:15.887619 96599 master_service.cpp:4424] key=concurrent_k_17, error=replica_not_ready
W1008 08:29:15.887830 96599 master_service.cpp:4424] key=concurrent_k_18, error=replica_not_ready
W1008 08:29:15.888046 96597 master_service.cpp:4424] key=concurrent_k_18, error=replica_not_ready
W1008 08:29:15.888509 96599 master_service.cpp:4424] key=concurrent_k_19, error=replica_not_ready
W1008 08:29:15.889071 96597 master_service.cpp:4424] key=concurrent_k_20, error=replica_not_ready
W1008 08:29:15.889114 96598 master_service.cpp:4424] key=concurrent_k_20, error=replica_not_ready
W1008 08:29:15.889148 96596 master_service.cpp:4424] key=concurrent_k_20, error=replica_not_ready
W1008 08:29:15.889556 96599 master_service.cpp:4424] key=concurrent_k_21, error=replica_not_ready
W1008 08:29:15.889564 96597 master_service.cpp:4424] key=concurrent_k_21, error=replica_not_ready
W1008 08:29:15.889778 96599 master_service.cpp:4424] key=concurrent_k_21, error=replica_not_ready
W1008 08:29:15.890062 96599 master_service.cpp:4424] key=concurrent_k_22, error=replica_not_ready
W1008 08:29:15.890251 96597 master_service.cpp:4424] key=concurrent_k_22, error=replica_not_ready
W1008 08:29:15.890311 96599 master_service.cpp:4424] key=concurrent_k_22, error=replica_not_ready
W1008 08:29:15.890729 96597 master_service.cpp:4424] key=concurrent_k_23, error=replica_not_ready
W1008 08:29:15.890730 96599 master_service.cpp:4424] key=concurrent_k_23, error=replica_not_ready
W1008 08:29:15.891275 96597 master_service.cpp:4424] key=concurrent_k_24, error=replica_not_ready
W1008 08:29:15.891446 96599 master_service.cpp:4424] key=concurrent_k_24, error=replica_not_ready
W1008 08:29:15.891574 96599 master_service.cpp:4424] key=concurrent_k_24, error=replica_not_ready
W1008 08:29:15.891834 96598 master_service.cpp:4424] key=concurrent_k_25, error=replica_not_ready
W1008 08:29:15.891973 96599 master_service.cpp:4424] key=concurrent_k_25, error=replica_not_ready
W1008 08:29:15.892352 96599 master_service.cpp:4424] key=concurrent_k_26, error=replica_not_ready
W1008 08:29:15.892545 96599 master_service.cpp:4424] key=concurrent_k_26, error=replica_not_ready
W1008 08:29:15.892938 96599 master_service.cpp:4424] key=concurrent_k_27, error=replica_not_ready
W1008 08:29:15.893529 96599 master_service.cpp:4424] key=concurrent_k_28, error=replica_not_ready
W1008 08:29:15.893606 96597 master_service.cpp:4424] key=concurrent_k_28, error=replica_not_ready
W1008 08:29:15.893647 96599 master_service.cpp:4424] key=concurrent_k_28, error=replica_not_ready
W1008 08:29:15.894011 96599 master_service.cpp:4424] key=concurrent_k_29, error=replica_not_ready
W1008 08:29:15.894047 96597 master_service.cpp:4424] key=concurrent_k_29, error=replica_not_ready
W1008 08:29:15.894560 96597 master_service.cpp:4424] key=concurrent_k_30, error=replica_not_ready
W1008 08:29:15.894701 96599 master_service.cpp:4424] key=concurrent_k_30, error=replica_not_ready
W1008 08:29:15.895138 96599 master_service.cpp:4424] key=concurrent_k_31, error=replica_not_ready
W1008 08:29:15.895375 96597 master_service.cpp:4424] key=concurrent_k_31, error=replica_not_ready
W1008 08:29:15.895380 96599 master_service.cpp:4424] key=concurrent_k_31, error=replica_not_ready
W1008 08:29:15.895838 96598 master_service.cpp:4424] key=concurrent_k_32, error=replica_not_ready
W1008 08:29:15.895853 96599 master_service.cpp:4424] key=concurrent_k_32, error=replica_not_ready
W1008 08:29:15.895870 96595 master_service.cpp:4424] key=concurrent_k_32, error=replica_not_ready
W1008 08:29:15.896338 96599 master_service.cpp:4424] key=concurrent_k_33, error=replica_not_ready
W1008 08:29:15.896346 96597 master_service.cpp:4424] key=concurrent_k_33, error=replica_not_ready
W1008 08:29:15.896703 96597 master_service.cpp:4424] key=concurrent_k_33, error=replica_not_ready
W1008 08:29:15.896835 96597 master_service.cpp:4424] key=concurrent_k_34, error=replica_not_ready
W1008 08:29:15.897089 96599 master_service.cpp:4424] key=concurrent_k_34, error=replica_not_ready
W1008 08:29:15.897488 96599 master_service.cpp:4424] key=concurrent_k_35, error=replica_not_ready
W1008 08:29:15.897624 96599 master_service.cpp:4424] key=concurrent_k_35, error=replica_not_ready
W1008 08:29:15.897668 96597 master_service.cpp:4424] key=concurrent_k_35, error=replica_not_ready
W1008 08:29:15.898003 96599 master_service.cpp:4424] key=concurrent_k_36, error=replica_not_ready
W1008 08:29:15.898139 96597 master_service.cpp:4424] key=concurrent_k_36, error=replica_not_ready
W1008 08:29:15.898142 96599 master_service.cpp:4424] key=concurrent_k_36, error=replica_not_ready
W1008 08:29:15.898577 96596 master_service.cpp:4424] key=concurrent_k_37, error=replica_not_ready
W1008 08:29:15.898579 96599 master_service.cpp:4424] key=concurrent_k_37, error=replica_not_ready
W1008 08:29:15.898662 96597 master_service.cpp:4424] key=concurrent_k_37, error=replica_not_ready
W1008 08:29:15.899106 96599 master_service.cpp:4424] key=concurrent_k_38, error=replica_not_ready
W1008 08:29:15.899107 96597 master_service.cpp:4424] key=concurrent_k_38, error=replica_not_ready
W1008 08:29:15.899601 96599 master_service.cpp:4424] key=concurrent_k_39, error=replica_not_ready
W1008 08:29:15.899597 96598 master_service.cpp:4424] key=concurrent_k_38, error=replica_not_ready
W1008 08:29:15.900368 96599 master_service.cpp:4424] key=concurrent_k_40, error=replica_not_ready
W1008 08:29:15.900838 96597 master_service.cpp:4424] key=concurrent_k_41, error=replica_not_ready
W1008 08:29:15.900847 96598 master_service.cpp:4424] key=concurrent_k_41, error=replica_not_ready
W1008 08:29:15.900840 96599 master_service.cpp:4424] key=concurrent_k_41, error=replica_not_ready
W1008 08:29:15.901316 96599 master_service.cpp:4424] key=concurrent_k_42, error=replica_not_ready
W1008 08:29:15.901341 96597 master_service.cpp:4424] key=concurrent_k_42, error=replica_not_ready
W1008 08:29:15.901806 96599 master_service.cpp:4424] key=concurrent_k_43, error=replica_not_ready
W1008 08:29:15.902067 96599 master_service.cpp:4424] key=concurrent_k_43, error=replica_not_ready
W1008 08:29:15.902465 96597 master_service.cpp:4424] key=concurrent_k_44, error=replica_not_ready
W1008 08:29:15.902527 96599 master_service.cpp:4424] key=concurrent_k_44, error=replica_not_ready
W1008 08:29:15.902690 96599 master_service.cpp:4424] key=concurrent_k_44, error=replica_not_ready
W1008 08:29:15.903115 96599 master_service.cpp:4424] key=concurrent_k_45, error=replica_not_ready
W1008 08:29:15.903124 96598 master_service.cpp:4424] key=concurrent_k_45, error=replica_not_ready
W1008 08:29:15.903117 96597 master_service.cpp:4424] key=concurrent_k_45, error=replica_not_ready
W1008 08:29:15.903587 96599 master_service.cpp:4424] key=concurrent_k_46, error=replica_not_ready
W1008 08:29:15.903599 96597 master_service.cpp:4424] key=concurrent_k_46, error=replica_not_ready
W1008 08:29:15.903625 96598 master_service.cpp:4424] key=concurrent_k_46, error=replica_not_ready
W1008 08:29:15.904059 96599 master_service.cpp:4424] key=concurrent_k_47, error=replica_not_ready
W1008 08:29:15.904062 96597 master_service.cpp:4424] key=concurrent_k_47, error=replica_not_ready
W1008 08:29:15.904538 96599 master_service.cpp:4424] key=concurrent_k_48, error=replica_not_ready
W1008 08:29:15.904820 96599 master_service.cpp:4424] key=concurrent_k_48, error=replica_not_ready
W1008 08:29:15.905082 96599 master_service.cpp:4424] key=concurrent_k_48, error=replica_not_ready
W1008 08:29:15.905202 96599 master_service.cpp:4424] key=concurrent_k_49, error=replica_not_ready
W1008 08:29:15.905431 96599 master_service.cpp:4424] key=concurrent_k_49, error=replica_not_ready
W1008 08:29:15.905855 96597 master_service.cpp:4424] key=concurrent_k_50, error=replica_not_ready
W1008 08:29:15.905855 96599 master_service.cpp:4424] key=concurrent_k_50, error=replica_not_ready
W1008 08:29:15.905987 96599 master_service.cpp:4424] key=concurrent_k_50, error=replica_not_ready
W1008 08:29:15.906348 96597 master_service.cpp:4424] key=concurrent_k_51, error=replica_not_ready
W1008 08:29:15.906386 96599 master_service.cpp:4424] key=concurrent_k_51, error=replica_not_ready
W1008 08:29:15.906503 96599 master_service.cpp:4424] key=concurrent_k_51, error=replica_not_ready
W1008 08:29:15.906840 96597 master_service.cpp:4424] key=concurrent_k_52, error=replica_not_ready
W1008 08:29:15.906914 96599 master_service.cpp:4424] key=concurrent_k_52, error=replica_not_ready
W1008 08:29:15.907088 96599 master_service.cpp:4424] key=concurrent_k_52, error=replica_not_ready
W1008 08:29:15.907320 96597 master_service.cpp:4424] key=concurrent_k_53, error=replica_not_ready
W1008 08:29:15.907454 96599 master_service.cpp:4424] key=concurrent_k_53, error=replica_not_ready
W1008 08:29:15.907606 96599 master_service.cpp:4424] key=concurrent_k_53, error=replica_not_ready
W1008 08:29:15.907867 96599 master_service.cpp:4424] key=concurrent_k_54, error=replica_not_ready
W1008 08:29:15.907997 96599 master_service.cpp:4424] key=concurrent_k_54, error=replica_not_ready
W1008 08:29:15.908004 96597 master_service.cpp:4424] key=concurrent_k_54, error=replica_not_ready
W1008 08:29:15.908391 96599 master_service.cpp:4424] key=concurrent_k_55, error=replica_not_ready
W1008 08:29:15.908406 96598 master_service.cpp:4424] key=concurrent_k_55, error=replica_not_ready
W1008 08:29:15.908601 96599 master_service.cpp:4424] key=concurrent_k_55, error=replica_not_ready
W1008 08:29:15.908851 96599 master_service.cpp:4424] key=concurrent_k_56, error=replica_not_ready
W1008 08:29:15.908965 96599 master_service.cpp:4424] key=concurrent_k_56, error=replica_not_ready
W1008 08:29:15.909349 96599 master_service.cpp:4424] key=concurrent_k_57, error=replica_not_ready
W1008 08:29:15.909490 96599 master_service.cpp:4424] key=concurrent_k_56, error=replica_not_ready
W1008 08:29:15.910161 96599 master_service.cpp:4424] key=concurrent_k_58, error=replica_not_ready
W1008 08:29:15.910214 96595 master_service.cpp:4424] key=concurrent_k_58, error=replica_not_ready
W1008 08:29:15.910295 96599 master_service.cpp:4424] key=concurrent_k_58, error=replica_not_ready
W1008 08:29:15.910635 96599 master_service.cpp:4424] key=concurrent_k_59, error=replica_not_ready
W1008 08:29:15.910660 96597 master_service.cpp:4424] key=concurrent_k_59, error=replica_not_ready
W1008 08:29:15.911145 96599 master_service.cpp:4424] key=concurrent_k_60, error=replica_not_ready
W1008 08:29:15.911370 96599 master_service.cpp:4424] key=concurrent_k_60, error=replica_not_ready
W1008 08:29:15.911482 96599 master_service.cpp:4424] key=concurrent_k_60, error=replica_not_ready
W1008 08:29:15.911761 96599 master_service.cpp:4424] key=concurrent_k_61, error=replica_not_ready
W1008 08:29:15.911834 96596 master_service.cpp:4424] key=concurrent_k_61, error=replica_not_ready
W1008 08:29:15.911890 96599 master_service.cpp:4424] key=concurrent_k_61, error=replica_not_ready
W1008 08:29:15.912251 96599 master_service.cpp:4424] key=concurrent_k_62, error=replica_not_ready
W1008 08:29:15.912285 96598 master_service.cpp:4424] key=concurrent_k_62, error=replica_not_ready
W1008 08:29:15.912633 96598 master_service.cpp:4424] key=concurrent_k_62, error=replica_not_ready
W1008 08:29:15.912765 96599 master_service.cpp:4424] key=concurrent_k_63, error=replica_not_ready
W1008 08:29:15.913036 96599 master_service.cpp:4424] key=concurrent_k_63, error=replica_not_ready
W1008 08:29:15.913429 96599 master_service.cpp:4424] key=concurrent_k_64, error=replica_not_ready
W1008 08:29:15.913573 96599 master_service.cpp:4424] key=concurrent_k_64, error=replica_not_ready
W1008 08:29:15.913686 96599 master_service.cpp:4424] key=concurrent_k_64, error=replica_not_ready
W1008 08:29:15.913914 96599 master_service.cpp:4424] key=concurrent_k_65, error=replica_not_ready
W1008 08:29:15.914072 96599 master_service.cpp:4424] key=concurrent_k_65, error=replica_not_ready
W1008 08:29:15.914513 96599 master_service.cpp:4424] key=concurrent_k_66, error=replica_not_ready
W1008 08:29:15.914625 96599 master_service.cpp:4424] key=concurrent_k_66, error=replica_not_ready
W1008 08:29:15.915041 96599 master_service.cpp:4424] key=concurrent_k_67, error=replica_not_ready
W1008 08:29:15.915182 96599 master_service.cpp:4424] key=concurrent_k_67, error=replica_not_ready
W1008 08:29:15.915308 96599 master_service.cpp:4424] key=concurrent_k_67, error=replica_not_ready
W1008 08:29:15.915535 96599 master_service.cpp:4424] key=concurrent_k_68, error=replica_not_ready
W1008 08:29:15.915715 96599 master_service.cpp:4424] key=concurrent_k_68, error=replica_not_ready
W1008 08:29:15.916121 96599 master_service.cpp:4424] key=concurrent_k_69, error=replica_not_ready
W1008 08:29:15.916206 96598 master_service.cpp:4424] key=concurrent_k_68, error=replica_not_ready
W1008 08:29:15.916702 96599 master_service.cpp:4424] key=concurrent_k_70, error=replica_not_ready
W1008 08:29:15.917357 96599 master_service.cpp:4424] key=concurrent_k_71, error=replica_not_ready
W1008 08:29:15.917357 96597 master_service.cpp:4424] key=concurrent_k_71, error=replica_not_ready
W1008 08:29:15.917385 96598 master_service.cpp:4424] key=concurrent_k_71, error=replica_not_ready
W1008 08:29:15.917834 96599 master_service.cpp:4424] key=concurrent_k_72, error=replica_not_ready
W1008 08:29:15.917845 96597 master_service.cpp:4424] key=concurrent_k_72, error=replica_not_ready
W1008 08:29:15.917841 96598 master_service.cpp:4424] key=concurrent_k_72, error=replica_not_ready
W1008 08:29:15.918315 96599 master_service.cpp:4424] key=concurrent_k_73, error=replica_not_ready
W1008 08:29:15.918323 96597 master_service.cpp:4424] key=concurrent_k_73, error=replica_not_ready
W1008 08:29:15.918538 96599 master_service.cpp:4424] key=concurrent_k_73, error=replica_not_ready
W1008 08:29:15.918816 96599 master_service.cpp:4424] key=concurrent_k_74, error=replica_not_ready
W1008 08:29:15.918936 96599 master_service.cpp:4424] key=concurrent_k_74, error=replica_not_ready
W1008 08:29:15.919154 96597 master_service.cpp:4424] key=concurrent_k_74, error=replica_not_ready
W1008 08:29:15.919292 96599 master_service.cpp:4424] key=concurrent_k_75, error=replica_not_ready
W1008 08:29:15.919536 96599 master_service.cpp:4424] key=concurrent_k_75, error=replica_not_ready
W1008 08:29:15.919966 96597 master_service.cpp:4424] key=concurrent_k_76, error=replica_not_ready
W1008 08:29:15.920130 96597 master_service.cpp:4424] key=concurrent_k_76, error=replica_not_ready
W1008 08:29:15.920511 96597 master_service.cpp:4424] key=concurrent_k_77, error=replica_not_ready
W1008 08:29:15.920588 96599 master_service.cpp:4424] key=concurrent_k_77, error=replica_not_ready
W1008 08:29:15.920691 96599 master_service.cpp:4424] key=concurrent_k_77, error=replica_not_ready
W1008 08:29:15.920996 96599 master_service.cpp:4424] key=concurrent_k_78, error=replica_not_ready
W1008 08:29:15.921154 96599 master_service.cpp:4424] key=concurrent_k_78, error=replica_not_ready
W1008 08:29:15.921171 96597 master_service.cpp:4424] key=concurrent_k_78, error=replica_not_ready
W1008 08:29:15.921557 96599 master_service.cpp:4424] key=concurrent_k_79, error=replica_not_ready
W1008 08:29:15.921573 96597 master_service.cpp:4424] key=concurrent_k_79, error=replica_not_ready
W1008 08:29:15.922036 96599 master_service.cpp:4424] key=concurrent_k_80, error=replica_not_ready
W1008 08:29:15.922256 96599 master_service.cpp:4424] key=concurrent_k_80, error=replica_not_ready
W1008 08:29:15.922621 96599 master_service.cpp:4424] key=concurrent_k_81, error=replica_not_ready
W1008 08:29:15.923214 96599 master_service.cpp:4424] key=concurrent_k_82, error=replica_not_ready
W1008 08:29:15.923264 96597 master_service.cpp:4424] key=concurrent_k_82, error=replica_not_ready
W1008 08:29:15.923265 96598 master_service.cpp:4424] key=concurrent_k_82, error=replica_not_ready
W1008 08:29:15.923676 96599 master_service.cpp:4424] key=concurrent_k_83, error=replica_not_ready
W1008 08:29:15.923693 96597 master_service.cpp:4424] key=concurrent_k_83, error=replica_not_ready
W1008 08:29:15.924162 96599 master_service.cpp:4424] key=concurrent_k_84, error=replica_not_ready
W1008 08:29:15.924260 96599 master_service.cpp:4424] key=concurrent_k_83, error=replica_not_ready
W1008 08:29:15.924930 96599 master_service.cpp:4424] key=concurrent_k_85, error=replica_not_ready
W1008 08:29:15.925004 96597 master_service.cpp:4424] key=concurrent_k_85, error=replica_not_ready
W1008 08:29:15.925051 96599 master_service.cpp:4424] key=concurrent_k_85, error=replica_not_ready
W1008 08:29:15.925419 96597 master_service.cpp:4424] key=concurrent_k_86, error=replica_not_ready
W1008 08:29:15.925434 96598 master_service.cpp:4424] key=concurrent_k_86, error=replica_not_ready
W1008 08:29:15.925475 96599 master_service.cpp:4424] key=concurrent_k_86, error=replica_not_ready
W1008 08:29:15.925925 96597 master_service.cpp:4424] key=concurrent_k_87, error=replica_not_ready
W1008 08:29:15.925925 96599 master_service.cpp:4424] key=concurrent_k_87, error=replica_not_ready
W1008 08:29:15.926424 96599 master_service.cpp:4424] key=concurrent_k_88, error=replica_not_ready
W1008 08:29:15.926451 96597 master_service.cpp:4424] key=concurrent_k_87, error=replica_not_ready
W1008 08:29:15.926869 96599 master_service.cpp:4424] key=concurrent_k_88, error=replica_not_ready
W1008 08:29:15.927235 96597 master_service.cpp:4424] key=concurrent_k_89, error=replica_not_ready
W1008 08:29:15.927724 96599 master_service.cpp:4424] key=concurrent_k_90, error=replica_not_ready
W1008 08:29:15.927735 96597 master_service.cpp:4424] key=concurrent_k_90, error=replica_not_ready
W1008 08:29:15.927845 96599 master_service.cpp:4424] key=concurrent_k_90, error=replica_not_ready
W1008 08:29:15.928205 96597 master_service.cpp:4424] key=concurrent_k_91, error=replica_not_ready
W1008 08:29:15.928224 96599 master_service.cpp:4424] key=concurrent_k_91, error=replica_not_ready
W1008 08:29:15.928365 96599 master_service.cpp:4424] key=concurrent_k_91, error=replica_not_ready
W1008 08:29:15.928678 96597 master_service.cpp:4424] key=concurrent_k_92, error=replica_not_ready
W1008 08:29:15.928769 96599 master_service.cpp:4424] key=concurrent_k_92, error=replica_not_ready
W1008 08:29:15.929162 96599 master_service.cpp:4424] key=concurrent_k_93, error=replica_not_ready
W1008 08:29:15.929911 96597 master_service.cpp:4424] key=concurrent_k_94, error=replica_not_ready
W1008 08:29:15.929940 96599 master_service.cpp:4424] key=concurrent_k_94, error=replica_not_ready
W1008 08:29:15.930050 96599 master_service.cpp:4424] key=concurrent_k_94, error=replica_not_ready
W1008 08:29:15.930384 96599 master_service.cpp:4424] key=concurrent_k_95, error=replica_not_ready
W1008 08:29:15.930451 96598 master_service.cpp:4424] key=concurrent_k_95, error=replica_not_ready
W1008 08:29:15.930650 96599 master_service.cpp:4424] key=concurrent_k_95, error=replica_not_ready
W1008 08:29:15.930888 96599 master_service.cpp:4424] key=concurrent_k_96, error=replica_not_ready
W1008 08:29:15.931038 96599 master_service.cpp:4424] key=concurrent_k_96, error=replica_not_ready
W1008 08:29:15.931156 96599 master_service.cpp:4424] key=concurrent_k_96, error=replica_not_ready
W1008 08:29:15.931384 96599 master_service.cpp:4424] key=concurrent_k_97, error=replica_not_ready
W1008 08:29:15.931533 96599 master_service.cpp:4424] key=concurrent_k_97, error=replica_not_ready
W1008 08:29:15.931658 96599 master_service.cpp:4424] key=concurrent_k_97, error=replica_not_ready
W1008 08:29:15.931948 96599 master_service.cpp:4424] key=concurrent_k_98, error=replica_not_ready
W1008 08:29:15.932065 96599 master_service.cpp:4424] key=concurrent_k_98, error=replica_not_ready
W1008 08:29:15.932114 96597 master_service.cpp:4424] key=concurrent_k_98, error=replica_not_ready
W1008 08:29:15.932417 96599 master_service.cpp:4424] key=concurrent_k_99, error=replica_not_ready
W1008 08:29:15.932540 96599 master_service.cpp:4424] key=concurrent_k_99, error=replica_not_ready
W1008 08:29:15.932559 96597 master_service.cpp:4424] key=concurrent_k_99, error=replica_not_ready
W1008 08:29:15.932946 96599 master_service.cpp:4424] key=concurrent_k_100, error=replica_not_ready
W1008 08:29:15.932955 96597 master_service.cpp:4424] key=concurrent_k_100, error=replica_not_ready
W1008 08:29:15.933426 96597 master_service.cpp:4424] key=concurrent_k_101, error=replica_not_ready
W1008 08:29:15.933650 96599 master_service.cpp:4424] key=concurrent_k_101, error=replica_not_ready
W1008 08:29:15.933857 96599 master_service.cpp:4424] key=concurrent_k_101, error=replica_not_ready
W1008 08:29:15.934037 96599 master_service.cpp:4424] key=concurrent_k_102, error=replica_not_ready
W1008 08:29:15.934269 96599 master_service.cpp:4424] key=concurrent_k_102, error=replica_not_ready
W1008 08:29:15.934286 96597 master_service.cpp:4424] key=concurrent_k_102, error=replica_not_ready
W1008 08:29:15.934638 96599 master_service.cpp:4424] key=concurrent_k_103, error=replica_not_ready
W1008 08:29:15.934692 96598 master_service.cpp:4424] key=concurrent_k_103, error=replica_not_ready
W1008 08:29:15.934729 96597 master_service.cpp:4424] key=concurrent_k_103, error=replica_not_ready
W1008 08:29:15.935134 96599 master_service.cpp:4424] key=concurrent_k_104, error=replica_not_ready
W1008 08:29:15.935138 96597 master_service.cpp:4424] key=concurrent_k_104, error=replica_not_ready
W1008 08:29:15.935559 96598 master_service.cpp:4424] key=concurrent_k_104, error=replica_not_ready
W1008 08:29:15.935604 96597 master_service.cpp:4424] key=concurrent_k_105, error=replica_not_ready
W1008 08:29:15.935943 96599 master_service.cpp:4424] key=concurrent_k_105, error=replica_not_ready
W1008 08:29:15.936211 96599 master_service.cpp:4424] key=concurrent_k_105, error=replica_not_ready
W1008 08:29:15.936365 96597 master_service.cpp:4424] key=concurrent_k_106, error=replica_not_ready
W1008 08:29:15.936975 96598 master_service.cpp:4424] key=concurrent_k_107, error=replica_not_ready
W1008 08:29:15.936978 96597 master_service.cpp:4424] key=concurrent_k_107, error=replica_not_ready
W1008 08:29:15.937116 96599 master_service.cpp:4424] key=concurrent_k_107, error=replica_not_ready
W1008 08:29:15.937433 96599 master_service.cpp:4424] key=concurrent_k_108, error=replica_not_ready
W1008 08:29:15.937589 96597 master_service.cpp:4424] key=concurrent_k_108, error=replica_not_ready
W1008 08:29:15.938006 96599 master_service.cpp:4424] key=concurrent_k_109, error=replica_not_ready
W1008 08:29:15.938112 96599 master_service.cpp:4424] key=concurrent_k_109, error=replica_not_ready
W1008 08:29:15.938513 96599 master_service.cpp:4424] key=concurrent_k_110, error=replica_not_ready
W1008 08:29:15.938666 96599 master_service.cpp:4424] key=concurrent_k_110, error=replica_not_ready
W1008 08:29:15.938684 96597 master_service.cpp:4424] key=concurrent_k_110, error=replica_not_ready
W1008 08:29:15.939103 96599 master_service.cpp:4424] key=concurrent_k_111, error=replica_not_ready
W1008 08:29:15.939105 96598 master_service.cpp:4424] key=concurrent_k_111, error=replica_not_ready
W1008 08:29:15.939316 96599 master_service.cpp:4424] key=concurrent_k_111, error=replica_not_ready
W1008 08:29:15.939597 96597 master_service.cpp:4424] key=concurrent_k_112, error=replica_not_ready
W1008 08:29:15.939723 96599 master_service.cpp:4424] key=concurrent_k_112, error=replica_not_ready
W1008 08:29:15.939811 96597 master_service.cpp:4424] key=concurrent_k_112, error=replica_not_ready
W1008 08:29:15.940104 96597 master_service.cpp:4424] key=concurrent_k_113, error=replica_not_ready
W1008 08:29:15.940157 96599 master_service.cpp:4424] key=concurrent_k_113, error=replica_not_ready
W1008 08:29:15.940606 96599 master_service.cpp:4424] key=concurrent_k_114, error=replica_not_ready
W1008 08:29:15.940837 96597 master_service.cpp:4424] key=concurrent_k_114, error=replica_not_ready
W1008 08:29:15.940837 96599 master_service.cpp:4424] key=concurrent_k_114, error=replica_not_ready
W1008 08:29:15.941282 96597 master_service.cpp:4424] key=concurrent_k_115, error=replica_not_ready
W1008 08:29:15.941282 96599 master_service.cpp:4424] key=concurrent_k_115, error=replica_not_ready
W1008 08:29:15.941788 96599 master_service.cpp:4424] key=concurrent_k_116, error=replica_not_ready
W1008 08:29:15.941928 96599 master_service.cpp:4424] key=concurrent_k_116, error=replica_not_ready
W1008 08:29:15.941957 96597 master_service.cpp:4424] key=concurrent_k_116, error=replica_not_ready
W1008 08:29:15.942332 96597 master_service.cpp:4424] key=concurrent_k_117, error=replica_not_ready
W1008 08:29:15.942333 96599 master_service.cpp:4424] key=concurrent_k_117, error=replica_not_ready
W1008 08:29:15.942466 96599 master_service.cpp:4424] key=concurrent_k_117, error=replica_not_ready
W1008 08:29:15.942816 96597 master_service.cpp:4424] key=concurrent_k_118, error=replica_not_ready
W1008 08:29:15.942910 96599 master_service.cpp:4424] key=concurrent_k_118, error=replica_not_ready
W1008 08:29:15.943344 96599 master_service.cpp:4424] key=concurrent_k_119, error=replica_not_ready
W1008 08:29:15.943456 96599 master_service.cpp:4424] key=concurrent_k_118, error=replica_not_ready
W1008 08:29:15.944070 96597 master_service.cpp:4424] key=concurrent_k_120, error=replica_not_ready
W1008 08:29:15.944589 96599 master_service.cpp:4424] key=concurrent_k_121, error=replica_not_ready
W1008 08:29:15.944589 96597 master_service.cpp:4424] key=concurrent_k_121, error=replica_not_ready
W1008 08:29:15.944655 96598 master_service.cpp:4424] key=concurrent_k_121, error=replica_not_ready
W1008 08:29:15.945075 96599 master_service.cpp:4424] key=concurrent_k_122, error=replica_not_ready
W1008 08:29:15.945093 96597 master_service.cpp:4424] key=concurrent_k_122, error=replica_not_ready
W1008 08:29:15.945608 96597 master_service.cpp:4424] key=concurrent_k_123, error=replica_not_ready
W1008 08:29:15.945971 96599 master_service.cpp:4424] key=concurrent_k_123, error=replica_not_ready
W1008 08:29:15.946015 96597 master_service.cpp:4424] key=concurrent_k_123, error=replica_not_ready
W1008 08:29:15.946403 96599 master_service.cpp:4424] key=concurrent_k_124, error=replica_not_ready
W1008 08:29:15.946415 96597 master_service.cpp:4424] key=concurrent_k_124, error=replica_not_ready
W1008 08:29:15.946863 96599 master_service.cpp:4424] key=concurrent_k_125, error=replica_not_ready
W1008 08:29:15.947085 96599 master_service.cpp:4424] key=concurrent_k_125, error=replica_not_ready
W1008 08:29:15.947124 96597 master_service.cpp:4424] key=concurrent_k_125, error=replica_not_ready
W1008 08:29:15.947485 96599 master_service.cpp:4424] key=concurrent_k_126, error=replica_not_ready
W1008 08:29:15.947535 96598 master_service.cpp:4424] key=concurrent_k_126, error=replica_not_ready
W1008 08:29:15.947674 96599 master_service.cpp:4424] key=concurrent_k_126, error=replica_not_ready
W1008 08:29:15.947960 96597 master_service.cpp:4424] key=concurrent_k_127, error=replica_not_ready
W1008 08:29:15.948045 96599 master_service.cpp:4424] key=concurrent_k_127, error=replica_not_ready
W1008 08:29:15.948171 96599 master_service.cpp:4424] key=concurrent_k_127, error=replica_not_ready
W1008 08:29:15.948468 96597 master_service.cpp:4424] key=concurrent_k_128, error=replica_not_ready
W1008 08:29:15.948531 96599 master_service.cpp:4424] key=concurrent_k_128, error=replica_not_ready
W1008 08:29:15.948697 96599 master_service.cpp:4424] key=concurrent_k_128, error=replica_not_ready
W1008 08:29:15.948930 96599 master_service.cpp:4424] key=concurrent_k_129, error=replica_not_ready
W1008 08:29:15.949043 96599 master_service.cpp:4424] key=concurrent_k_129, error=replica_not_ready
W1008 08:29:15.949110 96597 master_service.cpp:4424] key=concurrent_k_129, error=replica_not_ready
W1008 08:29:15.949458 96597 master_service.cpp:4424] key=concurrent_k_130, error=replica_not_ready
W1008 08:29:15.949503 96599 master_service.cpp:4424] key=concurrent_k_130, error=replica_not_ready
W1008 08:29:15.949946 96599 master_service.cpp:4424] key=concurrent_k_131, error=replica_not_ready
W1008 08:29:15.950217 96599 master_service.cpp:4424] key=concurrent_k_131, error=replica_not_ready
W1008 08:29:15.950577 96599 master_service.cpp:4424] key=concurrent_k_132, error=replica_not_ready
W1008 08:29:15.950700 96597 master_service.cpp:4424] key=concurrent_k_132, error=replica_not_ready
W1008 08:29:15.950840 96599 master_service.cpp:4424] key=concurrent_k_132, error=replica_not_ready
W1008 08:29:15.951112 96597 master_service.cpp:4424] key=concurrent_k_133, error=replica_not_ready
W1008 08:29:15.951206 96599 master_service.cpp:4424] key=concurrent_k_133, error=replica_not_ready
W1008 08:29:15.951511 96599 master_service.cpp:4424] key=concurrent_k_133, error=replica_not_ready
W1008 08:29:15.951613 96599 master_service.cpp:4424] key=concurrent_k_134, error=replica_not_ready
W1008 08:29:15.951918 96599 master_service.cpp:4424] key=concurrent_k_134, error=replica_not_ready
W1008 08:29:15.952124 96599 master_service.cpp:4424] key=concurrent_k_134, error=replica_not_ready
W1008 08:29:15.952330 96599 master_service.cpp:4424] key=concurrent_k_135, error=replica_not_ready
W1008 08:29:15.952492 96599 master_service.cpp:4424] key=concurrent_k_135, error=replica_not_ready
W1008 08:29:15.952836 96599 master_service.cpp:4424] key=concurrent_k_136, error=replica_not_ready
W1008 08:29:15.952975 96599 master_service.cpp:4424] key=concurrent_k_136, error=replica_not_ready
W1008 08:29:15.952999 96597 master_service.cpp:4424] key=concurrent_k_136, error=replica_not_ready
W1008 08:29:15.953393 96599 master_service.cpp:4424] key=concurrent_k_137, error=replica_not_ready
W1008 08:29:15.953393 96597 master_service.cpp:4424] key=concurrent_k_137, error=replica_not_ready
W1008 08:29:15.953454 96598 master_service.cpp:4424] key=concurrent_k_137, error=replica_not_ready
W1008 08:29:15.953918 96599 master_service.cpp:4424] key=concurrent_k_138, error=replica_not_ready
W1008 08:29:15.953950 96597 master_service.cpp:4424] key=concurrent_k_138, error=replica_not_ready
W1008 08:29:15.954172 96599 master_service.cpp:4424] key=concurrent_k_138, error=replica_not_ready
W1008 08:29:15.954423 96599 master_service.cpp:4424] key=concurrent_k_139, error=replica_not_ready
W1008 08:29:15.954614 96597 master_service.cpp:4424] key=concurrent_k_139, error=replica_not_ready
W1008 08:29:15.954656 96599 master_service.cpp:4424] key=concurrent_k_139, error=replica_not_ready
W1008 08:29:15.954995 96596 master_service.cpp:4424] key=concurrent_k_140, error=replica_not_ready
W1008 08:29:15.955137 96599 master_service.cpp:4424] key=concurrent_k_140, error=replica_not_ready
W1008 08:29:15.955145 96597 master_service.cpp:4424] key=concurrent_k_140, error=replica_not_ready
W1008 08:29:15.955555 96599 master_service.cpp:4424] key=concurrent_k_141, error=replica_not_ready
W1008 08:29:15.955581 96597 master_service.cpp:4424] key=concurrent_k_141, error=replica_not_ready
W1008 08:29:15.955814 96599 master_service.cpp:4424] key=concurrent_k_141, error=replica_not_ready
W1008 08:29:15.956053 96599 master_service.cpp:4424] key=concurrent_k_142, error=replica_not_ready
W1008 08:29:15.956224 96599 master_service.cpp:4424] key=concurrent_k_142, error=replica_not_ready
W1008 08:29:15.956233 96597 master_service.cpp:4424] key=concurrent_k_142, error=replica_not_ready
W1008 08:29:15.956655 96597 master_service.cpp:4424] key=concurrent_k_143, error=replica_not_ready
W1008 08:29:15.956656 96599 master_service.cpp:4424] key=concurrent_k_143, error=replica_not_ready
W1008 08:29:15.957134 96597 master_service.cpp:4424] key=concurrent_k_144, error=replica_not_ready
W1008 08:29:15.957373 96599 master_service.cpp:4424] key=concurrent_k_144, error=replica_not_ready
W1008 08:29:15.957568 96599 master_service.cpp:4424] key=concurrent_k_144, error=replica_not_ready
W1008 08:29:15.957729 96599 master_service.cpp:4424] key=concurrent_k_145, error=replica_not_ready
W1008 08:29:15.957923 96597 master_service.cpp:4424] key=concurrent_k_145, error=replica_not_ready
W1008 08:29:15.958014 96599 master_service.cpp:4424] key=concurrent_k_145, error=replica_not_ready
W1008 08:29:15.958287 96599 master_service.cpp:4424] key=concurrent_k_146, error=replica_not_ready
W1008 08:29:15.958420 96599 master_service.cpp:4424] key=concurrent_k_146, error=replica_not_ready
W1008 08:29:15.958750 96597 master_service.cpp:4424] key=concurrent_k_146, error=replica_not_ready
W1008 08:29:15.958817 96599 master_service.cpp:4424] key=concurrent_k_147, error=replica_not_ready
W1008 08:29:15.959522 96599 master_service.cpp:4424] key=concurrent_k_148, error=replica_not_ready
W1008 08:29:15.959534 96597 master_service.cpp:4424] key=concurrent_k_148, error=replica_not_ready
W1008 08:29:15.959692 96599 master_service.cpp:4424] key=concurrent_k_148, error=replica_not_ready
W1008 08:29:15.959985 96599 master_service.cpp:4424] key=concurrent_k_149, error=replica_not_ready
W1008 08:29:15.960014 96597 master_service.cpp:4424] key=concurrent_k_149, error=replica_not_ready
W1008 08:29:15.960481 96597 master_service.cpp:4424] key=concurrent_k_150, error=replica_not_ready
W1008 08:29:15.960482 96599 master_service.cpp:4424] key=concurrent_k_149, error=replica_not_ready
W1008 08:29:15.960911 96599 master_service.cpp:4424] key=concurrent_k_150, error=replica_not_ready
W1008 08:29:15.961736 96597 master_service.cpp:4424] key=concurrent_k_152, error=replica_not_ready
W1008 08:29:15.961756 96598 master_service.cpp:4424] key=concurrent_k_152, error=replica_not_ready
W1008 08:29:15.961812 96599 master_service.cpp:4424] key=concurrent_k_152, error=replica_not_ready
W1008 08:29:15.962208 96599 master_service.cpp:4424] key=concurrent_k_153, error=replica_not_ready
W1008 08:29:15.962225 96597 master_service.cpp:4424] key=concurrent_k_153, error=replica_not_ready
W1008 08:29:15.962437 96599 master_service.cpp:4424] key=concurrent_k_153, error=replica_not_ready
W1008 08:29:15.962698 96599 master_service.cpp:4424] key=concurrent_k_154, error=replica_not_ready
W1008 08:29:15.962848 96599 master_service.cpp:4424] key=concurrent_k_154, error=replica_not_ready
W1008 08:29:15.962900 96597 master_service.cpp:4424] key=concurrent_k_154, error=replica_not_ready
W1008 08:29:15.963220 96597 master_service.cpp:4424] key=concurrent_k_155, error=replica_not_ready
W1008 08:29:15.963343 96599 master_service.cpp:4424] key=concurrent_k_155, error=replica_not_ready
W1008 08:29:15.963752 96599 master_service.cpp:4424] key=concurrent_k_156, error=replica_not_ready
W1008 08:29:15.964061 96597 master_service.cpp:4424] key=concurrent_k_156, error=replica_not_ready
W1008 08:29:15.964315 96599 master_service.cpp:4424] key=concurrent_k_156, error=replica_not_ready
W1008 08:29:15.964447 96599 master_service.cpp:4424] key=concurrent_k_157, error=replica_not_ready
W1008 08:29:15.965090 96597 master_service.cpp:4424] key=concurrent_k_158, error=replica_not_ready
W1008 08:29:15.965094 96599 master_service.cpp:4424] key=concurrent_k_158, error=replica_not_ready
W1008 08:29:15.965221 96599 master_service.cpp:4424] key=concurrent_k_158, error=replica_not_ready
W1008 08:29:15.965577 96599 master_service.cpp:4424] key=concurrent_k_159, error=replica_not_ready
W1008 08:29:15.965622 96597 master_service.cpp:4424] key=concurrent_k_159, error=replica_not_ready
W1008 08:29:15.965647 96598 master_service.cpp:4424] key=concurrent_k_159, error=replica_not_ready
W1008 08:29:15.966101 96597 master_service.cpp:4424] key=concurrent_k_160, error=replica_not_ready
W1008 08:29:15.966104 96599 master_service.cpp:4424] key=concurrent_k_160, error=replica_not_ready
W1008 08:29:15.966579 96597 master_service.cpp:4424] key=concurrent_k_161, error=replica_not_ready
W1008 08:29:15.966852 96599 master_service.cpp:4424] key=concurrent_k_161, error=replica_not_ready
W1008 08:29:15.967248 96599 master_service.cpp:4424] key=concurrent_k_162, error=replica_not_ready
W1008 08:29:15.967396 96599 master_service.cpp:4424] key=concurrent_k_162, error=replica_not_ready
W1008 08:29:15.967422 96597 master_service.cpp:4424] key=concurrent_k_162, error=replica_not_ready
W1008 08:29:15.967823 96597 master_service.cpp:4424] key=concurrent_k_163, error=replica_not_ready
W1008 08:29:15.967824 96599 master_service.cpp:4424] key=concurrent_k_163, error=replica_not_ready
W1008 08:29:15.967859 96598 master_service.cpp:4424] key=concurrent_k_163, error=replica_not_ready
W1008 08:29:15.968303 96599 master_service.cpp:4424] key=concurrent_k_164, error=replica_not_ready
W1008 08:29:15.968307 96597 master_service.cpp:4424] key=concurrent_k_164, error=replica_not_ready
W1008 08:29:15.968786 96597 master_service.cpp:4424] key=concurrent_k_165, error=replica_not_ready
W1008 08:29:15.969208 96597 master_service.cpp:4424] key=concurrent_k_165, error=replica_not_ready
W1008 08:29:15.969246 96599 master_service.cpp:4424] key=concurrent_k_165, error=replica_not_ready
W1008 08:29:15.969621 96599 master_service.cpp:4424] key=concurrent_k_166, error=replica_not_ready
W1008 08:29:15.969672 96597 master_service.cpp:4424] key=concurrent_k_166, error=replica_not_ready
W1008 08:29:15.969688 96598 master_service.cpp:4424] key=concurrent_k_166, error=replica_not_ready
W1008 08:29:15.970115 96599 master_service.cpp:4424] key=concurrent_k_167, error=replica_not_ready
W1008 08:29:15.970139 96597 master_service.cpp:4424] key=concurrent_k_167, error=replica_not_ready
W1008 08:29:15.970242 96599 master_service.cpp:4424] key=concurrent_k_167, error=replica_not_ready
W1008 08:29:15.970602 96599 master_service.cpp:4424] key=concurrent_k_168, error=replica_not_ready
W1008 08:29:15.970613 96598 master_service.cpp:4424] key=concurrent_k_168, error=replica_not_ready
W1008 08:29:15.971101 96597 master_service.cpp:4424] key=concurrent_k_169, error=replica_not_ready
W1008 08:29:15.971935 96599 master_service.cpp:4424] key=concurrent_k_170, error=replica_not_ready
W1008 08:29:15.971936 96597 master_service.cpp:4424] key=concurrent_k_170, error=replica_not_ready
W1008 08:29:15.972419 96599 master_service.cpp:4424] key=concurrent_k_171, error=replica_not_ready
W1008 08:29:15.972424 96597 master_service.cpp:4424] key=concurrent_k_171, error=replica_not_ready
W1008 08:29:15.972446 96598 master_service.cpp:4424] key=concurrent_k_171, error=replica_not_ready
W1008 08:29:15.972934 96599 master_service.cpp:4424] key=concurrent_k_172, error=replica_not_ready
W1008 08:29:15.972942 96597 master_service.cpp:4424] key=concurrent_k_172, error=replica_not_ready
W1008 08:29:15.973424 96598 master_service.cpp:4424] key=concurrent_k_173, error=replica_not_ready
W1008 08:29:15.973640 96599 master_service.cpp:4424] key=concurrent_k_173, error=replica_not_ready
W1008 08:29:15.974042 96599 master_service.cpp:4424] key=concurrent_k_174, error=replica_not_ready
W1008 08:29:15.974172 96599 master_service.cpp:4424] key=concurrent_k_174, error=replica_not_ready
W1008 08:29:15.974287 96599 master_service.cpp:4424] key=concurrent_k_174, error=replica_not_ready
W1008 08:29:15.974545 96599 master_service.cpp:4424] key=concurrent_k_175, error=replica_not_ready
W1008 08:29:15.974697 96597 master_service.cpp:4424] key=concurrent_k_175, error=replica_not_ready
W1008 08:29:15.974758 96599 master_service.cpp:4424] key=concurrent_k_175, error=replica_not_ready
W1008 08:29:15.975150 96597 master_service.cpp:4424] key=concurrent_k_176, error=replica_not_ready
W1008 08:29:15.975152 96599 master_service.cpp:4424] key=concurrent_k_176, error=replica_not_ready
W1008 08:29:15.975564 96598 master_service.cpp:4424] key=concurrent_k_176, error=replica_not_ready
W1008 08:29:15.975627 96599 master_service.cpp:4424] key=concurrent_k_177, error=replica_not_ready
W1008 08:29:15.975960 96599 master_service.cpp:4424] key=concurrent_k_177, error=replica_not_ready
W1008 08:29:15.976404 96597 master_service.cpp:4424] key=concurrent_k_178, error=replica_not_ready
W1008 08:29:15.976409 96596 master_service.cpp:4424] key=concurrent_k_178, error=replica_not_ready
W1008 08:29:15.976881 96597 master_service.cpp:4424] key=concurrent_k_179, error=replica_not_ready
W1008 08:29:15.976889 96599 master_service.cpp:4424] key=concurrent_k_179, error=replica_not_ready
W1008 08:29:15.976930 96598 master_service.cpp:4424] key=concurrent_k_179, error=replica_not_ready
W1008 08:29:15.977386 96599 master_service.cpp:4424] key=concurrent_k_180, error=replica_not_ready
W1008 08:29:15.977391 96597 master_service.cpp:4424] key=concurrent_k_180, error=replica_not_ready
W1008 08:29:15.977713 96599 master_service.cpp:4424] key=concurrent_k_180, error=replica_not_ready
W1008 08:29:15.977854 96599 master_service.cpp:4424] key=concurrent_k_181, error=replica_not_ready
W1008 08:29:15.978080 96599 master_service.cpp:4424] key=concurrent_k_181, error=replica_not_ready
W1008 08:29:15.978502 96599 master_service.cpp:4424] key=concurrent_k_182, error=replica_not_ready
W1008 08:29:15.978614 96599 master_service.cpp:4424] key=concurrent_k_182, error=replica_not_ready
W1008 08:29:15.978992 96599 master_service.cpp:4424] key=concurrent_k_183, error=replica_not_ready
W1008 08:29:15.979190 96597 master_service.cpp:4424] key=concurrent_k_183, error=replica_not_ready
W1008 08:29:15.979247 96599 master_service.cpp:4424] key=concurrent_k_183, error=replica_not_ready
W1008 08:29:15.979631 96597 master_service.cpp:4424] key=concurrent_k_184, error=replica_not_ready
W1008 08:29:15.979633 96599 master_service.cpp:4424] key=concurrent_k_184, error=replica_not_ready
W1008 08:29:15.980108 96597 master_service.cpp:4424] key=concurrent_k_185, error=replica_not_ready
W1008 08:29:15.980221 96599 master_service.cpp:4424] key=concurrent_k_185, error=replica_not_ready
W1008 08:29:15.980435 96599 master_service.cpp:4424] key=concurrent_k_185, error=replica_not_ready
W1008 08:29:15.980608 96597 master_service.cpp:4424] key=concurrent_k_186, error=replica_not_ready
W1008 08:29:15.980829 96598 master_service.cpp:4424] key=concurrent_k_186, error=replica_not_ready
W1008 08:29:15.980974 96599 master_service.cpp:4424] key=concurrent_k_186, error=replica_not_ready
W1008 08:29:15.981197 96599 master_service.cpp:4424] key=concurrent_k_187, error=replica_not_ready
W1008 08:29:15.981406 96599 master_service.cpp:4424] key=concurrent_k_187, error=replica_not_ready
W1008 08:29:15.981410 96597 master_service.cpp:4424] key=concurrent_k_187, error=replica_not_ready
W1008 08:29:15.981841 96598 master_service.cpp:4424] key=concurrent_k_188, error=replica_not_ready
W1008 08:29:15.981848 96597 master_service.cpp:4424] key=concurrent_k_188, error=replica_not_ready
W1008 08:29:15.981853 96599 master_service.cpp:4424] key=concurrent_k_188, error=replica_not_ready
W1008 08:29:15.982316 96597 master_service.cpp:4424] key=concurrent_k_189, error=replica_not_ready
W1008 08:29:15.982316 96599 master_service.cpp:4424] key=concurrent_k_189, error=replica_not_ready
W1008 08:29:15.982378 96598 master_service.cpp:4424] key=concurrent_k_189, error=replica_not_ready
W1008 08:29:15.982841 96599 master_service.cpp:4424] key=concurrent_k_190, error=replica_not_ready
W1008 08:29:15.982846 96597 master_service.cpp:4424] key=concurrent_k_190, error=replica_not_ready
W1008 08:29:15.983145 96599 master_service.cpp:4424] key=concurrent_k_190, error=replica_not_ready
W1008 08:29:15.983352 96599 master_service.cpp:4424] key=concurrent_k_191, error=replica_not_ready
W1008 08:29:15.983546 96597 master_service.cpp:4424] key=concurrent_k_191, error=replica_not_ready
W1008 08:29:15.983928 96599 master_service.cpp:4424] key=concurrent_k_192, error=replica_not_ready
W1008 08:29:15.984086 96599 master_service.cpp:4424] key=concurrent_k_192, error=replica_not_ready
W1008 08:29:15.984218 96599 master_service.cpp:4424] key=concurrent_k_192, error=replica_not_ready
W1008 08:29:15.984479 96599 master_service.cpp:4424] key=concurrent_k_193, error=replica_not_ready
W1008 08:29:15.984598 96599 master_service.cpp:4424] key=concurrent_k_193, error=replica_not_ready
W1008 08:29:15.984620 96597 master_service.cpp:4424] key=concurrent_k_193, error=replica_not_ready
W1008 08:29:15.984970 96597 master_service.cpp:4424] key=concurrent_k_194, error=replica_not_ready
W1008 08:29:15.985049 96599 master_service.cpp:4424] key=concurrent_k_194, error=replica_not_ready
W1008 08:29:15.985502 96599 master_service.cpp:4424] key=concurrent_k_194, error=replica_not_ready
W1008 08:29:15.985504 96597 master_service.cpp:4424] key=concurrent_k_195, error=replica_not_ready
W1008 08:29:15.986197 96599 master_service.cpp:4424] key=concurrent_k_196, error=replica_not_ready
W1008 08:29:15.986320 96597 master_service.cpp:4424] key=concurrent_k_196, error=replica_not_ready
W1008 08:29:15.986413 96599 master_service.cpp:4424] key=concurrent_k_196, error=replica_not_ready
W1008 08:29:15.986719 96599 master_service.cpp:4424] key=concurrent_k_197, error=replica_not_ready
W1008 08:29:15.986781 96597 master_service.cpp:4424] key=concurrent_k_197, error=replica_not_ready
W1008 08:29:15.986835 96599 master_service.cpp:4424] key=concurrent_k_197, error=replica_not_ready
W1008 08:29:15.987222 96599 master_service.cpp:4424] key=concurrent_k_198, error=replica_not_ready
W1008 08:29:15.987226 96597 master_service.cpp:4424] key=concurrent_k_198, error=replica_not_ready
W1008 08:29:15.987387 96597 master_service.cpp:4424] key=concurrent_k_198, error=replica_not_ready
W1008 08:29:15.987707 96599 master_service.cpp:4424] key=concurrent_k_199, error=replica_not_ready
W1008 08:29:15.987710 96598 master_service.cpp:4424] key=concurrent_k_199, error=replica_not_ready
W1008 08:29:15.988157 96599 master_service.cpp:4424] key=concurrent_k_199, error=replica_not_ready
W1008 08:29:15.988234 96597 master_service.cpp:4424] key=concurrent_k_200, error=replica_not_ready
W1008 08:29:15.988581 96599 master_service.cpp:4424] key=concurrent_k_200, error=replica_not_ready
W1008 08:29:15.988878 96599 master_service.cpp:4424] key=concurrent_k_200, error=replica_not_ready
W1008 08:29:15.988979 96599 master_service.cpp:4424] key=concurrent_k_201, error=replica_not_ready
W1008 08:29:15.989547 96599 master_service.cpp:4424] key=concurrent_k_202, error=replica_not_ready
W1008 08:29:15.989599 96598 master_service.cpp:4424] key=concurrent_k_202, error=replica_not_ready
W1008 08:29:15.989737 96599 master_service.cpp:4424] key=concurrent_k_202, error=replica_not_ready
W1008 08:29:15.990021 96597 master_service.cpp:4424] key=concurrent_k_203, error=replica_not_ready
W1008 08:29:15.990118 96599 master_service.cpp:4424] key=concurrent_k_203, error=replica_not_ready
W1008 08:29:15.990154 96598 master_service.cpp:4424] key=concurrent_k_203, error=replica_not_ready
W1008 08:29:15.990520 96599 master_service.cpp:4424] key=concurrent_k_204, error=replica_not_ready
W1008 08:29:15.990556 96597 master_service.cpp:4424] key=concurrent_k_204, error=replica_not_ready
W1008 08:29:15.990808 96599 master_service.cpp:4424] key=concurrent_k_204, error=replica_not_ready
W1008 08:29:15.991016 96599 master_service.cpp:4424] key=concurrent_k_205, error=replica_not_ready
W1008 08:29:15.991146 96599 master_service.cpp:4424] key=concurrent_k_205, error=replica_not_ready
W1008 08:29:15.991515 96599 master_service.cpp:4424] key=concurrent_k_206, error=replica_not_ready
W1008 08:29:15.991761 96599 master_service.cpp:4424] key=concurrent_k_206, error=replica_not_ready
W1008 08:29:15.991796 96597 master_service.cpp:4424] key=concurrent_k_206, error=replica_not_ready
W1008 08:29:15.992200 96597 master_service.cpp:4424] key=concurrent_k_207, error=replica_not_ready
W1008 08:29:15.992202 96599 master_service.cpp:4424] key=concurrent_k_207, error=replica_not_ready
W1008 08:29:15.992695 96599 master_service.cpp:4424] key=concurrent_k_208, error=replica_not_ready
W1008 08:29:15.992707 96597 master_service.cpp:4424] key=concurrent_k_208, error=replica_not_ready
W1008 08:29:15.992727 96598 master_service.cpp:4424] key=concurrent_k_208, error=replica_not_ready
W1008 08:29:15.993193 96599 master_service.cpp:4424] key=concurrent_k_209, error=replica_not_ready
W1008 08:29:15.993221 96597 master_service.cpp:4424] key=concurrent_k_209, error=replica_not_ready
W1008 08:29:15.993680 96597 master_service.cpp:4424] key=concurrent_k_210, error=replica_not_ready
W1008 08:29:15.993937 96599 master_service.cpp:4424] key=concurrent_k_210, error=replica_not_ready
W1008 08:29:15.994168 96599 master_service.cpp:4424] key=concurrent_k_210, error=replica_not_ready
W1008 08:29:15.994349 96599 master_service.cpp:4424] key=concurrent_k_211, error=replica_not_ready
W1008 08:29:15.994956 96597 master_service.cpp:4424] key=concurrent_k_212, error=replica_not_ready
W1008 08:29:15.994987 96599 master_service.cpp:4424] key=concurrent_k_212, error=replica_not_ready
W1008 08:29:15.995126 96599 master_service.cpp:4424] key=concurrent_k_212, error=replica_not_ready
W1008 08:29:15.995427 96599 master_service.cpp:4424] key=concurrent_k_213, error=replica_not_ready
W1008 08:29:15.995443 96598 master_service.cpp:4424] key=concurrent_k_213, error=replica_not_ready
W1008 08:29:15.995580 96599 master_service.cpp:4424] key=concurrent_k_213, error=replica_not_ready
W1008 08:29:15.995904 96599 master_service.cpp:4424] key=concurrent_k_214, error=replica_not_ready
W1008 08:29:15.995939 96597 master_service.cpp:4424] key=concurrent_k_214, error=replica_not_ready
W1008 08:29:15.996408 96599 master_service.cpp:4424] key=concurrent_k_215, error=replica_not_ready
W1008 08:29:15.996824 96599 master_service.cpp:4424] key=concurrent_k_215, error=replica_not_ready
W1008 08:29:15.996873 96598 master_service.cpp:4424] key=concurrent_k_215, error=replica_not_ready
W1008 08:29:15.997210 96599 master_service.cpp:4424] key=concurrent_k_216, error=replica_not_ready
W1008 08:29:15.997268 96597 master_service.cpp:4424] key=concurrent_k_216, error=replica_not_ready
W1008 08:29:15.997288 96598 master_service.cpp:4424] key=concurrent_k_216, error=replica_not_ready
W1008 08:29:15.997665 96599 master_service.cpp:4424] key=concurrent_k_217, error=replica_not_ready
W1008 08:29:15.997694 96597 master_service.cpp:4424] key=concurrent_k_217, error=replica_not_ready
W1008 08:29:15.998178 96597 master_service.cpp:4424] key=concurrent_k_218, error=replica_not_ready
W1008 08:29:15.998378 96599 master_service.cpp:4424] key=concurrent_k_218, error=replica_not_ready
W1008 08:29:15.998498 96599 master_service.cpp:4424] key=concurrent_k_218, error=replica_not_ready
W1008 08:29:15.998813 96598 master_service.cpp:4424] key=concurrent_k_219, error=replica_not_ready
W1008 08:29:15.998955 96599 master_service.cpp:4424] key=concurrent_k_219, error=replica_not_ready
W1008 08:29:15.998963 96597 master_service.cpp:4424] key=concurrent_k_219, error=replica_not_ready
W1008 08:29:15.999351 96599 master_service.cpp:4424] key=concurrent_k_220, error=replica_not_ready
W1008 08:29:15.999406 96598 master_service.cpp:4424] key=concurrent_k_220, error=replica_not_ready
W1008 08:29:15.999534 96599 master_service.cpp:4424] key=concurrent_k_220, error=replica_not_ready
W1008 08:29:15.999811 96597 master_service.cpp:4424] key=concurrent_k_221, error=replica_not_ready
W1008 08:29:15.999935 96599 master_service.cpp:4424] key=concurrent_k_221, error=replica_not_ready
W1008 08:29:16.000322 96599 master_service.cpp:4424] key=concurrent_k_222, error=replica_not_ready
W1008 08:29:16.001032 96599 master_service.cpp:4424] key=concurrent_k_223, error=replica_not_ready
W1008 08:29:16.001185 96597 master_service.cpp:4424] key=concurrent_k_223, error=replica_not_ready
W1008 08:29:16.001626 96598 master_service.cpp:4424] key=concurrent_k_224, error=replica_not_ready
W1008 08:29:16.001633 96597 master_service.cpp:4424] key=concurrent_k_224, error=replica_not_ready
W1008 08:29:16.001634 96599 master_service.cpp:4424] key=concurrent_k_224, error=replica_not_ready
W1008 08:29:16.002086 96599 master_service.cpp:4424] key=concurrent_k_225, error=replica_not_ready
W1008 08:29:16.002087 96597 master_service.cpp:4424] key=concurrent_k_225, error=replica_not_ready
W1008 08:29:16.002602 96597 master_service.cpp:4424] key=concurrent_k_226, error=replica_not_ready
W1008 08:29:16.003400 96598 master_service.cpp:4424] key=concurrent_k_227, error=replica_not_ready
W1008 08:29:16.003402 96597 master_service.cpp:4424] key=concurrent_k_227, error=replica_not_ready
W1008 08:29:16.003893 96597 master_service.cpp:4424] key=concurrent_k_228, error=replica_not_ready
W1008 08:29:16.003899 96599 master_service.cpp:4424] key=concurrent_k_228, error=replica_not_ready
W1008 08:29:16.003896 96598 master_service.cpp:4424] key=concurrent_k_228, error=replica_not_ready
W1008 08:29:16.004382 96599 master_service.cpp:4424] key=concurrent_k_229, error=replica_not_ready
W1008 08:29:16.004390 96597 master_service.cpp:4424] key=concurrent_k_229, error=replica_not_ready
W1008 08:29:16.004526 96599 master_service.cpp:4424] key=concurrent_k_229, error=replica_not_ready
W1008 08:29:16.004897 96599 master_service.cpp:4424] key=concurrent_k_230, error=replica_not_ready
W1008 08:29:16.004904 96597 master_service.cpp:4424] key=concurrent_k_230, error=replica_not_ready
W1008 08:29:16.005416 96599 master_service.cpp:4424] key=concurrent_k_231, error=replica_not_ready
W1008 08:29:16.005750 96598 master_service.cpp:4424] key=concurrent_k_231, error=replica_not_ready
W1008 08:29:16.005754 96599 master_service.cpp:4424] key=concurrent_k_231, error=replica_not_ready
W1008 08:29:16.006152 96597 master_service.cpp:4424] key=concurrent_k_232, error=replica_not_ready
W1008 08:29:16.006176 96599 master_service.cpp:4424] key=concurrent_k_232, error=replica_not_ready
W1008 08:29:16.006238 96598 master_service.cpp:4424] key=concurrent_k_232, error=replica_not_ready
W1008 08:29:16.006628 96599 master_service.cpp:4424] key=concurrent_k_233, error=replica_not_ready
W1008 08:29:16.006631 96597 master_service.cpp:4424] key=concurrent_k_233, error=replica_not_ready
W1008 08:29:16.007174 96599 master_service.cpp:4424] key=concurrent_k_234, error=replica_not_ready
W1008 08:29:16.007371 96597 master_service.cpp:4424] key=concurrent_k_234, error=replica_not_ready
W1008 08:29:16.007440 96599 master_service.cpp:4424] key=concurrent_k_234, error=replica_not_ready
W1008 08:29:16.007731 96599 master_service.cpp:4424] key=concurrent_k_235, error=replica_not_ready
W1008 08:29:16.007864 96599 master_service.cpp:4424] key=concurrent_k_235, error=replica_not_ready
W1008 08:29:16.008278 96598 master_service.cpp:4424] key=concurrent_k_236, error=replica_not_ready
W1008 08:29:16.008303 96597 master_service.cpp:4424] key=concurrent_k_236, error=replica_not_ready
W1008 08:29:16.008461 96597 master_service.cpp:4424] key=concurrent_k_236, error=replica_not_ready
W1008 08:29:16.008755 96599 master_service.cpp:4424] key=concurrent_k_237, error=replica_not_ready
W1008 08:29:16.009068 96599 master_service.cpp:4424] key=concurrent_k_237, error=replica_not_ready
W1008 08:29:16.009292 96599 master_service.cpp:4424] key=concurrent_k_237, error=replica_not_ready
W1008 08:29:16.009585 96599 master_service.cpp:4424] key=concurrent_k_238, error=replica_not_ready
W1008 08:29:16.010185 96599 master_service.cpp:4424] key=concurrent_k_239, error=replica_not_ready
W1008 08:29:16.010198 96597 master_service.cpp:4424] key=concurrent_k_239, error=replica_not_ready
W1008 08:29:16.010309 96599 master_service.cpp:4424] key=concurrent_k_239, error=replica_not_ready
W1008 08:29:16.010649 96599 master_service.cpp:4424] key=concurrent_k_240, error=replica_not_ready
W1008 08:29:16.010670 96597 master_service.cpp:4424] key=concurrent_k_240, error=replica_not_ready
W1008 08:29:16.011132 96599 master_service.cpp:4424] key=concurrent_k_241, error=replica_not_ready
W1008 08:29:16.011837 96597 master_service.cpp:4424] key=concurrent_k_242, error=replica_not_ready
W1008 08:29:16.012010 96597 master_service.cpp:4424] key=concurrent_k_242, error=replica_not_ready
W1008 08:29:16.012431 96597 master_service.cpp:4424] key=concurrent_k_243, error=replica_not_ready
W1008 08:29:16.012434 96599 master_service.cpp:4424] key=concurrent_k_243, error=replica_not_ready
W1008 08:29:16.012964 96599 master_service.cpp:4424] key=concurrent_k_244, error=replica_not_ready
W1008 08:29:16.013083 96599 master_service.cpp:4424] key=concurrent_k_244, error=replica_not_ready
W1008 08:29:16.013441 96599 master_service.cpp:4424] key=concurrent_k_245, error=replica_not_ready
W1008 08:29:16.013520 96597 master_service.cpp:4424] key=concurrent_k_244, error=replica_not_ready
W1008 08:29:16.014170 96599 master_service.cpp:4424] key=concurrent_k_246, error=replica_not_ready
W1008 08:29:16.014633 96599 master_service.cpp:4424] key=concurrent_k_247, error=replica_not_ready
W1008 08:29:16.014820 96597 master_service.cpp:4424] key=concurrent_k_247, error=replica_not_ready
W1008 08:29:16.015043 96599 master_service.cpp:4424] key=concurrent_k_247, error=replica_not_ready
W1008 08:29:16.015249 96599 master_service.cpp:4424] key=concurrent_k_248, error=replica_not_ready
W1008 08:29:16.015563 96599 master_service.cpp:4424] key=concurrent_k_248, error=replica_not_ready
W1008 08:29:16.015748 96599 master_service.cpp:4424] key=concurrent_k_248, error=replica_not_ready
W1008 08:29:16.016098 96598 master_service.cpp:4424] key=concurrent_k_249, error=replica_not_ready
W1008 08:29:16.016721 96599 master_service.cpp:4424] key=concurrent_k_250, error=replica_not_ready
W1008 08:29:16.016728 96597 master_service.cpp:4424] key=concurrent_k_250, error=replica_not_ready
W1008 08:29:16.016736 96598 master_service.cpp:4424] key=concurrent_k_250, error=replica_not_ready
W1008 08:29:16.017299 96597 master_service.cpp:4424] key=concurrent_k_251, error=replica_not_ready
W1008 08:29:16.017421 96599 master_service.cpp:4424] key=concurrent_k_251, error=replica_not_ready
W1008 08:29:16.017740 96599 master_service.cpp:4424] key=concurrent_k_251, error=replica_not_ready
W1008 08:29:16.017972 96599 master_service.cpp:4424] key=concurrent_k_252, error=replica_not_ready
W1008 08:29:16.018136 96599 master_service.cpp:4424] key=concurrent_k_252, error=replica_not_ready
W1008 08:29:16.018643 96597 master_service.cpp:4424] key=concurrent_k_253, error=replica_not_ready
W1008 08:29:16.018702 96599 master_service.cpp:4424] key=concurrent_k_253, error=replica_not_ready
W1008 08:29:16.018987 96599 master_service.cpp:4424] key=concurrent_k_253, error=replica_not_ready
W1008 08:29:16.019155 96599 master_service.cpp:4424] key=concurrent_k_254, error=replica_not_ready
W1008 08:29:16.019398 96599 master_service.cpp:4424] key=concurrent_k_254, error=replica_not_ready
W1008 08:29:16.019771 96599 master_service.cpp:4424] key=concurrent_k_255, error=replica_not_ready
W1008 08:29:16.019850 96597 master_service.cpp:4424] key=concurrent_k_255, error=replica_not_ready
W1008 08:29:16.020247 96597 master_service.cpp:4424] key=concurrent_k_256, error=replica_not_ready
W1008 08:29:16.020352 96599 master_service.cpp:4424] key=concurrent_k_256, error=replica_not_ready
W1008 08:29:16.020713 96599 master_service.cpp:4424] key=concurrent_k_257, error=replica_not_ready
W1008 08:29:16.020714 96597 master_service.cpp:4424] key=concurrent_k_256, error=replica_not_ready
W1008 08:29:16.021555 96599 master_service.cpp:4424] key=concurrent_k_258, error=replica_not_ready
W1008 08:29:16.021575 96597 master_service.cpp:4424] key=concurrent_k_258, error=replica_not_ready
W1008 08:29:16.022042 96599 master_service.cpp:4424] key=concurrent_k_259, error=replica_not_ready
W1008 08:29:16.022050 96597 master_service.cpp:4424] key=concurrent_k_259, error=replica_not_ready
W1008 08:29:16.022379 96599 master_service.cpp:4424] key=concurrent_k_259, error=replica_not_ready
W1008 08:29:16.022521 96599 master_service.cpp:4424] key=concurrent_k_260, error=replica_not_ready
W1008 08:29:16.022926 96597 master_service.cpp:4424] key=concurrent_k_260, error=replica_not_ready
W1008 08:29:16.023797 96597 master_service.cpp:4424] key=concurrent_k_262, error=replica_not_ready
W1008 08:29:16.023880 96599 master_service.cpp:4424] key=concurrent_k_262, error=replica_not_ready
W1008 08:29:16.023943 96597 master_service.cpp:4424] key=concurrent_k_262, error=replica_not_ready
W1008 08:29:16.024293 96599 master_service.cpp:4424] key=concurrent_k_263, error=replica_not_ready
W1008 08:29:16.024503 96599 master_service.cpp:4424] key=concurrent_k_263, error=replica_not_ready
W1008 08:29:16.024852 96599 master_service.cpp:4424] key=concurrent_k_263, error=replica_not_ready
W1008 08:29:16.025067 96599 master_service.cpp:4424] key=concurrent_k_264, error=replica_not_ready
W1008 08:29:16.025264 96599 master_service.cpp:4424] key=concurrent_k_264, error=replica_not_ready
W1008 08:29:16.025426 96599 master_service.cpp:4424] key=concurrent_k_264, error=replica_not_ready
W1008 08:29:16.025750 96599 master_service.cpp:4424] key=concurrent_k_265, error=replica_not_ready
W1008 08:29:16.025795 96597 master_service.cpp:4424] key=concurrent_k_265, error=replica_not_ready
W1008 08:29:16.025965 96599 master_service.cpp:4424] key=concurrent_k_265, error=replica_not_ready
W1008 08:29:16.026259 96597 master_service.cpp:4424] key=concurrent_k_266, error=replica_not_ready
W1008 08:29:16.026391 96599 master_service.cpp:4424] key=concurrent_k_266, error=replica_not_ready
W1008 08:29:16.026803 96599 master_service.cpp:4424] key=concurrent_k_267, error=replica_not_ready
W1008 08:29:16.027071 96598 master_service.cpp:4424] key=concurrent_k_267, error=replica_not_ready
W1008 08:29:16.027576 96598 master_service.cpp:4424] key=concurrent_k_268, error=replica_not_ready
W1008 08:29:16.027648 96599 master_service.cpp:4424] key=concurrent_k_268, error=replica_not_ready
W1008 08:29:16.028064 96599 master_service.cpp:4424] key=concurrent_k_269, error=replica_not_ready
W1008 08:29:16.028087 96597 master_service.cpp:4424] key=concurrent_k_269, error=replica_not_ready
W1008 08:29:16.028558 96599 master_service.cpp:4424] key=concurrent_k_270, error=replica_not_ready
W1008 08:29:16.028745 96597 master_service.cpp:4424] key=concurrent_k_270, error=replica_not_ready
W1008 08:29:16.029145 96599 master_service.cpp:4424] key=concurrent_k_271, error=replica_not_ready
W1008 08:29:16.029376 96599 master_service.cpp:4424] key=concurrent_k_271, error=replica_not_ready
W1008 08:29:16.029822 96597 master_service.cpp:4424] key=concurrent_k_272, error=replica_not_ready
W1008 08:29:16.030429 96597 master_service.cpp:4424] key=concurrent_k_273, error=replica_not_ready
W1008 08:29:16.030565 96599 master_service.cpp:4424] key=concurrent_k_273, error=replica_not_ready
W1008 08:29:16.031041 96599 master_service.cpp:4424] key=concurrent_k_274, error=replica_not_ready
W1008 08:29:16.031054 96597 master_service.cpp:4424] key=concurrent_k_273, error=replica_not_ready
W1008 08:29:16.031774 96599 master_service.cpp:4424] key=concurrent_k_275, error=replica_not_ready
W1008 08:29:16.032404 96599 master_service.cpp:4424] key=concurrent_k_276, error=replica_not_ready
W1008 08:29:16.032595 96599 master_service.cpp:4424] key=concurrent_k_276, error=replica_not_ready
W1008 08:29:16.032781 96597 master_service.cpp:4424] key=concurrent_k_276, error=replica_not_ready
W1008 08:29:16.032964 96599 master_service.cpp:4424] key=concurrent_k_277, error=replica_not_ready
W1008 08:29:16.033360 96599 master_service.cpp:4424] key=concurrent_k_277, error=replica_not_ready
W1008 08:29:16.033401 96597 master_service.cpp:4424] key=concurrent_k_277, error=replica_not_ready
W1008 08:29:16.033859 96598 master_service.cpp:4424] key=concurrent_k_278, error=replica_not_ready
W1008 08:29:16.034348 96597 master_service.cpp:4424] key=concurrent_k_279, error=replica_not_ready
W1008 08:29:16.034404 96598 master_service.cpp:4424] key=concurrent_k_279, error=replica_not_ready
W1008 08:29:16.034529 96599 master_service.cpp:4424] key=concurrent_k_279, error=replica_not_ready
W1008 08:29:16.034878 96599 master_service.cpp:4424] key=concurrent_k_280, error=replica_not_ready
W1008 08:29:16.035064 96597 master_service.cpp:4424] key=concurrent_k_280, error=replica_not_ready
W1008 08:29:16.035099 96599 master_service.cpp:4424] key=concurrent_k_280, error=replica_not_ready
W1008 08:29:16.035449 96599 master_service.cpp:4424] key=concurrent_k_281, error=replica_not_ready
W1008 08:29:16.035668 96599 master_service.cpp:4424] key=concurrent_k_281, error=replica_not_ready
W1008 08:29:16.035696 96597 master_service.cpp:4424] key=concurrent_k_281, error=replica_not_ready
W1008 08:29:16.036170 96599 master_service.cpp:4424] key=concurrent_k_282, error=replica_not_ready
W1008 08:29:16.036247 96597 master_service.cpp:4424] key=concurrent_k_282, error=replica_not_ready
W1008 08:29:16.036437 96599 master_service.cpp:4424] key=concurrent_k_282, error=replica_not_ready
W1008 08:29:16.036830 96599 master_service.cpp:4424] key=concurrent_k_283, error=replica_not_ready
W1008 08:29:16.036844 96597 master_service.cpp:4424] key=concurrent_k_283, error=replica_not_ready
W1008 08:29:16.037425 96599 master_service.cpp:4424] key=concurrent_k_284, error=replica_not_ready
W1008 08:29:16.037567 96599 master_service.cpp:4424] key=concurrent_k_284, error=replica_not_ready
W1008 08:29:16.037575 96597 master_service.cpp:4424] key=concurrent_k_284, error=replica_not_ready
W1008 08:29:16.038012 96599 master_service.cpp:4424] key=concurrent_k_285, error=replica_not_ready
W1008 08:29:16.038031 96598 master_service.cpp:4424] key=concurrent_k_285, error=replica_not_ready
W1008 08:29:16.038041 96597 master_service.cpp:4424] key=concurrent_k_285, error=replica_not_ready
W1008 08:29:16.038456 96599 master_service.cpp:4424] key=concurrent_k_286, error=replica_not_ready
W1008 08:29:16.038506 96597 master_service.cpp:4424] key=concurrent_k_286, error=replica_not_ready
W1008 08:29:16.038952 96599 master_service.cpp:4424] key=concurrent_k_287, error=replica_not_ready
W1008 08:29:16.039777 96597 master_service.cpp:4424] key=concurrent_k_288, error=replica_not_ready
W1008 08:29:16.039886 96599 master_service.cpp:4424] key=concurrent_k_288, error=replica_not_ready
W1008 08:29:16.040302 96599 master_service.cpp:4424] key=concurrent_k_289, error=replica_not_ready
W1008 08:29:16.040325 96597 master_service.cpp:4424] key=concurrent_k_289, error=replica_not_ready
W1008 08:29:16.040889 96597 master_service.cpp:4424] key=concurrent_k_290, error=replica_not_ready
W1008 08:29:16.040944 96599 master_service.cpp:4424] key=concurrent_k_290, error=replica_not_ready
W1008 08:29:16.041419 96599 master_service.cpp:4424] key=concurrent_k_291, error=replica_not_ready
W1008 08:29:16.041472 96597 master_service.cpp:4424] key=concurrent_k_290, error=replica_not_ready
W1008 08:29:16.042018 96599 master_service.cpp:4424] key=concurrent_k_291, error=replica_not_ready
W1008 08:29:16.042042 96597 master_service.cpp:4424] key=concurrent_k_291, error=replica_not_ready
W1008 08:29:16.042879 96599 master_service.cpp:4424] key=concurrent_k_293, error=replica_not_ready
W1008 08:29:16.042901 96597 master_service.cpp:4424] key=concurrent_k_293, error=replica_not_ready
W1008 08:29:16.043107 96599 master_service.cpp:4424] key=concurrent_k_293, error=replica_not_ready
W1008 08:29:16.043371 96599 master_service.cpp:4424] key=concurrent_k_294, error=replica_not_ready
W1008 08:29:16.043669 96599 master_service.cpp:4424] key=concurrent_k_294, error=replica_not_ready
W1008 08:29:16.044210 96598 master_service.cpp:4424] key=concurrent_k_295, error=replica_not_ready
W1008 08:29:16.044672 96599 master_service.cpp:4424] key=concurrent_k_296, error=replica_not_ready
W1008 08:29:16.044878 96597 master_service.cpp:4424] key=concurrent_k_296, error=replica_not_ready
W1008 08:29:16.045010 96597 master_service.cpp:4424] key=concurrent_k_296, error=replica_not_ready
W1008 08:29:16.045424 96598 master_service.cpp:4424] key=concurrent_k_297, error=replica_not_ready
W1008 08:29:16.045486 96597 master_service.cpp:4424] key=concurrent_k_297, error=replica_not_ready
W1008 08:29:16.046042 96598 master_service.cpp:4424] key=concurrent_k_298, error=replica_not_ready
W1008 08:29:16.046084 96597 master_service.cpp:4424] key=concurrent_k_298, error=replica_not_ready
W1008 08:29:16.046129 96599 master_service.cpp:4424] key=concurrent_k_298, error=replica_not_ready
W1008 08:29:16.046502 96599 master_service.cpp:4424] key=concurrent_k_299, error=replica_not_ready
W1008 08:29:16.046677 96597 master_service.cpp:4424] key=concurrent_k_299, error=replica_not_ready
W1008 08:29:16.046798 96599 master_service.cpp:4424] key=concurrent_k_299, error=replica_not_ready
W1008 08:29:16.047195 96599 master_service.cpp:4424] key=concurrent_k_300, error=replica_not_ready
W1008 08:29:16.047297 96599 master_service.cpp:4424] key=concurrent_k_300, error=replica_not_ready
W1008 08:29:16.047305 96597 master_service.cpp:4424] key=concurrent_k_300, error=replica_not_ready
W1008 08:29:16.047712 96599 master_service.cpp:4424] key=concurrent_k_301, error=replica_not_ready
W1008 08:29:16.047726 96597 master_service.cpp:4424] key=concurrent_k_301, error=replica_not_ready
W1008 08:29:16.047933 96599 master_service.cpp:4424] key=concurrent_k_301, error=replica_not_ready
W1008 08:29:16.048161 96599 master_service.cpp:4424] key=concurrent_k_302, error=replica_not_ready
W1008 08:29:16.048399 96597 master_service.cpp:4424] key=concurrent_k_302, error=replica_not_ready
W1008 08:29:16.048482 96599 master_service.cpp:4424] key=concurrent_k_302, error=replica_not_ready
W1008 08:29:16.048823 96599 master_service.cpp:4424] key=concurrent_k_303, error=replica_not_ready
W1008 08:29:16.049032 96599 master_service.cpp:4424] key=concurrent_k_303, error=replica_not_ready
W1008 08:29:16.049301 96599 master_service.cpp:4424] key=concurrent_k_303, error=replica_not_ready
W1008 08:29:16.049638 96598 master_service.cpp:4424] key=concurrent_k_304, error=replica_not_ready
W1008 08:29:16.049664 96599 master_service.cpp:4424] key=concurrent_k_304, error=replica_not_ready
W1008 08:29:16.049885 96599 master_service.cpp:4424] key=concurrent_k_304, error=replica_not_ready
W1008 08:29:16.050243 96599 master_service.cpp:4424] key=concurrent_k_305, error=replica_not_ready
W1008 08:29:16.050372 96599 master_service.cpp:4424] key=concurrent_k_305, error=replica_not_ready
W1008 08:29:16.050400 96597 master_service.cpp:4424] key=concurrent_k_305, error=replica_not_ready
W1008 08:29:16.050900 96599 master_service.cpp:4424] key=concurrent_k_306, error=replica_not_ready
W1008 08:29:16.050941 96597 master_service.cpp:4424] key=concurrent_k_306, error=replica_not_ready
W1008 08:29:16.051013 96599 master_service.cpp:4424] key=concurrent_k_306, error=replica_not_ready
W1008 08:29:16.051362 96599 master_service.cpp:4424] key=concurrent_k_307, error=replica_not_ready
W1008 08:29:16.051411 96597 master_service.cpp:4424] key=concurrent_k_307, error=replica_not_ready
W1008 08:29:16.051899 96597 master_service.cpp:4424] key=concurrent_k_308, error=replica_not_ready
W1008 08:29:16.052592 96597 master_service.cpp:4424] key=concurrent_k_309, error=replica_not_ready
W1008 08:29:16.052631 96599 master_service.cpp:4424] key=concurrent_k_309, error=replica_not_ready
W1008 08:29:16.053118 96598 master_service.cpp:4424] key=concurrent_k_310, error=replica_not_ready
W1008 08:29:16.053201 96599 master_service.cpp:4424] key=concurrent_k_310, error=replica_not_ready
W1008 08:29:16.053745 96598 master_service.cpp:4424] key=concurrent_k_311, error=replica_not_ready
W1008 08:29:16.054387 96599 master_service.cpp:4424] key=concurrent_k_312, error=replica_not_ready
W1008 08:29:16.054563 96599 master_service.cpp:4424] key=concurrent_k_312, error=replica_not_ready
W1008 08:29:16.054988 96597 master_service.cpp:4424] key=concurrent_k_313, error=replica_not_ready
W1008 08:29:16.055064 96599 master_service.cpp:4424] key=concurrent_k_313, error=replica_not_ready
W1008 08:29:16.055599 96599 master_service.cpp:4424] key=concurrent_k_314, error=replica_not_ready
W1008 08:29:16.055624 96598 master_service.cpp:4424] key=concurrent_k_314, error=replica_not_ready
W1008 08:29:16.056105 96597 master_service.cpp:4424] key=concurrent_k_315, error=replica_not_ready
W1008 08:29:16.056182 96599 master_service.cpp:4424] key=concurrent_k_315, error=replica_not_ready
W1008 08:29:16.056653 96599 master_service.cpp:4424] key=concurrent_k_316, error=replica_not_ready
W1008 08:29:16.057247 96599 master_service.cpp:4424] key=concurrent_k_316, error=replica_not_ready
W1008 08:29:16.058077 96599 master_service.cpp:4424] key=concurrent_k_318, error=replica_not_ready
W1008 08:29:16.058079 96597 master_service.cpp:4424] key=concurrent_k_318, error=replica_not_ready
W1008 08:29:16.058594 96599 master_service.cpp:4424] key=concurrent_k_318, error=replica_not_ready
W1008 08:29:16.058620 96597 master_service.cpp:4424] key=concurrent_k_319, error=replica_not_ready
W1008 08:29:16.059257 96599 master_service.cpp:4424] key=concurrent_k_319, error=replica_not_ready
W1008 08:29:16.059289 96597 master_service.cpp:4424] key=concurrent_k_319, error=replica_not_ready
W1008 08:29:16.060148 96599 master_service.cpp:4424] key=concurrent_k_321, error=replica_not_ready
W1008 08:29:16.060184 96597 master_service.cpp:4424] key=concurrent_k_321, error=replica_not_ready
W1008 08:29:16.060660 96599 master_service.cpp:4424] key=concurrent_k_322, error=replica_not_ready
W1008 08:29:16.060950 96599 master_service.cpp:4424] key=concurrent_k_322, error=replica_not_ready
W1008 08:29:16.061103 96599 master_service.cpp:4424] key=concurrent_k_322, error=replica_not_ready
W1008 08:29:16.061405 96597 master_service.cpp:4424] key=concurrent_k_323, error=replica_not_ready
W1008 08:29:16.061919 96599 master_service.cpp:4424] key=concurrent_k_324, error=replica_not_ready
W1008 08:29:16.061933 96597 master_service.cpp:4424] key=concurrent_k_324, error=replica_not_ready
W1008 08:29:16.062197 96599 master_service.cpp:4424] key=concurrent_k_324, error=replica_not_ready
W1008 08:29:16.062390 96599 master_service.cpp:4424] key=concurrent_k_325, error=replica_not_ready
W1008 08:29:16.062615 96599 master_service.cpp:4424] key=concurrent_k_325, error=replica_not_ready
W1008 08:29:16.062983 96599 master_service.cpp:4424] key=concurrent_k_326, error=replica_not_ready
W1008 08:29:16.063189 96599 master_service.cpp:4424] key=concurrent_k_326, error=replica_not_ready
W1008 08:29:16.063407 96599 master_service.cpp:4424] key=concurrent_k_326, error=replica_not_ready
W1008 08:29:16.063611 96599 master_service.cpp:4424] key=concurrent_k_327, error=replica_not_ready
W1008 08:29:16.063922 96599 master_service.cpp:4424] key=concurrent_k_327, error=replica_not_ready
W1008 08:29:16.064085 96599 master_service.cpp:4424] key=concurrent_k_327, error=replica_not_ready
W1008 08:29:16.064472 96599 master_service.cpp:4424] key=concurrent_k_328, error=replica_not_ready
W1008 08:29:16.064502 96598 master_service.cpp:4424] key=concurrent_k_328, error=replica_not_ready
W1008 08:29:16.064548 96597 master_service.cpp:4424] key=concurrent_k_328, error=replica_not_ready
W1008 08:29:16.065014 96597 master_service.cpp:4424] key=concurrent_k_329, error=replica_not_ready
W1008 08:29:16.065052 96599 master_service.cpp:4424] key=concurrent_k_329, error=replica_not_ready
W1008 08:29:16.065349 96599 master_service.cpp:4424] key=concurrent_k_329, error=replica_not_ready
W1008 08:29:16.065637 96599 master_service.cpp:4424] key=concurrent_k_330, error=replica_not_ready
W1008 08:29:16.065845 96597 master_service.cpp:4424] key=concurrent_k_330, error=replica_not_ready
W1008 08:29:16.065904 96599 master_service.cpp:4424] key=concurrent_k_330, error=replica_not_ready
W1008 08:29:16.066346 96598 master_service.cpp:4424] key=concurrent_k_331, error=replica_not_ready
W1008 08:29:16.066382 96599 master_service.cpp:4424] key=concurrent_k_331, error=replica_not_ready
W1008 08:29:16.066413 96597 master_service.cpp:4424] key=concurrent_k_331, error=replica_not_ready
W1008 08:29:16.066823 96599 master_service.cpp:4424] key=concurrent_k_332, error=replica_not_ready
W1008 08:29:16.066839 96597 master_service.cpp:4424] key=concurrent_k_332, error=replica_not_ready
W1008 08:29:16.067308 96599 master_service.cpp:4424] key=concurrent_k_333, error=replica_not_ready
W1008 08:29:16.067521 96599 master_service.cpp:4424] key=concurrent_k_333, error=replica_not_ready
W1008 08:29:16.067909 96599 master_service.cpp:4424] key=concurrent_k_334, error=replica_not_ready
W1008 08:29:16.068677 96597 master_service.cpp:4424] key=concurrent_k_335, error=replica_not_ready
W1008 08:29:16.069015 96599 master_service.cpp:4424] key=concurrent_k_335, error=replica_not_ready
W1008 08:29:16.069417 96599 master_service.cpp:4424] key=concurrent_k_336, error=replica_not_ready
W1008 08:29:16.069573 96599 master_service.cpp:4424] key=concurrent_k_336, error=replica_not_ready
W1008 08:29:16.069994 96599 master_service.cpp:4424] key=concurrent_k_337, error=replica_not_ready
W1008 08:29:16.070240 96599 master_service.cpp:4424] key=concurrent_k_337, error=replica_not_ready
W1008 08:29:16.070633 96599 master_service.cpp:4424] key=concurrent_k_338, error=replica_not_ready
W1008 08:29:16.070674 96597 master_service.cpp:4424] key=concurrent_k_338, error=replica_not_ready
W1008 08:29:16.071132 96599 master_service.cpp:4424] key=concurrent_k_339, error=replica_not_ready
W1008 08:29:16.071269 96599 master_service.cpp:4424] key=concurrent_k_339, error=replica_not_ready
W1008 08:29:16.071599 96598 master_service.cpp:4424] key=concurrent_k_339, error=replica_not_ready
W1008 08:29:16.071672 96599 master_service.cpp:4424] key=concurrent_k_340, error=replica_not_ready
W1008 08:29:16.072134 96599 master_service.cpp:4424] key=concurrent_k_340, error=replica_not_ready
W1008 08:29:16.072234 96597 master_service.cpp:4424] key=concurrent_k_340, error=replica_not_ready
W1008 08:29:16.073099 96597 master_service.cpp:4424] key=concurrent_k_342, error=replica_not_ready
W1008 08:29:16.073207 96599 master_service.cpp:4424] key=concurrent_k_342, error=replica_not_ready
W1008 08:29:16.073400 96599 master_service.cpp:4424] key=concurrent_k_342, error=replica_not_ready
W1008 08:29:16.073604 96599 master_service.cpp:4424] key=concurrent_k_343, error=replica_not_ready
W1008 08:29:16.073922 96599 master_service.cpp:4424] key=concurrent_k_343, error=replica_not_ready
W1008 08:29:16.074476 96599 master_service.cpp:4424] key=concurrent_k_344, error=replica_not_ready
W1008 08:29:16.075049 96597 master_service.cpp:4424] key=concurrent_k_345, error=replica_not_ready
W1008 08:29:16.075083 96598 master_service.cpp:4424] key=concurrent_k_345, error=replica_not_ready
W1008 08:29:16.075129 96599 master_service.cpp:4424] key=concurrent_k_345, error=replica_not_ready
W1008 08:29:16.075675 96597 master_service.cpp:4424] key=concurrent_k_346, error=replica_not_ready
W1008 08:29:16.075731 96599 master_service.cpp:4424] key=concurrent_k_346, error=replica_not_ready
W1008 08:29:16.075841 96599 master_service.cpp:4424] key=concurrent_k_346, error=replica_not_ready
W1008 08:29:16.076184 96599 master_service.cpp:4424] key=concurrent_k_347, error=replica_not_ready
W1008 08:29:16.076331 96599 master_service.cpp:4424] key=concurrent_k_347, error=replica_not_ready
W1008 08:29:16.076627 96599 master_service.cpp:4424] key=concurrent_k_347, error=replica_not_ready
W1008 08:29:16.076854 96599 master_service.cpp:4424] key=concurrent_k_348, error=replica_not_ready
W1008 08:29:16.077032 96598 master_service.cpp:4424] key=concurrent_k_348, error=replica_not_ready
W1008 08:29:16.077473 96598 master_service.cpp:4424] key=concurrent_k_349, error=replica_not_ready
W1008 08:29:16.077525 96597 master_service.cpp:4424] key=concurrent_k_349, error=replica_not_ready
W1008 08:29:16.077661 96599 master_service.cpp:4424] key=concurrent_k_349, error=replica_not_ready
W1008 08:29:16.077935 96599 master_service.cpp:4424] key=concurrent_k_350, error=replica_not_ready
W1008 08:29:16.078102 96597 master_service.cpp:4424] key=concurrent_k_350, error=replica_not_ready
W1008 08:29:16.078567 96597 master_service.cpp:4424] key=concurrent_k_351, error=replica_not_ready
W1008 08:29:16.078725 96597 master_service.cpp:4424] key=concurrent_k_351, error=replica_not_ready
W1008 08:29:16.079154 96599 master_service.cpp:4424] key=concurrent_k_352, error=replica_not_ready
W1008 08:29:16.079159 96598 master_service.cpp:4424] key=concurrent_k_352, error=replica_not_ready
W1008 08:29:16.079662 96599 master_service.cpp:4424] key=concurrent_k_353, error=replica_not_ready
W1008 08:29:16.079861 96599 master_service.cpp:4424] key=concurrent_k_353, error=replica_not_ready
W1008 08:29:16.080291 96599 master_service.cpp:4424] key=concurrent_k_354, error=replica_not_ready
W1008 08:29:16.080896 96599 master_service.cpp:4424] key=concurrent_k_355, error=replica_not_ready
W1008 08:29:16.081622 96599 master_service.cpp:4424] key=concurrent_k_356, error=replica_not_ready
W1008 08:29:16.081638 96597 master_service.cpp:4424] key=concurrent_k_356, error=replica_not_ready
W1008 08:29:16.082154 96598 master_service.cpp:4424] key=concurrent_k_357, error=replica_not_ready
W1008 08:29:16.082526 96597 master_service.cpp:4424] key=concurrent_k_357, error=replica_not_ready
W1008 08:29:16.082819 96599 master_service.cpp:4424] key=concurrent_k_357, error=replica_not_ready
W1008 08:29:16.082953 96599 master_service.cpp:4424] key=concurrent_k_358, error=replica_not_ready
W1008 08:29:16.083591 96599 master_service.cpp:4424] key=concurrent_k_359, error=replica_not_ready
W1008 08:29:16.083814 96599 master_service.cpp:4424] key=concurrent_k_359, error=replica_not_ready
W1008 08:29:16.084236 96599 master_service.cpp:4424] key=concurrent_k_360, error=replica_not_ready
W1008 08:29:16.084323 96597 master_service.cpp:4424] key=concurrent_k_360, error=replica_not_ready
W1008 08:29:16.084743 96599 master_service.cpp:4424] key=concurrent_k_361, error=replica_not_ready
W1008 08:29:16.084908 96599 master_service.cpp:4424] key=concurrent_k_361, error=replica_not_ready
W1008 08:29:16.085107 96599 master_service.cpp:4424] key=concurrent_k_361, error=replica_not_ready
W1008 08:29:16.085250 96599 master_service.cpp:4424] key=concurrent_k_362, error=replica_not_ready
W1008 08:29:16.085542 96599 master_service.cpp:4424] key=concurrent_k_362, error=replica_not_ready
W1008 08:29:16.085690 96599 master_service.cpp:4424] key=concurrent_k_362, error=replica_not_ready
W1008 08:29:16.085958 96599 master_service.cpp:4424] key=concurrent_k_363, error=replica_not_ready
W1008 08:29:16.086416 96599 master_service.cpp:4424] key=concurrent_k_364, error=replica_not_ready
W1008 08:29:16.086463 96597 master_service.cpp:4424] key=concurrent_k_364, error=replica_not_ready
W1008 08:29:16.086763 96598 master_service.cpp:4424] key=concurrent_k_364, error=replica_not_ready
W1008 08:29:16.086910 96599 master_service.cpp:4424] key=concurrent_k_365, error=replica_not_ready
W1008 08:29:16.087817 96599 master_service.cpp:4424] key=concurrent_k_366, error=replica_not_ready
W1008 08:29:16.087869 96598 master_service.cpp:4424] key=concurrent_k_366, error=replica_not_ready
W1008 08:29:16.088291 96597 master_service.cpp:4424] key=concurrent_k_367, error=replica_not_ready
W1008 08:29:16.088340 96599 master_service.cpp:4424] key=concurrent_k_367, error=replica_not_ready
W1008 08:29:16.088554 96597 master_service.cpp:4424] key=concurrent_k_367, error=replica_not_ready
W1008 08:29:16.088795 96599 master_service.cpp:4424] key=concurrent_k_368, error=replica_not_ready
W1008 08:29:16.089150 96597 master_service.cpp:4424] key=concurrent_k_368, error=replica_not_ready
W1008 08:29:16.090032 96599 master_service.cpp:4424] key=concurrent_k_370, error=replica_not_ready
W1008 08:29:16.090229 96597 master_service.cpp:4424] key=concurrent_k_370, error=replica_not_ready
W1008 08:29:16.090400 96597 master_service.cpp:4424] key=concurrent_k_370, error=replica_not_ready
W1008 08:29:16.090847 96598 master_service.cpp:4424] key=concurrent_k_371, error=replica_not_ready
W1008 08:29:16.090917 96599 master_service.cpp:4424] key=concurrent_k_371, error=replica_not_ready
W1008 08:29:16.091461 96598 master_service.cpp:4424] key=concurrent_k_372, error=replica_not_ready
W1008 08:29:16.091462 96597 master_service.cpp:4424] key=concurrent_k_372, error=replica_not_ready
W1008 08:29:16.091531 96599 master_service.cpp:4424] key=concurrent_k_372, error=replica_not_ready
W1008 08:29:16.091985 96599 master_service.cpp:4424] key=concurrent_k_373, error=replica_not_ready
W1008 08:29:16.092037 96597 master_service.cpp:4424] key=concurrent_k_373, error=replica_not_ready
W1008 08:29:16.092625 96597 master_service.cpp:4424] key=concurrent_k_374, error=replica_not_ready
W1008 08:29:16.092789 96599 master_service.cpp:4424] key=concurrent_k_374, error=replica_not_ready
W1008 08:29:16.092931 96599 master_service.cpp:4424] key=concurrent_k_374, error=replica_not_ready
W1008 08:29:16.093303 96599 master_service.cpp:4424] key=concurrent_k_375, error=replica_not_ready
W1008 08:29:16.093343 96597 master_service.cpp:4424] key=concurrent_k_375, error=replica_not_ready
W1008 08:29:16.093473 96599 master_service.cpp:4424] key=concurrent_k_375, error=replica_not_ready
W1008 08:29:16.093801 96597 master_service.cpp:4424] key=concurrent_k_376, error=replica_not_ready
W1008 08:29:16.093874 96598 master_service.cpp:4424] key=concurrent_k_376, error=replica_not_ready
W1008 08:29:16.094314 96599 master_service.cpp:4424] key=concurrent_k_377, error=replica_not_ready
W1008 08:29:16.094515 96599 master_service.cpp:4424] key=concurrent_k_376, error=replica_not_ready
W1008 08:29:16.095086 96599 master_service.cpp:4424] key=concurrent_k_378, error=replica_not_ready
W1008 08:29:16.095676 96599 master_service.cpp:4424] key=concurrent_k_379, error=replica_not_ready
W1008 08:29:16.095804 96599 master_service.cpp:4424] key=concurrent_k_379, error=replica_not_ready
W1008 08:29:16.096208 96598 master_service.cpp:4424] key=concurrent_k_380, error=replica_not_ready
W1008 08:29:16.096927 96599 master_service.cpp:4424] key=concurrent_k_381, error=replica_not_ready
W1008 08:29:16.096967 96597 master_service.cpp:4424] key=concurrent_k_381, error=replica_not_ready
W1008 08:29:16.097396 96597 master_service.cpp:4424] key=concurrent_k_382, error=replica_not_ready
W1008 08:29:16.097409 96598 master_service.cpp:4424] key=concurrent_k_382, error=replica_not_ready
W1008 08:29:16.097913 96597 master_service.cpp:4424] key=concurrent_k_383, error=replica_not_ready
W1008 08:29:16.098138 96599 master_service.cpp:4424] key=concurrent_k_383, error=replica_not_ready
W1008 08:29:16.098579 96597 master_service.cpp:4424] key=concurrent_k_384, error=replica_not_ready
W1008 08:29:16.098610 96596 master_service.cpp:4424] key=concurrent_k_384, error=replica_not_ready
W1008 08:29:16.099063 96597 master_service.cpp:4424] key=concurrent_k_385, error=replica_not_ready
W1008 08:29:16.099243 96599 master_service.cpp:4424] key=concurrent_k_385, error=replica_not_ready
W1008 08:29:16.099673 96599 master_service.cpp:4424] key=concurrent_k_386, error=replica_not_ready
W1008 08:29:16.099689 96597 master_service.cpp:4424] key=concurrent_k_386, error=replica_not_ready
W1008 08:29:16.100157 96599 master_service.cpp:4424] key=concurrent_k_386, error=replica_not_ready
W1008 08:29:16.100165 96597 master_service.cpp:4424] key=concurrent_k_387, error=replica_not_ready
W1008 08:29:16.100950 96599 master_service.cpp:4424] key=concurrent_k_388, error=replica_not_ready
W1008 08:29:16.101190 96597 master_service.cpp:4424] key=concurrent_k_388, error=replica_not_ready
W1008 08:29:16.101315 96599 master_service.cpp:4424] key=concurrent_k_388, error=replica_not_ready
W1008 08:29:16.101615 96599 master_service.cpp:4424] key=concurrent_k_389, error=replica_not_ready
W1008 08:29:16.101830 96597 master_service.cpp:4424] key=concurrent_k_389, error=replica_not_ready
W1008 08:29:16.101859 96599 master_service.cpp:4424] key=concurrent_k_389, error=replica_not_ready
W1008 08:29:16.102373 96598 master_service.cpp:4424] key=concurrent_k_390, error=replica_not_ready
W1008 08:29:16.102484 96597 master_service.cpp:4424] key=concurrent_k_390, error=replica_not_ready
W1008 08:29:16.102499 96599 master_service.cpp:4424] key=concurrent_k_390, error=replica_not_ready
W1008 08:29:16.102936 96597 master_service.cpp:4424] key=concurrent_k_391, error=replica_not_ready
W1008 08:29:16.103021 96599 master_service.cpp:4424] key=concurrent_k_391, error=replica_not_ready
W1008 08:29:16.103109 96597 master_service.cpp:4424] key=concurrent_k_391, error=replica_not_ready
W1008 08:29:16.103458 96599 master_service.cpp:4424] key=concurrent_k_392, error=replica_not_ready
W1008 08:29:16.103689 96599 master_service.cpp:4424] key=concurrent_k_392, error=replica_not_ready
W1008 08:29:16.103755 96597 master_service.cpp:4424] key=concurrent_k_392, error=replica_not_ready
W1008 08:29:16.104194 96599 master_service.cpp:4424] key=concurrent_k_393, error=replica_not_ready
W1008 08:29:16.104223 96597 master_service.cpp:4424] key=concurrent_k_393, error=replica_not_ready
W1008 08:29:16.104244 96598 master_service.cpp:4424] key=concurrent_k_393, error=replica_not_ready
W1008 08:29:16.104713 96599 master_service.cpp:4424] key=concurrent_k_394, error=replica_not_ready
W1008 08:29:16.104892 96599 master_service.cpp:4424] key=concurrent_k_394, error=replica_not_ready
W1008 08:29:16.104897 96597 master_service.cpp:4424] key=concurrent_k_394, error=replica_not_ready
W1008 08:29:16.105298 96599 master_service.cpp:4424] key=concurrent_k_395, error=replica_not_ready
W1008 08:29:16.105413 96599 master_service.cpp:4424] key=concurrent_k_395, error=replica_not_ready
W1008 08:29:16.105525 96599 master_service.cpp:4424] key=concurrent_k_395, error=replica_not_ready
W1008 08:29:16.105775 96599 master_service.cpp:4424] key=concurrent_k_396, error=replica_not_ready
W1008 08:29:16.105997 96599 master_service.cpp:4424] key=concurrent_k_396, error=replica_not_ready
W1008 08:29:16.106132 96599 master_service.cpp:4424] key=concurrent_k_396, error=replica_not_ready
W1008 08:29:16.106478 96599 master_service.cpp:4424] key=concurrent_k_397, error=replica_not_ready
W1008 08:29:16.106573 96598 master_service.cpp:4424] key=concurrent_k_397, error=replica_not_ready
W1008 08:29:16.106671 96599 master_service.cpp:4424] key=concurrent_k_397, error=replica_not_ready
W1008 08:29:16.107172 96599 master_service.cpp:4424] key=concurrent_k_398, error=replica_not_ready
W1008 08:29:16.107184 96597 master_service.cpp:4424] key=concurrent_k_398, error=replica_not_ready
W1008 08:29:16.107300 96599 master_service.cpp:4424] key=concurrent_k_398, error=replica_not_ready
W1008 08:29:16.107743 96599 master_service.cpp:4424] key=concurrent_k_399, error=replica_not_ready
W1008 08:29:16.107759 96598 master_service.cpp:4424] key=concurrent_k_399, error=replica_not_ready
W1008 08:29:16.107761 96597 master_service.cpp:4424] key=concurrent_k_399, error=replica_not_ready
W1008 08:29:16.108265 96599 master_service.cpp:4424] key=concurrent_k_400, error=replica_not_ready
W1008 08:29:16.108421 96597 master_service.cpp:4424] key=concurrent_k_400, error=replica_not_ready
W1008 08:29:16.108553 96599 master_service.cpp:4424] key=concurrent_k_400, error=replica_not_ready
W1008 08:29:16.108989 96599 master_service.cpp:4424] key=concurrent_k_401, error=replica_not_ready
W1008 08:29:16.109027 96597 master_service.cpp:4424] key=concurrent_k_401, error=replica_not_ready
W1008 08:29:16.109598 96599 master_service.cpp:4424] key=concurrent_k_402, error=replica_not_ready
W1008 08:29:16.109709 96599 master_service.cpp:4424] key=concurrent_k_402, error=replica_not_ready
W1008 08:29:16.109743 96597 master_service.cpp:4424] key=concurrent_k_402, error=replica_not_ready
W1008 08:29:16.110221 96597 master_service.cpp:4424] key=concurrent_k_403, error=replica_not_ready
W1008 08:29:16.110225 96598 master_service.cpp:4424] key=concurrent_k_403, error=replica_not_ready
W1008 08:29:16.110299 96599 master_service.cpp:4424] key=concurrent_k_403, error=replica_not_ready
W1008 08:29:16.110772 96598 master_service.cpp:4424] key=concurrent_k_404, error=replica_not_ready
W1008 08:29:16.111014 96599 master_service.cpp:4424] key=concurrent_k_404, error=replica_not_ready
W1008 08:29:16.111143 96599 master_service.cpp:4424] key=concurrent_k_404, error=replica_not_ready
W1008 08:29:16.111502 96599 master_service.cpp:4424] key=concurrent_k_405, error=replica_not_ready
W1008 08:29:16.111542 96598 master_service.cpp:4424] key=concurrent_k_405, error=replica_not_ready
W1008 08:29:16.112095 96599 master_service.cpp:4424] key=concurrent_k_406, error=replica_not_ready
W1008 08:29:16.112112 96598 master_service.cpp:4424] key=concurrent_k_406, error=replica_not_ready
W1008 08:29:16.112679 96599 master_service.cpp:4424] key=concurrent_k_407, error=replica_not_ready
W1008 08:29:16.112717 96597 master_service.cpp:4424] key=concurrent_k_407, error=replica_not_ready
W1008 08:29:16.113066 96597 master_service.cpp:4424] key=concurrent_k_407, error=replica_not_ready
W1008 08:29:16.113297 96599 master_service.cpp:4424] key=concurrent_k_408, error=replica_not_ready
W1008 08:29:16.113529 96599 master_service.cpp:4424] key=concurrent_k_408, error=replica_not_ready
W1008 08:29:16.113974 96598 master_service.cpp:4424] key=concurrent_k_409, error=replica_not_ready
W1008 08:29:16.114032 96599 master_service.cpp:4424] key=concurrent_k_409, error=replica_not_ready
W1008 08:29:16.114058 96597 master_service.cpp:4424] key=concurrent_k_409, error=replica_not_ready
W1008 08:29:16.114477 96599 master_service.cpp:4424] key=concurrent_k_410, error=replica_not_ready
W1008 08:29:16.114528 96597 master_service.cpp:4424] key=concurrent_k_410, error=replica_not_ready
W1008 08:29:16.114964 96599 master_service.cpp:4424] key=concurrent_k_411, error=replica_not_ready
W1008 08:29:16.115316 96598 master_service.cpp:4424] key=concurrent_k_411, error=replica_not_ready
W1008 08:29:16.115561 96599 master_service.cpp:4424] key=concurrent_k_411, error=replica_not_ready
W1008 08:29:16.115725 96597 master_service.cpp:4424] key=concurrent_k_412, error=replica_not_ready
W1008 08:29:16.116182 96599 master_service.cpp:4424] key=concurrent_k_413, error=replica_not_ready
W1008 08:29:16.116411 96599 master_service.cpp:4424] key=concurrent_k_413, error=replica_not_ready
W1008 08:29:16.116617 96599 master_service.cpp:4424] key=concurrent_k_413, error=replica_not_ready
W1008 08:29:16.116834 96599 master_service.cpp:4424] key=concurrent_k_414, error=replica_not_ready
W1008 08:29:16.117524 96599 master_service.cpp:4424] key=concurrent_k_415, error=replica_not_ready
W1008 08:29:16.118008 96597 master_service.cpp:4424] key=concurrent_k_416, error=replica_not_ready
W1008 08:29:16.118079 96599 master_service.cpp:4424] key=concurrent_k_416, error=replica_not_ready
W1008 08:29:16.118299 96599 master_service.cpp:4424] key=concurrent_k_416, error=replica_not_ready
W1008 08:29:16.118491 96599 master_service.cpp:4424] key=concurrent_k_417, error=replica_not_ready
W1008 08:29:16.118786 96598 master_service.cpp:4424] key=concurrent_k_417, error=replica_not_ready
W1008 08:29:16.118878 96597 master_service.cpp:4424] key=concurrent_k_417, error=replica_not_ready
W1008 08:29:16.119241 96599 master_service.cpp:4424] key=concurrent_k_418, error=replica_not_ready
W1008 08:29:16.119288 96597 master_service.cpp:4424] key=concurrent_k_418, error=replica_not_ready
W1008 08:29:16.119446 96599 master_service.cpp:4424] key=concurrent_k_418, error=replica_not_ready
W1008 08:29:16.119745 96599 master_service.cpp:4424] key=concurrent_k_419, error=replica_not_ready
W1008 08:29:16.119906 96599 master_service.cpp:4424] key=concurrent_k_419, error=replica_not_ready
W1008 08:29:16.119940 96597 master_service.cpp:4424] key=concurrent_k_419, error=replica_not_ready
W1008 08:29:16.120285 96599 master_service.cpp:4424] key=concurrent_k_420, error=replica_not_ready
W1008 08:29:16.120518 96599 master_service.cpp:4424] key=concurrent_k_420, error=replica_not_ready
W1008 08:29:16.121064 96599 master_service.cpp:4424] key=concurrent_k_421, error=replica_not_ready
W1008 08:29:16.121076 96598 master_service.cpp:4424] key=concurrent_k_421, error=replica_not_ready
W1008 08:29:16.121140 96597 master_service.cpp:4424] key=concurrent_k_421, error=replica_not_ready
W1008 08:29:16.121615 96599 master_service.cpp:4424] key=concurrent_k_422, error=replica_not_ready
W1008 08:29:16.121654 96597 master_service.cpp:4424] key=concurrent_k_422, error=replica_not_ready
W1008 08:29:16.121687 96598 master_service.cpp:4424] key=concurrent_k_422, error=replica_not_ready
W1008 08:29:16.122128 96599 master_service.cpp:4424] key=concurrent_k_423, error=replica_not_ready
W1008 08:29:16.122269 96599 master_service.cpp:4424] key=concurrent_k_423, error=replica_not_ready
W1008 08:29:16.122822 96599 master_service.cpp:4424] key=concurrent_k_424, error=replica_not_ready
W1008 08:29:16.122897 96597 master_service.cpp:4424] key=concurrent_k_424, error=replica_not_ready
W1008 08:29:16.123401 96598 master_service.cpp:4424] key=concurrent_k_425, error=replica_not_ready
W1008 08:29:16.123446 96599 master_service.cpp:4424] key=concurrent_k_425, error=replica_not_ready
W1008 08:29:16.123875 96597 master_service.cpp:4424] key=concurrent_k_425, error=replica_not_ready
W1008 08:29:16.124029 96599 master_service.cpp:4424] key=concurrent_k_426, error=replica_not_ready
W1008 08:29:16.124321 96599 master_service.cpp:4424] key=concurrent_k_426, error=replica_not_ready
W1008 08:29:16.124825 96597 master_service.cpp:4424] key=concurrent_k_427, error=replica_not_ready
W1008 08:29:16.124836 96599 master_service.cpp:4424] key=concurrent_k_427, error=replica_not_ready
W1008 08:29:16.124859 96598 master_service.cpp:4424] key=concurrent_k_427, error=replica_not_ready
W1008 08:29:16.125322 96599 master_service.cpp:4424] key=concurrent_k_428, error=replica_not_ready
W1008 08:29:16.125335 96597 master_service.cpp:4424] key=concurrent_k_428, error=replica_not_ready
W1008 08:29:16.125800 96597 master_service.cpp:4424] key=concurrent_k_429, error=replica_not_ready
W1008 08:29:16.126124 96599 master_service.cpp:4424] key=concurrent_k_429, error=replica_not_ready
W1008 08:29:16.126504 96599 master_service.cpp:4424] key=concurrent_k_430, error=replica_not_ready
W1008 08:29:16.126649 96599 master_service.cpp:4424] key=concurrent_k_430, error=replica_not_ready
W1008 08:29:16.127091 96599 master_service.cpp:4424] key=concurrent_k_431, error=replica_not_ready
W1008 08:29:16.127749 96599 master_service.cpp:4424] key=concurrent_k_432, error=replica_not_ready
W1008 08:29:16.127833 96597 master_service.cpp:4424] key=concurrent_k_432, error=replica_not_ready
W1008 08:29:16.128222 96599 master_service.cpp:4424] key=concurrent_k_433, error=replica_not_ready
W1008 08:29:16.128270 96597 master_service.cpp:4424] key=concurrent_k_433, error=replica_not_ready
W1008 08:29:16.128589 96598 master_service.cpp:4424] key=concurrent_k_433, error=replica_not_ready
W1008 08:29:16.128790 96599 master_service.cpp:4424] key=concurrent_k_434, error=replica_not_ready
W1008 08:29:16.129171 96597 master_service.cpp:4424] key=concurrent_k_434, error=replica_not_ready
W1008 08:29:16.129611 96599 master_service.cpp:4424] key=concurrent_k_435, error=replica_not_ready
W1008 08:29:16.130131 96599 master_service.cpp:4424] key=concurrent_k_436, error=replica_not_ready
W1008 08:29:16.130307 96597 master_service.cpp:4424] key=concurrent_k_436, error=replica_not_ready
W1008 08:29:16.130754 96599 master_service.cpp:4424] key=concurrent_k_437, error=replica_not_ready
W1008 08:29:16.130791 96597 master_service.cpp:4424] key=concurrent_k_437, error=replica_not_ready
W1008 08:29:16.130968 96597 master_service.cpp:4424] key=concurrent_k_437, error=replica_not_ready
W1008 08:29:16.131278 96599 master_service.cpp:4424] key=concurrent_k_438, error=replica_not_ready
W1008 08:29:16.131546 96597 master_service.cpp:4424] key=concurrent_k_438, error=replica_not_ready
W1008 08:29:16.131611 96599 master_service.cpp:4424] key=concurrent_k_438, error=replica_not_ready
W1008 08:29:16.132051 96598 master_service.cpp:4424] key=concurrent_k_439, error=replica_not_ready
W1008 08:29:16.132093 96599 master_service.cpp:4424] key=concurrent_k_439, error=replica_not_ready
W1008 08:29:16.132675 96597 master_service.cpp:4424] key=concurrent_k_440, error=replica_not_ready
W1008 08:29:16.132743 96599 master_service.cpp:4424] key=concurrent_k_440, error=replica_not_ready
W1008 08:29:16.133271 96597 master_service.cpp:4424] key=concurrent_k_441, error=replica_not_ready
W1008 08:29:16.133297 96598 master_service.cpp:4424] key=concurrent_k_441, error=replica_not_ready
W1008 08:29:16.133349 96599 master_service.cpp:4424] key=concurrent_k_441, error=replica_not_ready
W1008 08:29:16.133884 96599 master_service.cpp:4424] key=concurrent_k_442, error=replica_not_ready
W1008 08:29:16.133941 96597 master_service.cpp:4424] key=concurrent_k_442, error=replica_not_ready
W1008 08:29:16.133946 96598 master_service.cpp:4424] key=concurrent_k_442, error=replica_not_ready
W1008 08:29:16.134487 96599 master_service.cpp:4424] key=concurrent_k_443, error=replica_not_ready
W1008 08:29:16.134505 96598 master_service.cpp:4424] key=concurrent_k_443, error=replica_not_ready
W1008 08:29:16.134509 96597 master_service.cpp:4424] key=concurrent_k_443, error=replica_not_ready
W1008 08:29:16.135113 96599 master_service.cpp:4424] key=concurrent_k_444, error=replica_not_ready
W1008 08:29:16.135134 96597 master_service.cpp:4424] key=concurrent_k_444, error=replica_not_ready
W1008 08:29:16.135720 96599 master_service.cpp:4424] key=concurrent_k_445, error=replica_not_ready
W1008 08:29:16.136014 96599 master_service.cpp:4424] key=concurrent_k_445, error=replica_not_ready
W1008 08:29:16.136524 96599 master_service.cpp:4424] key=concurrent_k_446, error=replica_not_ready
W1008 08:29:16.136530 96597 master_service.cpp:4424] key=concurrent_k_446, error=replica_not_ready
W1008 08:29:16.136762 96599 master_service.cpp:4424] key=concurrent_k_446, error=replica_not_ready
W1008 08:29:16.137044 96599 master_service.cpp:4424] key=concurrent_k_447, error=replica_not_ready
W1008 08:29:16.137192 96599 master_service.cpp:4424] key=concurrent_k_447, error=replica_not_ready
W1008 08:29:16.137555 96599 master_service.cpp:4424] key=concurrent_k_447, error=replica_not_ready
W1008 08:29:16.137594 96597 master_service.cpp:4424] key=concurrent_k_448, error=replica_not_ready
W1008 08:29:16.138348 96599 master_service.cpp:4424] key=concurrent_k_449, error=replica_not_ready
W1008 08:29:16.138936 96599 master_service.cpp:4424] key=concurrent_k_450, error=replica_not_ready
W1008 08:29:16.138945 96597 master_service.cpp:4424] key=concurrent_k_450, error=replica_not_ready
W1008 08:29:16.139220 96599 master_service.cpp:4424] key=concurrent_k_450, error=replica_not_ready
W1008 08:29:16.139496 96599 master_service.cpp:4424] key=concurrent_k_451, error=replica_not_ready
W1008 08:29:16.139757 96599 master_service.cpp:4424] key=concurrent_k_451, error=replica_not_ready
W1008 08:29:16.139788 96597 master_service.cpp:4424] key=concurrent_k_451, error=replica_not_ready
W1008 08:29:16.140187 96597 master_service.cpp:4424] key=concurrent_k_452, error=replica_not_ready
W1008 08:29:16.140262 96599 master_service.cpp:4424] key=concurrent_k_452, error=replica_not_ready
W1008 08:29:16.140671 96599 master_service.cpp:4424] key=concurrent_k_453, error=replica_not_ready
W1008 08:29:16.140713 96597 master_service.cpp:4424] key=concurrent_k_453, error=replica_not_ready
W1008 08:29:16.140857 96599 master_service.cpp:4424] key=concurrent_k_453, error=replica_not_ready
W1008 08:29:16.141165 96599 master_service.cpp:4424] key=concurrent_k_454, error=replica_not_ready
W1008 08:29:16.141404 96599 master_service.cpp:4424] key=concurrent_k_454, error=replica_not_ready
W1008 08:29:16.141422 96597 master_service.cpp:4424] key=concurrent_k_454, error=replica_not_ready
W1008 08:29:16.141813 96599 master_service.cpp:4424] key=concurrent_k_455, error=replica_not_ready
W1008 08:29:16.141945 96599 master_service.cpp:4424] key=concurrent_k_455, error=replica_not_ready
W1008 08:29:16.141973 96597 master_service.cpp:4424] key=concurrent_k_455, error=replica_not_ready
W1008 08:29:16.142364 96599 master_service.cpp:4424] key=concurrent_k_456, error=replica_not_ready
W1008 08:29:16.142455 96598 master_service.cpp:4424] key=concurrent_k_456, error=replica_not_ready
W1008 08:29:16.142558 96599 master_service.cpp:4424] key=concurrent_k_456, error=replica_not_ready
W1008 08:29:16.143006 96599 master_service.cpp:4424] key=concurrent_k_457, error=replica_not_ready
W1008 08:29:16.143054 96598 master_service.cpp:4424] key=concurrent_k_457, error=replica_not_ready
W1008 08:29:16.143352 96599 master_service.cpp:4424] key=concurrent_k_457, error=replica_not_ready
W1008 08:29:16.143600 96599 master_service.cpp:4424] key=concurrent_k_458, error=replica_not_ready
W1008 08:29:16.143847 96599 master_service.cpp:4424] key=concurrent_k_458, error=replica_not_ready
W1008 08:29:16.144338 96599 master_service.cpp:4424] key=concurrent_k_459, error=replica_not_ready
W1008 08:29:16.144339 96597 master_service.cpp:4424] key=concurrent_k_459, error=replica_not_ready
W1008 08:29:16.144341 96598 master_service.cpp:4424] key=concurrent_k_459, error=replica_not_ready
W1008 08:29:16.144846 96599 master_service.cpp:4424] key=concurrent_k_460, error=replica_not_ready
W1008 08:29:16.144866 96597 master_service.cpp:4424] key=concurrent_k_460, error=replica_not_ready
W1008 08:29:16.145364 96599 master_service.cpp:4424] key=concurrent_k_461, error=replica_not_ready
W1008 08:29:16.145637 96599 master_service.cpp:4424] key=concurrent_k_461, error=replica_not_ready
I1008 08:29:16.145859 96579 master_service.cpp:10619] [EVICT-TRIGGER] memory_ratio=0.904297 high_watermark=0.9 need_mem_eviction=0 eviction_ratio=0.05
W1008 08:29:16.146063 96599 master_service.cpp:4424] key=concurrent_k_462, error=replica_not_ready
W1008 08:29:16.146636 96599 master_service.cpp:4424] key=concurrent_k_463, error=replica_not_ready
W1008 08:29:16.146644 96597 master_service.cpp:4424] key=concurrent_k_463, error=replica_not_ready
W1008 08:29:16.147311 96599 master_service.cpp:4424] key=concurrent_k_464, error=replica_not_ready
W1008 08:29:16.147321 96597 master_service.cpp:4424] key=concurrent_k_464, error=replica_not_ready
W1008 08:29:16.147641 96599 master_service.cpp:4424] key=concurrent_k_464, error=replica_not_ready
W1008 08:29:16.147811 96599 master_service.cpp:4424] key=concurrent_k_465, error=replica_not_ready
W1008 08:29:16.148536 96599 master_service.cpp:4424] key=concurrent_k_466, error=replica_not_ready
W1008 08:29:16.148653 96599 master_service.cpp:4424] key=concurrent_k_466, error=replica_not_ready
W1008 08:29:16.148797 96599 master_service.cpp:4424] key=concurrent_k_466, error=replica_not_ready
W1008 08:29:16.149194 96597 master_service.cpp:4424] key=concurrent_k_467, error=replica_not_ready
W1008 08:29:16.149423 96597 master_service.cpp:4424] key=concurrent_k_467, error=replica_not_ready
W1008 08:29:16.149475 96599 master_service.cpp:4424] key=concurrent_k_467, error=replica_not_ready
I1008 08:29:16.149755 96579 master_service.cpp:12526] [EVICT-RESULT] evicted_count=26, eviction_base=464, actual_evict_ratio=0.0560345, target_evict_ratio=0.0542969
I1008 08:29:16.149806 96579 master_service.cpp:10630] [EVICT-DONE] BatchEvict execution completed.
W1008 08:29:16.149847 96597 master_service.cpp:4424] key=concurrent_k_468, error=replica_not_ready
W1008 08:29:16.149891 96598 master_service.cpp:4424] key=concurrent_k_468, error=replica_not_ready
W1008 08:29:16.150084 96599 master_service.cpp:4424] key=concurrent_k_468, error=replica_not_ready
W1008 08:29:16.150303 96599 master_service.cpp:4424] key=concurrent_k_469, error=replica_not_ready
W1008 08:29:16.150718 96597 master_service.cpp:4424] key=concurrent_k_469, error=replica_not_ready
W1008 08:29:16.151288 96599 master_service.cpp:4424] key=concurrent_k_470, error=replica_not_ready
W1008 08:29:16.151317 96597 master_service.cpp:4424] key=concurrent_k_470, error=replica_not_ready
W1008 08:29:16.151412 96599 master_service.cpp:4424] key=concurrent_k_470, error=replica_not_ready
W1008 08:29:16.151751 96599 master_service.cpp:4424] key=concurrent_k_471, error=replica_not_ready
W1008 08:29:16.151899 96599 master_service.cpp:4424] key=concurrent_k_471, error=replica_not_ready
W1008 08:29:16.151932 96597 master_service.cpp:4424] key=concurrent_k_471, error=replica_not_ready
W1008 08:29:16.152312 96597 master_service.cpp:4424] key=concurrent_k_472, error=replica_not_ready
W1008 08:29:16.152407 96599 master_service.cpp:4424] key=concurrent_k_472, error=replica_not_ready
W1008 08:29:16.152745 96599 master_service.cpp:4424] key=concurrent_k_473, error=replica_not_ready
W1008 08:29:16.152899 96597 master_service.cpp:4424] key=concurrent_k_473, error=replica_not_ready
W1008 08:29:16.153013 96599 master_service.cpp:4424] key=concurrent_k_473, error=replica_not_ready
W1008 08:29:16.153328 96599 master_service.cpp:4424] key=concurrent_k_474, error=replica_not_ready
W1008 08:29:16.153411 96599 master_service.cpp:4424] key=concurrent_k_474, error=replica_not_ready
W1008 08:29:16.153496 96597 master_service.cpp:4424] key=concurrent_k_474, error=replica_not_ready
W1008 08:29:16.153801 96597 master_service.cpp:4424] key=concurrent_k_475, error=replica_not_ready
W1008 08:29:16.153855 96599 master_service.cpp:4424] key=concurrent_k_475, error=replica_not_ready
W1008 08:29:16.154062 96599 master_service.cpp:4424] key=concurrent_k_475, error=replica_not_ready
W1008 08:29:16.154320 96599 master_service.cpp:4424] key=concurrent_k_476, error=replica_not_ready
W1008 08:29:16.154469 96597 master_service.cpp:4424] key=concurrent_k_476, error=replica_not_ready
W1008 08:29:16.154482 96599 master_service.cpp:4424] key=concurrent_k_476, error=replica_not_ready
W1008 08:29:16.154867 96599 master_service.cpp:4424] key=concurrent_k_477, error=replica_not_ready
W1008 08:29:16.154918 96597 master_service.cpp:4424] key=concurrent_k_477, error=replica_not_ready
W1008 08:29:16.155074 96599 master_service.cpp:4424] key=concurrent_k_477, error=replica_not_ready
W1008 08:29:16.155347 96599 master_service.cpp:4424] key=concurrent_k_478, error=replica_not_ready
W1008 08:29:16.155519 96597 master_service.cpp:4424] key=concurrent_k_478, error=replica_not_ready
W1008 08:29:16.155571 96599 master_service.cpp:4424] key=concurrent_k_478, error=replica_not_ready
W1008 08:29:16.155915 96599 master_service.cpp:4424] key=concurrent_k_479, error=replica_not_ready
W1008 08:29:16.155990 96597 master_service.cpp:4424] key=concurrent_k_479, error=replica_not_ready
W1008 08:29:16.156081 96599 master_service.cpp:4424] key=concurrent_k_479, error=replica_not_ready
W1008 08:29:16.156390 96599 master_service.cpp:4424] key=concurrent_k_480, error=replica_not_ready
W1008 08:29:16.156424 96597 master_service.cpp:4424] key=concurrent_k_480, error=replica_not_ready
W1008 08:29:16.156535 96599 master_service.cpp:4424] key=concurrent_k_480, error=replica_not_ready
W1008 08:29:16.156824 96599 master_service.cpp:4424] key=concurrent_k_481, error=replica_not_ready
W1008 08:29:16.156852 96597 master_service.cpp:4424] key=concurrent_k_481, error=replica_not_ready
W1008 08:29:16.157374 96599 master_service.cpp:4424] key=concurrent_k_482, error=replica_not_ready
W1008 08:29:16.157622 96599 master_service.cpp:4424] key=concurrent_k_481, error=replica_not_ready
W1008 08:29:16.158171 96599 master_service.cpp:4424] key=concurrent_k_483, error=replica_not_ready
W1008 08:29:16.158722 96598 master_service.cpp:4424] key=concurrent_k_484, error=replica_not_ready
W1008 08:29:16.158783 96599 master_service.cpp:4424] key=concurrent_k_484, error=replica_not_ready
W1008 08:29:16.159240 96599 master_service.cpp:4424] key=concurrent_k_485, error=replica_not_ready
W1008 08:29:16.159253 96597 master_service.cpp:4424] key=concurrent_k_485, error=replica_not_ready
W1008 08:29:16.159363 96599 master_service.cpp:4424] key=concurrent_k_485, error=replica_not_ready
W1008 08:29:16.159703 96599 master_service.cpp:4424] key=concurrent_k_486, error=replica_not_ready
W1008 08:29:16.159765 96597 master_service.cpp:4424] key=concurrent_k_486, error=replica_not_ready
I1008 08:29:16.159873 96579 master_service.cpp:10619] [EVICT-TRIGGER] memory_ratio=0.900391 high_watermark=0.9 need_mem_eviction=0 eviction_ratio=0.05
W1008 08:29:16.160055 96599 master_service.cpp:4424] key=concurrent_k_486, error=replica_not_ready
W1008 08:29:16.160254 96599 master_service.cpp:4424] key=concurrent_k_487, error=replica_not_ready
W1008 08:29:16.160434 96599 master_service.cpp:4424] key=concurrent_k_487, error=replica_not_ready
W1008 08:29:16.160454 96597 master_service.cpp:4424] key=concurrent_k_487, error=replica_not_ready
W1008 08:29:16.160799 96597 master_service.cpp:4424] key=concurrent_k_488, error=replica_not_ready
W1008 08:29:16.160820 96599 master_service.cpp:4424] key=concurrent_k_488, error=replica_not_ready
W1008 08:29:16.161027 96599 master_service.cpp:4424] key=concurrent_k_488, error=replica_not_ready
W1008 08:29:16.161285 96597 master_service.cpp:4424] key=concurrent_k_489, error=replica_not_ready
W1008 08:29:16.161406 96599 master_service.cpp:4424] key=concurrent_k_489, error=replica_not_ready
W1008 08:29:16.161476 96598 master_service.cpp:4424] key=concurrent_k_489, error=replica_not_ready
W1008 08:29:16.161831 96598 master_service.cpp:4424] key=concurrent_k_490, error=replica_not_ready
W1008 08:29:16.161885 96597 master_service.cpp:4424] key=concurrent_k_490, error=replica_not_ready
W1008 08:29:16.161922 96599 master_service.cpp:4424] key=concurrent_k_490, error=replica_not_ready
W1008 08:29:16.162321 96599 master_service.cpp:4424] key=concurrent_k_491, error=replica_not_ready
W1008 08:29:16.162364 96597 master_service.cpp:4424] key=concurrent_k_491, error=replica_not_ready
W1008 08:29:16.162659 96599 master_service.cpp:4424] key=concurrent_k_491, error=replica_not_ready
W1008 08:29:16.162823 96598 master_service.cpp:4424] key=concurrent_k_492, error=replica_not_ready
W1008 08:29:16.163067 96599 master_service.cpp:4424] key=concurrent_k_492, error=replica_not_ready
I1008 08:29:16.163231 96579 master_service.cpp:12526] [EVICT-RESULT] evicted_count=24, eviction_base=462, actual_evict_ratio=0.0519481, target_evict_ratio=0.0503906
I1008 08:29:16.163277 96579 master_service.cpp:10630] [EVICT-DONE] BatchEvict execution completed.
W1008 08:29:16.163409 96599 master_service.cpp:4424] key=concurrent_k_493, error=replica_not_ready
W1008 08:29:16.163595 96599 master_service.cpp:4424] key=concurrent_k_493, error=replica_not_ready
W1008 08:29:16.163622 96597 master_service.cpp:4424] key=concurrent_k_493, error=replica_not_ready
W1008 08:29:16.163990 96597 master_service.cpp:4424] key=concurrent_k_494, error=replica_not_ready
W1008 08:29:16.164057 96599 master_service.cpp:4424] key=concurrent_k_494, error=replica_not_ready
W1008 08:29:16.164104 96597 master_service.cpp:4424] key=concurrent_k_494, error=replica_not_ready
W1008 08:29:16.164484 96599 master_service.cpp:4424] key=concurrent_k_495, error=replica_not_ready
W1008 08:29:16.164573 96597 master_service.cpp:4424] key=concurrent_k_495, error=replica_not_ready
W1008 08:29:16.164614 96599 master_service.cpp:4424] key=concurrent_k_495, error=replica_not_ready
W1008 08:29:16.164988 96599 master_service.cpp:4424] key=concurrent_k_496, error=replica_not_ready
W1008 08:29:16.165022 96597 master_service.cpp:4424] key=concurrent_k_496, error=replica_not_ready
W1008 08:29:16.165285 96599 master_service.cpp:4424] key=concurrent_k_496, error=replica_not_ready
W1008 08:29:16.165441 96597 master_service.cpp:4424] key=concurrent_k_497, error=replica_not_ready
W1008 08:29:16.165632 96599 master_service.cpp:4424] key=concurrent_k_497, error=replica_not_ready
W1008 08:29:16.166015 96599 master_service.cpp:4424] key=concurrent_k_498, error=replica_not_ready
W1008 08:29:16.166128 96599 master_service.cpp:4424] key=concurrent_k_498, error=replica_not_ready
W1008 08:29:16.166162 96597 master_service.cpp:4424] key=concurrent_k_498, error=replica_not_ready
W1008 08:29:16.166517 96597 master_service.cpp:4424] key=concurrent_k_499, error=replica_not_ready
W1008 08:29:16.166538 96599 master_service.cpp:4424] key=concurrent_k_499, error=replica_not_ready
W1008 08:29:16.166628 96599 master_service.cpp:4424] key=concurrent_k_499, error=replica_not_ready
W1008 08:29:16.167054 96597 master_service.cpp:4424] key=concurrent_k_500, error=replica_not_ready
W1008 08:29:16.167049 96596 master_service.cpp:4424] key=concurrent_k_500, error=replica_not_ready
W1008 08:29:16.167594 96599 master_service.cpp:4424] key=concurrent_k_501, error=replica_not_ready
W1008 08:29:16.167754 96599 master_service.cpp:4424] key=concurrent_k_501, error=replica_not_ready
W1008 08:29:16.167784 96597 master_service.cpp:4424] key=concurrent_k_501, error=replica_not_ready
W1008 08:29:16.168108 96597 master_service.cpp:4424] key=concurrent_k_502, error=replica_not_ready
W1008 08:29:16.168150 96599 master_service.cpp:4424] key=concurrent_k_502, error=replica_not_ready
W1008 08:29:16.168358 96599 master_service.cpp:4424] key=concurrent_k_502, error=replica_not_ready
W1008 08:29:16.168602 96598 master_service.cpp:4424] key=concurrent_k_503, error=replica_not_ready
W1008 08:29:16.168741 96599 master_service.cpp:4424] key=concurrent_k_503, error=replica_not_ready
W1008 08:29:16.168973 96597 master_service.cpp:4424] key=concurrent_k_503, error=replica_not_ready
W1008 08:29:16.169102 96599 master_service.cpp:4424] key=concurrent_k_504, error=replica_not_ready
W1008 08:29:16.169366 96599 master_service.cpp:4424] key=concurrent_k_504, error=replica_not_ready
W1008 08:29:16.169672 96599 master_service.cpp:4424] key=concurrent_k_505, error=replica_not_ready
W1008 08:29:16.169831 96599 master_service.cpp:4424] key=concurrent_k_505, error=replica_not_ready
W1008 08:29:16.169855 96597 master_service.cpp:4424] key=concurrent_k_505, error=replica_not_ready
W1008 08:29:16.170289 96597 master_service.cpp:4424] key=concurrent_k_506, error=replica_not_ready
W1008 08:29:16.170295 96599 master_service.cpp:4424] key=concurrent_k_506, error=replica_not_ready
W1008 08:29:16.170805 96599 master_service.cpp:4424] key=concurrent_k_507, error=replica_not_ready
W1008 08:29:16.170837 96597 master_service.cpp:4424] key=concurrent_k_507, error=replica_not_ready
W1008 08:29:16.171038 96599 master_service.cpp:4424] key=concurrent_k_507, error=replica_not_ready
W1008 08:29:16.171273 96599 master_service.cpp:4424] key=concurrent_k_508, error=replica_not_ready
W1008 08:29:16.171444 96597 master_service.cpp:4424] key=concurrent_k_508, error=replica_not_ready
W1008 08:29:16.171486 96599 master_service.cpp:4424] key=concurrent_k_508, error=replica_not_ready
W1008 08:29:16.171840 96599 master_service.cpp:4424] key=concurrent_k_509, error=replica_not_ready
W1008 08:29:16.171898 96597 master_service.cpp:4424] key=concurrent_k_509, error=replica_not_ready
W1008 08:29:16.172006 96599 master_service.cpp:4424] key=concurrent_k_509, error=replica_not_ready
W1008 08:29:16.172348 96597 master_service.cpp:4424] key=concurrent_k_510, error=replica_not_ready
W1008 08:29:16.172351 96599 master_service.cpp:4424] key=concurrent_k_510, error=replica_not_ready
W1008 08:29:16.172462 96599 master_service.cpp:4424] key=concurrent_k_510, error=replica_not_ready
W1008 08:29:16.172847 96598 master_service.cpp:4424] key=concurrent_k_511, error=replica_not_ready
W1008 08:29:16.172863 96597 master_service.cpp:4424] key=concurrent_k_511, error=replica_not_ready
W1008 08:29:16.173223 96597 master_service.cpp:4424] key=concurrent_k_511, error=replica_not_ready
W1008 08:29:16.173285 96599 master_service.cpp:4424] key=concurrent_k_512, error=replica_not_ready
I1008 08:29:16.173343 96579 master_service.cpp:10619] [EVICT-TRIGGER] memory_ratio=0.904297 high_watermark=0.9 need_mem_eviction=0 eviction_ratio=0.05
W1008 08:29:16.173651 96598 master_service.cpp:4424] key=concurrent_k_512, error=replica_not_ready
W1008 08:29:16.174002 96597 master_service.cpp:4424] key=concurrent_k_513, error=replica_not_ready
W1008 08:29:16.174062 96598 master_service.cpp:4424] key=concurrent_k_513, error=replica_not_ready
W1008 08:29:16.174149 96599 master_service.cpp:4424] key=concurrent_k_513, error=replica_not_ready
W1008 08:29:16.174531 96597 master_service.cpp:4424] key=concurrent_k_514, error=replica_not_ready
W1008 08:29:16.174532 96599 master_service.cpp:4424] key=concurrent_k_514, error=replica_not_ready
W1008 08:29:16.175094 96599 master_service.cpp:4424] key=concurrent_k_515, error=replica_not_ready
W1008 08:29:16.175393 96599 master_service.cpp:4424] key=concurrent_k_515, error=replica_not_ready
W1008 08:29:16.175575 96597 master_service.cpp:4424] key=concurrent_k_515, error=replica_not_ready
W1008 08:29:16.175762 96599 master_service.cpp:4424] key=concurrent_k_516, error=replica_not_ready
W1008 08:29:16.175976 96599 master_service.cpp:4424] key=concurrent_k_516, error=replica_not_ready
W1008 08:29:16.176375 96599 master_service.cpp:4424] key=concurrent_k_517, error=replica_not_ready
W1008 08:29:16.176435 96597 master_service.cpp:4424] key=concurrent_k_517, error=replica_not_ready
W1008 08:29:16.176494 96599 master_service.cpp:4424] key=concurrent_k_517, error=replica_not_ready
W1008 08:29:16.176888 96599 master_service.cpp:4424] key=concurrent_k_518, error=replica_not_ready
W1008 08:29:16.176975 96599 master_service.cpp:4424] key=concurrent_k_518, error=replica_not_ready
W1008 08:29:16.177052 96597 master_service.cpp:4424] key=concurrent_k_518, error=replica_not_ready
I1008 08:29:16.177225 96579 master_service.cpp:12526] [EVICT-RESULT] evicted_count=26, eviction_base=462, actual_evict_ratio=0.0562771, target_evict_ratio=0.0542969
I1008 08:29:16.177299 96579 master_service.cpp:10630] [EVICT-DONE] BatchEvict execution completed.
W1008 08:29:16.177419 96599 master_service.cpp:4424] key=concurrent_k_519, error=replica_not_ready
W1008 08:29:16.177546 96599 master_service.cpp:4424] key=concurrent_k_519, error=replica_not_ready
W1008 08:29:16.177961 96599 master_service.cpp:4424] key=concurrent_k_520, error=replica_not_ready
W1008 08:29:16.178753 96599 master_service.cpp:4424] key=concurrent_k_521, error=replica_not_ready
W1008 08:29:16.178752 96598 master_service.cpp:4424] key=concurrent_k_521, error=replica_not_ready
W1008 08:29:16.179225 96599 master_service.cpp:4424] key=concurrent_k_522, error=replica_not_ready
W1008 08:29:16.179291 96598 master_service.cpp:4424] key=concurrent_k_522, error=replica_not_ready
W1008 08:29:16.179293 96597 master_service.cpp:4424] key=concurrent_k_522, error=replica_not_ready
W1008 08:29:16.179688 96599 master_service.cpp:4424] key=concurrent_k_523, error=replica_not_ready
W1008 08:29:16.179692 96597 master_service.cpp:4424] key=concurrent_k_523, error=replica_not_ready
W1008 08:29:16.180182 96599 master_service.cpp:4424] key=concurrent_k_524, error=replica_not_ready
W1008 08:29:16.180620 96598 master_service.cpp:4424] key=concurrent_k_524, error=replica_not_ready
W1008 08:29:16.180670 96599 master_service.cpp:4424] key=concurrent_k_524, error=replica_not_ready
W1008 08:29:16.181018 96599 master_service.cpp:4424] key=concurrent_k_525, error=replica_not_ready
W1008 08:29:16.181061 96598 master_service.cpp:4424] key=concurrent_k_525, error=replica_not_ready
W1008 08:29:16.181073 96596 master_service.cpp:4424] key=concurrent_k_525, error=replica_not_ready
W1008 08:29:16.181459 96599 master_service.cpp:4424] key=concurrent_k_526, error=replica_not_ready
W1008 08:29:16.181481 96597 master_service.cpp:4424] key=concurrent_k_526, error=replica_not_ready
W1008 08:29:16.181494 96598 master_service.cpp:4424] key=concurrent_k_526, error=replica_not_ready
W1008 08:29:16.181943 96599 master_service.cpp:4424] key=concurrent_k_527, error=replica_not_ready
W1008 08:29:16.181974 96597 master_service.cpp:4424] key=concurrent_k_527, error=replica_not_ready
W1008 08:29:16.182471 96599 master_service.cpp:4424] key=concurrent_k_528, error=replica_not_ready
W1008 08:29:16.182823 96597 master_service.cpp:4424] key=concurrent_k_528, error=replica_not_ready
W1008 08:29:16.183221 96597 master_service.cpp:4424] key=concurrent_k_529, error=replica_not_ready
W1008 08:29:16.183221 96599 master_service.cpp:4424] key=concurrent_k_529, error=replica_not_ready
W1008 08:29:16.183382 96599 master_service.cpp:4424] key=concurrent_k_529, error=replica_not_ready
W1008 08:29:16.183727 96597 master_service.cpp:4424] key=concurrent_k_530, error=replica_not_ready
W1008 08:29:16.183739 96598 master_service.cpp:4424] key=concurrent_k_530, error=replica_not_ready
W1008 08:29:16.183785 96599 master_service.cpp:4424] key=concurrent_k_530, error=replica_not_ready
W1008 08:29:16.184190 96598 master_service.cpp:4424] key=concurrent_k_531, error=replica_not_ready
W1008 08:29:16.184219 96597 master_service.cpp:4424] key=concurrent_k_531, error=replica_not_ready
W1008 08:29:16.184571 96597 master_service.cpp:4424] key=concurrent_k_531, error=replica_not_ready
W1008 08:29:16.184648 96599 master_service.cpp:4424] key=concurrent_k_532, error=replica_not_ready
W1008 08:29:16.185048 96597 master_service.cpp:4424] key=concurrent_k_532, error=replica_not_ready
W1008 08:29:16.185490 96599 master_service.cpp:4424] key=concurrent_k_533, error=replica_not_ready
W1008 08:29:16.185519 96595 master_service.cpp:4424] key=concurrent_k_533, error=replica_not_ready
W1008 08:29:16.185962 96599 master_service.cpp:4424] key=concurrent_k_534, error=replica_not_ready
W1008 08:29:16.185971 96597 master_service.cpp:4424] key=concurrent_k_534, error=replica_not_ready
W1008 08:29:16.186009 96598 master_service.cpp:4424] key=concurrent_k_534, error=replica_not_ready
W1008 08:29:16.186403 96599 master_service.cpp:4424] key=concurrent_k_535, error=replica_not_ready
W1008 08:29:16.186420 96597 master_service.cpp:4424] key=concurrent_k_535, error=replica_not_ready
W1008 08:29:16.186874 96597 master_service.cpp:4424] key=concurrent_k_536, error=replica_not_ready
W1008 08:29:16.187243 96599 master_service.cpp:4424] key=concurrent_k_536, error=replica_not_ready
W1008 08:29:16.187278 96597 master_service.cpp:4424] key=concurrent_k_536, error=replica_not_ready
I1008 08:29:16.187366 96579 master_service.cpp:10619] [EVICT-TRIGGER] memory_ratio=0.902344 high_watermark=0.9 need_mem_eviction=0 eviction_ratio=0.05
W1008 08:29:16.187637 96599 master_service.cpp:4424] key=concurrent_k_537, error=replica_not_ready
W1008 08:29:16.187713 96597 master_service.cpp:4424] key=concurrent_k_537, error=replica_not_ready
W1008 08:29:16.188124 96599 master_service.cpp:4424] key=concurrent_k_538, error=replica_not_ready
W1008 08:29:16.188172 96597 master_service.cpp:4424] key=concurrent_k_538, error=replica_not_ready
W1008 08:29:16.188328 96599 master_service.cpp:4424] key=concurrent_k_538, error=replica_not_ready
W1008 08:29:16.188651 96599 master_service.cpp:4424] key=concurrent_k_539, error=replica_not_ready
W1008 08:29:16.188684 96597 master_service.cpp:4424] key=concurrent_k_539, error=replica_not_ready
W1008 08:29:16.188963 96599 master_service.cpp:4424] key=concurrent_k_539, error=replica_not_ready
W1008 08:29:16.189147 96597 master_service.cpp:4424] key=concurrent_k_540, error=replica_not_ready
W1008 08:29:16.189311 96599 master_service.cpp:4424] key=concurrent_k_540, error=replica_not_ready
W1008 08:29:16.189456 96597 master_service.cpp:4424] key=concurrent_k_540, error=replica_not_ready
W1008 08:29:16.189622 96599 master_service.cpp:4424] key=concurrent_k_541, error=replica_not_ready
W1008 08:29:16.189810 96599 master_service.cpp:4424] key=concurrent_k_541, error=replica_not_ready
W1008 08:29:16.190168 96597 master_service.cpp:4424] key=concurrent_k_542, error=replica_not_ready
W1008 08:29:16.190444 96599 master_service.cpp:4424] key=concurrent_k_542, error=replica_not_ready
I1008 08:29:16.190685 96579 master_service.cpp:12526] [EVICT-RESULT] evicted_count=25, eviction_base=462, actual_evict_ratio=0.0541126, target_evict_ratio=0.0523437
I1008 08:29:16.190742 96579 master_service.cpp:10630] [EVICT-DONE] BatchEvict execution completed.
W1008 08:29:16.190819 96597 master_service.cpp:4424] key=concurrent_k_543, error=replica_not_ready
W1008 08:29:16.190904 96598 master_service.cpp:4424] key=concurrent_k_543, error=replica_not_ready
W1008 08:29:16.190953 96599 master_service.cpp:4424] key=concurrent_k_543, error=replica_not_ready
W1008 08:29:16.191322 96599 master_service.cpp:4424] key=concurrent_k_544, error=replica_not_ready
W1008 08:29:16.191356 96598 master_service.cpp:4424] key=concurrent_k_544, error=replica_not_ready
W1008 08:29:16.191476 96599 master_service.cpp:4424] key=concurrent_k_544, error=replica_not_ready
W1008 08:29:16.191740 96599 master_service.cpp:4424] key=concurrent_k_545, error=replica_not_ready
W1008 08:29:16.191847 96599 master_service.cpp:4424] key=concurrent_k_545, error=replica_not_ready
W1008 08:29:16.192140 96599 master_service.cpp:4424] key=concurrent_k_545, error=replica_not_ready
W1008 08:29:16.192214 96597 master_service.cpp:4424] key=concurrent_k_546, error=replica_not_ready
W1008 08:29:16.192585 96599 master_service.cpp:4424] key=concurrent_k_546, error=replica_not_ready
W1008 08:29:16.192970 96599 master_service.cpp:4424] key=concurrent_k_547, error=replica_not_ready
W1008 08:29:16.193029 96598 master_service.cpp:4424] key=concurrent_k_547, error=replica_not_ready
W1008 08:29:16.193423 96599 master_service.cpp:4424] key=concurrent_k_548, error=replica_not_ready
W1008 08:29:16.193437 96598 master_service.cpp:4424] key=concurrent_k_548, error=replica_not_ready
W1008 08:29:16.193540 96599 master_service.cpp:4424] key=concurrent_k_548, error=replica_not_ready
W1008 08:29:16.193943 96597 master_service.cpp:4424] key=concurrent_k_549, error=replica_not_ready
W1008 08:29:16.193956 96599 master_service.cpp:4424] key=concurrent_k_549, error=replica_not_ready
W1008 08:29:16.194149 96599 master_service.cpp:4424] key=concurrent_k_549, error=replica_not_ready
W1008 08:29:16.194442 96599 master_service.cpp:4424] key=concurrent_k_550, error=replica_not_ready
W1008 08:29:16.194499 96597 master_service.cpp:4424] key=concurrent_k_550, error=replica_not_ready
W1008 08:29:16.194772 96599 master_service.cpp:4424] key=concurrent_k_550, error=replica_not_ready
W1008 08:29:16.194949 96599 master_service.cpp:4424] key=concurrent_k_551, error=replica_not_ready
W1008 08:29:16.195127 96599 master_service.cpp:4424] key=concurrent_k_551, error=replica_not_ready
W1008 08:29:16.195441 96599 master_service.cpp:4424] key=concurrent_k_552, error=replica_not_ready
W1008 08:29:16.195739 96597 master_service.cpp:4424] key=concurrent_k_552, error=replica_not_ready
W1008 08:29:16.195873 96599 master_service.cpp:4424] key=concurrent_k_552, error=replica_not_ready
W1008 08:29:16.196127 96599 master_service.cpp:4424] key=concurrent_k_553, error=replica_not_ready
W1008 08:29:16.196592 96599 master_service.cpp:4424] key=concurrent_k_554, error=replica_not_ready
W1008 08:29:16.196610 96597 master_service.cpp:4424] key=concurrent_k_554, error=replica_not_ready
W1008 08:29:16.196651 96598 master_service.cpp:4424] key=concurrent_k_554, error=replica_not_ready
W1008 08:29:16.197026 96599 master_service.cpp:4424] key=concurrent_k_555, error=replica_not_ready
W1008 08:29:16.197050 96597 master_service.cpp:4424] key=concurrent_k_555, error=replica_not_ready
W1008 08:29:16.197461 96599 master_service.cpp:4424] key=concurrent_k_556, error=replica_not_ready
W1008 08:29:16.197891 96597 master_service.cpp:4424] key=concurrent_k_556, error=replica_not_ready
W1008 08:29:16.197921 96599 master_service.cpp:4424] key=concurrent_k_556, error=replica_not_ready
W1008 08:29:16.198268 96599 master_service.cpp:4424] key=concurrent_k_557, error=replica_not_ready
W1008 08:29:16.198278 96597 master_service.cpp:4424] key=concurrent_k_557, error=replica_not_ready
W1008 08:29:16.198774 96595 master_service.cpp:4424] key=concurrent_k_558, error=replica_not_ready
W1008 08:29:16.198787 96597 master_service.cpp:4424] key=concurrent_k_558, error=replica_not_ready
W1008 08:29:16.198833 96598 master_service.cpp:4424] key=concurrent_k_558, error=replica_not_ready
W1008 08:29:16.199295 96599 master_service.cpp:4424] key=concurrent_k_559, error=replica_not_ready
W1008 08:29:16.199331 96597 master_service.cpp:4424] key=concurrent_k_559, error=replica_not_ready
W1008 08:29:16.199563 96599 master_service.cpp:4424] key=concurrent_k_559, error=replica_not_ready
W1008 08:29:16.199752 96599 master_service.cpp:4424] key=concurrent_k_560, error=replica_not_ready
W1008 08:29:16.199887 96599 master_service.cpp:4424] key=concurrent_k_560, error=replica_not_ready
W1008 08:29:16.200220 96596 master_service.cpp:4424] key=concurrent_k_561, error=replica_not_ready
W1008 08:29:16.200511 96599 master_service.cpp:4424] key=concurrent_k_561, error=replica_not_ready
W1008 08:29:16.200650 96599 master_service.cpp:4424] key=concurrent_k_561, error=replica_not_ready
I1008 08:29:16.200809 96579 master_service.cpp:10619] [EVICT-TRIGGER] memory_ratio=0.902344 high_watermark=0.9 need_mem_eviction=0 eviction_ratio=0.05
W1008 08:29:16.200855 96599 master_service.cpp:4424] key=concurrent_k_562, error=replica_not_ready
W1008 08:29:16.201016 96599 master_service.cpp:4424] key=concurrent_k_562, error=replica_not_ready
W1008 08:29:16.201390 96599 master_service.cpp:4424] key=concurrent_k_563, error=replica_not_ready
W1008 08:29:16.201540 96597 master_service.cpp:4424] key=concurrent_k_563, error=replica_not_ready
W1008 08:29:16.201639 96599 master_service.cpp:4424] key=concurrent_k_563, error=replica_not_ready
W1008 08:29:16.201974 96599 master_service.cpp:4424] key=concurrent_k_564, error=replica_not_ready
W1008 08:29:16.202023 96597 master_service.cpp:4424] key=concurrent_k_564, error=replica_not_ready
W1008 08:29:16.202042 96596 master_service.cpp:4424] key=concurrent_k_564, error=replica_not_ready
W1008 08:29:16.202464 96599 master_service.cpp:4424] key=concurrent_k_565, error=replica_not_ready
W1008 08:29:16.202497 96598 master_service.cpp:4424] key=concurrent_k_565, error=replica_not_ready
W1008 08:29:16.202485 96597 master_service.cpp:4424] key=concurrent_k_565, error=replica_not_ready
W1008 08:29:16.202968 96599 master_service.cpp:4424] key=concurrent_k_566, error=replica_not_ready
W1008 08:29:16.202992 96597 master_service.cpp:4424] key=concurrent_k_566, error=replica_not_ready
W1008 08:29:16.203156 96599 master_service.cpp:4424] key=concurrent_k_566, error=replica_not_ready
W1008 08:29:16.203444 96597 master_service.cpp:4424] key=concurrent_k_567, error=replica_not_ready
W1008 08:29:16.203492 96599 master_service.cpp:4424] key=concurrent_k_567, error=replica_not_ready
W1008 08:29:16.203917 96599 master_service.cpp:4424] key=concurrent_k_568, error=replica_not_ready
W1008 08:29:16.204097 96599 master_service.cpp:4424] key=concurrent_k_567, error=replica_not_ready
I1008 08:29:16.204167 96579 master_service.cpp:12526] [EVICT-RESULT] evicted_count=25, eviction_base=462, actual_evict_ratio=0.0541126, target_evict_ratio=0.0523437
I1008 08:29:16.204210 96579 master_service.cpp:10630] [EVICT-DONE] BatchEvict execution completed.
W1008 08:29:16.204685 96599 master_service.cpp:4424] key=concurrent_k_569, error=replica_not_ready
W1008 08:29:16.205142 96598 master_service.cpp:4424] key=concurrent_k_570, error=replica_not_ready
W1008 08:29:16.205175 96597 master_service.cpp:4424] key=concurrent_k_570, error=replica_not_ready
W1008 08:29:16.205232 96599 master_service.cpp:4424] key=concurrent_k_570, error=replica_not_ready
W1008 08:29:16.205590 96599 master_service.cpp:4424] key=concurrent_k_571, error=replica_not_ready
W1008 08:29:16.205636 96597 master_service.cpp:4424] key=concurrent_k_571, error=replica_not_ready
W1008 08:29:16.205807 96599 master_service.cpp:4424] key=concurrent_k_571, error=replica_not_ready
W1008 08:29:16.206063 96598 master_service.cpp:4424] key=concurrent_k_572, error=replica_not_ready
W1008 08:29:16.206153 96599 master_service.cpp:4424] key=concurrent_k_572, error=replica_not_ready
W1008 08:29:16.206462 96599 master_service.cpp:4424] key=concurrent_k_572, error=replica_not_ready
W1008 08:29:16.206543 96599 master_service.cpp:4424] key=concurrent_k_573, error=replica_not_ready
W1008 08:29:16.206799 96599 master_service.cpp:4424] key=concurrent_k_573, error=replica_not_ready
W1008 08:29:16.207146 96599 master_service.cpp:4424] key=concurrent_k_574, error=replica_not_ready
W1008 08:29:16.207324 96599 master_service.cpp:4424] key=concurrent_k_574, error=replica_not_ready
W1008 08:29:16.207456 96599 master_service.cpp:4424] key=concurrent_k_574, error=replica_not_ready
W1008 08:29:16.207649 96599 master_service.cpp:4424] key=concurrent_k_575, error=replica_not_ready
W1008 08:29:16.207816 96599 master_service.cpp:4424] key=concurrent_k_575, error=replica_not_ready
W1008 08:29:16.208156 96599 master_service.cpp:4424] key=concurrent_k_576, error=replica_not_ready
W1008 08:29:16.208362 96597 master_service.cpp:4424] key=concurrent_k_576, error=replica_not_ready
W1008 08:29:16.208775 96599 master_service.cpp:4424] key=concurrent_k_577, error=replica_not_ready
W1008 08:29:16.208825 96597 master_service.cpp:4424] key=concurrent_k_577, error=replica_not_ready
W1008 08:29:16.208832 96598 master_service.cpp:4424] key=concurrent_k_577, error=replica_not_ready
W1008 08:29:16.209231 96598 master_service.cpp:4424] key=concurrent_k_578, error=replica_not_ready
W1008 08:29:16.209263 96597 master_service.cpp:4424] key=concurrent_k_578, error=replica_not_ready
W1008 08:29:16.209609 96596 master_service.cpp:4424] key=concurrent_k_578, error=replica_not_ready
W1008 08:29:16.209760 96599 master_service.cpp:4424] key=concurrent_k_579, error=replica_not_ready
W1008 08:29:16.209962 96599 master_service.cpp:4424] key=concurrent_k_579, error=replica_not_ready
W1008 08:29:16.210022 96597 master_service.cpp:4424] key=concurrent_k_579, error=replica_not_ready
W1008 08:29:16.210281 96599 master_service.cpp:4424] key=concurrent_k_580, error=replica_not_ready
W1008 08:29:16.210405 96599 master_service.cpp:4424] key=concurrent_k_580, error=replica_not_ready
W1008 08:29:16.210536 96599 master_service.cpp:4424] key=concurrent_k_580, error=replica_not_ready
W1008 08:29:16.210753 96599 master_service.cpp:4424] key=concurrent_k_581, error=replica_not_ready
W1008 08:29:16.210894 96599 master_service.cpp:4424] key=concurrent_k_581, error=replica_not_ready
W1008 08:29:16.211004 96599 master_service.cpp:4424] key=concurrent_k_581, error=replica_not_ready
W1008 08:29:16.211261 96599 master_service.cpp:4424] key=concurrent_k_582, error=replica_not_ready
W1008 08:29:16.211392 96597 master_service.cpp:4424] key=concurrent_k_582, error=replica_not_ready
W1008 08:29:16.211421 96599 master_service.cpp:4424] key=concurrent_k_582, error=replica_not_ready
W1008 08:29:16.211779 96599 master_service.cpp:4424] key=concurrent_k_583, error=replica_not_ready
W1008 08:29:16.211809 96597 master_service.cpp:4424] key=concurrent_k_583, error=replica_not_ready
W1008 08:29:16.212256 96599 master_service.cpp:4424] key=concurrent_k_584, error=replica_not_ready
W1008 08:29:16.212476 96599 master_service.cpp:4424] key=concurrent_k_584, error=replica_not_ready
W1008 08:29:16.212805 96599 master_service.cpp:4424] key=concurrent_k_585, error=replica_not_ready
W1008 08:29:16.212961 96597 master_service.cpp:4424] key=concurrent_k_585, error=replica_not_ready
W1008 08:29:16.212994 96599 master_service.cpp:4424] key=concurrent_k_585, error=replica_not_ready
W1008 08:29:16.213328 96599 master_service.cpp:4424] key=concurrent_k_586, error=replica_not_ready
W1008 08:29:16.213402 96599 master_service.cpp:4424] key=concurrent_k_586, error=replica_not_ready
W1008 08:29:16.213796 96597 master_service.cpp:4424] key=concurrent_k_587, error=replica_not_ready
W1008 08:29:16.214006 96599 master_service.cpp:4424] key=concurrent_k_587, error=replica_not_ready
W1008 08:29:16.214150 96597 master_service.cpp:4424] key=concurrent_k_587, error=replica_not_ready
I1008 08:29:16.214277 96579 master_service.cpp:10619] [EVICT-TRIGGER] memory_ratio=0.904297 high_watermark=0.9 need_mem_eviction=0 eviction_ratio=0.05
W1008 08:29:16.214346 96599 master_service.cpp:4424] key=concurrent_k_588, error=replica_not_ready
W1008 08:29:16.214512 96599 master_service.cpp:4424] key=concurrent_k_588, error=replica_not_ready
W1008 08:29:16.214555 96597 master_service.cpp:4424] key=concurrent_k_588, error=replica_not_ready
W1008 08:29:16.214879 96599 master_service.cpp:4424] key=concurrent_k_589, error=replica_not_ready
W1008 08:29:16.214896 96597 master_service.cpp:4424] key=concurrent_k_589, error=replica_not_ready
W1008 08:29:16.215366 96597 master_service.cpp:4424] key=concurrent_k_590, error=replica_not_ready
W1008 08:29:16.215567 96599 master_service.cpp:4424] key=concurrent_k_590, error=replica_not_ready
W1008 08:29:16.215898 96599 master_service.cpp:4424] key=concurrent_k_591, error=replica_not_ready
W1008 08:29:16.215967 96597 master_service.cpp:4424] key=concurrent_k_591, error=replica_not_ready
W1008 08:29:16.216061 96599 master_service.cpp:4424] key=concurrent_k_591, error=replica_not_ready
W1008 08:29:16.216343 96599 master_service.cpp:4424] key=concurrent_k_592, error=replica_not_ready
W1008 08:29:16.216455 96599 master_service.cpp:4424] key=concurrent_k_592, error=replica_not_ready
W1008 08:29:16.216795 96599 master_service.cpp:4424] key=concurrent_k_593, error=replica_not_ready
W1008 08:29:16.217082 96597 master_service.cpp:4424] key=concurrent_k_593, error=replica_not_ready
W1008 08:29:16.217471 96599 master_service.cpp:4424] key=concurrent_k_594, error=replica_not_ready
W1008 08:29:16.217535 96597 master_service.cpp:4424] key=concurrent_k_594, error=replica_not_ready
I1008 08:29:16.217588 96579 master_service.cpp:12526] [EVICT-RESULT] evicted_count=26, eviction_base=462, actual_evict_ratio=0.0562771, target_evict_ratio=0.0542969
I1008 08:29:16.217633 96579 master_service.cpp:10630] [EVICT-DONE] BatchEvict execution completed.
W1008 08:29:16.217978 96598 master_service.cpp:4424] key=concurrent_k_595, error=replica_not_ready
W1008 08:29:16.218099 96599 master_service.cpp:4424] key=concurrent_k_595, error=replica_not_ready
W1008 08:29:16.218292 96599 master_service.cpp:4424] key=concurrent_k_595, error=replica_not_ready
W1008 08:29:16.218477 96599 master_service.cpp:4424] key=concurrent_k_596, error=replica_not_ready
W1008 08:29:16.218643 96599 master_service.cpp:4424] key=concurrent_k_596, error=replica_not_ready
W1008 08:29:16.219012 96599 master_service.cpp:4424] key=concurrent_k_597, error=replica_not_ready
W1008 08:29:16.219179 96599 master_service.cpp:4424] key=concurrent_k_597, error=replica_not_ready
W1008 08:29:16.219406 96599 master_service.cpp:4424] key=concurrent_k_597, error=replica_not_ready
W1008 08:29:16.219497 96599 master_service.cpp:4424] key=concurrent_k_598, error=replica_not_ready
W1008 08:29:16.219749 96599 master_service.cpp:4424] key=concurrent_k_598, error=replica_not_ready
W1008 08:29:16.220119 96599 master_service.cpp:4424] key=concurrent_k_599, error=replica_not_ready
W1008 08:29:16.220234 96599 master_service.cpp:4424] key=concurrent_k_599, error=replica_not_ready
W1008 08:29:16.220372 96599 master_service.cpp:4424] key=concurrent_k_599, error=replica_not_ready
W1008 08:29:16.220620 96597 master_service.cpp:4424] key=concurrent_k_600, error=replica_not_ready
W1008 08:29:16.220729 96599 master_service.cpp:4424] key=concurrent_k_600, error=replica_not_ready
W1008 08:29:16.221122 96599 master_service.cpp:4424] key=concurrent_k_601, error=replica_not_ready
W1008 08:29:16.221400 96599 master_service.cpp:4424] key=concurrent_k_601, error=replica_not_ready
W1008 08:29:16.221561 96599 master_service.cpp:4424] key=concurrent_k_601, error=replica_not_ready
W1008 08:29:16.221769 96599 master_service.cpp:4424] key=concurrent_k_602, error=replica_not_ready
W1008 08:29:16.221925 96597 master_service.cpp:4424] key=concurrent_k_602, error=replica_not_ready
W1008 08:29:16.221958 96598 master_service.cpp:4424] key=concurrent_k_602, error=replica_not_ready
W1008 08:29:16.222330 96599 master_service.cpp:4424] key=concurrent_k_603, error=replica_not_ready
W1008 08:29:16.222362 96597 master_service.cpp:4424] key=concurrent_k_603, error=replica_not_ready
W1008 08:29:16.222860 96599 master_service.cpp:4424] key=concurrent_k_604, error=replica_not_ready
W1008 08:29:16.223042 96598 master_service.cpp:4424] key=concurrent_k_604, error=replica_not_ready
W1008 08:29:16.223076 96599 master_service.cpp:4424] key=concurrent_k_604, error=replica_not_ready
W1008 08:29:16.223356 96597 master_service.cpp:4424] key=concurrent_k_605, error=replica_not_ready
W1008 08:29:16.223400 96599 master_service.cpp:4424] key=concurrent_k_605, error=replica_not_ready
W1008 08:29:16.223590 96599 master_service.cpp:4424] key=concurrent_k_605, error=replica_not_ready
W1008 08:29:16.223855 96597 master_service.cpp:4424] key=concurrent_k_606, error=replica_not_ready
W1008 08:29:16.223920 96599 master_service.cpp:4424] key=concurrent_k_606, error=replica_not_ready
W1008 08:29:16.224006 96599 master_service.cpp:4424] key=concurrent_k_606, error=replica_not_ready
W1008 08:29:16.224349 96599 master_service.cpp:4424] key=concurrent_k_607, error=replica_not_ready
W1008 08:29:16.224395 96597 master_service.cpp:4424] key=concurrent_k_607, error=replica_not_ready
W1008 08:29:16.224797 96599 master_service.cpp:4424] key=concurrent_k_608, error=replica_not_ready
W1008 08:29:16.225159 96599 master_service.cpp:4424] key=concurrent_k_608, error=replica_not_ready
W1008 08:29:16.225553 96599 master_service.cpp:4424] key=concurrent_k_609, error=replica_not_ready
W1008 08:29:16.225610 96597 master_service.cpp:4424] key=concurrent_k_609, error=replica_not_ready
W1008 08:29:16.226027 96599 master_service.cpp:4424] key=concurrent_k_610, error=replica_not_ready
W1008 08:29:16.226058 96597 master_service.cpp:4424] key=concurrent_k_610, error=replica_not_ready
W1008 08:29:16.226090 96598 master_service.cpp:4424] key=concurrent_k_610, error=replica_not_ready
W1008 08:29:16.226476 96599 master_service.cpp:4424] key=concurrent_k_611, error=replica_not_ready
W1008 08:29:16.226508 96597 master_service.cpp:4424] key=concurrent_k_611, error=replica_not_ready
W1008 08:29:16.226765 96599 master_service.cpp:4424] key=concurrent_k_611, error=replica_not_ready
W1008 08:29:16.226996 96599 master_service.cpp:4424] key=concurrent_k_612, error=replica_not_ready
W1008 08:29:16.227180 96597 master_service.cpp:4424] key=concurrent_k_612, error=replica_not_ready
W1008 08:29:16.227241 96599 master_service.cpp:4424] key=concurrent_k_612, error=replica_not_ready
W1008 08:29:16.227522 96599 master_service.cpp:4424] key=concurrent_k_613, error=replica_not_ready
W1008 08:29:16.227584 96597 master_service.cpp:4424] key=concurrent_k_613, error=replica_not_ready
I1008 08:29:16.227698 96579 master_service.cpp:10619] [EVICT-TRIGGER] memory_ratio=0.902344 high_watermark=0.9 need_mem_eviction=0 eviction_ratio=0.05
W1008 08:29:16.228025 96597 master_service.cpp:4424] key=concurrent_k_614, error=replica_not_ready
W1008 08:29:16.228251 96599 master_service.cpp:4424] key=concurrent_k_614, error=replica_not_ready
W1008 08:29:16.228446 96597 master_service.cpp:4424] key=concurrent_k_614, error=replica_not_ready
W1008 08:29:16.228619 96599 master_service.cpp:4424] key=concurrent_k_615, error=replica_not_ready
W1008 08:29:16.228840 96599 master_service.cpp:4424] key=concurrent_k_615, error=replica_not_ready
W1008 08:29:16.228892 96597 master_service.cpp:4424] key=concurrent_k_615, error=replica_not_ready
W1008 08:29:16.229198 96599 master_service.cpp:4424] key=concurrent_k_616, error=replica_not_ready
W1008 08:29:16.229307 96599 master_service.cpp:4424] key=concurrent_k_616, error=replica_not_ready
W1008 08:29:16.229321 96597 master_service.cpp:4424] key=concurrent_k_616, error=replica_not_ready
W1008 08:29:16.229686 96599 master_service.cpp:4424] key=concurrent_k_617, error=replica_not_ready
W1008 08:29:16.229725 96597 master_service.cpp:4424] key=concurrent_k_617, error=replica_not_ready
W1008 08:29:16.229835 96599 master_service.cpp:4424] key=concurrent_k_617, error=replica_not_ready
W1008 08:29:16.230168 96599 master_service.cpp:4424] key=concurrent_k_618, error=replica_not_ready
W1008 08:29:16.230221 96597 master_service.cpp:4424] key=concurrent_k_618, error=replica_not_ready
W1008 08:29:16.230410 96599 master_service.cpp:4424] key=concurrent_k_618, error=replica_not_ready
W1008 08:29:16.230657 96599 master_service.cpp:4424] key=concurrent_k_619, error=replica_not_ready
W1008 08:29:16.230780 96597 master_service.cpp:4424] key=concurrent_k_619, error=replica_not_ready
W1008 08:29:16.230844 96599 master_service.cpp:4424] key=concurrent_k_619, error=replica_not_ready
I1008 08:29:16.231019 96579 master_service.cpp:12526] [EVICT-RESULT] evicted_count=25, eviction_base=464, actual_evict_ratio=0.0538793, target_evict_ratio=0.0523437
I1008 08:29:16.231063 96579 master_service.cpp:10630] [EVICT-DONE] BatchEvict execution completed.
W1008 08:29:16.231205 96599 master_service.cpp:4424] key=concurrent_k_620, error=replica_not_ready
W1008 08:29:16.231211 96597 master_service.cpp:4424] key=concurrent_k_620, error=replica_not_ready
W1008 08:29:16.231631 96597 master_service.cpp:4424] key=concurrent_k_621, error=replica_not_ready
W1008 08:29:16.231702 96598 master_service.cpp:4424] key=concurrent_k_620, error=replica_not_ready
W1008 08:29:16.232090 96599 master_service.cpp:4424] key=concurrent_k_621, error=replica_not_ready
W1008 08:29:16.232090 96598 master_service.cpp:4424] key=concurrent_k_621, error=replica_not_ready
W1008 08:29:16.232470 96599 master_service.cpp:4424] key=concurrent_k_622, error=replica_not_ready
W1008 08:29:16.232493 96597 master_service.cpp:4424] key=concurrent_k_622, error=replica_not_ready
W1008 08:29:16.234194 96599 master_service.cpp:4424] key=concurrent_k_623, error=replica_not_ready
W1008 08:29:16.234237 96597 master_service.cpp:4424] key=concurrent_k_623, error=replica_not_ready
W1008 08:29:16.234256 96598 master_service.cpp:4424] key=concurrent_k_623, error=replica_not_ready
W1008 08:29:16.234673 96597 master_service.cpp:4424] key=concurrent_k_624, error=replica_not_ready
W1008 08:29:16.234673 96599 master_service.cpp:4424] key=concurrent_k_624, error=replica_not_ready
W1008 08:29:16.235140 96599 master_service.cpp:4424] key=concurrent_k_625, error=replica_not_ready
W1008 08:29:16.235442 96597 master_service.cpp:4424] key=concurrent_k_625, error=replica_not_ready
W1008 08:29:16.235502 96599 master_service.cpp:4424] key=concurrent_k_625, error=replica_not_ready
W1008 08:29:16.235893 96599 master_service.cpp:4424] key=concurrent_k_626, error=replica_not_ready
W1008 08:29:16.235896 96598 master_service.cpp:4424] key=concurrent_k_626, error=replica_not_ready
W1008 08:29:16.236388 96597 master_service.cpp:4424] key=concurrent_k_627, error=replica_not_ready
W1008 08:29:16.236483 96599 master_service.cpp:4424] key=concurrent_k_627, error=replica_not_ready
W1008 08:29:16.236491 96597 master_service.cpp:4424] key=concurrent_k_627, error=replica_not_ready
W1008 08:29:16.236865 96599 master_service.cpp:4424] key=concurrent_k_628, error=replica_not_ready
W1008 08:29:16.236887 96597 master_service.cpp:4424] key=concurrent_k_628, error=replica_not_ready
W1008 08:29:16.237195 96596 master_service.cpp:4424] key=concurrent_k_628, error=replica_not_ready
W1008 08:29:16.237269 96597 master_service.cpp:4424] key=concurrent_k_629, error=replica_not_ready
W1008 08:29:16.237593 96597 master_service.cpp:4424] key=concurrent_k_629, error=replica_not_ready
W1008 08:29:16.237617 96598 master_service.cpp:4424] key=concurrent_k_629, error=replica_not_ready
W1008 08:29:16.237982 96599 master_service.cpp:4424] key=concurrent_k_630, error=replica_not_ready
W1008 08:29:16.238010 96598 master_service.cpp:4424] key=concurrent_k_630, error=replica_not_ready
W1008 08:29:16.238117 96597 master_service.cpp:4424] key=concurrent_k_630, error=replica_not_ready
W1008 08:29:16.238477 96599 master_service.cpp:4424] key=concurrent_k_631, error=replica_not_ready
W1008 08:29:16.238523 96597 master_service.cpp:4424] key=concurrent_k_631, error=replica_not_ready
W1008 08:29:16.238757 96599 master_service.cpp:4424] key=concurrent_k_631, error=replica_not_ready
W1008 08:29:16.238948 96599 master_service.cpp:4424] key=concurrent_k_632, error=replica_not_ready
W1008 08:29:16.239092 96599 master_service.cpp:4424] key=concurrent_k_632, error=replica_not_ready
W1008 08:29:16.239260 96599 master_service.cpp:4424] key=concurrent_k_632, error=replica_not_ready
W1008 08:29:16.239408 96599 master_service.cpp:4424] key=concurrent_k_633, error=replica_not_ready
W1008 08:29:16.239557 96599 master_service.cpp:4424] key=concurrent_k_633, error=replica_not_ready
W1008 08:29:16.239665 96599 master_service.cpp:4424] key=concurrent_k_633, error=replica_not_ready
W1008 08:29:16.239925 96598 master_service.cpp:4424] key=concurrent_k_634, error=replica_not_ready
W1008 08:29:16.239984 96599 master_service.cpp:4424] key=concurrent_k_634, error=replica_not_ready
W1008 08:29:16.240427 96599 master_service.cpp:4424] key=concurrent_k_635, error=replica_not_ready
W1008 08:29:16.240660 96599 master_service.cpp:4424] key=concurrent_k_635, error=replica_not_ready
W1008 08:29:16.240691 96597 master_service.cpp:4424] key=concurrent_k_635, error=replica_not_ready
W1008 08:29:16.241034 96599 master_service.cpp:4424] key=concurrent_k_636, error=replica_not_ready
W1008 08:29:16.241082 96597 master_service.cpp:4424] key=concurrent_k_636, error=replica_not_ready
W1008 08:29:16.241084 96598 master_service.cpp:4424] key=concurrent_k_636, error=replica_not_ready
W1008 08:29:16.241428 96599 master_service.cpp:4424] key=concurrent_k_637, error=replica_not_ready
W1008 08:29:16.241478 96597 master_service.cpp:4424] key=concurrent_k_637, error=replica_not_ready
W1008 08:29:16.241665 96599 master_service.cpp:4424] key=concurrent_k_637, error=replica_not_ready
W1008 08:29:16.241840 96599 master_service.cpp:4424] key=concurrent_k_638, error=replica_not_ready
W1008 08:29:16.242019 96599 master_service.cpp:4424] key=concurrent_k_638, error=replica_not_ready
W1008 08:29:16.242398 96599 master_service.cpp:4424] key=concurrent_k_639, error=replica_not_ready
W1008 08:29:16.242982 96599 master_service.cpp:4424] key=concurrent_k_640, error=replica_not_ready
W1008 08:29:16.243142 96599 master_service.cpp:4424] key=concurrent_k_640, error=replica_not_ready
W1008 08:29:16.243506 96599 master_service.cpp:4424] key=concurrent_k_641, error=replica_not_ready
W1008 08:29:16.243516 96597 master_service.cpp:4424] key=concurrent_k_641, error=replica_not_ready
W1008 08:29:16.243603 96599 master_service.cpp:4424] key=concurrent_k_641, error=replica_not_ready
W1008 08:29:16.243943 96599 master_service.cpp:4424] key=concurrent_k_642, error=replica_not_ready
W1008 08:29:16.244064 96599 master_service.cpp:4424] key=concurrent_k_642, error=replica_not_ready
W1008 08:29:16.244246 96599 master_service.cpp:4424] key=concurrent_k_642, error=replica_not_ready
W1008 08:29:16.244395 96599 master_service.cpp:4424] key=concurrent_k_643, error=replica_not_ready
W1008 08:29:16.244545 96599 master_service.cpp:4424] key=concurrent_k_643, error=replica_not_ready
W1008 08:29:16.244649 96599 master_service.cpp:4424] key=concurrent_k_643, error=replica_not_ready
W1008 08:29:16.244887 96597 master_service.cpp:4424] key=concurrent_k_644, error=replica_not_ready
W1008 08:29:16.244946 96599 master_service.cpp:4424] key=concurrent_k_644, error=replica_not_ready
W1008 08:29:16.245309 96599 master_service.cpp:4424] key=concurrent_k_645, error=replica_not_ready
W1008 08:29:16.245931 96599 master_service.cpp:4424] key=concurrent_k_645, error=replica_not_ready
W1008 08:29:16.246001 96597 master_service.cpp:4424] key=concurrent_k_645, error=replica_not_ready
W1008 08:29:16.246663 96598 master_service.cpp:4424] key=concurrent_k_647, error=replica_not_ready
W1008 08:29:16.246691 96597 master_service.cpp:4424] key=concurrent_k_647, error=replica_not_ready
W1008 08:29:16.246763 96599 master_service.cpp:4424] key=concurrent_k_647, error=replica_not_ready
W1008 08:29:16.247143 96599 master_service.cpp:4424] key=concurrent_k_648, error=replica_not_ready
W1008 08:29:16.247157 96597 master_service.cpp:4424] key=concurrent_k_648, error=replica_not_ready
W1008 08:29:16.247581 96597 master_service.cpp:4424] key=concurrent_k_649, error=replica_not_ready
W1008 08:29:16.247634 96599 master_service.cpp:4424] key=concurrent_k_648, error=replica_not_ready
W1008 08:29:16.248034 96597 master_service.cpp:4424] key=concurrent_k_649, error=replica_not_ready
W1008 08:29:16.248190 96599 master_service.cpp:4424] key=concurrent_k_649, error=replica_not_ready
W1008 08:29:16.248457 96597 master_service.cpp:4424] key=concurrent_k_650, error=replica_not_ready
W1008 08:29:16.248512 96599 master_service.cpp:4424] key=concurrent_k_650, error=replica_not_ready
W1008 08:29:16.248908 96599 master_service.cpp:4424] key=concurrent_k_651, error=replica_not_ready
W1008 08:29:16.248944 96597 master_service.cpp:4424] key=concurrent_k_651, error=replica_not_ready
W1008 08:29:16.248979 96599 master_service.cpp:4424] key=concurrent_k_651, error=replica_not_ready
W1008 08:29:16.249351 96597 master_service.cpp:4424] key=concurrent_k_652, error=replica_not_ready
W1008 08:29:16.249353 96599 master_service.cpp:4424] key=concurrent_k_652, error=replica_not_ready
W1008 08:29:16.249787 96597 master_service.cpp:4424] key=concurrent_k_653, error=replica_not_ready
W1008 08:29:16.249832 96599 master_service.cpp:4424] key=concurrent_k_652, error=replica_not_ready
W1008 08:29:16.250239 96597 master_service.cpp:4424] key=concurrent_k_653, error=replica_not_ready
W1008 08:29:16.250386 96599 master_service.cpp:4424] key=concurrent_k_653, error=replica_not_ready
W1008 08:29:16.250653 96599 master_service.cpp:4424] key=concurrent_k_654, error=replica_not_ready
W1008 08:29:16.251138 96599 master_service.cpp:4424] key=concurrent_k_655, error=replica_not_ready
W1008 08:29:16.251156 96597 master_service.cpp:4424] key=concurrent_k_655, error=replica_not_ready
I1008 08:29:16.251184 96579 master_service.cpp:10619] [EVICT-TRIGGER] memory_ratio=0.935547 high_watermark=0.9 need_mem_eviction=0 eviction_ratio=0.05
W1008 08:29:16.251194 96598 master_service.cpp:4424] key=concurrent_k_655, error=replica_not_ready
W1008 08:29:16.251576 96599 master_service.cpp:4424] key=concurrent_k_656, error=replica_not_ready
W1008 08:29:16.251578 96597 master_service.cpp:4424] key=concurrent_k_656, error=replica_not_ready
W1008 08:29:16.252246 96599 master_service.cpp:4424] key=concurrent_k_657, error=replica_not_ready
W1008 08:29:16.252274 96597 master_service.cpp:4424] key=concurrent_k_657, error=replica_not_ready
W1008 08:29:16.252381 96599 master_service.cpp:4424] key=concurrent_k_657, error=replica_not_ready
W1008 08:29:16.252688 96599 master_service.cpp:4424] key=concurrent_k_658, error=replica_not_ready
W1008 08:29:16.252705 96597 master_service.cpp:4424] key=concurrent_k_658, error=replica_not_ready
W1008 08:29:16.253171 96599 master_service.cpp:4424] key=concurrent_k_659, error=replica_not_ready
W1008 08:29:16.253808 96599 master_service.cpp:4424] key=concurrent_k_659, error=replica_not_ready
W1008 08:29:16.254504 96597 master_service.cpp:4424] key=concurrent_k_661, error=replica_not_ready
I1008 08:29:16.254514 96579 master_service.cpp:12526] [EVICT-RESULT] evicted_count=41, eviction_base=479, actual_evict_ratio=0.085595, target_evict_ratio=0.0855469
I1008 08:29:16.254560 96579 master_service.cpp:10630] [EVICT-DONE] BatchEvict execution completed.
W1008 08:29:16.254563 96599 master_service.cpp:4424] key=concurrent_k_661, error=replica_not_ready
W1008 08:29:16.254668 96599 master_service.cpp:4424] key=concurrent_k_661, error=replica_not_ready
W1008 08:29:16.254989 96597 master_service.cpp:4424] key=concurrent_k_662, error=replica_not_ready
W1008 08:29:16.255015 96599 master_service.cpp:4424] key=concurrent_k_662, error=replica_not_ready
W1008 08:29:16.255364 96598 master_service.cpp:4424] key=concurrent_k_662, error=replica_not_ready
W1008 08:29:16.255479 96597 master_service.cpp:4424] key=concurrent_k_663, error=replica_not_ready
W1008 08:29:16.255725 96597 master_service.cpp:4424] key=concurrent_k_663, error=replica_not_ready
W1008 08:29:16.255785 96599 master_service.cpp:4424] key=concurrent_k_663, error=replica_not_ready
W1008 08:29:16.256104 96599 master_service.cpp:4424] key=concurrent_k_664, error=replica_not_ready
W1008 08:29:16.256160 96597 master_service.cpp:4424] key=concurrent_k_664, error=replica_not_ready
W1008 08:29:16.256255 96599 master_service.cpp:4424] key=concurrent_k_664, error=replica_not_ready
W1008 08:29:16.256525 96598 master_service.cpp:4424] key=concurrent_k_665, error=replica_not_ready
W1008 08:29:16.256573 96599 master_service.cpp:4424] key=concurrent_k_665, error=replica_not_ready
W1008 08:29:16.256640 96597 master_service.cpp:4424] key=concurrent_k_665, error=replica_not_ready
W1008 08:29:16.256934 96597 master_service.cpp:4424] key=concurrent_k_666, error=replica_not_ready
W1008 08:29:16.257025 96599 master_service.cpp:4424] key=concurrent_k_666, error=replica_not_ready
W1008 08:29:16.257411 96599 master_service.cpp:4424] key=concurrent_k_667, error=replica_not_ready
W1008 08:29:16.258255 96599 master_service.cpp:4424] key=concurrent_k_668, error=replica_not_ready
W1008 08:29:16.258723 96599 master_service.cpp:4424] key=concurrent_k_669, error=replica_not_ready
W1008 08:29:16.258744 96597 master_service.cpp:4424] key=concurrent_k_669, error=replica_not_ready
W1008 08:29:16.258855 96599 master_service.cpp:4424] key=concurrent_k_669, error=replica_not_ready
W1008 08:29:16.259172 96599 master_service.cpp:4424] key=concurrent_k_670, error=replica_not_ready
W1008 08:29:16.259191 96597 master_service.cpp:4424] key=concurrent_k_670, error=replica_not_ready
W1008 08:29:16.259611 96599 master_service.cpp:4424] key=concurrent_k_671, error=replica_not_ready
W1008 08:29:16.259797 96599 master_service.cpp:4424] key=concurrent_k_670, error=replica_not_ready
W1008 08:29:16.260481 96598 master_service.cpp:4424] key=concurrent_k_672, error=replica_not_ready
W1008 08:29:16.260905 96599 master_service.cpp:4424] key=concurrent_k_673, error=replica_not_ready
W1008 08:29:16.260941 96597 master_service.cpp:4424] key=concurrent_k_673, error=replica_not_ready
W1008 08:29:16.260950 96598 master_service.cpp:4424] key=concurrent_k_673, error=replica_not_ready
W1008 08:29:16.261346 96599 master_service.cpp:4424] key=concurrent_k_674, error=replica_not_ready
W1008 08:29:16.261353 96597 master_service.cpp:4424] key=concurrent_k_674, error=replica_not_ready
W1008 08:29:16.261709 96599 master_service.cpp:4424] key=concurrent_k_674, error=replica_not_ready
W1008 08:29:16.261878 96599 master_service.cpp:4424] key=concurrent_k_675, error=replica_not_ready
W1008 08:29:16.262055 96599 master_service.cpp:4424] key=concurrent_k_675, error=replica_not_ready
W1008 08:29:16.262130 96599 master_service.cpp:4424] key=concurrent_k_675, error=replica_not_ready
W1008 08:29:16.262432 96599 master_service.cpp:4424] key=concurrent_k_676, error=replica_not_ready
W1008 08:29:16.262483 96598 master_service.cpp:4424] key=concurrent_k_676, error=replica_not_ready
W1008 08:29:16.262602 96599 master_service.cpp:4424] key=concurrent_k_676, error=replica_not_ready
W1008 08:29:16.262842 96599 master_service.cpp:4424] key=concurrent_k_677, error=replica_not_ready
W1008 08:29:16.262972 96597 master_service.cpp:4424] key=concurrent_k_677, error=replica_not_ready
W1008 08:29:16.263003 96599 master_service.cpp:4424] key=concurrent_k_677, error=replica_not_ready
W1008 08:29:16.263419 96599 master_service.cpp:4424] key=concurrent_k_678, error=replica_not_ready
W1008 08:29:16.263437 96597 master_service.cpp:4424] key=concurrent_k_678, error=replica_not_ready
W1008 08:29:16.263896 96598 master_service.cpp:4424] key=concurrent_k_679, error=replica_not_ready
W1008 08:29:16.263898 96597 master_service.cpp:4424] key=concurrent_k_679, error=replica_not_ready
W1008 08:29:16.263948 96599 master_service.cpp:4424] key=concurrent_k_679, error=replica_not_ready
W1008 08:29:16.264314 96599 master_service.cpp:4424] key=concurrent_k_680, error=replica_not_ready
W1008 08:29:16.264324 96597 master_service.cpp:4424] key=concurrent_k_680, error=replica_not_ready
I1008 08:29:16.264633 96579 master_service.cpp:10619] [EVICT-TRIGGER] memory_ratio=0.90625 high_watermark=0.9 need_mem_eviction=0 eviction_ratio=0.05
W1008 08:29:16.264727 96599 master_service.cpp:4424] key=concurrent_k_681, error=replica_not_ready
W1008 08:29:16.265136 96599 master_service.cpp:4424] key=concurrent_k_681, error=replica_not_ready
W1008 08:29:16.265326 96599 master_service.cpp:4424] key=concurrent_k_681, error=replica_not_ready
W1008 08:29:16.265486 96598 master_service.cpp:4424] key=concurrent_k_682, error=replica_not_ready
W1008 08:29:16.265692 96598 master_service.cpp:4424] key=concurrent_k_682, error=replica_not_ready
W1008 08:29:16.266055 96599 master_service.cpp:4424] key=concurrent_k_683, error=replica_not_ready
W1008 08:29:16.266108 96598 master_service.cpp:4424] key=concurrent_k_683, error=replica_not_ready
W1008 08:29:16.266182 96599 master_service.cpp:4424] key=concurrent_k_683, error=replica_not_ready
W1008 08:29:16.266574 96599 master_service.cpp:4424] key=concurrent_k_684, error=replica_not_ready
W1008 08:29:16.266589 96597 master_service.cpp:4424] key=concurrent_k_684, error=replica_not_ready
W1008 08:29:16.266796 96599 master_service.cpp:4424] key=concurrent_k_684, error=replica_not_ready
W1008 08:29:16.267036 96597 master_service.cpp:4424] key=concurrent_k_685, error=replica_not_ready
W1008 08:29:16.267133 96599 master_service.cpp:4424] key=concurrent_k_685, error=replica_not_ready
W1008 08:29:16.267273 96599 master_service.cpp:4424] key=concurrent_k_685, error=replica_not_ready
W1008 08:29:16.267519 96599 master_service.cpp:4424] key=concurrent_k_686, error=replica_not_ready
W1008 08:29:16.267623 96599 master_service.cpp:4424] key=concurrent_k_686, error=replica_not_ready
W1008 08:29:16.267800 96599 master_service.cpp:4424] key=concurrent_k_686, error=replica_not_ready
W1008 08:29:16.267983 96599 master_service.cpp:4424] key=concurrent_k_687, error=replica_not_ready
W1008 08:29:16.268134 96599 master_service.cpp:4424] key=concurrent_k_687, error=replica_not_ready
I1008 08:29:16.268151 96579 master_service.cpp:12526] [EVICT-RESULT] evicted_count=27, eviction_base=464, actual_evict_ratio=0.0581897, target_evict_ratio=0.05625
I1008 08:29:16.268193 96579 master_service.cpp:10630] [EVICT-DONE] BatchEvict execution completed.
W1008 08:29:16.268371 96599 master_service.cpp:4424] key=concurrent_k_687, error=replica_not_ready
W1008 08:29:16.268468 96599 master_service.cpp:4424] key=concurrent_k_688, error=replica_not_ready
W1008 08:29:16.268762 96599 master_service.cpp:4424] key=concurrent_k_688, error=replica_not_ready
W1008 08:29:16.269105 96598 master_service.cpp:4424] key=concurrent_k_689, error=replica_not_ready
W1008 08:29:16.269225 96599 master_service.cpp:4424] key=concurrent_k_689, error=replica_not_ready
W1008 08:29:16.269393 96599 master_service.cpp:4424] key=concurrent_k_689, error=replica_not_ready
W1008 08:29:16.269573 96599 master_service.cpp:4424] key=concurrent_k_690, error=replica_not_ready
W1008 08:29:16.269717 96599 master_service.cpp:4424] key=concurrent_k_690, error=replica_not_ready
W1008 08:29:16.269961 96599 master_service.cpp:4424] key=concurrent_k_690, error=replica_not_ready
W1008 08:29:16.270084 96599 master_service.cpp:4424] key=concurrent_k_691, error=replica_not_ready
W1008 08:29:16.270308 96599 master_service.cpp:4424] key=concurrent_k_691, error=replica_not_ready
W1008 08:29:16.270658 96598 master_service.cpp:4424] key=concurrent_k_692, error=replica_not_ready
W1008 08:29:16.271219 96596 master_service.cpp:4424] key=concurrent_k_693, error=replica_not_ready
W1008 08:29:16.271256 96597 master_service.cpp:4424] key=concurrent_k_693, error=replica_not_ready
W1008 08:29:16.271449 96599 master_service.cpp:4424] key=concurrent_k_693, error=replica_not_ready
W1008 08:29:16.271701 96599 master_service.cpp:4424] key=concurrent_k_694, error=replica_not_ready
W1008 08:29:16.271809 96599 master_service.cpp:4424] key=concurrent_k_694, error=replica_not_ready
W1008 08:29:16.271821 96597 master_service.cpp:4424] key=concurrent_k_694, error=replica_not_ready
W1008 08:29:16.272162 96597 master_service.cpp:4424] key=concurrent_k_695, error=replica_not_ready
W1008 08:29:16.272203 96599 master_service.cpp:4424] key=concurrent_k_695, error=replica_not_ready
W1008 08:29:16.272368 96599 master_service.cpp:4424] key=concurrent_k_695, error=replica_not_ready
W1008 08:29:16.272598 96599 master_service.cpp:4424] key=concurrent_k_696, error=replica_not_ready
W1008 08:29:16.272696 96599 master_service.cpp:4424] key=concurrent_k_696, error=replica_not_ready
W1008 08:29:16.273030 96599 master_service.cpp:4424] key=concurrent_k_697, error=replica_not_ready
W1008 08:29:16.273422 96597 master_service.cpp:4424] key=concurrent_k_697, error=replica_not_ready
W1008 08:29:16.273803 96598 master_service.cpp:4424] key=concurrent_k_698, error=replica_not_ready
W1008 08:29:16.274228 96598 master_service.cpp:4424] key=concurrent_k_699, error=replica_not_ready
W1008 08:29:16.274264 96599 master_service.cpp:4424] key=concurrent_k_699, error=replica_not_ready
W1008 08:29:16.274278 96597 master_service.cpp:4424] key=concurrent_k_699, error=replica_not_ready
W1008 08:29:16.274621 96599 master_service.cpp:4424] key=concurrent_k_700, error=replica_not_ready
W1008 08:29:16.274636 96598 master_service.cpp:4424] key=concurrent_k_700, error=replica_not_ready
W1008 08:29:16.275120 96599 master_service.cpp:4424] key=concurrent_k_701, error=replica_not_ready
W1008 08:29:16.275296 96599 master_service.cpp:4424] key=concurrent_k_700, error=replica_not_ready
W1008 08:29:16.275956 96599 master_service.cpp:4424] key=concurrent_k_702, error=replica_not_ready
W1008 08:29:16.276015 96597 master_service.cpp:4424] key=concurrent_k_702, error=replica_not_ready
W1008 08:29:16.276404 96599 master_service.cpp:4424] key=concurrent_k_703, error=replica_not_ready
W1008 08:29:16.276417 96597 master_service.cpp:4424] key=concurrent_k_703, error=replica_not_ready
W1008 08:29:16.276450 96598 master_service.cpp:4424] key=concurrent_k_703, error=replica_not_ready
W1008 08:29:16.276811 96599 master_service.cpp:4424] key=concurrent_k_704, error=replica_not_ready
W1008 08:29:16.276844 96597 master_service.cpp:4424] key=concurrent_k_704, error=replica_not_ready
W1008 08:29:16.277237 96599 master_service.cpp:4424] key=concurrent_k_705, error=replica_not_ready
W1008 08:29:16.277612 96599 master_service.cpp:4424] key=concurrent_k_705, error=replica_not_ready
W1008 08:29:16.277992 96599 master_service.cpp:4424] key=concurrent_k_706, error=replica_not_ready
W1008 08:29:16.278069 96598 master_service.cpp:4424] key=concurrent_k_706, error=replica_not_ready
W1008 08:29:16.278183 96599 master_service.cpp:4424] key=concurrent_k_706, error=replica_not_ready
I1008 08:29:16.278258 96579 master_service.cpp:10619] [EVICT-TRIGGER] memory_ratio=0.902344 high_watermark=0.9 need_mem_eviction=0 eviction_ratio=0.05
W1008 08:29:16.278443 96596 master_service.cpp:4424] key=concurrent_k_707, error=replica_not_ready
W1008 08:29:16.278620 96599 master_service.cpp:4424] key=concurrent_k_707, error=replica_not_ready
W1008 08:29:16.278769 96599 master_service.cpp:4424] key=concurrent_k_707, error=replica_not_ready
W1008 08:29:16.278996 96599 master_service.cpp:4424] key=concurrent_k_708, error=replica_not_ready
W1008 08:29:16.279117 96599 master_service.cpp:4424] key=concurrent_k_708, error=replica_not_ready
W1008 08:29:16.279138 96597 master_service.cpp:4424] key=concurrent_k_708, error=replica_not_ready
W1008 08:29:16.279443 96597 master_service.cpp:4424] key=concurrent_k_709, error=replica_not_ready
W1008 08:29:16.279491 96599 master_service.cpp:4424] key=concurrent_k_709, error=replica_not_ready
W1008 08:29:16.279932 96597 master_service.cpp:4424] key=concurrent_k_710, error=replica_not_ready
W1008 08:29:16.280150 96597 master_service.cpp:4424] key=concurrent_k_710, error=replica_not_ready
W1008 08:29:16.280313 96599 master_service.cpp:4424] key=concurrent_k_710, error=replica_not_ready
W1008 08:29:16.280501 96599 master_service.cpp:4424] key=concurrent_k_711, error=replica_not_ready
W1008 08:29:16.280653 96599 master_service.cpp:4424] key=concurrent_k_711, error=replica_not_ready
W1008 08:29:16.281013 96597 master_service.cpp:4424] key=concurrent_k_712, error=replica_not_ready
W1008 08:29:16.281250 96599 master_service.cpp:4424] key=concurrent_k_712, error=replica_not_ready
W1008 08:29:16.281383 96597 master_service.cpp:4424] key=concurrent_k_712, error=replica_not_ready
W1008 08:29:16.281584 96599 master_service.cpp:4424] key=concurrent_k_713, error=replica_not_ready
I1008 08:29:16.281607 96579 master_service.cpp:12526] [EVICT-RESULT] evicted_count=25, eviction_base=462, actual_evict_ratio=0.0541126, target_evict_ratio=0.0523437
I1008 08:29:16.281649 96579 master_service.cpp:10630] [EVICT-DONE] BatchEvict execution completed.
W1008 08:29:16.281708 96597 master_service.cpp:4424] key=concurrent_k_713, error=replica_not_ready
W1008 08:29:16.282055 96599 master_service.cpp:4424] key=concurrent_k_713, error=replica_not_ready
W1008 08:29:16.282074 96597 master_service.cpp:4424] key=concurrent_k_714, error=replica_not_ready
W1008 08:29:16.282409 96597 master_service.cpp:4424] key=concurrent_k_714, error=replica_not_ready
W1008 08:29:16.282828 96599 master_service.cpp:4424] key=concurrent_k_715, error=replica_not_ready
W1008 08:29:16.282869 96598 master_service.cpp:4424] key=concurrent_k_715, error=replica_not_ready
W1008 08:29:16.282897 96597 master_service.cpp:4424] key=concurrent_k_715, error=replica_not_ready
W1008 08:29:16.283289 96599 master_service.cpp:4424] key=concurrent_k_716, error=replica_not_ready
W1008 08:29:16.283303 96598 master_service.cpp:4424] key=concurrent_k_716, error=replica_not_ready
W1008 08:29:16.283306 96597 master_service.cpp:4424] key=concurrent_k_716, error=replica_not_ready
W1008 08:29:16.283717 96599 master_service.cpp:4424] key=concurrent_k_717, error=replica_not_ready
W1008 08:29:16.283737 96597 master_service.cpp:4424] key=concurrent_k_717, error=replica_not_ready
W1008 08:29:16.284027 96598 master_service.cpp:4424] key=concurrent_k_717, error=replica_not_ready
W1008 08:29:16.284161 96599 master_service.cpp:4424] key=concurrent_k_718, error=replica_not_ready
W1008 08:29:16.284366 96599 master_service.cpp:4424] key=concurrent_k_718, error=replica_not_ready
W1008 08:29:16.284750 96597 master_service.cpp:4424] key=concurrent_k_719, error=replica_not_ready
W1008 08:29:16.284964 96599 master_service.cpp:4424] key=concurrent_k_719, error=replica_not_ready
W1008 08:29:16.285316 96597 master_service.cpp:4424] key=concurrent_k_720, error=replica_not_ready
W1008 08:29:16.285400 96599 master_service.cpp:4424] key=concurrent_k_720, error=replica_not_ready
W1008 08:29:16.285418 96597 master_service.cpp:4424] key=concurrent_k_720, error=replica_not_ready
W1008 08:29:16.285764 96599 master_service.cpp:4424] key=concurrent_k_721, error=replica_not_ready
W1008 08:29:16.285786 96597 master_service.cpp:4424] key=concurrent_k_721, error=replica_not_ready
W1008 08:29:16.286168 96597 master_service.cpp:4424] key=concurrent_k_721, error=replica_not_ready
W1008 08:29:16.286217 96599 master_service.cpp:4424] key=concurrent_k_722, error=replica_not_ready
W1008 08:29:16.286597 96597 master_service.cpp:4424] key=concurrent_k_722, error=replica_not_ready
W1008 08:29:16.286995 96599 master_service.cpp:4424] key=concurrent_k_723, error=replica_not_ready
W1008 08:29:16.287407 96598 master_service.cpp:4424] key=concurrent_k_724, error=replica_not_ready
W1008 08:29:16.287441 96597 master_service.cpp:4424] key=concurrent_k_724, error=replica_not_ready
W1008 08:29:16.287467 96599 master_service.cpp:4424] key=concurrent_k_724, error=replica_not_ready
W1008 08:29:16.287824 96599 master_service.cpp:4424] key=concurrent_k_725, error=replica_not_ready
W1008 08:29:16.287844 96597 master_service.cpp:4424] key=concurrent_k_725, error=replica_not_ready
W1008 08:29:16.288270 96598 master_service.cpp:4424] key=concurrent_k_726, error=replica_not_ready
W1008 08:29:16.288604 96597 master_service.cpp:4424] key=concurrent_k_726, error=replica_not_ready
W1008 08:29:16.288959 96599 master_service.cpp:4424] key=concurrent_k_727, error=replica_not_ready
W1008 08:29:16.289067 96598 master_service.cpp:4424] key=concurrent_k_727, error=replica_not_ready
W1008 08:29:16.289108 96596 master_service.cpp:4424] key=concurrent_k_727, error=replica_not_ready
W1008 08:29:16.289427 96597 master_service.cpp:4424] key=concurrent_k_728, error=replica_not_ready
W1008 08:29:16.289456 96599 master_service.cpp:4424] key=concurrent_k_728, error=replica_not_ready
W1008 08:29:16.289477 96598 master_service.cpp:4424] key=concurrent_k_728, error=replica_not_ready
W1008 08:29:16.289840 96599 master_service.cpp:4424] key=concurrent_k_729, error=replica_not_ready
W1008 08:29:16.289870 96597 master_service.cpp:4424] key=concurrent_k_729, error=replica_not_ready
W1008 08:29:16.290303 96599 master_service.cpp:4424] key=concurrent_k_730, error=replica_not_ready
W1008 08:29:16.290603 96599 master_service.cpp:4424] key=concurrent_k_730, error=replica_not_ready
W1008 08:29:16.290977 96599 master_service.cpp:4424] key=concurrent_k_731, error=replica_not_ready
W1008 08:29:16.291085 96597 master_service.cpp:4424] key=concurrent_k_731, error=replica_not_ready
W1008 08:29:16.291143 96599 master_service.cpp:4424] key=concurrent_k_731, error=replica_not_ready
W1008 08:29:16.291446 96599 master_service.cpp:4424] key=concurrent_k_732, error=replica_not_ready
W1008 08:29:16.291522 96599 master_service.cpp:4424] key=concurrent_k_732, error=replica_not_ready
W1008 08:29:16.291544 96597 master_service.cpp:4424] key=concurrent_k_732, error=replica_not_ready
I1008 08:29:16.291716 96579 master_service.cpp:10619] [EVICT-TRIGGER] memory_ratio=0.904297 high_watermark=0.9 need_mem_eviction=0 eviction_ratio=0.05
W1008 08:29:16.291888 96598 master_service.cpp:4424] key=concurrent_k_733, error=replica_not_ready
W1008 08:29:16.291893 96599 master_service.cpp:4424] key=concurrent_k_733, error=replica_not_ready
W1008 08:29:16.292388 96599 master_service.cpp:4424] key=concurrent_k_734, error=replica_not_ready
W1008 08:29:16.292418 96597 master_service.cpp:4424] key=concurrent_k_733, error=replica_not_ready
W1008 08:29:16.292807 96598 master_service.cpp:4424] key=concurrent_k_734, error=replica_not_ready
W1008 08:29:16.292872 96599 master_service.cpp:4424] key=concurrent_k_734, error=replica_not_ready
W1008 08:29:16.293226 96599 master_service.cpp:4424] key=concurrent_k_735, error=replica_not_ready
W1008 08:29:16.293244 96598 master_service.cpp:4424] key=concurrent_k_735, error=replica_not_ready
W1008 08:29:16.293640 96599 master_service.cpp:4424] key=concurrent_k_736, error=replica_not_ready
W1008 08:29:16.293691 96598 master_service.cpp:4424] key=concurrent_k_736, error=replica_not_ready
W1008 08:29:16.293771 96597 master_service.cpp:4424] key=concurrent_k_736, error=replica_not_ready
W1008 08:29:16.294250 96599 master_service.cpp:4424] key=concurrent_k_737, error=replica_not_ready
W1008 08:29:16.294265 96597 master_service.cpp:4424] key=concurrent_k_737, error=replica_not_ready
W1008 08:29:16.294471 96599 master_service.cpp:4424] key=concurrent_k_737, error=replica_not_ready
W1008 08:29:16.294772 96599 master_service.cpp:4424] key=concurrent_k_738, error=replica_not_ready
W1008 08:29:16.294900 96597 master_service.cpp:4424] key=concurrent_k_738, error=replica_not_ready
W1008 08:29:16.295002 96599 master_service.cpp:4424] key=concurrent_k_738, error=replica_not_ready
I1008 08:29:16.295054 96579 master_service.cpp:12526] [EVICT-RESULT] evicted_count=26, eviction_base=464, actual_evict_ratio=0.0560345, target_evict_ratio=0.0542969
I1008 08:29:16.295096 96579 master_service.cpp:10630] [EVICT-DONE] BatchEvict execution completed.
W1008 08:29:16.295295 96599 master_service.cpp:4424] key=concurrent_k_739, error=replica_not_ready
W1008 08:29:16.295361 96597 master_service.cpp:4424] key=concurrent_k_739, error=replica_not_ready
W1008 08:29:16.295723 96599 master_service.cpp:4424] key=concurrent_k_740, error=replica_not_ready
W1008 08:29:16.296007 96599 master_service.cpp:4424] key=concurrent_k_740, error=replica_not_ready
W1008 08:29:16.296334 96599 master_service.cpp:4424] key=concurrent_k_741, error=replica_not_ready
W1008 08:29:16.296443 96597 master_service.cpp:4424] key=concurrent_k_741, error=replica_not_ready
W1008 08:29:16.296509 96599 master_service.cpp:4424] key=concurrent_k_741, error=replica_not_ready
W1008 08:29:16.296826 96599 master_service.cpp:4424] key=concurrent_k_742, error=replica_not_ready
W1008 08:29:16.296867 96597 master_service.cpp:4424] key=concurrent_k_742, error=replica_not_ready
W1008 08:29:16.297267 96599 master_service.cpp:4424] key=concurrent_k_742, error=replica_not_ready
W1008 08:29:16.297281 96597 master_service.cpp:4424] key=concurrent_k_743, error=replica_not_ready
W1008 08:29:16.297640 96597 master_service.cpp:4424] key=concurrent_k_743, error=replica_not_ready
W1008 08:29:16.298023 96599 master_service.cpp:4424] key=concurrent_k_744, error=replica_not_ready
W1008 08:29:16.298105 96599 master_service.cpp:4424] key=concurrent_k_744, error=replica_not_ready
W1008 08:29:16.298185 96599 master_service.cpp:4424] key=concurrent_k_744, error=replica_not_ready
W1008 08:29:16.298444 96599 master_service.cpp:4424] key=concurrent_k_745, error=replica_not_ready
W1008 08:29:16.298545 96599 master_service.cpp:4424] key=concurrent_k_745, error=replica_not_ready
W1008 08:29:16.298580 96597 master_service.cpp:4424] key=concurrent_k_745, error=replica_not_ready
W1008 08:29:16.298949 96599 master_service.cpp:4424] key=concurrent_k_746, error=replica_not_ready
W1008 08:29:16.298976 96597 master_service.cpp:4424] key=concurrent_k_746, error=replica_not_ready
W1008 08:29:16.299150 96599 master_service.cpp:4424] key=concurrent_k_746, error=replica_not_ready
W1008 08:29:16.299417 96599 master_service.cpp:4424] key=concurrent_k_747, error=replica_not_ready
W1008 08:29:16.299530 96599 master_service.cpp:4424] key=concurrent_k_747, error=replica_not_ready
W1008 08:29:16.299912 96599 master_service.cpp:4424] key=concurrent_k_748, error=replica_not_ready
W1008 08:29:16.300040 96599 master_service.cpp:4424] key=concurrent_k_748, error=replica_not_ready
W1008 08:29:16.300323 96598 master_service.cpp:4424] key=concurrent_k_748, error=replica_not_ready
W1008 08:29:16.300383 96599 master_service.cpp:4424] key=concurrent_k_749, error=replica_not_ready
W1008 08:29:16.300645 96599 master_service.cpp:4424] key=concurrent_k_749, error=replica_not_ready
W1008 08:29:16.300988 96599 master_service.cpp:4424] key=concurrent_k_750, error=replica_not_ready
W1008 08:29:16.301548 96599 master_service.cpp:4424] key=concurrent_k_751, error=replica_not_ready
W1008 08:29:16.301728 96599 master_service.cpp:4424] key=concurrent_k_751, error=replica_not_ready
W1008 08:29:16.302053 96599 master_service.cpp:4424] key=concurrent_k_752, error=replica_not_ready
W1008 08:29:16.302184 96597 master_service.cpp:4424] key=concurrent_k_752, error=replica_not_ready
W1008 08:29:16.302203 96599 master_service.cpp:4424] key=concurrent_k_752, error=replica_not_ready
W1008 08:29:16.302565 96599 master_service.cpp:4424] key=concurrent_k_753, error=replica_not_ready
W1008 08:29:16.302608 96597 master_service.cpp:4424] key=concurrent_k_753, error=replica_not_ready
W1008 08:29:16.303036 96599 master_service.cpp:4424] key=concurrent_k_754, error=replica_not_ready
W1008 08:29:16.303328 96599 master_service.cpp:4424] key=concurrent_k_754, error=replica_not_ready
W1008 08:29:16.303500 96597 master_service.cpp:4424] key=concurrent_k_754, error=replica_not_ready
W1008 08:29:16.303709 96599 master_service.cpp:4424] key=concurrent_k_755, error=replica_not_ready
W1008 08:29:16.303874 96599 master_service.cpp:4424] key=concurrent_k_755, error=replica_not_ready
W1008 08:29:16.303896 96597 master_service.cpp:4424] key=concurrent_k_755, error=replica_not_ready
W1008 08:29:16.304236 96599 master_service.cpp:4424] key=concurrent_k_756, error=replica_not_ready
W1008 08:29:16.304265 96597 master_service.cpp:4424] key=concurrent_k_756, error=replica_not_ready
W1008 08:29:16.304647 96599 master_service.cpp:4424] key=concurrent_k_757, error=replica_not_ready
W1008 08:29:16.304786 96599 master_service.cpp:4424] key=concurrent_k_757, error=replica_not_ready
W1008 08:29:16.304913 96599 master_service.cpp:4424] key=concurrent_k_757, error=replica_not_ready
W1008 08:29:16.305102 96599 master_service.cpp:4424] key=concurrent_k_758, error=replica_not_ready
I1008 08:29:16.305162 96579 master_service.cpp:10619] [EVICT-TRIGGER] memory_ratio=0.904297 high_watermark=0.9 need_mem_eviction=0 eviction_ratio=0.05
W1008 08:29:16.305253 96599 master_service.cpp:4424] key=concurrent_k_758, error=replica_not_ready
W1008 08:29:16.305609 96599 master_service.cpp:4424] key=concurrent_k_759, error=replica_not_ready
W1008 08:29:16.305943 96599 master_service.cpp:4424] key=concurrent_k_759, error=replica_not_ready
W1008 08:29:16.306105 96599 master_service.cpp:4424] key=concurrent_k_759, error=replica_not_ready
W1008 08:29:16.306277 96599 master_service.cpp:4424] key=concurrent_k_760, error=replica_not_ready
W1008 08:29:16.306463 96597 master_service.cpp:4424] key=concurrent_k_760, error=replica_not_ready
W1008 08:29:16.306511 96599 master_service.cpp:4424] key=concurrent_k_760, error=replica_not_ready
W1008 08:29:16.306833 96599 master_service.cpp:4424] key=concurrent_k_761, error=replica_not_ready
W1008 08:29:16.306887 96597 master_service.cpp:4424] key=concurrent_k_761, error=replica_not_ready
W1008 08:29:16.307291 96599 master_service.cpp:4424] key=concurrent_k_762, error=replica_not_ready
W1008 08:29:16.307418 96597 master_service.cpp:4424] key=concurrent_k_762, error=replica_not_ready
W1008 08:29:16.307447 96599 master_service.cpp:4424] key=concurrent_k_762, error=replica_not_ready
W1008 08:29:16.307817 96599 master_service.cpp:4424] key=concurrent_k_763, error=replica_not_ready
W1008 08:29:16.307833 96597 master_service.cpp:4424] key=concurrent_k_763, error=replica_not_ready
W1008 08:29:16.308051 96599 master_service.cpp:4424] key=concurrent_k_763, error=replica_not_ready
W1008 08:29:16.308262 96599 master_service.cpp:4424] key=concurrent_k_764, error=replica_not_ready
W1008 08:29:16.308404 96597 master_service.cpp:4424] key=concurrent_k_764, error=replica_not_ready
I1008 08:29:16.308481 96579 master_service.cpp:12526] [EVICT-RESULT] evicted_count=26, eviction_base=463, actual_evict_ratio=0.0561555, target_evict_ratio=0.0542969
I1008 08:29:16.308522 96579 master_service.cpp:10630] [EVICT-DONE] BatchEvict execution completed.
W1008 08:29:16.308790 96597 master_service.cpp:4424] key=concurrent_k_765, error=replica_not_ready
W1008 08:29:16.309348 96599 master_service.cpp:4424] key=concurrent_k_766, error=replica_not_ready
W1008 08:29:16.309391 96598 master_service.cpp:4424] key=concurrent_k_766, error=replica_not_ready
W1008 08:29:16.309514 96599 master_service.cpp:4424] key=concurrent_k_766, error=replica_not_ready
W1008 08:29:16.309818 96597 master_service.cpp:4424] key=concurrent_k_767, error=replica_not_ready
W1008 08:29:16.309861 96599 master_service.cpp:4424] key=concurrent_k_767, error=replica_not_ready
W1008 08:29:16.310036 96599 master_service.cpp:4424] key=concurrent_k_767, error=replica_not_ready
W1008 08:29:16.310300 96597 master_service.cpp:4424] key=concurrent_k_768, error=replica_not_ready
W1008 08:29:16.310343 96599 master_service.cpp:4424] key=concurrent_k_768, error=replica_not_ready
W1008 08:29:16.310448 96599 master_service.cpp:4424] key=concurrent_k_768, error=replica_not_ready
W1008 08:29:16.310765 96599 master_service.cpp:4424] key=concurrent_k_769, error=replica_not_ready
W1008 08:29:16.310976 96599 master_service.cpp:4424] key=concurrent_k_769, error=replica_not_ready
W1008 08:29:16.310993 96596 master_service.cpp:4424] key=concurrent_k_769, error=replica_not_ready
W1008 08:29:16.311317 96599 master_service.cpp:4424] key=concurrent_k_770, error=replica_not_ready
W1008 08:29:16.311405 96599 master_service.cpp:4424] key=concurrent_k_770, error=replica_not_ready
W1008 08:29:16.311760 96599 master_service.cpp:4424] key=concurrent_k_771, error=replica_not_ready
W1008 08:29:16.311946 96599 master_service.cpp:4424] key=concurrent_k_771, error=replica_not_ready
W1008 08:29:16.312101 96599 master_service.cpp:4424] key=concurrent_k_771, error=replica_not_ready
W1008 08:29:16.312256 96599 master_service.cpp:4424] key=concurrent_k_772, error=replica_not_ready
W1008 08:29:16.312430 96598 master_service.cpp:4424] key=concurrent_k_772, error=replica_not_ready
W1008 08:29:16.312551 96597 master_service.cpp:4424] key=concurrent_k_772, error=replica_not_ready
W1008 08:29:16.312722 96599 master_service.cpp:4424] key=concurrent_k_773, error=replica_not_ready
W1008 08:29:16.312940 96597 master_service.cpp:4424] key=concurrent_k_773, error=replica_not_ready
W1008 08:29:16.313249 96599 master_service.cpp:4424] key=concurrent_k_773, error=replica_not_ready
W1008 08:29:16.313346 96597 master_service.cpp:4424] key=concurrent_k_774, error=replica_not_ready
W1008 08:29:16.313604 96597 master_service.cpp:4424] key=concurrent_k_774, error=replica_not_ready
W1008 08:29:16.313663 96599 master_service.cpp:4424] key=concurrent_k_774, error=replica_not_ready
W1008 08:29:16.314005 96599 master_service.cpp:4424] key=concurrent_k_775, error=replica_not_ready
W1008 08:29:16.314016 96597 master_service.cpp:4424] key=concurrent_k_775, error=replica_not_ready
W1008 08:29:16.314170 96599 master_service.cpp:4424] key=concurrent_k_775, error=replica_not_ready
W1008 08:29:16.314446 96597 master_service.cpp:4424] key=concurrent_k_776, error=replica_not_ready
W1008 08:29:16.314481 96599 master_service.cpp:4424] key=concurrent_k_776, error=replica_not_ready
W1008 08:29:16.314896 96599 master_service.cpp:4424] key=concurrent_k_777, error=replica_not_ready
W1008 08:29:16.315603 96599 master_service.cpp:4424] key=concurrent_k_778, error=replica_not_ready
W1008 08:29:16.315675 96597 master_service.cpp:4424] key=concurrent_k_778, error=replica_not_ready
W1008 08:29:16.315773 96599 master_service.cpp:4424] key=concurrent_k_778, error=replica_not_ready
W1008 08:29:16.316076 96598 master_service.cpp:4424] key=concurrent_k_779, error=replica_not_ready
W1008 08:29:16.316104 96599 master_service.cpp:4424] key=concurrent_k_779, error=replica_not_ready
W1008 08:29:16.316190 96599 master_service.cpp:4424] key=concurrent_k_779, error=replica_not_ready
W1008 08:29:16.316520 96599 master_service.cpp:4424] key=concurrent_k_780, error=replica_not_ready
W1008 08:29:16.316538 96597 master_service.cpp:4424] key=concurrent_k_780, error=replica_not_ready
W1008 08:29:16.316937 96599 master_service.cpp:4424] key=concurrent_k_781, error=replica_not_ready
W1008 08:29:16.317361 96599 master_service.cpp:4424] key=concurrent_k_781, error=replica_not_ready
W1008 08:29:16.317381 96598 master_service.cpp:4424] key=concurrent_k_781, error=replica_not_ready
W1008 08:29:16.317741 96599 master_service.cpp:4424] key=concurrent_k_782, error=replica_not_ready
W1008 08:29:16.317794 96598 master_service.cpp:4424] key=concurrent_k_782, error=replica_not_ready
W1008 08:29:16.317797 96597 master_service.cpp:4424] key=concurrent_k_782, error=replica_not_ready
W1008 08:29:16.318172 96599 master_service.cpp:4424] key=concurrent_k_783, error=replica_not_ready
W1008 08:29:16.318202 96598 master_service.cpp:4424] key=concurrent_k_783, error=replica_not_ready
W1008 08:29:16.318313 96599 master_service.cpp:4424] key=concurrent_k_783, error=replica_not_ready
I1008 08:29:16.318590 96579 master_service.cpp:10619] [EVICT-TRIGGER] memory_ratio=0.904297 high_watermark=0.9 need_mem_eviction=0 eviction_ratio=0.05
W1008 08:29:16.318598 96597 master_service.cpp:4424] key=concurrent_k_784, error=replica_not_ready
W1008 08:29:16.318645 96599 master_service.cpp:4424] key=concurrent_k_784, error=replica_not_ready
W1008 08:29:16.319113 96597 master_service.cpp:4424] key=concurrent_k_785, error=replica_not_ready
W1008 08:29:16.319423 96599 master_service.cpp:4424] key=concurrent_k_785, error=replica_not_ready
W1008 08:29:16.319585 96597 master_service.cpp:4424] key=concurrent_k_785, error=replica_not_ready
W1008 08:29:16.319772 96599 master_service.cpp:4424] key=concurrent_k_786, error=replica_not_ready
W1008 08:29:16.320024 96599 master_service.cpp:4424] key=concurrent_k_786, error=replica_not_ready
W1008 08:29:16.320393 96599 master_service.cpp:4424] key=concurrent_k_787, error=replica_not_ready
W1008 08:29:16.320467 96597 master_service.cpp:4424] key=concurrent_k_787, error=replica_not_ready
W1008 08:29:16.320515 96598 master_service.cpp:4424] key=concurrent_k_787, error=replica_not_ready
W1008 08:29:16.320873 96597 master_service.cpp:4424] key=concurrent_k_788, error=replica_not_ready
W1008 08:29:16.320895 96598 master_service.cpp:4424] key=concurrent_k_788, error=replica_not_ready
W1008 08:29:16.320899 96599 master_service.cpp:4424] key=concurrent_k_788, error=replica_not_ready
W1008 08:29:16.321328 96599 master_service.cpp:4424] key=concurrent_k_789, error=replica_not_ready
W1008 08:29:16.321353 96597 master_service.cpp:4424] key=concurrent_k_789, error=replica_not_ready
W1008 08:29:16.321645 96598 master_service.cpp:4424] key=concurrent_k_789, error=replica_not_ready
W1008 08:29:16.321775 96599 master_service.cpp:4424] key=concurrent_k_790, error=replica_not_ready
I1008 08:29:16.321877 96579 master_service.cpp:12526] [EVICT-RESULT] evicted_count=26, eviction_base=462, actual_evict_ratio=0.0562771, target_evict_ratio=0.0542969
I1008 08:29:16.321918 96579 master_service.cpp:10630] [EVICT-DONE] BatchEvict execution completed.
W1008 08:29:16.321992 96599 master_service.cpp:4424] key=concurrent_k_790, error=replica_not_ready
W1008 08:29:16.322404 96597 master_service.cpp:4424] key=concurrent_k_791, error=replica_not_ready
W1008 08:29:16.322544 96599 master_service.cpp:4424] key=concurrent_k_791, error=replica_not_ready
W1008 08:29:16.322695 96599 master_service.cpp:4424] key=concurrent_k_791, error=replica_not_ready
W1008 08:29:16.322898 96599 master_service.cpp:4424] key=concurrent_k_792, error=replica_not_ready
W1008 08:29:16.323062 96599 master_service.cpp:4424] key=concurrent_k_792, error=replica_not_ready
W1008 08:29:16.323386 96599 master_service.cpp:4424] key=concurrent_k_793, error=replica_not_ready
W1008 08:29:16.323621 96599 master_service.cpp:4424] key=concurrent_k_793, error=replica_not_ready
W1008 08:29:16.323963 96599 master_service.cpp:4424] key=concurrent_k_794, error=replica_not_ready
W1008 08:29:16.324012 96597 master_service.cpp:4424] key=concurrent_k_794, error=replica_not_ready
W1008 08:29:16.324023 96598 master_service.cpp:4424] key=concurrent_k_794, error=replica_not_ready
W1008 08:29:16.324411 96598 master_service.cpp:4424] key=concurrent_k_795, error=replica_not_ready
W1008 08:29:16.324440 96597 master_service.cpp:4424] key=concurrent_k_795, error=replica_not_ready
W1008 08:29:16.324847 96599 master_service.cpp:4424] key=concurrent_k_795, error=replica_not_ready
W1008 08:29:16.324858 96597 master_service.cpp:4424] key=concurrent_k_796, error=replica_not_ready
W1008 08:29:16.325220 96597 master_service.cpp:4424] key=concurrent_k_796, error=replica_not_ready
W1008 08:29:16.325443 96599 master_service.cpp:4424] key=concurrent_k_796, error=replica_not_ready
W1008 08:29:16.325596 96599 master_service.cpp:4424] key=concurrent_k_797, error=replica_not_ready
W1008 08:29:16.326155 96599 master_service.cpp:4424] key=concurrent_k_798, error=replica_not_ready
W1008 08:29:16.326206 96598 master_service.cpp:4424] key=concurrent_k_798, error=replica_not_ready
W1008 08:29:16.326318 96597 master_service.cpp:4424] key=concurrent_k_798, error=replica_not_ready
W1008 08:29:16.326623 96597 master_service.cpp:4424] key=concurrent_k_799, error=replica_not_ready
W1008 08:29:16.326668 96599 master_service.cpp:4424] key=concurrent_k_799, error=replica_not_ready
W1008 08:29:16.326735 96597 master_service.cpp:4424] key=concurrent_k_799, error=replica_not_ready
W1008 08:29:16.327090 96597 master_service.cpp:4424] key=concurrent_k_800, error=replica_not_ready
W1008 08:29:16.327100 96599 master_service.cpp:4424] key=concurrent_k_800, error=replica_not_ready
W1008 08:29:16.327518 96597 master_service.cpp:4424] key=concurrent_k_801, error=replica_not_ready
W1008 08:29:16.327822 96599 master_service.cpp:4424] key=concurrent_k_801, error=replica_not_ready
W1008 08:29:16.327886 96597 master_service.cpp:4424] key=concurrent_k_801, error=replica_not_ready
W1008 08:29:16.328181 96599 master_service.cpp:4424] key=concurrent_k_802, error=replica_not_ready
W1008 08:29:16.328226 96598 master_service.cpp:4424] key=concurrent_k_802, error=replica_not_ready
W1008 08:29:16.328339 96599 master_service.cpp:4424] key=concurrent_k_802, error=replica_not_ready
W1008 08:29:16.328603 96597 master_service.cpp:4424] key=concurrent_k_803, error=replica_not_ready
W1008 08:29:16.328655 96599 master_service.cpp:4424] key=concurrent_k_803, error=replica_not_ready
W1008 08:29:16.329054 96599 master_service.cpp:4424] key=concurrent_k_804, error=replica_not_ready
W1008 08:29:16.329166 96599 master_service.cpp:4424] key=concurrent_k_803, error=replica_not_ready
W1008 08:29:16.329501 96599 master_service.cpp:4424] key=concurrent_k_804, error=replica_not_ready
W1008 08:29:16.329653 96599 master_service.cpp:4424] key=concurrent_k_804, error=replica_not_ready
W1008 08:29:16.329824 96599 master_service.cpp:4424] key=concurrent_k_805, error=replica_not_ready
W1008 08:29:16.330296 96597 master_service.cpp:4424] key=concurrent_k_806, error=replica_not_ready
W1008 08:29:16.330334 96598 master_service.cpp:4424] key=concurrent_k_806, error=replica_not_ready
W1008 08:29:16.330420 96599 master_service.cpp:4424] key=concurrent_k_806, error=replica_not_ready
W1008 08:29:16.330796 96599 master_service.cpp:4424] key=concurrent_k_807, error=replica_not_ready
W1008 08:29:16.330821 96597 master_service.cpp:4424] key=concurrent_k_807, error=replica_not_ready
W1008 08:29:16.330969 96599 master_service.cpp:4424] key=concurrent_k_807, error=replica_not_ready
W1008 08:29:16.331223 96597 master_service.cpp:4424] key=concurrent_k_808, error=replica_not_ready
W1008 08:29:16.331314 96599 master_service.cpp:4424] key=concurrent_k_808, error=replica_not_ready
W1008 08:29:16.331681 96597 master_service.cpp:4424] key=concurrent_k_809, error=replica_not_ready
W1008 08:29:16.331839 96599 master_service.cpp:4424] key=concurrent_k_809, error=replica_not_ready
W1008 08:29:16.331979 96599 master_service.cpp:4424] key=concurrent_k_809, error=replica_not_ready
I1008 08:29:16.331983 96579 master_service.cpp:10619] [EVICT-TRIGGER] memory_ratio=0.902344 high_watermark=0.9 need_mem_eviction=0 eviction_ratio=0.05
W1008 08:29:16.332181 96599 master_service.cpp:4424] key=concurrent_k_810, error=replica_not_ready
W1008 08:29:16.332314 96599 master_service.cpp:4424] key=concurrent_k_810, error=replica_not_ready
W1008 08:29:16.332424 96599 master_service.cpp:4424] key=concurrent_k_810, error=replica_not_ready
W1008 08:29:16.332662 96599 master_service.cpp:4424] key=concurrent_k_811, error=replica_not_ready
W1008 08:29:16.332837 96597 master_service.cpp:4424] key=concurrent_k_811, error=replica_not_ready
W1008 08:29:16.332917 96599 master_service.cpp:4424] key=concurrent_k_811, error=replica_not_ready
W1008 08:29:16.333264 96599 master_service.cpp:4424] key=concurrent_k_812, error=replica_not_ready
W1008 08:29:16.333283 96597 master_service.cpp:4424] key=concurrent_k_812, error=replica_not_ready
W1008 08:29:16.333720 96597 master_service.cpp:4424] key=concurrent_k_812, error=replica_not_ready
W1008 08:29:16.333722 96598 master_service.cpp:4424] key=concurrent_k_813, error=replica_not_ready
W1008 08:29:16.334060 96597 master_service.cpp:4424] key=concurrent_k_813, error=replica_not_ready
W1008 08:29:16.334148 96599 master_service.cpp:4424] key=concurrent_k_813, error=replica_not_ready
W1008 08:29:16.334484 96597 master_service.cpp:4424] key=concurrent_k_814, error=replica_not_ready
W1008 08:29:16.334539 96599 master_service.cpp:4424] key=concurrent_k_814, error=replica_not_ready
W1008 08:29:16.334978 96599 master_service.cpp:4424] key=concurrent_k_815, error=replica_not_ready
W1008 08:29:16.334996 96597 master_service.cpp:4424] key=concurrent_k_815, error=replica_not_ready
W1008 08:29:16.335124 96599 master_service.cpp:4424] key=concurrent_k_815, error=replica_not_ready
W1008 08:29:16.335449 96597 master_service.cpp:4424] key=concurrent_k_816, error=replica_not_ready
W1008 08:29:16.335469 96598 master_service.cpp:4424] key=concurrent_k_816, error=replica_not_ready
I1008 08:29:16.335811 96579 master_service.cpp:12526] [EVICT-RESULT] evicted_count=25, eviction_base=463, actual_evict_ratio=0.0539957, target_evict_ratio=0.0523437
W1008 08:29:16.335819 96596 master_service.cpp:4424] key=concurrent_k_816, error=replica_not_ready
I1008 08:29:16.335872 96579 master_service.cpp:10630] [EVICT-DONE] BatchEvict execution completed.
W1008 08:29:16.335896 96597 master_service.cpp:4424] key=concurrent_k_817, error=replica_not_ready
W1008 08:29:16.336274 96599 master_service.cpp:4424] key=concurrent_k_817, error=replica_not_ready
W1008 08:29:16.336338 96597 master_service.cpp:4424] key=concurrent_k_817, error=replica_not_ready
W1008 08:29:16.336633 96599 master_service.cpp:4424] key=concurrent_k_818, error=replica_not_ready
W1008 08:29:16.336725 96599 master_service.cpp:4424] key=concurrent_k_818, error=replica_not_ready
W1008 08:29:16.336968 96599 master_service.cpp:4424] key=concurrent_k_818, error=replica_not_ready
W1008 08:29:16.337082 96599 master_service.cpp:4424] key=concurrent_k_819, error=replica_not_ready
W1008 08:29:16.337275 96599 master_service.cpp:4424] key=concurrent_k_819, error=replica_not_ready
W1008 08:29:16.337482 96599 master_service.cpp:4424] key=concurrent_k_819, error=replica_not_ready
W1008 08:29:16.337589 96599 master_service.cpp:4424] key=concurrent_k_820, error=replica_not_ready
W1008 08:29:16.337858 96597 master_service.cpp:4424] key=concurrent_k_820, error=replica_not_ready
W1008 08:29:16.338265 96599 master_service.cpp:4424] key=concurrent_k_821, error=replica_not_ready
W1008 08:29:16.338315 96598 master_service.cpp:4424] key=concurrent_k_821, error=replica_not_ready
W1008 08:29:16.338697 96599 master_service.cpp:4424] key=concurrent_k_822, error=replica_not_ready
W1008 08:29:16.338718 96597 master_service.cpp:4424] key=concurrent_k_822, error=replica_not_ready
W1008 08:29:16.338820 96599 master_service.cpp:4424] key=concurrent_k_822, error=replica_not_ready
W1008 08:29:16.339169 96597 master_service.cpp:4424] key=concurrent_k_823, error=replica_not_ready
W1008 08:29:16.339171 96598 master_service.cpp:4424] key=concurrent_k_823, error=replica_not_ready
W1008 08:29:16.339550 96597 master_service.cpp:4424] key=concurrent_k_823, error=replica_not_ready
W1008 08:29:16.339594 96599 master_service.cpp:4424] key=concurrent_k_824, error=replica_not_ready
W1008 08:29:16.339946 96599 master_service.cpp:4424] key=concurrent_k_824, error=replica_not_ready
W1008 08:29:16.340322 96599 master_service.cpp:4424] key=concurrent_k_825, error=replica_not_ready
W1008 08:29:16.340342 96598 master_service.cpp:4424] key=concurrent_k_825, error=replica_not_ready
W1008 08:29:16.340781 96597 master_service.cpp:4424] key=concurrent_k_826, error=replica_not_ready
W1008 08:29:16.340878 96599 master_service.cpp:4424] key=concurrent_k_826, error=replica_not_ready
W1008 08:29:16.340888 96597 master_service.cpp:4424] key=concurrent_k_826, error=replica_not_ready
W1008 08:29:16.341238 96599 master_service.cpp:4424] key=concurrent_k_827, error=replica_not_ready
W1008 08:29:16.341249 96597 master_service.cpp:4424] key=concurrent_k_827, error=replica_not_ready
W1008 08:29:16.341396 96599 master_service.cpp:4424] key=concurrent_k_827, error=replica_not_ready
W1008 08:29:16.341683 96597 master_service.cpp:4424] key=concurrent_k_828, error=replica_not_ready
W1008 08:29:16.341750 96599 master_service.cpp:4424] key=concurrent_k_828, error=replica_not_ready
W1008 08:29:16.342131 96599 master_service.cpp:4424] key=concurrent_k_829, error=replica_not_ready
W1008 08:29:16.342473 96599 master_service.cpp:4424] key=concurrent_k_829, error=replica_not_ready
W1008 08:29:16.342588 96599 master_service.cpp:4424] key=concurrent_k_829, error=replica_not_ready
W1008 08:29:16.342828 96599 master_service.cpp:4424] key=concurrent_k_830, error=replica_not_ready
W1008 08:29:16.342947 96597 master_service.cpp:4424] key=concurrent_k_830, error=replica_not_ready
W1008 08:29:16.342990 96599 master_service.cpp:4424] key=concurrent_k_830, error=replica_not_ready
W1008 08:29:16.343315 96599 master_service.cpp:4424] key=concurrent_k_831, error=replica_not_ready
W1008 08:29:16.343386 96598 master_service.cpp:4424] key=concurrent_k_831, error=replica_not_ready
W1008 08:29:16.343779 96597 master_service.cpp:4424] key=concurrent_k_832, error=replica_not_ready
W1008 08:29:16.343895 96599 master_service.cpp:4424] key=concurrent_k_832, error=replica_not_ready
W1008 08:29:16.344063 96599 master_service.cpp:4424] key=concurrent_k_832, error=replica_not_ready
W1008 08:29:16.344225 96599 master_service.cpp:4424] key=concurrent_k_833, error=replica_not_ready
W1008 08:29:16.344396 96599 master_service.cpp:4424] key=concurrent_k_833, error=replica_not_ready
W1008 08:29:16.344767 96599 master_service.cpp:4424] key=concurrent_k_834, error=replica_not_ready
W1008 08:29:16.344954 96599 master_service.cpp:4424] key=concurrent_k_834, error=replica_not_ready
W1008 08:29:16.345158 96599 master_service.cpp:4424] key=concurrent_k_834, error=replica_not_ready
W1008 08:29:16.345314 96599 master_service.cpp:4424] key=concurrent_k_835, error=replica_not_ready
W1008 08:29:16.345554 96599 master_service.cpp:4424] key=concurrent_k_835, error=replica_not_ready
W1008 08:29:16.345901 96599 master_service.cpp:4424] key=concurrent_k_836, error=replica_not_ready
I1008 08:29:16.345947 96579 master_service.cpp:10619] [EVICT-TRIGGER] memory_ratio=0.90625 high_watermark=0.9 need_mem_eviction=0 eviction_ratio=0.05
W1008 08:29:16.345964 96597 master_service.cpp:4424] key=concurrent_k_836, error=replica_not_ready
W1008 08:29:16.346071 96599 master_service.cpp:4424] key=concurrent_k_836, error=replica_not_ready
W1008 08:29:16.346365 96599 master_service.cpp:4424] key=concurrent_k_837, error=replica_not_ready
W1008 08:29:16.346369 96597 master_service.cpp:4424] key=concurrent_k_837, error=replica_not_ready
W1008 08:29:16.347015 96598 master_service.cpp:4424] key=concurrent_k_838, error=replica_not_ready
W1008 08:29:16.347141 96599 master_service.cpp:4424] key=concurrent_k_838, error=replica_not_ready
W1008 08:29:16.347157 96597 master_service.cpp:4424] key=concurrent_k_838, error=replica_not_ready
W1008 08:29:16.347509 96599 master_service.cpp:4424] key=concurrent_k_839, error=replica_not_ready
W1008 08:29:16.347560 96598 master_service.cpp:4424] key=concurrent_k_839, error=replica_not_ready
W1008 08:29:16.347955 96599 master_service.cpp:4424] key=concurrent_k_840, error=replica_not_ready
W1008 08:29:16.348161 96599 master_service.cpp:4424] key=concurrent_k_840, error=replica_not_ready
W1008 08:29:16.348483 96599 master_service.cpp:4424] key=concurrent_k_841, error=replica_not_ready
W1008 08:29:16.348667 96599 master_service.cpp:4424] key=concurrent_k_841, error=replica_not_ready
W1008 08:29:16.348752 96599 master_service.cpp:4424] key=concurrent_k_841, error=replica_not_ready
W1008 08:29:16.349001 96599 master_service.cpp:4424] key=concurrent_k_842, error=replica_not_ready
W1008 08:29:16.349120 96599 master_service.cpp:4424] key=concurrent_k_842, error=replica_not_ready
I1008 08:29:16.349337 96579 master_service.cpp:12526] [EVICT-RESULT] evicted_count=27, eviction_base=465, actual_evict_ratio=0.0580645, target_evict_ratio=0.05625
I1008 08:29:16.349378 96579 master_service.cpp:10630] [EVICT-DONE] BatchEvict execution completed.
W1008 08:29:16.349499 96598 master_service.cpp:4424] key=concurrent_k_842, error=replica_not_ready
W1008 08:29:16.349512 96599 master_service.cpp:4424] key=concurrent_k_843, error=replica_not_ready
W1008 08:29:16.349856 96598 master_service.cpp:4424] key=concurrent_k_843, error=replica_not_ready
W1008 08:29:16.349912 96597 master_service.cpp:4424] key=concurrent_k_843, error=replica_not_ready
W1008 08:29:16.350221 96599 master_service.cpp:4424] key=concurrent_k_844, error=replica_not_ready
W1008 08:29:16.350323 96599 master_service.cpp:4424] key=concurrent_k_844, error=replica_not_ready
W1008 08:29:16.350654 96599 master_service.cpp:4424] key=concurrent_k_845, error=replica_not_ready
W1008 08:29:16.350791 96599 master_service.cpp:4424] key=concurrent_k_845, error=replica_not_ready
W1008 08:29:16.350893 96599 master_service.cpp:4424] key=concurrent_k_845, error=replica_not_ready
W1008 08:29:16.351202 96597 master_service.cpp:4424] key=concurrent_k_846, error=replica_not_ready
W1008 08:29:16.351229 96599 master_service.cpp:4424] key=concurrent_k_846, error=replica_not_ready
W1008 08:29:16.351689 96597 master_service.cpp:4424] key=concurrent_k_847, error=replica_not_ready
W1008 08:29:16.351778 96599 master_service.cpp:4424] key=concurrent_k_847, error=replica_not_ready
W1008 08:29:16.351785 96597 master_service.cpp:4424] key=concurrent_k_847, error=replica_not_ready
W1008 08:29:16.352152 96598 master_service.cpp:4424] key=concurrent_k_848, error=replica_not_ready
W1008 08:29:16.352155 96597 master_service.cpp:4424] key=concurrent_k_848, error=replica_not_ready
W1008 08:29:16.352576 96599 master_service.cpp:4424] key=concurrent_k_849, error=replica_not_ready
W1008 08:29:16.352834 96599 master_service.cpp:4424] key=concurrent_k_848, error=replica_not_ready
W1008 08:29:16.353382 96599 master_service.cpp:4424] key=concurrent_k_850, error=replica_not_ready
W1008 08:29:16.353531 96598 master_service.cpp:4424] key=concurrent_k_850, error=replica_not_ready
W1008 08:29:16.353906 96599 master_service.cpp:4424] key=concurrent_k_851, error=replica_not_ready
W1008 08:29:16.353922 96597 master_service.cpp:4424] key=concurrent_k_851, error=replica_not_ready
W1008 08:29:16.353948 96598 master_service.cpp:4424] key=concurrent_k_851, error=replica_not_ready
W1008 08:29:16.354336 96599 master_service.cpp:4424] key=concurrent_k_852, error=replica_not_ready
W1008 08:29:16.354357 96597 master_service.cpp:4424] key=concurrent_k_852, error=replica_not_ready
W1008 08:29:16.354781 96597 master_service.cpp:4424] key=concurrent_k_853, error=replica_not_ready
W1008 08:29:16.355172 96599 master_service.cpp:4424] key=concurrent_k_853, error=replica_not_ready
W1008 08:29:16.355211 96597 master_service.cpp:4424] key=concurrent_k_853, error=replica_not_ready
W1008 08:29:16.355526 96599 master_service.cpp:4424] key=concurrent_k_854, error=replica_not_ready
W1008 08:29:16.355602 96599 master_service.cpp:4424] key=concurrent_k_854, error=replica_not_ready
W1008 08:29:16.355996 96599 master_service.cpp:4424] key=concurrent_k_855, error=replica_not_ready
W1008 08:29:16.356010 96597 master_service.cpp:4424] key=concurrent_k_855, error=replica_not_ready
W1008 08:29:16.356040 96598 master_service.cpp:4424] key=concurrent_k_855, error=replica_not_ready
W1008 08:29:16.356438 96599 master_service.cpp:4424] key=concurrent_k_856, error=replica_not_ready
W1008 08:29:16.356441 96598 master_service.cpp:4424] key=concurrent_k_856, error=replica_not_ready
W1008 08:29:16.356729 96599 master_service.cpp:4424] key=concurrent_k_856, error=replica_not_ready
W1008 08:29:16.356875 96599 master_service.cpp:4424] key=concurrent_k_857, error=replica_not_ready
W1008 08:29:16.357041 96599 master_service.cpp:4424] key=concurrent_k_857, error=replica_not_ready
W1008 08:29:16.357359 96599 master_service.cpp:4424] key=concurrent_k_858, error=replica_not_ready
W1008 08:29:16.357553 96599 master_service.cpp:4424] key=concurrent_k_858, error=replica_not_ready
W1008 08:29:16.357575 96597 master_service.cpp:4424] key=concurrent_k_858, error=replica_not_ready
W1008 08:29:16.357903 96599 master_service.cpp:4424] key=concurrent_k_859, error=replica_not_ready
W1008 08:29:16.357990 96596 master_service.cpp:4424] key=concurrent_k_859, error=replica_not_ready
W1008 08:29:16.357995 96599 master_service.cpp:4424] key=concurrent_k_859, error=replica_not_ready
W1008 08:29:16.358402 96597 master_service.cpp:4424] key=concurrent_k_860, error=replica_not_ready
W1008 08:29:16.358530 96599 master_service.cpp:4424] key=concurrent_k_860, error=replica_not_ready
W1008 08:29:16.358888 96599 master_service.cpp:4424] key=concurrent_k_860, error=replica_not_ready
W1008 08:29:16.358932 96597 master_service.cpp:4424] key=concurrent_k_861, error=replica_not_ready
W1008 08:29:16.359251 96599 master_service.cpp:4424] key=concurrent_k_861, error=replica_not_ready
I1008 08:29:16.359445 96579 master_service.cpp:10619] [EVICT-TRIGGER] memory_ratio=0.904297 high_watermark=0.9 need_mem_eviction=0 eviction_ratio=0.05
W1008 08:29:16.359550 96599 master_service.cpp:4424] key=concurrent_k_861, error=replica_not_ready
W1008 08:29:16.359619 96598 master_service.cpp:4424] key=concurrent_k_862, error=replica_not_ready
W1008 08:29:16.360229 96599 master_service.cpp:4424] key=concurrent_k_863, error=replica_not_ready
W1008 08:29:16.360324 96597 master_service.cpp:4424] key=concurrent_k_863, error=replica_not_ready
W1008 08:29:16.360381 96599 master_service.cpp:4424] key=concurrent_k_863, error=replica_not_ready
W1008 08:29:16.360729 96598 master_service.cpp:4424] key=concurrent_k_864, error=replica_not_ready
W1008 08:29:16.360771 96599 master_service.cpp:4424] key=concurrent_k_864, error=replica_not_ready
W1008 08:29:16.360808 96597 master_service.cpp:4424] key=concurrent_k_864, error=replica_not_ready
W1008 08:29:16.361249 96597 master_service.cpp:4424] key=concurrent_k_865, error=replica_not_ready
W1008 08:29:16.361271 96599 master_service.cpp:4424] key=concurrent_k_865, error=replica_not_ready
W1008 08:29:16.361944 96597 master_service.cpp:4424] key=concurrent_k_866, error=replica_not_ready
W1008 08:29:16.361971 96598 master_service.cpp:4424] key=concurrent_k_866, error=replica_not_ready
W1008 08:29:16.362461 96599 master_service.cpp:4424] key=concurrent_k_867, error=replica_not_ready
I1008 08:29:16.362775 96579 master_service.cpp:12526] [EVICT-RESULT] evicted_count=26, eviction_base=464, actual_evict_ratio=0.0560345, target_evict_ratio=0.0542969
I1008 08:29:16.362819 96579 master_service.cpp:10630] [EVICT-DONE] BatchEvict execution completed.
W1008 08:29:16.363155 96597 master_service.cpp:4424] key=concurrent_k_868, error=replica_not_ready
W1008 08:29:16.363217 96599 master_service.cpp:4424] key=concurrent_k_868, error=replica_not_ready
W1008 08:29:16.363325 96599 master_service.cpp:4424] key=concurrent_k_868, error=replica_not_ready
W1008 08:29:16.363618 96599 master_service.cpp:4424] key=concurrent_k_869, error=replica_not_ready
W1008 08:29:16.363657 96597 master_service.cpp:4424] key=concurrent_k_869, error=replica_not_ready
W1008 08:29:16.364078 96599 master_service.cpp:4424] key=concurrent_k_870, error=replica_not_ready
W1008 08:29:16.364230 96599 master_service.cpp:4424] key=concurrent_k_870, error=replica_not_ready
W1008 08:29:16.364377 96599 master_service.cpp:4424] key=concurrent_k_870, error=replica_not_ready
W1008 08:29:16.364578 96599 master_service.cpp:4424] key=concurrent_k_871, error=replica_not_ready
W1008 08:29:16.364719 96599 master_service.cpp:4424] key=concurrent_k_871, error=replica_not_ready
W1008 08:29:16.365082 96599 master_service.cpp:4424] key=concurrent_k_872, error=replica_not_ready
W1008 08:29:16.365732 96599 master_service.cpp:4424] key=concurrent_k_873, error=replica_not_ready
W1008 08:29:16.365836 96599 master_service.cpp:4424] key=concurrent_k_873, error=replica_not_ready
W1008 08:29:16.365862 96597 master_service.cpp:4424] key=concurrent_k_873, error=replica_not_ready
W1008 08:29:16.366187 96599 master_service.cpp:4424] key=concurrent_k_874, error=replica_not_ready
W1008 08:29:16.366240 96598 master_service.cpp:4424] key=concurrent_k_874, error=replica_not_ready
W1008 08:29:16.366361 96599 master_service.cpp:4424] key=concurrent_k_874, error=replica_not_ready
W1008 08:29:16.366627 96597 master_service.cpp:4424] key=concurrent_k_875, error=replica_not_ready
W1008 08:29:16.366739 96599 master_service.cpp:4424] key=concurrent_k_875, error=replica_not_ready
W1008 08:29:16.367111 96599 master_service.cpp:4424] key=concurrent_k_876, error=replica_not_ready
W1008 08:29:16.367547 96599 master_service.cpp:4424] key=concurrent_k_876, error=replica_not_ready
W1008 08:29:16.368263 96598 master_service.cpp:4424] key=concurrent_k_878, error=replica_not_ready
W1008 08:29:16.368319 96596 master_service.cpp:4424] key=concurrent_k_878, error=replica_not_ready
W1008 08:29:16.368358 96599 master_service.cpp:4424] key=concurrent_k_878, error=replica_not_ready
W1008 08:29:16.368726 96599 master_service.cpp:4424] key=concurrent_k_879, error=replica_not_ready
W1008 08:29:16.368746 96597 master_service.cpp:4424] key=concurrent_k_879, error=replica_not_ready
W1008 08:29:16.369203 96599 master_service.cpp:4424] key=concurrent_k_880, error=replica_not_ready
W1008 08:29:16.369462 96599 master_service.cpp:4424] key=concurrent_k_880, error=replica_not_ready
W1008 08:29:16.369603 96599 master_service.cpp:4424] key=concurrent_k_880, error=replica_not_ready
W1008 08:29:16.369805 96599 master_service.cpp:4424] key=concurrent_k_881, error=replica_not_ready
W1008 08:29:16.369935 96597 master_service.cpp:4424] key=concurrent_k_881, error=replica_not_ready
W1008 08:29:16.370266 96599 master_service.cpp:4424] key=concurrent_k_882, error=replica_not_ready
W1008 08:29:16.370429 96599 master_service.cpp:4424] key=concurrent_k_882, error=replica_not_ready
W1008 08:29:16.370574 96598 master_service.cpp:4424] key=concurrent_k_882, error=replica_not_ready
W1008 08:29:16.370791 96599 master_service.cpp:4424] key=concurrent_k_883, error=replica_not_ready
W1008 08:29:16.370973 96599 master_service.cpp:4424] key=concurrent_k_883, error=replica_not_ready
W1008 08:29:16.371323 96599 master_service.cpp:4424] key=concurrent_k_884, error=replica_not_ready
W1008 08:29:16.371553 96599 master_service.cpp:4424] key=concurrent_k_884, error=replica_not_ready
W1008 08:29:16.371704 96599 master_service.cpp:4424] key=concurrent_k_884, error=replica_not_ready
W1008 08:29:16.371866 96599 master_service.cpp:4424] key=concurrent_k_885, error=replica_not_ready
W1008 08:29:16.372044 96597 master_service.cpp:4424] key=concurrent_k_885, error=replica_not_ready
W1008 08:29:16.372103 96599 master_service.cpp:4424] key=concurrent_k_885, error=replica_not_ready
W1008 08:29:16.372398 96599 master_service.cpp:4424] key=concurrent_k_886, error=replica_not_ready
W1008 08:29:16.372468 96599 master_service.cpp:4424] key=concurrent_k_886, error=replica_not_ready
W1008 08:29:16.372515 96598 master_service.cpp:4424] key=concurrent_k_886, error=replica_not_ready
W1008 08:29:16.372875 96599 master_service.cpp:4424] key=concurrent_k_887, error=replica_not_ready
I1008 08:29:16.372884 96579 master_service.cpp:10619] [EVICT-TRIGGER] memory_ratio=0.902344 high_watermark=0.9 need_mem_eviction=0 eviction_ratio=0.05
W1008 08:29:16.372887 96597 master_service.cpp:4424] key=concurrent_k_887, error=replica_not_ready
W1008 08:29:16.373364 96597 master_service.cpp:4424] key=concurrent_k_888, error=replica_not_ready
W1008 08:29:16.373534 96599 master_service.cpp:4424] key=concurrent_k_888, error=replica_not_ready
W1008 08:29:16.373672 96597 master_service.cpp:4424] key=concurrent_k_888, error=replica_not_ready
W1008 08:29:16.373941 96597 master_service.cpp:4424] key=concurrent_k_889, error=replica_not_ready
W1008 08:29:16.374030 96599 master_service.cpp:4424] key=concurrent_k_889, error=replica_not_ready
W1008 08:29:16.374387 96599 master_service.cpp:4424] key=concurrent_k_890, error=replica_not_ready
W1008 08:29:16.374413 96597 master_service.cpp:4424] key=concurrent_k_889, error=replica_not_ready
W1008 08:29:16.375164 96599 master_service.cpp:4424] key=concurrent_k_891, error=replica_not_ready
W1008 08:29:16.375245 96598 master_service.cpp:4424] key=concurrent_k_891, error=replica_not_ready
W1008 08:29:16.375365 96599 master_service.cpp:4424] key=concurrent_k_891, error=replica_not_ready
W1008 08:29:16.375633 96598 master_service.cpp:4424] key=concurrent_k_892, error=replica_not_ready
W1008 08:29:16.375744 96599 master_service.cpp:4424] key=concurrent_k_892, error=replica_not_ready
W1008 08:29:16.375804 96597 master_service.cpp:4424] key=concurrent_k_892, error=replica_not_ready
W1008 08:29:16.376089 96599 master_service.cpp:4424] key=concurrent_k_893, error=replica_not_ready
W1008 08:29:16.376196 96599 master_service.cpp:4424] key=concurrent_k_893, error=replica_not_ready
I1008 08:29:16.376251 96579 master_service.cpp:12526] [EVICT-RESULT] evicted_count=25, eviction_base=461, actual_evict_ratio=0.0542299, target_evict_ratio=0.0523437
I1008 08:29:16.376291 96579 master_service.cpp:10630] [EVICT-DONE] BatchEvict execution completed.
W1008 08:29:16.376550 96599 master_service.cpp:4424] key=concurrent_k_894, error=replica_not_ready
W1008 08:29:16.376936 96598 master_service.cpp:4424] key=concurrent_k_894, error=replica_not_ready
W1008 08:29:16.376986 96599 master_service.cpp:4424] key=concurrent_k_894, error=replica_not_ready
W1008 08:29:16.377287 96599 master_service.cpp:4424] key=concurrent_k_895, error=replica_not_ready
W1008 08:29:16.377350 96598 master_service.cpp:4424] key=concurrent_k_895, error=replica_not_ready
W1008 08:29:16.377735 96597 master_service.cpp:4424] key=concurrent_k_896, error=replica_not_ready
W1008 08:29:16.377758 96598 master_service.cpp:4424] key=concurrent_k_896, error=replica_not_ready
W1008 08:29:16.377775 96599 master_service.cpp:4424] key=concurrent_k_896, error=replica_not_ready
W1008 08:29:16.378221 96599 master_service.cpp:4424] key=concurrent_k_897, error=replica_not_ready
W1008 08:29:16.378225 96597 master_service.cpp:4424] key=concurrent_k_897, error=replica_not_ready
W1008 08:29:16.378337 96599 master_service.cpp:4424] key=concurrent_k_897, error=replica_not_ready
W1008 08:29:16.378680 96599 master_service.cpp:4424] key=concurrent_k_898, error=replica_not_ready
W1008 08:29:16.378736 96597 master_service.cpp:4424] key=concurrent_k_898, error=replica_not_ready
W1008 08:29:16.378929 96599 master_service.cpp:4424] key=concurrent_k_898, error=replica_not_ready
W1008 08:29:16.379153 96599 master_service.cpp:4424] key=concurrent_k_899, error=replica_not_ready
W1008 08:29:16.379252 96599 master_service.cpp:4424] key=concurrent_k_899, error=replica_not_ready
W1008 08:29:16.379585 96599 master_service.cpp:4424] key=concurrent_k_899, error=replica_not_ready
W1008 08:29:16.379618 96597 master_service.cpp:4424] key=concurrent_k_900, error=replica_not_ready
W1008 08:29:16.379925 96598 master_service.cpp:4424] key=concurrent_k_900, error=replica_not_ready
W1008 08:29:16.380287 96599 master_service.cpp:4424] key=concurrent_k_900, error=replica_not_ready
W1008 08:29:16.380326 96597 master_service.cpp:4424] key=concurrent_k_901, error=replica_not_ready
W1008 08:29:16.380834 96599 master_service.cpp:4424] key=concurrent_k_902, error=replica_not_ready
W1008 08:29:16.380973 96597 master_service.cpp:4424] key=concurrent_k_902, error=replica_not_ready
W1008 08:29:16.380986 96599 master_service.cpp:4424] key=concurrent_k_902, error=replica_not_ready
W1008 08:29:16.381341 96599 master_service.cpp:4424] key=concurrent_k_903, error=replica_not_ready
W1008 08:29:16.381343 96597 master_service.cpp:4424] key=concurrent_k_903, error=replica_not_ready
W1008 08:29:16.381776 96599 master_service.cpp:4424] key=concurrent_k_904, error=replica_not_ready
W1008 08:29:16.381951 96599 master_service.cpp:4424] key=concurrent_k_903, error=replica_not_ready
W1008 08:29:16.382537 96597 master_service.cpp:4424] key=concurrent_k_905, error=replica_not_ready
W1008 08:29:16.382999 96599 master_service.cpp:4424] key=concurrent_k_906, error=replica_not_ready
W1008 08:29:16.383036 96597 master_service.cpp:4424] key=concurrent_k_906, error=replica_not_ready
W1008 08:29:16.383049 96598 master_service.cpp:4424] key=concurrent_k_906, error=replica_not_ready
W1008 08:29:16.383420 96599 master_service.cpp:4424] key=concurrent_k_907, error=replica_not_ready
W1008 08:29:16.383440 96598 master_service.cpp:4424] key=concurrent_k_907, error=replica_not_ready
W1008 08:29:16.383822 96599 master_service.cpp:4424] key=concurrent_k_907, error=replica_not_ready
W1008 08:29:16.383888 96598 master_service.cpp:4424] key=concurrent_k_908, error=replica_not_ready
W1008 08:29:16.384177 96599 master_service.cpp:4424] key=concurrent_k_908, error=replica_not_ready
W1008 08:29:16.384508 96599 master_service.cpp:4424] key=concurrent_k_909, error=replica_not_ready
W1008 08:29:16.384584 96599 master_service.cpp:4424] key=concurrent_k_909, error=replica_not_ready
W1008 08:29:16.384614 96597 master_service.cpp:4424] key=concurrent_k_909, error=replica_not_ready
W1008 08:29:16.384958 96599 master_service.cpp:4424] key=concurrent_k_910, error=replica_not_ready
W1008 08:29:16.385003 96597 master_service.cpp:4424] key=concurrent_k_910, error=replica_not_ready
W1008 08:29:16.385419 96598 master_service.cpp:4424] key=concurrent_k_911, error=replica_not_ready
W1008 08:29:16.385600 96599 master_service.cpp:4424] key=concurrent_k_911, error=replica_not_ready
W1008 08:29:16.385752 96597 master_service.cpp:4424] key=concurrent_k_911, error=replica_not_ready
W1008 08:29:16.385931 96599 master_service.cpp:4424] key=concurrent_k_912, error=replica_not_ready
W1008 08:29:16.386116 96599 master_service.cpp:4424] key=concurrent_k_912, error=replica_not_ready
I1008 08:29:16.386358 96579 master_service.cpp:10619] [EVICT-TRIGGER] memory_ratio=0.904297 high_watermark=0.9 need_mem_eviction=0 eviction_ratio=0.05
W1008 08:29:16.386503 96597 master_service.cpp:4424] key=concurrent_k_913, error=replica_not_ready
W1008 08:29:16.386687 96599 master_service.cpp:4424] key=concurrent_k_913, error=replica_not_ready
W1008 08:29:16.386884 96597 master_service.cpp:4424] key=concurrent_k_913, error=replica_not_ready
W1008 08:29:16.387043 96599 master_service.cpp:4424] key=concurrent_k_914, error=replica_not_ready
W1008 08:29:16.387305 96599 master_service.cpp:4424] key=concurrent_k_914, error=replica_not_ready
W1008 08:29:16.387524 96597 master_service.cpp:4424] key=concurrent_k_914, error=replica_not_ready
W1008 08:29:16.387684 96599 master_service.cpp:4424] key=concurrent_k_915, error=replica_not_ready
W1008 08:29:16.387868 96599 master_service.cpp:4424] key=concurrent_k_915, error=replica_not_ready
W1008 08:29:16.387943 96597 master_service.cpp:4424] key=concurrent_k_915, error=replica_not_ready
W1008 08:29:16.388212 96599 master_service.cpp:4424] key=concurrent_k_916, error=replica_not_ready
W1008 08:29:16.388336 96599 master_service.cpp:4424] key=concurrent_k_916, error=replica_not_ready
W1008 08:29:16.388742 96599 master_service.cpp:4424] key=concurrent_k_917, error=replica_not_ready
W1008 08:29:16.388875 96597 master_service.cpp:4424] key=concurrent_k_917, error=replica_not_ready
W1008 08:29:16.388972 96599 master_service.cpp:4424] key=concurrent_k_917, error=replica_not_ready
W1008 08:29:16.389268 96599 master_service.cpp:4424] key=concurrent_k_918, error=replica_not_ready
W1008 08:29:16.389346 96597 master_service.cpp:4424] key=concurrent_k_918, error=replica_not_ready
W1008 08:29:16.389451 96599 master_service.cpp:4424] key=concurrent_k_918, error=replica_not_ready
W1008 08:29:16.389777 96599 master_service.cpp:4424] key=concurrent_k_919, error=replica_not_ready
W1008 08:29:16.389784 96597 master_service.cpp:4424] key=concurrent_k_919, error=replica_not_ready
I1008 08:29:16.389788 96579 master_service.cpp:12526] [EVICT-RESULT] evicted_count=26, eviction_base=463, actual_evict_ratio=0.0561555, target_evict_ratio=0.0542969
I1008 08:29:16.389863 96579 master_service.cpp:10630] [EVICT-DONE] BatchEvict execution completed.
W1008 08:29:16.389912 96599 master_service.cpp:4424] key=concurrent_k_919, error=replica_not_ready
W1008 08:29:16.390218 96597 master_service.cpp:4424] key=concurrent_k_920, error=replica_not_ready
W1008 08:29:16.390273 96599 master_service.cpp:4424] key=concurrent_k_920, error=replica_not_ready
W1008 08:29:16.390630 96598 master_service.cpp:4424] key=concurrent_k_920, error=replica_not_ready
W1008 08:29:16.390645 96599 master_service.cpp:4424] key=concurrent_k_921, error=replica_not_ready
W1008 08:29:16.390976 96599 master_service.cpp:4424] key=concurrent_k_921, error=replica_not_ready
W1008 08:29:16.391338 96599 master_service.cpp:4424] key=concurrent_k_922, error=replica_not_ready
W1008 08:29:16.391889 96599 master_service.cpp:4424] key=concurrent_k_923, error=replica_not_ready
W1008 08:29:16.391969 96599 master_service.cpp:4424] key=concurrent_k_923, error=replica_not_ready
W1008 08:29:16.391991 96597 master_service.cpp:4424] key=concurrent_k_923, error=replica_not_ready
W1008 08:29:16.392334 96597 master_service.cpp:4424] key=concurrent_k_924, error=replica_not_ready
W1008 08:29:16.392361 96599 master_service.cpp:4424] key=concurrent_k_924, error=replica_not_ready
W1008 08:29:16.392802 96597 master_service.cpp:4424] key=concurrent_k_925, error=replica_not_ready
W1008 08:29:16.392850 96599 master_service.cpp:4424] key=concurrent_k_924, error=replica_not_ready
W1008 08:29:16.393198 96597 master_service.cpp:4424] key=concurrent_k_925, error=replica_not_ready
W1008 08:29:16.393564 96599 master_service.cpp:4424] key=concurrent_k_926, error=replica_not_ready
W1008 08:29:16.394017 96597 master_service.cpp:4424] key=concurrent_k_927, error=replica_not_ready
W1008 08:29:16.394039 96596 master_service.cpp:4424] key=concurrent_k_927, error=replica_not_ready
W1008 08:29:16.394073 96599 master_service.cpp:4424] key=concurrent_k_927, error=replica_not_ready
W1008 08:29:16.394474 96599 master_service.cpp:4424] key=concurrent_k_928, error=replica_not_ready
W1008 08:29:16.394482 96597 master_service.cpp:4424] key=concurrent_k_928, error=replica_not_ready
W1008 08:29:16.394616 96599 master_service.cpp:4424] key=concurrent_k_928, error=replica_not_ready
W1008 08:29:16.394922 96599 master_service.cpp:4424] key=concurrent_k_929, error=replica_not_ready
W1008 08:29:16.394933 96597 master_service.cpp:4424] key=concurrent_k_929, error=replica_not_ready
W1008 08:29:16.395386 96599 master_service.cpp:4424] key=concurrent_k_930, error=replica_not_ready
W1008 08:29:16.395812 96599 master_service.cpp:4424] key=concurrent_k_930, error=replica_not_ready
W1008 08:29:16.395926 96599 master_service.cpp:4424] key=concurrent_k_930, error=replica_not_ready
W1008 08:29:16.396559 96597 master_service.cpp:4424] key=concurrent_k_932, error=replica_not_ready
W1008 08:29:16.396621 96599 master_service.cpp:4424] key=concurrent_k_932, error=replica_not_ready
W1008 08:29:16.396914 96598 master_service.cpp:4424] key=concurrent_k_932, error=replica_not_ready
W1008 08:29:16.397059 96599 master_service.cpp:4424] key=concurrent_k_933, error=replica_not_ready
W1008 08:29:16.397275 96599 master_service.cpp:4424] key=concurrent_k_933, error=replica_not_ready
W1008 08:29:16.397312 96597 master_service.cpp:4424] key=concurrent_k_933, error=replica_not_ready
W1008 08:29:16.397645 96597 master_service.cpp:4424] key=concurrent_k_934, error=replica_not_ready
W1008 08:29:16.397691 96599 master_service.cpp:4424] key=concurrent_k_934, error=replica_not_ready
W1008 08:29:16.398119 96597 master_service.cpp:4424] key=concurrent_k_935, error=replica_not_ready
W1008 08:29:16.398166 96599 master_service.cpp:4424] key=concurrent_k_935, error=replica_not_ready
W1008 08:29:16.398217 96597 master_service.cpp:4424] key=concurrent_k_935, error=replica_not_ready
W1008 08:29:16.398574 96599 master_service.cpp:4424] key=concurrent_k_936, error=replica_not_ready
W1008 08:29:16.398592 96597 master_service.cpp:4424] key=concurrent_k_936, error=replica_not_ready
W1008 08:29:16.399029 96599 master_service.cpp:4424] key=concurrent_k_937, error=replica_not_ready
W1008 08:29:16.399130 96599 master_service.cpp:4424] key=concurrent_k_936, error=replica_not_ready
W1008 08:29:16.399447 96599 master_service.cpp:4424] key=concurrent_k_937, error=replica_not_ready
W1008 08:29:16.399619 96599 master_service.cpp:4424] key=concurrent_k_937, error=replica_not_ready
W1008 08:29:16.399799 96599 master_service.cpp:4424] key=concurrent_k_938, error=replica_not_ready
I1008 08:29:16.399930 96579 master_service.cpp:10619] [EVICT-TRIGGER] memory_ratio=0.902344 high_watermark=0.9 need_mem_eviction=0 eviction_ratio=0.05
W1008 08:29:16.400277 96599 master_service.cpp:4424] key=concurrent_k_939, error=replica_not_ready
W1008 08:29:16.400355 96599 master_service.cpp:4424] key=concurrent_k_939, error=replica_not_ready
W1008 08:29:16.400394 96597 master_service.cpp:4424] key=concurrent_k_939, error=replica_not_ready
W1008 08:29:16.400740 96599 master_service.cpp:4424] key=concurrent_k_940, error=replica_not_ready
W1008 08:29:16.400775 96597 master_service.cpp:4424] key=concurrent_k_940, error=replica_not_ready
W1008 08:29:16.401216 96599 master_service.cpp:4424] key=concurrent_k_941, error=replica_not_ready
W1008 08:29:16.401938 96598 master_service.cpp:4424] key=concurrent_k_942, error=replica_not_ready
W1008 08:29:16.401994 96599 master_service.cpp:4424] key=concurrent_k_942, error=replica_not_ready
W1008 08:29:16.402066 96597 master_service.cpp:4424] key=concurrent_k_942, error=replica_not_ready
W1008 08:29:16.402416 96597 master_service.cpp:4424] key=concurrent_k_943, error=replica_not_ready
W1008 08:29:16.402451 96599 master_service.cpp:4424] key=concurrent_k_943, error=replica_not_ready
W1008 08:29:16.402465 96598 master_service.cpp:4424] key=concurrent_k_943, error=replica_not_ready
W1008 08:29:16.402878 96599 master_service.cpp:4424] key=concurrent_k_944, error=replica_not_ready
W1008 08:29:16.402902 96597 master_service.cpp:4424] key=concurrent_k_944, error=replica_not_ready
I1008 08:29:16.403138 96579 master_service.cpp:12526] [EVICT-RESULT] evicted_count=25, eviction_base=462, actual_evict_ratio=0.0541126, target_evict_ratio=0.0523437
I1008 08:29:16.403177 96579 master_service.cpp:10630] [EVICT-DONE] BatchEvict execution completed.
W1008 08:29:16.403301 96599 master_service.cpp:4424] key=concurrent_k_945, error=replica_not_ready
W1008 08:29:16.403679 96599 master_service.cpp:4424] key=concurrent_k_945, error=replica_not_ready
W1008 08:29:16.404001 96599 master_service.cpp:4424] key=concurrent_k_946, error=replica_not_ready
W1008 08:29:16.404124 96597 master_service.cpp:4424] key=concurrent_k_946, error=replica_not_ready
W1008 08:29:16.404506 96597 master_service.cpp:4424] key=concurrent_k_947, error=replica_not_ready
W1008 08:29:16.404517 96598 master_service.cpp:4424] key=concurrent_k_947, error=replica_not_ready
W1008 08:29:16.404551 96599 master_service.cpp:4424] key=concurrent_k_947, error=replica_not_ready
W1008 08:29:16.404950 96597 master_service.cpp:4424] key=concurrent_k_948, error=replica_not_ready
W1008 08:29:16.404976 96598 master_service.cpp:4424] key=concurrent_k_948, error=replica_not_ready
W1008 08:29:16.405267 96599 master_service.cpp:4424] key=concurrent_k_948, error=replica_not_ready
W1008 08:29:16.405453 96597 master_service.cpp:4424] key=concurrent_k_949, error=replica_not_ready
W1008 08:29:16.405572 96599 master_service.cpp:4424] key=concurrent_k_949, error=replica_not_ready
W1008 08:29:16.405645 96599 master_service.cpp:4424] key=concurrent_k_949, error=replica_not_ready
W1008 08:29:16.405921 96597 master_service.cpp:4424] key=concurrent_k_950, error=replica_not_ready
W1008 08:29:16.405982 96599 master_service.cpp:4424] key=concurrent_k_950, error=replica_not_ready
W1008 08:29:16.406404 96597 master_service.cpp:4424] key=concurrent_k_951, error=replica_not_ready
W1008 08:29:16.406563 96599 master_service.cpp:4424] key=concurrent_k_951, error=replica_not_ready
W1008 08:29:16.406865 96598 master_service.cpp:4424] key=concurrent_k_951, error=replica_not_ready
W1008 08:29:16.406942 96599 master_service.cpp:4424] key=concurrent_k_952, error=replica_not_ready
W1008 08:29:16.407274 96597 master_service.cpp:4424] key=concurrent_k_952, error=replica_not_ready
W1008 08:29:16.407488 96599 master_service.cpp:4424] key=concurrent_k_952, error=replica_not_ready
W1008 08:29:16.407648 96599 master_service.cpp:4424] key=concurrent_k_953, error=replica_not_ready
W1008 08:29:16.407804 96599 master_service.cpp:4424] key=concurrent_k_953, error=replica_not_ready
W1008 08:29:16.407933 96599 master_service.cpp:4424] key=concurrent_k_953, error=replica_not_ready
W1008 08:29:16.408138 96599 master_service.cpp:4424] key=concurrent_k_954, error=replica_not_ready
W1008 08:29:16.408294 96597 master_service.cpp:4424] key=concurrent_k_954, error=replica_not_ready
W1008 08:29:16.408499 96599 master_service.cpp:4424] key=concurrent_k_954, error=replica_not_ready
W1008 08:29:16.408670 96597 master_service.cpp:4424] key=concurrent_k_955, error=replica_not_ready
W1008 08:29:16.408809 96599 master_service.cpp:4424] key=concurrent_k_955, error=replica_not_ready
W1008 08:29:16.409142 96599 master_service.cpp:4424] key=concurrent_k_956, error=replica_not_ready
W1008 08:29:16.409309 96597 master_service.cpp:4424] key=concurrent_k_956, error=replica_not_ready
W1008 08:29:16.409353 96599 master_service.cpp:4424] key=concurrent_k_956, error=replica_not_ready
W1008 08:29:16.409667 96599 master_service.cpp:4424] key=concurrent_k_957, error=replica_not_ready
W1008 08:29:16.409708 96597 master_service.cpp:4424] key=concurrent_k_957, error=replica_not_ready
W1008 08:29:16.409832 96599 master_service.cpp:4424] key=concurrent_k_957, error=replica_not_ready
W1008 08:29:16.410090 96599 master_service.cpp:4424] key=concurrent_k_958, error=replica_not_ready
W1008 08:29:16.410203 96597 master_service.cpp:4424] key=concurrent_k_958, error=replica_not_ready
W1008 08:29:16.410245 96599 master_service.cpp:4424] key=concurrent_k_958, error=replica_not_ready
W1008 08:29:16.410568 96599 master_service.cpp:4424] key=concurrent_k_959, error=replica_not_ready
W1008 08:29:16.410614 96597 master_service.cpp:4424] key=concurrent_k_959, error=replica_not_ready
W1008 08:29:16.410987 96599 master_service.cpp:4424] key=concurrent_k_960, error=replica_not_ready
W1008 08:29:16.411324 96599 master_service.cpp:4424] key=concurrent_k_960, error=replica_not_ready
W1008 08:29:16.411471 96599 master_service.cpp:4424] key=concurrent_k_960, error=replica_not_ready
W1008 08:29:16.411649 96599 master_service.cpp:4424] key=concurrent_k_961, error=replica_not_ready
W1008 08:29:16.411808 96599 master_service.cpp:4424] key=concurrent_k_961, error=replica_not_ready
W1008 08:29:16.412029 96599 master_service.cpp:4424] key=concurrent_k_961, error=replica_not_ready
W1008 08:29:16.412194 96597 master_service.cpp:4424] key=concurrent_k_962, error=replica_not_ready
W1008 08:29:16.412344 96599 master_service.cpp:4424] key=concurrent_k_962, error=replica_not_ready
W1008 08:29:16.412715 96597 master_service.cpp:4424] key=concurrent_k_963, error=replica_not_ready
W1008 08:29:16.412771 96599 master_service.cpp:4424] key=concurrent_k_963, error=replica_not_ready
W1008 08:29:16.412868 96599 master_service.cpp:4424] key=concurrent_k_963, error=replica_not_ready
W1008 08:29:16.413174 96599 master_service.cpp:4424] key=concurrent_k_964, error=replica_not_ready
W1008 08:29:16.413196 96597 master_service.cpp:4424] key=concurrent_k_964, error=replica_not_ready
I1008 08:29:16.413242 96579 master_service.cpp:10619] [EVICT-TRIGGER] memory_ratio=0.904297 high_watermark=0.9 need_mem_eviction=0 eviction_ratio=0.05
W1008 08:29:16.413340 96599 master_service.cpp:4424] key=concurrent_k_964, error=replica_not_ready
W1008 08:29:16.413631 96599 master_service.cpp:4424] key=concurrent_k_965, error=replica_not_ready
W1008 08:29:16.413664 96598 master_service.cpp:4424] key=concurrent_k_965, error=replica_not_ready
W1008 08:29:16.413960 96599 master_service.cpp:4424] key=concurrent_k_965, error=replica_not_ready
W1008 08:29:16.414100 96599 master_service.cpp:4424] key=concurrent_k_966, error=replica_not_ready
W1008 08:29:16.414335 96599 master_service.cpp:4424] key=concurrent_k_966, error=replica_not_ready
W1008 08:29:16.414351 96597 master_service.cpp:4424] key=concurrent_k_966, error=replica_not_ready
W1008 08:29:16.414717 96599 master_service.cpp:4424] key=concurrent_k_967, error=replica_not_ready
W1008 08:29:16.414784 96597 master_service.cpp:4424] key=concurrent_k_967, error=replica_not_ready
W1008 08:29:16.415172 96597 master_service.cpp:4424] key=concurrent_k_968, error=replica_not_ready
W1008 08:29:16.415230 96599 master_service.cpp:4424] key=concurrent_k_968, error=replica_not_ready
W1008 08:29:16.415275 96597 master_service.cpp:4424] key=concurrent_k_968, error=replica_not_ready
W1008 08:29:16.415799 96599 master_service.cpp:4424] key=concurrent_k_969, error=replica_not_ready
W1008 08:29:16.415812 96597 master_service.cpp:4424] key=concurrent_k_969, error=replica_not_ready
W1008 08:29:16.416157 96598 master_service.cpp:4424] key=concurrent_k_969, error=replica_not_ready
W1008 08:29:16.416257 96599 master_service.cpp:4424] key=concurrent_k_970, error=replica_not_ready
W1008 08:29:16.416488 96599 master_service.cpp:4424] key=concurrent_k_970, error=replica_not_ready
I1008 08:29:16.416642 96579 master_service.cpp:12526] [EVICT-RESULT] evicted_count=26, eviction_base=463, actual_evict_ratio=0.0561555, target_evict_ratio=0.0542969
I1008 08:29:16.416680 96579 master_service.cpp:10630] [EVICT-DONE] BatchEvict execution completed.
W1008 08:29:16.416783 96599 master_service.cpp:4424] key=concurrent_k_971, error=replica_not_ready
W1008 08:29:16.416863 96599 master_service.cpp:4424] key=concurrent_k_970, error=replica_not_ready
W1008 08:29:16.417204 96599 master_service.cpp:4424] key=concurrent_k_971, error=replica_not_ready
W1008 08:29:16.417588 96599 master_service.cpp:4424] key=concurrent_k_972, error=replica_not_ready
W1008 08:29:16.417603 96597 master_service.cpp:4424] key=concurrent_k_972, error=replica_not_ready
W1008 08:29:16.418005 96598 master_service.cpp:4424] key=concurrent_k_973, error=replica_not_ready
W1008 08:29:16.418040 96596 master_service.cpp:4424] key=concurrent_k_973, error=replica_not_ready
W1008 08:29:16.418128 96599 master_service.cpp:4424] key=concurrent_k_973, error=replica_not_ready
W1008 08:29:16.418470 96597 master_service.cpp:4424] key=concurrent_k_974, error=replica_not_ready
W1008 08:29:16.418480 96599 master_service.cpp:4424] key=concurrent_k_974, error=replica_not_ready
W1008 08:29:16.418655 96599 master_service.cpp:4424] key=concurrent_k_974, error=replica_not_ready
W1008 08:29:16.418970 96597 master_service.cpp:4424] key=concurrent_k_975, error=replica_not_ready
W1008 08:29:16.419024 96599 master_service.cpp:4424] key=concurrent_k_975, error=replica_not_ready
W1008 08:29:16.419243 96599 master_service.cpp:4424] key=concurrent_k_975, error=replica_not_ready
W1008 08:29:16.419414 96599 master_service.cpp:4424] key=concurrent_k_976, error=replica_not_ready
W1008 08:29:16.419569 96599 master_service.cpp:4424] key=concurrent_k_976, error=replica_not_ready
W1008 08:29:16.419941 96597 master_service.cpp:4424] key=concurrent_k_977, error=replica_not_ready
W1008 08:29:16.420521 96599 master_service.cpp:4424] key=concurrent_k_978, error=replica_not_ready
W1008 08:29:16.420679 96599 master_service.cpp:4424] key=concurrent_k_978, error=replica_not_ready
W1008 08:29:16.420698 96597 master_service.cpp:4424] key=concurrent_k_978, error=replica_not_ready
W1008 08:29:16.421015 96599 master_service.cpp:4424] key=concurrent_k_979, error=replica_not_ready
W1008 08:29:16.421108 96597 master_service.cpp:4424] key=concurrent_k_979, error=replica_not_ready
W1008 08:29:16.421480 96597 master_service.cpp:4424] key=concurrent_k_980, error=replica_not_ready
W1008 08:29:16.421487 96598 master_service.cpp:4424] key=concurrent_k_979, error=replica_not_ready
W1008 08:29:16.421849 96599 master_service.cpp:4424] key=concurrent_k_980, error=replica_not_ready
W1008 08:29:16.421959 96599 master_service.cpp:4424] key=concurrent_k_980, error=replica_not_ready
W1008 08:29:16.422156 96599 master_service.cpp:4424] key=concurrent_k_981, error=replica_not_ready
W1008 08:29:16.422336 96597 master_service.cpp:4424] key=concurrent_k_981, error=replica_not_ready
W1008 08:29:16.422674 96597 master_service.cpp:4424] key=concurrent_k_982, error=replica_not_ready
W1008 08:29:16.422748 96599 master_service.cpp:4424] key=concurrent_k_982, error=replica_not_ready
W1008 08:29:16.422788 96597 master_service.cpp:4424] key=concurrent_k_982, error=replica_not_ready
W1008 08:29:16.423131 96599 master_service.cpp:4424] key=concurrent_k_983, error=replica_not_ready
W1008 08:29:16.423204 96597 master_service.cpp:4424] key=concurrent_k_983, error=replica_not_ready
W1008 08:29:16.423231 96599 master_service.cpp:4424] key=concurrent_k_983, error=replica_not_ready
W1008 08:29:16.423575 96599 master_service.cpp:4424] key=concurrent_k_984, error=replica_not_ready
W1008 08:29:16.423635 96597 master_service.cpp:4424] key=concurrent_k_984, error=replica_not_ready
W1008 08:29:16.423988 96599 master_service.cpp:4424] key=concurrent_k_985, error=replica_not_ready
W1008 08:29:16.424413 96597 master_service.cpp:4424] key=concurrent_k_985, error=replica_not_ready
W1008 08:29:16.424798 96599 master_service.cpp:4424] key=concurrent_k_986, error=replica_not_ready
W1008 08:29:16.424871 96597 master_service.cpp:4424] key=concurrent_k_986, error=replica_not_ready
W1008 08:29:16.424871 96598 master_service.cpp:4424] key=concurrent_k_986, error=replica_not_ready
W1008 08:29:16.425251 96597 master_service.cpp:4424] key=concurrent_k_987, error=replica_not_ready
W1008 08:29:16.425275 96599 master_service.cpp:4424] key=concurrent_k_987, error=replica_not_ready
W1008 08:29:16.425447 96599 master_service.cpp:4424] key=concurrent_k_987, error=replica_not_ready
W1008 08:29:16.425712 96597 master_service.cpp:4424] key=concurrent_k_988, error=replica_not_ready
W1008 08:29:16.425772 96599 master_service.cpp:4424] key=concurrent_k_988, error=replica_not_ready
W1008 08:29:16.426139 96599 master_service.cpp:4424] key=concurrent_k_989, error=replica_not_ready
W1008 08:29:16.426522 96599 master_service.cpp:4424] key=concurrent_k_989, error=replica_not_ready
I1008 08:29:16.426733 96579 master_service.cpp:10619] [EVICT-TRIGGER] memory_ratio=0.904297 high_watermark=0.9 need_mem_eviction=0 eviction_ratio=0.05
W1008 08:29:16.426875 96599 master_service.cpp:4424] key=concurrent_k_990, error=replica_not_ready
W1008 08:29:16.426995 96599 master_service.cpp:4424] key=concurrent_k_990, error=replica_not_ready
W1008 08:29:16.427047 96598 master_service.cpp:4424] key=concurrent_k_990, error=replica_not_ready
W1008 08:29:16.427343 96599 master_service.cpp:4424] key=concurrent_k_991, error=replica_not_ready
W1008 08:29:16.427444 96599 master_service.cpp:4424] key=concurrent_k_991, error=replica_not_ready
W1008 08:29:16.427462 96597 master_service.cpp:4424] key=concurrent_k_991, error=replica_not_ready
W1008 08:29:16.427837 96597 master_service.cpp:4424] key=concurrent_k_992, error=replica_not_ready
W1008 08:29:16.427862 96599 master_service.cpp:4424] key=concurrent_k_992, error=replica_not_ready
W1008 08:29:16.428189 96599 master_service.cpp:4424] key=concurrent_k_992, error=replica_not_ready
W1008 08:29:16.428342 96599 master_service.cpp:4424] key=concurrent_k_993, error=replica_not_ready
W1008 08:29:16.428531 96597 master_service.cpp:4424] key=concurrent_k_993, error=replica_not_ready
W1008 08:29:16.428912 96599 master_service.cpp:4424] key=concurrent_k_994, error=replica_not_ready
W1008 08:29:16.429044 96599 master_service.cpp:4424] key=concurrent_k_994, error=replica_not_ready
W1008 08:29:16.429351 96599 master_service.cpp:4424] key=concurrent_k_995, error=replica_not_ready
W1008 08:29:16.429510 96599 master_service.cpp:4424] key=concurrent_k_995, error=replica_not_ready
W1008 08:29:16.429517 96597 master_service.cpp:4424] key=concurrent_k_995, error=replica_not_ready
W1008 08:29:16.430094 96599 master_service.cpp:4424] key=concurrent_k_996, error=replica_not_ready
W1008 08:29:16.430109 96597 master_service.cpp:4424] key=concurrent_k_996, error=replica_not_ready
I1008 08:29:16.430167 96579 master_service.cpp:12526] [EVICT-RESULT] evicted_count=26, eviction_base=463, actual_evict_ratio=0.0561555, target_evict_ratio=0.0542969
I1008 08:29:16.430205 96579 master_service.cpp:10630] [EVICT-DONE] BatchEvict execution completed.
W1008 08:29:16.430323 96599 master_service.cpp:4424] key=concurrent_k_996, error=replica_not_ready
W1008 08:29:16.430532 96599 master_service.cpp:4424] key=concurrent_k_997, error=replica_not_ready
W1008 08:29:16.430688 96597 master_service.cpp:4424] key=concurrent_k_997, error=replica_not_ready
W1008 08:29:16.431102 96599 master_service.cpp:4424] key=concurrent_k_998, error=replica_not_ready
W1008 08:29:16.431732 96597 master_service.cpp:4424] key=concurrent_k_999, error=replica_not_ready
W1008 08:29:16.431744 96599 master_service.cpp:4424] key=concurrent_k_999, error=replica_not_ready
W1008 08:29:16.431867 96599 master_service.cpp:4424] key=concurrent_k_999, error=replica_not_ready
I1008 08:29:17.924381 96587 master_admin_service.cpp:315] Master Admin Metrics: role=leader, state=serving, service_ready=true, master={Mem Storage: 446.00 MB / 512.00 MB (87.1%) | NVMe-oF SSD: 0 B / 0 B | SSD Storage: 1000.00 MB / infinite | Keys: 1000 (soft-pinned: 0) | Clients: 1 | Requests (Success/Total per sec): PutStart=100.00/399.98, PutEnd=199.99/199.99, PutRevoke=0.00/0.00, Get=52.30/299.99, Exist=0.00/0.00, Del=100.00/100.00, DelAll=0.00/0.00, Ping=1.00/1.00, CopyStart=0.00/0.00, CopyEnd=0.00/0.00, CopyRevoke=0.00/0.00, MoveStart=0.00/0.00, MoveEnd=0.00/0.00, MoveRevoke=0.00/0.00, EvictDiskReplica=0.00/0.00 | Batch Requests (per sec, Req=Success/PartialSuccess/Total, Item=Success/Total): PutStart:(Req=0.00/0.00/0.00, Item=0.00/0.00), PutEnd:(Req=0.00/0.00/0.00, Item=0.00/0.00), PutRevoke:(Req=0.00/0.00/0.00, Item=0.00/0.00), Get:(Req=2.30/0.00/2.30, Item=9.20/9.20), ExistKey:(Req=0.00/0.00/0.00, Item=0.00/0.00), QueryIp:(Req=0.00/0.00/0.00, Item=0.00/0.00), Clear:(Req=0.00/0.00/0.00, Item=0.00/0.00), CreateMoveTask:(Req=0.00/0.00), CreateCopyTask:(Req=0.00/0.00), QueryTask:(Req=0.00/0.00), FetchTasks:(Req=1.00/1.00), MarkTaskToComplete:(Req=0.00/0.00) | Eviction: Success/Attempts=44/44, AllocFail=0, PartialAlloc=0, keys=1114, size=1.09 GB | Mem Eviction: Success/Attempts=44/44, keys=1114, size=1.09 GB | NoF Eviction: Success/Attempts=0/0, keys=0, size=0 B | Discard: Released/Total=0/0, StagingSize=0 B | Promotion: in_flight=0, admitted=0, completed=0, failed=0, cancelled=0, expired=0, bytes=0 B, rejected(freq/wm/cap)=0/0/0 | Snapshots: Success=0, Fail=0}, ha={HA Metrics Summary: last_seq=0, applied_seq=0, lag=0, pending=0, mutation_queue=0, batch_commits=0, sync_commits=0, skipped=0, checksum_fail=0, etcd_fail=0, watch_disconn=0, state=0, writer_accepting=false, writer_retry_count=0, writer_retry_delay_ms=0, writer_waiting_slots=0, writer_committed_queue=0, writer_callback_queue=0, writer_durable_batch=0, writer_durable_seq=0, writer_last_error=0}
I1008 08:29:26.385303 96579 master_service.cpp:10619] [EVICT-TRIGGER] memory_ratio=0.900391 high_watermark=0.9 need_mem_eviction=0 eviction_ratio=0.05
I1008 08:29:26.388731 96579 master_service.cpp:12526] [EVICT-RESULT] evicted_count=24, eviction_base=461, actual_evict_ratio=0.0520607, target_evict_ratio=0.0503906
I1008 08:29:26.388777 96579 master_service.cpp:10630] [EVICT-DONE] BatchEvict execution completed.
I1008 08:29:26.499403 96579 master_service.cpp:10619] [EVICT-TRIGGER] memory_ratio=0.900391 high_watermark=0.9 need_mem_eviction=0 eviction_ratio=0.05
I1008 08:29:26.502549 96579 master_service.cpp:12526] [EVICT-RESULT] evicted_count=24, eviction_base=461, actual_evict_ratio=0.0520607, target_evict_ratio=0.0503906
I1008 08:29:26.502588 96579 master_service.cpp:10630] [EVICT-DONE] BatchEvict execution completed.
I1008 08:29:26.623270 96579 master_service.cpp:10619] [EVICT-TRIGGER] memory_ratio=0.902344 high_watermark=0.9 need_mem_eviction=0 eviction_ratio=0.05
I1008 08:29:26.626398 96579 master_service.cpp:12526] [EVICT-RESULT] evicted_count=25, eviction_base=463, actual_evict_ratio=0.0539957, target_evict_ratio=0.0523437
I1008 08:29:26.626459 96579 master_service.cpp:10630] [EVICT-DONE] BatchEvict execution completed.
I1008 08:29:26.747143 96579 master_service.cpp:10619] [EVICT-TRIGGER] memory_ratio=0.902344 high_watermark=0.9 need_mem_eviction=0 eviction_ratio=0.05
I1008 08:29:26.750309 96579 master_service.cpp:12526] [EVICT-RESULT] evicted_count=25, eviction_base=462, actual_evict_ratio=0.0541126, target_evict_ratio=0.0523437
I1008 08:29:26.750344 96579 master_service.cpp:10630] [EVICT-DONE] BatchEvict execution completed.
I1008 08:29:26.860967 96579 master_service.cpp:10619] [EVICT-TRIGGER] memory_ratio=0.900391 high_watermark=0.9 need_mem_eviction=0 eviction_ratio=0.05
I1008 08:29:26.864164 96579 master_service.cpp:12526] [EVICT-RESULT] evicted_count=24, eviction_base=461, actual_evict_ratio=0.0520607, target_evict_ratio=0.0503906
I1008 08:29:26.864199 96579 master_service.cpp:10630] [EVICT-DONE] BatchEvict execution completed.
I1008 08:29:26.974821 96579 master_service.cpp:10619] [EVICT-TRIGGER] memory_ratio=0.900391 high_watermark=0.9 need_mem_eviction=0 eviction_ratio=0.05
I1008 08:29:26.977983 96579 master_service.cpp:12526] [EVICT-RESULT] evicted_count=24, eviction_base=461, actual_evict_ratio=0.0520607, target_evict_ratio=0.0503906
I1008 08:29:26.978016 96579 master_service.cpp:10630] [EVICT-DONE] BatchEvict execution completed.
I1008 08:29:27.098701 96579 master_service.cpp:10619] [EVICT-TRIGGER] memory_ratio=0.902344 high_watermark=0.9 need_mem_eviction=0 eviction_ratio=0.05
I1008 08:29:27.102162 96579 master_service.cpp:12526] [EVICT-RESULT] evicted_count=25, eviction_base=463, actual_evict_ratio=0.0539957, target_evict_ratio=0.0523437
I1008 08:29:27.102210 96579 master_service.cpp:10630] [EVICT-DONE] BatchEvict execution completed.
I1008 08:29:27.212837 96579 master_service.cpp:10619] [EVICT-TRIGGER] memory_ratio=0.902344 high_watermark=0.9 need_mem_eviction=0 eviction_ratio=0.05
I1008 08:29:27.216117 96579 master_service.cpp:12526] [EVICT-RESULT] evicted_count=25, eviction_base=461, actual_evict_ratio=0.0542299, target_evict_ratio=0.0523437
I1008 08:29:27.216156 96579 master_service.cpp:10630] [EVICT-DONE] BatchEvict execution completed.
I1008 08:29:27.336829 96579 master_service.cpp:10619] [EVICT-TRIGGER] memory_ratio=0.904297 high_watermark=0.9 need_mem_eviction=0 eviction_ratio=0.05
I1008 08:29:27.340019 96579 master_service.cpp:12526] [EVICT-RESULT] evicted_count=26, eviction_base=463, actual_evict_ratio=0.0561555, target_evict_ratio=0.0542969
I1008 08:29:27.340058 96579 master_service.cpp:10630] [EVICT-DONE] BatchEvict execution completed.
I1008 08:29:27.460749 96579 master_service.cpp:10619] [EVICT-TRIGGER] memory_ratio=0.904297 high_watermark=0.9 need_mem_eviction=0 eviction_ratio=0.05
I1008 08:29:27.465122 96579 master_service.cpp:12526] [EVICT-RESULT] evicted_count=26, eviction_base=463, actual_evict_ratio=0.0561555, target_evict_ratio=0.0542969
I1008 08:29:27.465201 96579 master_service.cpp:10630] [EVICT-DONE] BatchEvict execution completed.
I1008 08:29:27.586612 96579 master_service.cpp:10619] [EVICT-TRIGGER] memory_ratio=0.902344 high_watermark=0.9 need_mem_eviction=0 eviction_ratio=0.05
I1008 08:29:27.590277 96579 master_service.cpp:12526] [EVICT-RESULT] evicted_count=25, eviction_base=462, actual_evict_ratio=0.0541126, target_evict_ratio=0.0523437
I1008 08:29:27.590315 96579 master_service.cpp:10630] [EVICT-DONE] BatchEvict execution completed.
I1008 08:29:27.710999 96579 master_service.cpp:10619] [EVICT-TRIGGER] memory_ratio=0.902344 high_watermark=0.9 need_mem_eviction=0 eviction_ratio=0.05
I1008 08:29:27.714335 96579 master_service.cpp:12526] [EVICT-RESULT] evicted_count=25, eviction_base=463, actual_evict_ratio=0.0539957, target_evict_ratio=0.0523437
I1008 08:29:27.714370 96579 master_service.cpp:10630] [EVICT-DONE] BatchEvict execution completed.
I1008 08:29:27.824998 96579 master_service.cpp:10619] [EVICT-TRIGGER] memory_ratio=0.900391 high_watermark=0.9 need_mem_eviction=0 eviction_ratio=0.05
I1008 08:29:27.828326 96579 master_service.cpp:12526] [EVICT-RESULT] evicted_count=24, eviction_base=461, actual_evict_ratio=0.0520607, target_evict_ratio=0.0503906
I1008 08:29:27.828374 96579 master_service.cpp:10630] [EVICT-DONE] BatchEvict execution completed.
I1008 08:29:27.924701 96587 master_admin_service.cpp:315] Master Admin Metrics: role=leader, state=serving, service_ready=true, master={Mem Storage: 458.00 MB / 512.00 MB (89.5%) | NVMe-oF SSD: 0 B / 0 B | SSD Storage: 780.00 MB / infinite | Keys: 780 (soft-pinned: 0) | Clients: 1 | Requests (Success/Total per sec): PutStart=78.00/78.00, PutEnd=155.99/155.99, PutRevoke=0.00/0.00, Get=399.99/399.99, Exist=0.00/0.00, Del=100.00/100.00, DelAll=0.00/0.00, Ping=1.00/1.00, CopyStart=0.00/0.00, CopyEnd=0.00/0.00, CopyRevoke=0.00/0.00, MoveStart=0.00/0.00, MoveEnd=0.00/0.00, MoveRevoke=0.00/0.00, EvictDiskReplica=0.00/0.00 | Batch Requests (per sec, Req=Success/PartialSuccess/Total, Item=Success/Total): PutStart:(Req=0.00/0.00/0.00, Item=0.00/0.00), PutEnd:(Req=0.00/0.00/0.00, Item=0.00/0.00), PutRevoke:(Req=0.00/0.00/0.00, Item=0.00/0.00), Get:(Req=0.00/0.00/0.00, Item=0.00/0.00), ExistKey:(Req=0.00/0.00/0.00, Item=0.00/0.00), QueryIp:(Req=0.00/0.00/0.00, Item=0.00/0.00), Clear:(Req=0.00/0.00/0.00, Item=0.00/0.00), CreateMoveTask:(Req=0.00/0.00), CreateCopyTask:(Req=0.00/0.00), QueryTask:(Req=0.00/0.00), FetchTasks:(Req=1.00/1.00), MarkTaskToComplete:(Req=0.00/0.00) | Eviction: Success/Attempts=57/57, AllocFail=0, PartialAlloc=0, keys=1436, size=1.40 GB | Mem Eviction: Success/Attempts=57/57, keys=1436, size=1.40 GB | NoF Eviction: Success/Attempts=0/0, keys=0, size=0 B | Discard: Released/Total=0/0, StagingSize=0 B | Promotion: in_flight=0, admitted=0, completed=0, failed=0, cancelled=0, expired=0, bytes=0 B, rejected(freq/wm/cap)=0/0/0 | Snapshots: Success=0, Fail=0}, ha={HA Metrics Summary: last_seq=0, applied_seq=0, lag=0, pending=0, mutation_queue=0, batch_commits=0, sync_commits=0, skipped=0, checksum_fail=0, etcd_fail=0, watch_disconn=0, state=0, writer_accepting=false, writer_retry_count=0, writer_retry_delay_ms=0, writer_waiting_slots=0, writer_committed_queue=0, writer_callback_queue=0, writer_durable_batch=0, writer_durable_seq=0, writer_last_error=0}
I1008 08:29:27.938994 96579 master_service.cpp:10619] [EVICT-TRIGGER] memory_ratio=0.900391 high_watermark=0.9 need_mem_eviction=0 eviction_ratio=0.05
I1008 08:29:27.942180 96579 master_service.cpp:12526] [EVICT-RESULT] evicted_count=24, eviction_base=461, actual_evict_ratio=0.0520607, target_evict_ratio=0.0503906
I1008 08:29:27.942215 96579 master_service.cpp:10630] [EVICT-DONE] BatchEvict execution completed.
I1008 08:29:28.052846 96579 master_service.cpp:10619] [EVICT-TRIGGER] memory_ratio=0.900391 high_watermark=0.9 need_mem_eviction=0 eviction_ratio=0.05
I1008 08:29:28.056178 96579 master_service.cpp:12526] [EVICT-RESULT] evicted_count=24, eviction_base=461, actual_evict_ratio=0.0520607, target_evict_ratio=0.0503906
I1008 08:29:28.056212 96579 master_service.cpp:10630] [EVICT-DONE] BatchEvict execution completed.
I1008 08:29:28.166839 96579 master_service.cpp:10619] [EVICT-TRIGGER] memory_ratio=0.900391 high_watermark=0.9 need_mem_eviction=0 eviction_ratio=0.05
I1008 08:29:28.170037 96579 master_service.cpp:12526] [EVICT-RESULT] evicted_count=24, eviction_base=461, actual_evict_ratio=0.0520607, target_evict_ratio=0.0503906
I1008 08:29:28.170071 96579 master_service.cpp:10630] [EVICT-DONE] BatchEvict execution completed.
I1008 08:29:28.290742 96579 master_service.cpp:10619] [EVICT-TRIGGER] memory_ratio=0.902344 high_watermark=0.9 need_mem_eviction=0 eviction_ratio=0.05
I1008 08:29:28.294423 96579 master_service.cpp:12526] [EVICT-RESULT] evicted_count=25, eviction_base=462, actual_evict_ratio=0.0541126, target_evict_ratio=0.0523437
I1008 08:29:28.294459 96579 master_service.cpp:10630] [EVICT-DONE] BatchEvict execution completed.
I1008 08:29:28.415133 96579 master_service.cpp:10619] [EVICT-TRIGGER] memory_ratio=0.902344 high_watermark=0.9 need_mem_eviction=0 eviction_ratio=0.05
I1008 08:29:28.418467 96579 master_service.cpp:12526] [EVICT-RESULT] evicted_count=25, eviction_base=462, actual_evict_ratio=0.0541126, target_evict_ratio=0.0523437
I1008 08:29:28.418514 96579 master_service.cpp:10630] [EVICT-DONE] BatchEvict execution completed.
I1008 08:29:28.539166 96579 master_service.cpp:10619] [EVICT-TRIGGER] memory_ratio=0.902344 high_watermark=0.9 need_mem_eviction=0 eviction_ratio=0.05
I1008 08:29:28.542547 96579 master_service.cpp:12526] [EVICT-RESULT] evicted_count=25, eviction_base=463, actual_evict_ratio=0.0539957, target_evict_ratio=0.0523437
I1008 08:29:28.542582 96579 master_service.cpp:10630] [EVICT-DONE] BatchEvict execution completed.
I1008 08:29:28.653218 96579 master_service.cpp:10619] [EVICT-TRIGGER] memory_ratio=0.900391 high_watermark=0.9 need_mem_eviction=0 eviction_ratio=0.05
I1008 08:29:28.656700 96579 master_service.cpp:12526] [EVICT-RESULT] evicted_count=24, eviction_base=461, actual_evict_ratio=0.0520607, target_evict_ratio=0.0503906
I1008 08:29:28.656735 96579 master_service.cpp:10630] [EVICT-DONE] BatchEvict execution completed.
I1008 08:29:28.777415 96579 master_service.cpp:10619] [EVICT-TRIGGER] memory_ratio=0.902344 high_watermark=0.9 need_mem_eviction=0 eviction_ratio=0.05
I1008 08:29:28.780735 96579 master_service.cpp:12526] [EVICT-RESULT] evicted_count=25, eviction_base=463, actual_evict_ratio=0.0539957, target_evict_ratio=0.0523437
I1008 08:29:28.780769 96579 master_service.cpp:10630] [EVICT-DONE] BatchEvict execution completed.
I1008 08:29:28.891391 96579 master_service.cpp:10619] [EVICT-TRIGGER] memory_ratio=0.900391 high_watermark=0.9 need_mem_eviction=0 eviction_ratio=0.05
I1008 08:29:28.894596 96579 master_service.cpp:12526] [EVICT-RESULT] evicted_count=24, eviction_base=461, actual_evict_ratio=0.0520607, target_evict_ratio=0.0503906
I1008 08:29:28.894630 96579 master_service.cpp:10630] [EVICT-DONE] BatchEvict execution completed.
I1008 08:29:37.863394 96575 master.cpp:1857] Shutdown signal received, exiting gracefully
I1008 08:29:37.864154 96581 master_service.cpp:3119] Task cleanup thread stopped
I1008 08:29:37.928301 96578 client_offboarding.cpp:163] Client offboarding worker stopped
=== promotion ===
WARNING: Logging before InitGoogleLogging() is written to STDERR
I1008 08:29:37.950930 98960 master.cpp:1548] Mooncake master version: 0.3.13 (git: 4e31d1002)
I1008 08:29:37.951149 98960 master.cpp:1683] Master service started on port 50051, max_threads=16, enable_metric_reporting=1, metrics_port=9003, metrics_host=<ip>, default_kv_lease_ttl=500, default_kv_soft_pin_ttl=1800000, max_kv_soft_pin_ttl=86400000, allow_evict_soft_pinned_objects=1, eviction_ratio=0.05, eviction_high_watermark_ratio=0.9, tenant_eviction_high_watermark_ratio=0.9, enable_ha=0, enable_oplog=0, weight_management_oplog_capability_confirmed=0, enable_oplog_snapshot=0, snapshot_chunk_object_count=1000000, enable_offload=1, enable_kv_events=0, kv_events_bind_endpoint=, kv_events_backend_id=, offload_on_evict=1, offload_force_evict=0, offloading_queue_limit=50000, offload_cap_ratio=0.5, ha_backend_type=etcd, ha_backend_connstring=, etcd_endpoints=, client_active_ttl_sec=10, client_suspicion_ttl_sec=20, rpc_thread_num=16, rpc_port=50051, rpc_address=<ip>, rpc_interface=, rpc_conn_timeout_seconds=0, rpc_enable_tcp_no_delay=1, rpc protocol=tcp, cluster_id=mooncake_cluster, root_fs_dir=/tmp/mooncake_ci_promotion, global_file_segment_size=9223372036854775807, memory_allocator=offset, enable_http_metadata_server=0, http_metadata_server_port=8080, http_metadata_server_host=<ip>, enable_metadata_cleanup_on_timeout=0, put_start_discard_timeout_sec=30, put_start_release_timeout_sec=600, max_total_finished_tasks=10000, max_total_pending_tasks=10000, max_total_processing_tasks=10000, pending_task_timeout_sec=300, processing_task_timeout_sec=300, enable_snapshot=0, enable_snapshot_restore=0, snapshot_interval_seconds=600, snapshot_backup_dir=, snapshot_object_store_type=, snapshot_catalog_store_type=, snapshot_retention_count=2, max_retry_attempts=10, enable_cxl=0, cxl_path=/dev/dax0.0, cxl_size=8589934592
I1008 08:29:37.951694 98960 master_service.cpp:381] Offload-on-evict mode enabled: DRAM offload to LOCAL_DISK will occur at eviction time instead of PutEnd
I1008 08:29:37.951721 98960 master_service.cpp:422] Promotion-on-hit mode enabled: LOCAL_DISK-only Gets will queue async promotion to MEMORY (threshold=1, queue_limit=50000, max_per_heartbeat=16)
I1008 08:29:37.952029 98963 client_offboarding.cpp:94] Client offboarding worker started
I1008 08:29:37.952310 98966 master_service.cpp:3096] Task cleanup thread started
I1008 08:29:37.955004 98960 master_admin_service.cpp:324] Master admin server started on port 9003
I1008 08:29:37.955425 98972 master_admin_service.cpp:315] Master Admin Metrics: role=leader, state=serving, service_ready=false, master={Mem Storage: 0 B / 0 B | NVMe-oF SSD: 0 B / 0 B | SSD Storage: 0 B / infinite | Keys: 0 (soft-pinned: 0) | Clients: 0 | Requests (Success/Total per sec): PutStart=0.00/0.00, PutEnd=0.00/0.00, PutRevoke=0.00/0.00, Get=0.00/0.00, Exist=0.00/0.00, Del=0.00/0.00, DelAll=0.00/0.00, Ping=0.00/0.00, CopyStart=0.00/0.00, CopyEnd=0.00/0.00, CopyRevoke=0.00/0.00, MoveStart=0.00/0.00, MoveEnd=0.00/0.00, MoveRevoke=0.00/0.00, EvictDiskReplica=0.00/0.00 | Batch Requests (per sec, Req=Success/PartialSuccess/Total, Item=Success/Total): PutStart:(Req=0.00/0.00/0.00, Item=0.00/0.00), PutEnd:(Req=0.00/0.00/0.00, Item=0.00/0.00), PutRevoke:(Req=0.00/0.00/0.00, Item=0.00/0.00), Get:(Req=0.00/0.00/0.00, Item=0.00/0.00), ExistKey:(Req=0.00/0.00/0.00, Item=0.00/0.00), QueryIp:(Req=0.00/0.00/0.00, Item=0.00/0.00), Clear:(Req=0.00/0.00/0.00, Item=0.00/0.00), CreateMoveTask:(Req=0.00/0.00), CreateCopyTask:(Req=0.00/0.00), QueryTask:(Req=0.00/0.00), FetchTasks:(Req=0.00/0.00), MarkTaskToComplete:(Req=0.00/0.00) | Eviction: Success/Attempts=0/0, AllocFail=0, PartialAlloc=0, keys=0, size=0 B | Mem Eviction: Success/Attempts=0/0, keys=0, size=0 B | NoF Eviction: Success/Attempts=0/0, keys=0, size=0 B | Discard: Released/Total=0/0, StagingSize=0 B | Promotion: in_flight=0, admitted=0, completed=0, failed=0, cancelled=0, expired=0, bytes=0 B, rejected(freq/wm/cap)=0/0/0 | Snapshots: Success=0, Fail=0}, ha={HA Metrics Summary: last_seq=0, applied_seq=0, lag=0, pending=0, mutation_queue=0, batch_commits=0, sync_commits=0, skipped=0, checksum_fail=0, etcd_fail=0, watch_disconn=0, state=0, writer_accepting=false, writer_retry_count=0, writer_retry_delay_ms=0, writer_waiting_slots=0, writer_committed_queue=0, writer_callback_queue=0, writer_durable_batch=0, writer_durable_seq=0, writer_last_error=0}
I1008 08:29:38.173941 98979 master_service.cpp:914] client_id=9531009594066420612-15924966679451354280, action=mount_segment, segment_name=localhost:14238
W1008 08:29:38.174989 98979 segment.cpp:333] segment_name=localhost:14238, warn=segment_already_exists
I1008 08:29:38.359043 98980 rpc_service.cpp:1613] Mount local disk segment with client id is : 9531009594066420612-15924966679451354280, enable offloading is: 1
I1008 08:29:47.955746 98972 master_admin_service.cpp:315] Master Admin Metrics: role=leader, state=serving, service_ready=true, master={Mem Storage: 16.00 KB / 32.00 MB (0.0%) | NVMe-oF SSD: 0 B / 0 B | SSD Storage: 16.00 KB / 2.00 TB | Keys: 16 (soft-pinned: 0) | Clients: 1 | Requests (Success/Total per sec): PutStart=1.60/1.60, PutEnd=3.20/3.20, PutRevoke=0.00/0.00, Get=0.00/0.00, Exist=0.00/0.00, Del=0.00/0.00, DelAll=0.00/0.00, Ping=1.00/1.00, CopyStart=0.00/0.00, CopyEnd=0.00/0.00, CopyRevoke=0.00/0.00, MoveStart=0.00/0.00, MoveEnd=0.00/0.00, MoveRevoke=0.00/0.00, EvictDiskReplica=0.00/0.00 | Batch Requests (per sec, Req=Success/PartialSuccess/Total, Item=Success/Total): PutStart:(Req=0.00/0.00/0.00, Item=0.00/0.00), PutEnd:(Req=0.00/0.00/0.00, Item=0.00/0.00), PutRevoke:(Req=0.00/0.00/0.00, Item=0.00/0.00), Get:(Req=0.00/0.00/0.00, Item=0.00/0.00), ExistKey:(Req=0.00/0.00/0.00, Item=0.00/0.00), QueryIp:(Req=0.00/0.00/0.00, Item=0.00/0.00), Clear:(Req=0.00/0.00/0.00, Item=0.00/0.00), CreateMoveTask:(Req=0.00/0.00), CreateCopyTask:(Req=0.00/0.00), QueryTask:(Req=0.00/0.00), FetchTasks:(Req=1.00/1.00), MarkTaskToComplete:(Req=0.00/0.00) | Eviction: Success/Attempts=0/0, AllocFail=0, PartialAlloc=0, keys=0, size=0 B | Mem Eviction: Success/Attempts=0/0, keys=0, size=0 B | NoF Eviction: Success/Attempts=0/0, keys=0, size=0 B | Discard: Released/Total=0/0, StagingSize=0 B | Promotion: in_flight=0, admitted=0, completed=0, failed=0, cancelled=0, expired=0, bytes=0 B, rejected(freq/wm/cap)=0/0/0 | Snapshots: Success=0, Fail=0}, ha={HA Metrics Summary: last_seq=0, applied_seq=0, lag=0, pending=0, mutation_queue=0, batch_commits=0, sync_commits=0, skipped=0, checksum_fail=0, etcd_fail=0, watch_disconn=0, state=0, writer_accepting=false, writer_retry_count=0, writer_retry_delay_ms=0, writer_waiting_slots=0, writer_committed_queue=0, writer_callback_queue=0, writer_durable_batch=0, writer_durable_seq=0, writer_last_error=0}
I1008 08:29:57.956077 98972 master_admin_service.cpp:315] Master Admin Metrics: role=leader, state=serving, service_ready=true, master={Mem Storage: 16.00 KB / 32.00 MB (0.0%) | NVMe-oF SSD: 0 B / 0 B | SSD Storage: 16.00 KB / 2.00 TB | Keys: 16 (soft-pinned: 0) | Clients: 1 | Requests (Success/Total per sec): PutStart=0.00/0.00, PutEnd=0.00/0.00, PutRevoke=0.00/0.00, Get=0.00/0.00, Exist=0.00/0.00, Del=0.00/0.00, DelAll=0.00/0.00, Ping=1.00/1.00, CopyStart=0.00/0.00, CopyEnd=0.00/0.00, CopyRevoke=0.00/0.00, MoveStart=0.00/0.00, MoveEnd=0.00/0.00, MoveRevoke=0.00/0.00, EvictDiskReplica=0.00/0.00 | Batch Requests (per sec, Req=Success/PartialSuccess/Total, Item=Success/Total): PutStart:(Req=0.00/0.00/0.00, Item=0.00/0.00), PutEnd:(Req=0.00/0.00/0.00, Item=0.00/0.00), PutRevoke:(Req=0.00/0.00/0.00, Item=0.00/0.00), Get:(Req=0.00/0.00/0.00, Item=0.00/0.00), ExistKey:(Req=0.00/0.00/0.00, Item=0.00/0.00), QueryIp:(Req=0.00/0.00/0.00, Item=0.00/0.00), Clear:(Req=0.00/0.00/0.00, Item=0.00/0.00), CreateMoveTask:(Req=0.00/0.00), CreateCopyTask:(Req=0.00/0.00), QueryTask:(Req=0.00/0.00), FetchTasks:(Req=1.00/1.00), MarkTaskToComplete:(Req=0.00/0.00) | Eviction: Success/Attempts=0/0, AllocFail=0, PartialAlloc=0, keys=0, size=0 B | Mem Eviction: Success/Attempts=0/0, keys=0, size=0 B | NoF Eviction: Success/Attempts=0/0, keys=0, size=0 B | Discard: Released/Total=0/0, StagingSize=0 B | Promotion: in_flight=0, admitted=0, completed=0, failed=0, cancelled=0, expired=0, bytes=0 B, rejected(freq/wm/cap)=0/0/0 | Snapshots: Success=0, Fail=0}, ha={HA Metrics Summary: last_seq=0, applied_seq=0, lag=0, pending=0, mutation_queue=0, batch_commits=0, sync_commits=0, skipped=0, checksum_fail=0, etcd_fail=0, watch_disconn=0, state=0, writer_accepting=false, writer_retry_count=0, writer_retry_delay_ms=0, writer_waiting_slots=0, writer_committed_queue=0, writer_callback_queue=0, writer_durable_batch=0, writer_durable_seq=0, writer_last_error=0}
I1008 08:30:07.956441 98972 master_admin_service.cpp:315] Master Admin Metrics: role=leader, state=serving, service_ready=true, master={Mem Storage: 16.00 KB / 32.00 MB (0.0%) | NVMe-oF SSD: 0 B / 0 B | SSD Storage: 16.00 KB / 2.00 TB | Keys: 16 (soft-pinned: 0) | Clients: 1 | Requests (Success/Total per sec): PutStart=0.00/0.00, PutEnd=0.00/0.00, PutRevoke=0.00/0.00, Get=0.00/0.00, Exist=0.00/0.00, Del=0.00/1.60, DelAll=0.00/0.00, Ping=1.00/1.00, CopyStart=0.00/0.00, CopyEnd=0.00/0.00, CopyRevoke=0.00/0.00, MoveStart=0.00/0.00, MoveEnd=0.00/0.00, MoveRevoke=0.00/0.00, EvictDiskReplica=0.00/0.00 | Batch Requests (per sec, Req=Success/PartialSuccess/Total, Item=Success/Total): PutStart:(Req=0.00/0.00/0.00, Item=0.00/0.00), PutEnd:(Req=0.00/0.00/0.00, Item=0.00/0.00), PutRevoke:(Req=0.00/0.00/0.00, Item=0.00/0.00), Get:(Req=0.10/0.00/0.10, Item=1.60/1.60), ExistKey:(Req=0.00/0.00/0.00, Item=0.00/0.00), QueryIp:(Req=0.00/0.00/0.00, Item=0.00/0.00), Clear:(Req=0.00/0.00/0.00, Item=0.00/0.00), CreateMoveTask:(Req=0.00/0.00), CreateCopyTask:(Req=0.00/0.00), QueryTask:(Req=0.00/0.00), FetchTasks:(Req=1.00/1.00), MarkTaskToComplete:(Req=0.00/0.00) | Eviction: Success/Attempts=0/0, AllocFail=0, PartialAlloc=0, keys=0, size=0 B | Mem Eviction: Success/Attempts=0/0, keys=0, size=0 B | NoF Eviction: Success/Attempts=0/0, keys=0, size=0 B | Discard: Released/Total=0/0, StagingSize=0 B | Promotion: in_flight=0, admitted=0, completed=0, failed=0, cancelled=0, expired=0, bytes=0 B, rejected(freq/wm/cap)=0/0/0 | Snapshots: Success=0, Fail=0}, ha={HA Metrics Summary: last_seq=0, applied_seq=0, lag=0, pending=0, mutation_queue=0, batch_commits=0, sync_commits=0, skipped=0, checksum_fail=0, etcd_fail=0, watch_disconn=0, state=0, writer_accepting=false, writer_retry_count=0, writer_retry_delay_ms=0, writer_waiting_slots=0, writer_committed_queue=0, writer_callback_queue=0, writer_durable_batch=0, writer_durable_seq=0, writer_last_error=0}
I1008 08:30:09.942723 98981 master_service.cpp:914] client_id=8448875363183078512-4506764309685684117, action=mount_segment, segment_name=localhost:13238
W1008 08:30:09.943461 98981 segment.cpp:333] segment_name=localhost:13238, warn=segment_already_exists
I1008 08:30:10.128860 98980 rpc_service.cpp:1613] Mount local disk segment with client id is : 8448875363183078512-4506764309685684117, enable offloading is: 1
I1008 08:30:10.278213 98964 master_service.cpp:10619] [EVICT-TRIGGER] memory_ratio=0.90625 high_watermark=0.9 need_mem_eviction=0 eviction_ratio=0.05
I1008 08:30:10.284018 98964 master_service.cpp:12526] [EVICT-RESULT] evicted_count=0, eviction_base=29, actual_evict_ratio=0, target_evict_ratio=0.05625
W1008 08:30:10.284055 98964 master_service.cpp:12534] [EVICT] No memory freed this cycle; 28 objects deferred for disk offload. Consider lowering eviction_high_watermark_ratio.
I1008 08:30:10.284070 98964 master_service.cpp:10630] [EVICT-DONE] BatchEvict execution completed.
I1008 08:30:10.294134 98964 master_service.cpp:10619] [EVICT-TRIGGER] memory_ratio=1 high_watermark=0.9 need_mem_eviction=0 eviction_ratio=0.05
I1008 08:30:10.299002 98964 master_service.cpp:12526] [EVICT-RESULT] evicted_count=0, eviction_base=4, actual_evict_ratio=0, target_evict_ratio=0.15
W1008 08:30:10.299032 98964 master_service.cpp:12534] [EVICT] No memory freed this cycle; 3 objects deferred for disk offload. Consider lowering eviction_high_watermark_ratio.
I1008 08:30:10.299041 98964 master_service.cpp:10630] [EVICT-DONE] BatchEvict execution completed.
I1008 08:30:10.309128 98964 master_service.cpp:10619] [EVICT-TRIGGER] memory_ratio=1 high_watermark=0.9 need_mem_eviction=1 eviction_ratio=0.05
I1008 08:30:10.313335 98964 master_service.cpp:12526] [EVICT-RESULT] evicted_count=0, eviction_base=1, actual_evict_ratio=0, target_evict_ratio=0.15
W1008 08:30:10.313369 98964 master_service.cpp:12534] [EVICT] No memory freed this cycle; 1 objects deferred for disk offload. Consider lowering eviction_high_watermark_ratio.
I1008 08:30:10.313378 98964 master_service.cpp:10630] [EVICT-DONE] BatchEvict execution completed.
I1008 08:30:10.323442 98964 master_service.cpp:10619] [EVICT-TRIGGER] memory_ratio=1 high_watermark=0.9 need_mem_eviction=1 eviction_ratio=0.05
I1008 08:30:10.325209 98964 master_service.cpp:10630] [EVICT-DONE] BatchEvict execution completed.
I1008 08:30:10.335287 98964 master_service.cpp:10619] [EVICT-TRIGGER] memory_ratio=1 high_watermark=0.9 need_mem_eviction=1 eviction_ratio=0.05
I1008 08:30:10.336719 98964 master_service.cpp:10630] [EVICT-DONE] BatchEvict execution completed.
I1008 08:30:10.346797 98964 master_service.cpp:10619] [EVICT-TRIGGER] memory_ratio=1 high_watermark=0.9 need_mem_eviction=1 eviction_ratio=0.05
I1008 08:30:10.348186 98964 master_service.cpp:10630] [EVICT-DONE] BatchEvict execution completed.
I1008 08:30:10.358263 98964 master_service.cpp:10619] [EVICT-TRIGGER] memory_ratio=1 high_watermark=0.9 need_mem_eviction=1 eviction_ratio=0.05
I1008 08:30:10.359681 98964 master_service.cpp:10630] [EVICT-DONE] BatchEvict execution completed.
I1008 08:30:10.369760 98964 master_service.cpp:10619] [EVICT-TRIGGER] memory_ratio=1 high_watermark=0.9 need_mem_eviction=1 eviction_ratio=0.05
I1008 08:30:10.371281 98964 master_service.cpp:10630] [EVICT-DONE] BatchEvict execution completed.
I1008 08:30:10.381359 98964 master_service.cpp:10619] [EVICT-TRIGGER] memory_ratio=1 high_watermark=0.9 need_mem_eviction=1 eviction_ratio=0.05
I1008 08:30:10.382755 98964 master_service.cpp:10630] [EVICT-DONE] BatchEvict execution completed.
I1008 08:30:10.392832 98964 master_service.cpp:10619] [EVICT-TRIGGER] memory_ratio=1 high_watermark=0.9 need_mem_eviction=1 eviction_ratio=0.05
I1008 08:30:10.394205 98964 master_service.cpp:10630] [EVICT-DONE] BatchEvict execution completed.
I1008 08:30:10.404282 98964 master_service.cpp:10619] [EVICT-TRIGGER] memory_ratio=1 high_watermark=0.9 need_mem_eviction=1 eviction_ratio=0.05
I1008 08:30:10.405843 98964 master_service.cpp:10630] [EVICT-DONE] BatchEvict execution completed.
I1008 08:30:10.415923 98964 master_service.cpp:10619] [EVICT-TRIGGER] memory_ratio=1 high_watermark=0.9 need_mem_eviction=1 eviction_ratio=0.05
I1008 08:30:10.417316 98964 master_service.cpp:10630] [EVICT-DONE] BatchEvict execution completed.
I1008 08:30:10.427394 98964 master_service.cpp:10619] [EVICT-TRIGGER] memory_ratio=1 high_watermark=0.9 need_mem_eviction=1 eviction_ratio=0.05
I1008 08:30:10.428752 98964 master_service.cpp:10630] [EVICT-DONE] BatchEvict execution completed.
I1008 08:30:10.438829 98964 master_service.cpp:10619] [EVICT-TRIGGER] memory_ratio=1 high_watermark=0.9 need_mem_eviction=1 eviction_ratio=0.05
I1008 08:30:10.440171 98964 master_service.cpp:10630] [EVICT-DONE] BatchEvict execution completed.
I1008 08:30:10.450248 98964 master_service.cpp:10619] [EVICT-TRIGGER] memory_ratio=1 high_watermark=0.9 need_mem_eviction=1 eviction_ratio=0.05
I1008 08:30:10.451613 98964 master_service.cpp:10630] [EVICT-DONE] BatchEvict execution completed.
I1008 08:30:10.461690 98964 master_service.cpp:10619] [EVICT-TRIGGER] memory_ratio=1 high_watermark=0.9 need_mem_eviction=1 eviction_ratio=0.05
I1008 08:30:10.463033 98964 master_service.cpp:10630] [EVICT-DONE] BatchEvict execution completed.
I1008 08:30:10.473111 98964 master_service.cpp:10619] [EVICT-TRIGGER] memory_ratio=1 high_watermark=0.9 need_mem_eviction=1 eviction_ratio=0.05
I1008 08:30:10.474469 98964 master_service.cpp:10630] [EVICT-DONE] BatchEvict execution completed.
I1008 08:30:10.484547 98964 master_service.cpp:10619] [EVICT-TRIGGER] memory_ratio=1 high_watermark=0.9 need_mem_eviction=1 eviction_ratio=0.05
I1008 08:30:10.485971 98964 master_service.cpp:10630] [EVICT-DONE] BatchEvict execution completed.
I1008 08:30:10.496049 98964 master_service.cpp:10619] [EVICT-TRIGGER] memory_ratio=1 high_watermark=0.9 need_mem_eviction=1 eviction_ratio=0.05
I1008 08:30:10.497409 98964 master_service.cpp:10630] [EVICT-DONE] BatchEvict execution completed.
I1008 08:30:10.507486 98964 master_service.cpp:10619] [EVICT-TRIGGER] memory_ratio=1 high_watermark=0.9 need_mem_eviction=1 eviction_ratio=0.05
I1008 08:30:10.508846 98964 master_service.cpp:10630] [EVICT-DONE] BatchEvict execution completed.
I1008 08:30:10.518924 98964 master_service.cpp:10619] [EVICT-TRIGGER] memory_ratio=1 high_watermark=0.9 need_mem_eviction=1 eviction_ratio=0.05
I1008 08:30:10.520299 98964 master_service.cpp:10630] [EVICT-DONE] BatchEvict execution completed.
I1008 08:30:10.530377 98964 master_service.cpp:10619] [EVICT-TRIGGER] memory_ratio=1 high_watermark=0.9 need_mem_eviction=1 eviction_ratio=0.05
I1008 08:30:10.531804 98964 master_service.cpp:10630] [EVICT-DONE] BatchEvict execution completed.
I1008 08:30:10.541882 98964 master_service.cpp:10619] [EVICT-TRIGGER] memory_ratio=1 high_watermark=0.9 need_mem_eviction=1 eviction_ratio=0.05
I1008 08:30:10.543494 98964 master_service.cpp:10630] [EVICT-DONE] BatchEvict execution completed.
I1008 08:30:10.553574 98964 master_service.cpp:10619] [EVICT-TRIGGER] memory_ratio=1 high_watermark=0.9 need_mem_eviction=1 eviction_ratio=0.05
I1008 08:30:10.554991 98964 master_service.cpp:10630] [EVICT-DONE] BatchEvict execution completed.
I1008 08:30:10.565073 98964 master_service.cpp:10619] [EVICT-TRIGGER] memory_ratio=1 high_watermark=0.9 need_mem_eviction=1 eviction_ratio=0.05
I1008 08:30:10.566488 98964 master_service.cpp:10630] [EVICT-DONE] BatchEvict execution completed.
I1008 08:30:10.576566 98964 master_service.cpp:10619] [EVICT-TRIGGER] memory_ratio=1 high_watermark=0.9 need_mem_eviction=0 eviction_ratio=0.05
I1008 08:30:10.577924 98964 master_service.cpp:10630] [EVICT-DONE] BatchEvict execution completed.
I1008 08:30:10.587999 98964 master_service.cpp:10619] [EVICT-TRIGGER] memory_ratio=1 high_watermark=0.9 need_mem_eviction=0 eviction_ratio=0.05
I1008 08:30:10.589347 98964 master_service.cpp:10630] [EVICT-DONE] BatchEvict execution completed.
I1008 08:30:10.599422 98964 master_service.cpp:10619] [EVICT-TRIGGER] memory_ratio=1 high_watermark=0.9 need_mem_eviction=0 eviction_ratio=0.05
I1008 08:30:10.600750 98964 master_service.cpp:10630] [EVICT-DONE] BatchEvict execution completed.
I1008 08:30:10.610827 98964 master_service.cpp:10619] [EVICT-TRIGGER] memory_ratio=1 high_watermark=0.9 need_mem_eviction=0 eviction_ratio=0.05
I1008 08:30:10.612653 98964 master_service.cpp:10630] [EVICT-DONE] BatchEvict execution completed.
I1008 08:30:10.622718 98964 master_service.cpp:10619] [EVICT-TRIGGER] memory_ratio=1 high_watermark=0.9 need_mem_eviction=0 eviction_ratio=0.05
I1008 08:30:10.624257 98964 master_service.cpp:10630] [EVICT-DONE] BatchEvict execution completed.
I1008 08:30:10.634336 98964 master_service.cpp:10619] [EVICT-TRIGGER] memory_ratio=1 high_watermark=0.9 need_mem_eviction=0 eviction_ratio=0.05
I1008 08:30:10.635769 98964 master_service.cpp:10630] [EVICT-DONE] BatchEvict execution completed.
I1008 08:30:10.645846 98964 master_service.cpp:10619] [EVICT-TRIGGER] memory_ratio=1 high_watermark=0.9 need_mem_eviction=0 eviction_ratio=0.05
I1008 08:30:10.647217 98964 master_service.cpp:10630] [EVICT-DONE] BatchEvict execution completed.
I1008 08:30:10.657294 98964 master_service.cpp:10619] [EVICT-TRIGGER] memory_ratio=1 high_watermark=0.9 need_mem_eviction=0 eviction_ratio=0.05
I1008 08:30:10.658627 98964 master_service.cpp:10630] [EVICT-DONE] BatchEvict execution completed.
I1008 08:30:10.668704 98964 master_service.cpp:10619] [EVICT-TRIGGER] memory_ratio=1 high_watermark=0.9 need_mem_eviction=0 eviction_ratio=0.05
I1008 08:30:10.670042 98964 master_service.cpp:10630] [EVICT-DONE] BatchEvict execution completed.
I1008 08:30:10.680119 98964 master_service.cpp:10619] [EVICT-TRIGGER] memory_ratio=1 high_watermark=0.9 need_mem_eviction=0 eviction_ratio=0.05
I1008 08:30:10.681504 98964 master_service.cpp:10630] [EVICT-DONE] BatchEvict execution completed.
I1008 08:30:10.691579 98964 master_service.cpp:10619] [EVICT-TRIGGER] memory_ratio=1 high_watermark=0.9 need_mem_eviction=0 eviction_ratio=0.05
I1008 08:30:10.692934 98964 master_service.cpp:10630] [EVICT-DONE] BatchEvict execution completed.
I1008 08:30:10.703011 98964 master_service.cpp:10619] [EVICT-TRIGGER] memory_ratio=1 high_watermark=0.9 need_mem_eviction=0 eviction_ratio=0.05
I1008 08:30:10.704380 98964 master_service.cpp:10630] [EVICT-DONE] BatchEvict execution completed.
I1008 08:30:10.714455 98964 master_service.cpp:10619] [EVICT-TRIGGER] memory_ratio=1 high_watermark=0.9 need_mem_eviction=0 eviction_ratio=0.05
I1008 08:30:10.715858 98964 master_service.cpp:10630] [EVICT-DONE] BatchEvict execution completed.
I1008 08:30:10.725936 98964 master_service.cpp:10619] [EVICT-TRIGGER] memory_ratio=1 high_watermark=0.9 need_mem_eviction=0 eviction_ratio=0.05
I1008 08:30:10.727308 98964 master_service.cpp:10630] [EVICT-DONE] BatchEvict execution completed.
I1008 08:30:10.737385 98964 master_service.cpp:10619] [EVICT-TRIGGER] memory_ratio=1 high_watermark=0.9 need_mem_eviction=0 eviction_ratio=0.05
I1008 08:30:10.738734 98964 master_service.cpp:10630] [EVICT-DONE] BatchEvict execution completed.
I1008 08:30:10.748811 98964 master_service.cpp:10619] [EVICT-TRIGGER] memory_ratio=1 high_watermark=0.9 need_mem_eviction=0 eviction_ratio=0.05
I1008 08:30:10.750164 98964 master_service.cpp:10630] [EVICT-DONE] BatchEvict execution completed.
I1008 08:30:10.760239 98964 master_service.cpp:10619] [EVICT-TRIGGER] memory_ratio=1 high_watermark=0.9 need_mem_eviction=0 eviction_ratio=0.05
I1008 08:30:10.761551 98964 master_service.cpp:10630] [EVICT-DONE] BatchEvict execution completed.
I1008 08:30:10.771627 98964 master_service.cpp:10619] [EVICT-TRIGGER] memory_ratio=1 high_watermark=0.9 need_mem_eviction=0 eviction_ratio=0.05
I1008 08:30:10.772935 98964 master_service.cpp:10630] [EVICT-DONE] BatchEvict execution completed.
I1008 08:30:10.783011 98964 master_service.cpp:10619] [EVICT-TRIGGER] memory_ratio=1 high_watermark=0.9 need_mem_eviction=0 eviction_ratio=0.05
I1008 08:30:10.784335 98964 master_service.cpp:10630] [EVICT-DONE] BatchEvict execution completed.
I1008 08:30:10.794412 98964 master_service.cpp:10619] [EVICT-TRIGGER] memory_ratio=1 high_watermark=0.9 need_mem_eviction=0 eviction_ratio=0.05
I1008 08:30:10.795794 98964 master_service.cpp:10630] [EVICT-DONE] BatchEvict execution completed.
I1008 08:30:10.805871 98964 master_service.cpp:10619] [EVICT-TRIGGER] memory_ratio=1 high_watermark=0.9 need_mem_eviction=0 eviction_ratio=0.05
I1008 08:30:10.807193 98964 master_service.cpp:10630] [EVICT-DONE] BatchEvict execution completed.
I1008 08:30:10.817270 98964 master_service.cpp:10619] [EVICT-TRIGGER] memory_ratio=1 high_watermark=0.9 need_mem_eviction=0 eviction_ratio=0.05
I1008 08:30:10.818634 98964 master_service.cpp:10630] [EVICT-DONE] BatchEvict execution completed.
I1008 08:30:10.828711 98964 master_service.cpp:10619] [EVICT-TRIGGER] memory_ratio=1 high_watermark=0.9 need_mem_eviction=0 eviction_ratio=0.05
I1008 08:30:10.830032 98964 master_service.cpp:10630] [EVICT-DONE] BatchEvict execution completed.
I1008 08:30:10.840108 98964 master_service.cpp:10619] [EVICT-TRIGGER] memory_ratio=1 high_watermark=0.9 need_mem_eviction=0 eviction_ratio=0.05
I1008 08:30:10.841425 98964 master_service.cpp:10630] [EVICT-DONE] BatchEvict execution completed.
I1008 08:30:10.851500 98964 master_service.cpp:10619] [EVICT-TRIGGER] memory_ratio=1 high_watermark=0.9 need_mem_eviction=0 eviction_ratio=0.05
I1008 08:30:10.852821 98964 master_service.cpp:10630] [EVICT-DONE] BatchEvict execution completed.
I1008 08:30:10.862896 98964 master_service.cpp:10619] [EVICT-TRIGGER] memory_ratio=1 high_watermark=0.9 need_mem_eviction=0 eviction_ratio=0.05
I1008 08:30:10.864216 98964 master_service.cpp:10630] [EVICT-DONE] BatchEvict execution completed.
I1008 08:30:10.874292 98964 master_service.cpp:10619] [EVICT-TRIGGER] memory_ratio=1 high_watermark=0.9 need_mem_eviction=0 eviction_ratio=0.05
I1008 08:30:10.875679 98964 master_service.cpp:10630] [EVICT-DONE] BatchEvict execution completed.
I1008 08:30:10.885757 98964 master_service.cpp:10619] [EVICT-TRIGGER] memory_ratio=1 high_watermark=0.9 need_mem_eviction=0 eviction_ratio=0.05
I1008 08:30:10.887074 98964 master_service.cpp:10630] [EVICT-DONE] BatchEvict execution completed.
I1008 08:30:10.897150 98964 master_service.cpp:10619] [EVICT-TRIGGER] memory_ratio=1 high_watermark=0.9 need_mem_eviction=0 eviction_ratio=0.05
I1008 08:30:10.898484 98964 master_service.cpp:10630] [EVICT-DONE] BatchEvict execution completed.
I1008 08:30:10.908560 98964 master_service.cpp:10619] [EVICT-TRIGGER] memory_ratio=1 high_watermark=0.9 need_mem_eviction=0 eviction_ratio=0.05
I1008 08:30:10.909857 98964 master_service.cpp:10630] [EVICT-DONE] BatchEvict execution completed.
I1008 08:30:10.919934 98964 master_service.cpp:10619] [EVICT-TRIGGER] memory_ratio=1 high_watermark=0.9 need_mem_eviction=0 eviction_ratio=0.05
I1008 08:30:10.921468 98964 master_service.cpp:10630] [EVICT-DONE] BatchEvict execution completed.
I1008 08:30:10.931547 98964 master_service.cpp:10619] [EVICT-TRIGGER] memory_ratio=1 high_watermark=0.9 need_mem_eviction=0 eviction_ratio=0.05
I1008 08:30:10.932973 98964 master_service.cpp:10630] [EVICT-DONE] BatchEvict execution completed.
I1008 08:30:10.943049 98964 master_service.cpp:10619] [EVICT-TRIGGER] memory_ratio=1 high_watermark=0.9 need_mem_eviction=0 eviction_ratio=0.05
I1008 08:30:10.944427 98964 master_service.cpp:10630] [EVICT-DONE] BatchEvict execution completed.
I1008 08:30:10.954504 98964 master_service.cpp:10619] [EVICT-TRIGGER] memory_ratio=1 high_watermark=0.9 need_mem_eviction=0 eviction_ratio=0.05
I1008 08:30:10.955914 98964 master_service.cpp:10630] [EVICT-DONE] BatchEvict execution completed.
I1008 08:30:10.965991 98964 master_service.cpp:10619] [EVICT-TRIGGER] memory_ratio=1 high_watermark=0.9 need_mem_eviction=0 eviction_ratio=0.05
I1008 08:30:10.967342 98964 master_service.cpp:10630] [EVICT-DONE] BatchEvict execution completed.
I1008 08:30:10.977418 98964 master_service.cpp:10619] [EVICT-TRIGGER] memory_ratio=1 high_watermark=0.9 need_mem_eviction=0 eviction_ratio=0.05
I1008 08:30:10.978762 98964 master_service.cpp:10630] [EVICT-DONE] BatchEvict execution completed.
I1008 08:30:10.988839 98964 master_service.cpp:10619] [EVICT-TRIGGER] memory_ratio=1 high_watermark=0.9 need_mem_eviction=0 eviction_ratio=0.05
I1008 08:30:10.990170 98964 master_service.cpp:10630] [EVICT-DONE] BatchEvict execution completed.
I1008 08:30:11.000247 98964 master_service.cpp:10619] [EVICT-TRIGGER] memory_ratio=1 high_watermark=0.9 need_mem_eviction=0 eviction_ratio=0.05
I1008 08:30:11.001645 98964 master_service.cpp:10630] [EVICT-DONE] BatchEvict execution completed.
I1008 08:30:11.011722 98964 master_service.cpp:10619] [EVICT-TRIGGER] memory_ratio=1 high_watermark=0.9 need_mem_eviction=0 eviction_ratio=0.05
I1008 08:30:11.013090 98964 master_service.cpp:10630] [EVICT-DONE] BatchEvict execution completed.
I1008 08:30:11.023166 98964 master_service.cpp:10619] [EVICT-TRIGGER] memory_ratio=1 high_watermark=0.9 need_mem_eviction=0 eviction_ratio=0.05
I1008 08:30:11.024533 98964 master_service.cpp:10630] [EVICT-DONE] BatchEvict execution completed.
I1008 08:30:11.034607 98964 master_service.cpp:10619] [EVICT-TRIGGER] memory_ratio=1 high_watermark=0.9 need_mem_eviction=0 eviction_ratio=0.05
I1008 08:30:11.036005 98964 master_service.cpp:10630] [EVICT-DONE] BatchEvict execution completed.
I1008 08:30:11.046082 98964 master_service.cpp:10619] [EVICT-TRIGGER] memory_ratio=1 high_watermark=0.9 need_mem_eviction=0 eviction_ratio=0.05
I1008 08:30:11.047472 98964 master_service.cpp:10630] [EVICT-DONE] BatchEvict execution completed.
I1008 08:30:11.057548 98964 master_service.cpp:10619] [EVICT-TRIGGER] memory_ratio=1 high_watermark=0.9 need_mem_eviction=0 eviction_ratio=0.05
I1008 08:30:11.058915 98964 master_service.cpp:10630] [EVICT-DONE] BatchEvict execution completed.
I1008 08:30:11.068993 98964 master_service.cpp:10619] [EVICT-TRIGGER] memory_ratio=1 high_watermark=0.9 need_mem_eviction=0 eviction_ratio=0.05
I1008 08:30:11.070338 98964 master_service.cpp:10630] [EVICT-DONE] BatchEvict execution completed.
I1008 08:30:11.080416 98964 master_service.cpp:10619] [EVICT-TRIGGER] memory_ratio=1 high_watermark=0.9 need_mem_eviction=0 eviction_ratio=0.05
I1008 08:30:11.081748 98964 master_service.cpp:10630] [EVICT-DONE] BatchEvict execution completed.
I1008 08:30:11.091823 98964 master_service.cpp:10619] [EVICT-TRIGGER] memory_ratio=1 high_watermark=0.9 need_mem_eviction=0 eviction_ratio=0.05
I1008 08:30:11.093142 98964 master_service.cpp:10630] [EVICT-DONE] BatchEvict execution completed.
I1008 08:30:11.103217 98964 master_service.cpp:10619] [EVICT-TRIGGER] memory_ratio=1 high_watermark=0.9 need_mem_eviction=0 eviction_ratio=0.05
I1008 08:30:11.104566 98964 master_service.cpp:10630] [EVICT-DONE] BatchEvict execution completed.
I1008 08:30:11.114645 98964 master_service.cpp:10619] [EVICT-TRIGGER] memory_ratio=1 high_watermark=0.9 need_mem_eviction=0 eviction_ratio=0.05
I1008 08:30:11.116025 98964 master_service.cpp:10630] [EVICT-DONE] BatchEvict execution completed.
I1008 08:30:11.126102 98964 master_service.cpp:10619] [EVICT-TRIGGER] memory_ratio=1 high_watermark=0.9 need_mem_eviction=0 eviction_ratio=0.05
I1008 08:30:11.127447 98964 master_service.cpp:10630] [EVICT-DONE] BatchEvict execution completed.
I1008 08:30:11.137523 98964 master_service.cpp:10619] [EVICT-TRIGGER] memory_ratio=1 high_watermark=0.9 need_mem_eviction=0 eviction_ratio=0.05
I1008 08:30:11.138888 98964 master_service.cpp:10630] [EVICT-DONE] BatchEvict execution completed.
I1008 08:30:11.148964 98964 master_service.cpp:10619] [EVICT-TRIGGER] memory_ratio=1 high_watermark=0.9 need_mem_eviction=0 eviction_ratio=0.05
I1008 08:30:11.150291 98964 master_service.cpp:10630] [EVICT-DONE] BatchEvict execution completed.
I1008 08:30:11.160367 98964 master_service.cpp:10619] [EVICT-TRIGGER] memory_ratio=1 high_watermark=0.9 need_mem_eviction=0 eviction_ratio=0.05
I1008 08:30:11.161666 98964 master_service.cpp:10630] [EVICT-DONE] BatchEvict execution completed.
I1008 08:30:11.171742 98964 master_service.cpp:10619] [EVICT-TRIGGER] memory_ratio=1 high_watermark=0.9 need_mem_eviction=0 eviction_ratio=0.05
I1008 08:30:11.173048 98964 master_service.cpp:10630] [EVICT-DONE] BatchEvict execution completed.
I1008 08:30:11.183125 98964 master_service.cpp:10619] [EVICT-TRIGGER] memory_ratio=1 high_watermark=0.9 need_mem_eviction=0 eviction_ratio=0.05
I1008 08:30:11.184463 98964 master_service.cpp:10630] [EVICT-DONE] BatchEvict execution completed.
I1008 08:30:11.194538 98964 master_service.cpp:10619] [EVICT-TRIGGER] memory_ratio=1 high_watermark=0.9 need_mem_eviction=0 eviction_ratio=0.05
I1008 08:30:11.195911 98964 master_service.cpp:10630] [EVICT-DONE] BatchEvict execution completed.
I1008 08:30:11.205989 98964 master_service.cpp:10619] [EVICT-TRIGGER] memory_ratio=1 high_watermark=0.9 need_mem_eviction=0 eviction_ratio=0.05
I1008 08:30:11.207327 98964 master_service.cpp:10630] [EVICT-DONE] BatchEvict execution completed.
I1008 08:30:11.217406 98964 master_service.cpp:10619] [EVICT-TRIGGER] memory_ratio=1 high_watermark=0.9 need_mem_eviction=0 eviction_ratio=0.05
I1008 08:30:11.218732 98964 master_service.cpp:10630] [EVICT-DONE] BatchEvict execution completed.
I1008 08:30:11.228809 98964 master_service.cpp:10619] [EVICT-TRIGGER] memory_ratio=1 high_watermark=0.9 need_mem_eviction=0 eviction_ratio=0.05
I1008 08:30:11.230108 98964 master_service.cpp:10630] [EVICT-DONE] BatchEvict execution completed.
I1008 08:30:11.240182 98964 master_service.cpp:10619] [EVICT-TRIGGER] memory_ratio=1 high_watermark=0.9 need_mem_eviction=0 eviction_ratio=0.05
I1008 08:30:11.241477 98964 master_service.cpp:10630] [EVICT-DONE] BatchEvict execution completed.
I1008 08:30:11.251554 98964 master_service.cpp:10619] [EVICT-TRIGGER] memory_ratio=1 high_watermark=0.9 need_mem_eviction=0 eviction_ratio=0.05
I1008 08:30:11.252879 98964 master_service.cpp:10630] [EVICT-DONE] BatchEvict execution completed.
I1008 08:30:11.262967 98964 master_service.cpp:10619] [EVICT-TRIGGER] memory_ratio=1 high_watermark=0.9 need_mem_eviction=0 eviction_ratio=0.05
I1008 08:30:11.264282 98964 master_service.cpp:10630] [EVICT-DONE] BatchEvict execution completed.
I1008 08:30:11.274358 98964 master_service.cpp:10619] [EVICT-TRIGGER] memory_ratio=1 high_watermark=0.9 need_mem_eviction=0 eviction_ratio=0.05
I1008 08:30:11.275770 98964 master_service.cpp:10630] [EVICT-DONE] BatchEvict execution completed.
I1008 08:30:11.285847 98964 master_service.cpp:10619] [EVICT-TRIGGER] memory_ratio=1 high_watermark=0.9 need_mem_eviction=0 eviction_ratio=0.05
I1008 08:30:11.287195 98964 master_service.cpp:10630] [EVICT-DONE] BatchEvict execution completed.
I1008 08:30:11.297273 98964 master_service.cpp:10619] [EVICT-TRIGGER] memory_ratio=1 high_watermark=0.9 need_mem_eviction=0 eviction_ratio=0.05
I1008 08:30:11.298576 98964 master_service.cpp:10630] [EVICT-DONE] BatchEvict execution completed.
I1008 08:30:11.308652 98964 master_service.cpp:10619] [EVICT-TRIGGER] memory_ratio=1 high_watermark=0.9 need_mem_eviction=0 eviction_ratio=0.05
I1008 08:30:11.309958 98964 master_service.cpp:10630] [EVICT-DONE] BatchEvict execution completed.
I1008 08:30:11.320034 98964 master_service.cpp:10619] [EVICT-TRIGGER] memory_ratio=1 high_watermark=0.9 need_mem_eviction=0 eviction_ratio=0.05
I1008 08:30:11.321369 98964 master_service.cpp:10630] [EVICT-DONE] BatchEvict execution completed.
I1008 08:30:11.331446 98964 master_service.cpp:10619] [EVICT-TRIGGER] memory_ratio=1 high_watermark=0.9 need_mem_eviction=0 eviction_ratio=0.05
I1008 08:30:11.332758 98964 master_service.cpp:10630] [EVICT-DONE] BatchEvict execution completed.
I1008 08:30:11.342834 98964 master_service.cpp:10619] [EVICT-TRIGGER] memory_ratio=1 high_watermark=0.9 need_mem_eviction=0 eviction_ratio=0.05
I1008 08:30:11.344121 98964 master_service.cpp:10630] [EVICT-DONE] BatchEvict execution completed.
I1008 08:30:11.354197 98964 master_service.cpp:10619] [EVICT-TRIGGER] memory_ratio=1 high_watermark=0.9 need_mem_eviction=0 eviction_ratio=0.05
I1008 08:30:11.355561 98964 master_service.cpp:10630] [EVICT-DONE] BatchEvict execution completed.
I1008 08:30:11.365638 98964 master_service.cpp:10619] [EVICT-TRIGGER] memory_ratio=1 high_watermark=0.9 need_mem_eviction=0 eviction_ratio=0.05
I1008 08:30:11.366989 98964 master_service.cpp:10630] [EVICT-DONE] BatchEvict execution completed.
I1008 08:30:11.377066 98964 master_service.cpp:10619] [EVICT-TRIGGER] memory_ratio=1 high_watermark=0.9 need_mem_eviction=0 eviction_ratio=0.05
I1008 08:30:11.378356 98964 master_service.cpp:10630] [EVICT-DONE] BatchEvict execution completed.
I1008 08:30:11.388432 98964 master_service.cpp:10619] [EVICT-TRIGGER] memory_ratio=1 high_watermark=0.9 need_mem_eviction=0 eviction_ratio=0.05
I1008 08:30:11.389780 98964 master_service.cpp:10630] [EVICT-DONE] BatchEvict execution completed.
I1008 08:30:11.399856 98964 master_service.cpp:10619] [EVICT-TRIGGER] memory_ratio=1 high_watermark=0.9 need_mem_eviction=0 eviction_ratio=0.05
I1008 08:30:11.401201 98964 master_service.cpp:10630] [EVICT-DONE] BatchEvict execution completed.
I1008 08:30:11.411279 98964 master_service.cpp:10619] [EVICT-TRIGGER] memory_ratio=1 high_watermark=0.9 need_mem_eviction=0 eviction_ratio=0.05
I1008 08:30:11.413005 98964 master_service.cpp:10630] [EVICT-DONE] BatchEvict execution completed.
I1008 08:30:11.423084 98964 master_service.cpp:10619] [EVICT-TRIGGER] memory_ratio=1 high_watermark=0.9 need_mem_eviction=0 eviction_ratio=0.05
I1008 08:30:11.424449 98964 master_service.cpp:10630] [EVICT-DONE] BatchEvict execution completed.
I1008 08:30:11.434526 98964 master_service.cpp:10619] [EVICT-TRIGGER] memory_ratio=1 high_watermark=0.9 need_mem_eviction=0 eviction_ratio=0.05
I1008 08:30:11.435966 98964 master_service.cpp:10630] [EVICT-DONE] BatchEvict execution completed.
I1008 08:30:11.446043 98964 master_service.cpp:10619] [EVICT-TRIGGER] memory_ratio=1 high_watermark=0.9 need_mem_eviction=0 eviction_ratio=0.05
I1008 08:30:11.447433 98964 master_service.cpp:10630] [EVICT-DONE] BatchEvict execution completed.
I1008 08:30:11.457520 98964 master_service.cpp:10619] [EVICT-TRIGGER] memory_ratio=1 high_watermark=0.9 need_mem_eviction=0 eviction_ratio=0.05
I1008 08:30:11.458905 98964 master_service.cpp:10630] [EVICT-DONE] BatchEvict execution completed.
I1008 08:30:11.468982 98964 master_service.cpp:10619] [EVICT-TRIGGER] memory_ratio=1 high_watermark=0.9 need_mem_eviction=0 eviction_ratio=0.05
I1008 08:30:11.470295 98964 master_service.cpp:10630] [EVICT-DONE] BatchEvict execution completed.
I1008 08:30:11.480370 98964 master_service.cpp:10619] [EVICT-TRIGGER] memory_ratio=1 high_watermark=0.9 need_mem_eviction=0 eviction_ratio=0.05
I1008 08:30:11.481725 98964 master_service.cpp:10630] [EVICT-DONE] BatchEvict execution completed.
I1008 08:30:11.491802 98964 master_service.cpp:10619] [EVICT-TRIGGER] memory_ratio=1 high_watermark=0.9 need_mem_eviction=0 eviction_ratio=0.05
I1008 08:30:11.493114 98964 master_service.cpp:10630] [EVICT-DONE] BatchEvict execution completed.
I1008 08:30:11.503191 98964 master_service.cpp:10619] [EVICT-TRIGGER] memory_ratio=1 high_watermark=0.9 need_mem_eviction=0 eviction_ratio=0.05
I1008 08:30:11.504554 98964 master_service.cpp:10630] [EVICT-DONE] BatchEvict execution completed.
I1008 08:30:11.514631 98964 master_service.cpp:10619] [EVICT-TRIGGER] memory_ratio=1 high_watermark=0.9 need_mem_eviction=0 eviction_ratio=0.05
I1008 08:30:11.516017 98964 master_service.cpp:10630] [EVICT-DONE] BatchEvict execution completed.
I1008 08:30:11.526103 98964 master_service.cpp:10619] [EVICT-TRIGGER] memory_ratio=1 high_watermark=0.9 need_mem_eviction=0 eviction_ratio=0.05
I1008 08:30:11.527504 98964 master_service.cpp:10630] [EVICT-DONE] BatchEvict execution completed.
I1008 08:30:11.537582 98964 master_service.cpp:10619] [EVICT-TRIGGER] memory_ratio=1 high_watermark=0.9 need_mem_eviction=0 eviction_ratio=0.05
I1008 08:30:11.539340 98964 master_service.cpp:10630] [EVICT-DONE] BatchEvict execution completed.
I1008 08:30:11.549415 98964 master_service.cpp:10619] [EVICT-TRIGGER] memory_ratio=1 high_watermark=0.9 need_mem_eviction=0 eviction_ratio=0.05
I1008 08:30:11.550808 98964 master_service.cpp:10630] [EVICT-DONE] BatchEvict execution completed.
I1008 08:30:11.560884 98964 master_service.cpp:10619] [EVICT-TRIGGER] memory_ratio=1 high_watermark=0.9 need_mem_eviction=0 eviction_ratio=0.05
I1008 08:30:11.562232 98964 master_service.cpp:10630] [EVICT-DONE] BatchEvict execution completed.
I1008 08:30:11.572309 98964 master_service.cpp:10619] [EVICT-TRIGGER] memory_ratio=1 high_watermark=0.9 need_mem_eviction=0 eviction_ratio=0.05
I1008 08:30:11.573637 98964 master_service.cpp:10630] [EVICT-DONE] BatchEvict execution completed.
I1008 08:30:11.583714 98964 master_service.cpp:10619] [EVICT-TRIGGER] memory_ratio=1 high_watermark=0.9 need_mem_eviction=0 eviction_ratio=0.05
I1008 08:30:11.585058 98964 master_service.cpp:10630] [EVICT-DONE] BatchEvict execution completed.
I1008 08:30:11.595134 98964 master_service.cpp:10619] [EVICT-TRIGGER] memory_ratio=1 high_watermark=0.9 need_mem_eviction=0 eviction_ratio=0.05
I1008 08:30:11.596433 98964 master_service.cpp:10630] [EVICT-DONE] BatchEvict execution completed.
I1008 08:30:11.606510 98964 master_service.cpp:10619] [EVICT-TRIGGER] memory_ratio=1 high_watermark=0.9 need_mem_eviction=0 eviction_ratio=0.05
I1008 08:30:11.607836 98964 master_service.cpp:10630] [EVICT-DONE] BatchEvict execution completed.
I1008 08:30:11.617910 98964 master_service.cpp:10619] [EVICT-TRIGGER] memory_ratio=1 high_watermark=0.9 need_mem_eviction=0 eviction_ratio=0.05
I1008 08:30:11.619240 98964 master_service.cpp:10630] [EVICT-DONE] BatchEvict execution completed.
I1008 08:30:11.629317 98964 master_service.cpp:10619] [EVICT-TRIGGER] memory_ratio=1 high_watermark=0.9 need_mem_eviction=0 eviction_ratio=0.05
I1008 08:30:11.630590 98964 master_service.cpp:10630] [EVICT-DONE] BatchEvict execution completed.
I1008 08:30:11.640666 98964 master_service.cpp:10619] [EVICT-TRIGGER] memory_ratio=1 high_watermark=0.9 need_mem_eviction=0 eviction_ratio=0.05
I1008 08:30:11.641984 98964 master_service.cpp:10630] [EVICT-DONE] BatchEvict execution completed.
I1008 08:30:11.652076 98964 master_service.cpp:10619] [EVICT-TRIGGER] memory_ratio=1 high_watermark=0.9 need_mem_eviction=0 eviction_ratio=0.05
I1008 08:30:11.653380 98964 master_service.cpp:10630] [EVICT-DONE] BatchEvict execution completed.
I1008 08:30:11.663457 98964 master_service.cpp:10619] [EVICT-TRIGGER] memory_ratio=1 high_watermark=0.9 need_mem_eviction=0 eviction_ratio=0.05
I1008 08:30:11.664806 98964 master_service.cpp:10630] [EVICT-DONE] BatchEvict execution completed.
I1008 08:30:11.674883 98964 master_service.cpp:10619] [EVICT-TRIGGER] memory_ratio=1 high_watermark=0.9 need_mem_eviction=0 eviction_ratio=0.05
I1008 08:30:11.676208 98964 master_service.cpp:10630] [EVICT-DONE] BatchEvict execution completed.
I1008 08:30:11.686285 98964 master_service.cpp:10619] [EVICT-TRIGGER] memory_ratio=1 high_watermark=0.9 need_mem_eviction=0 eviction_ratio=0.05
I1008 08:30:11.687652 98964 master_service.cpp:10630] [EVICT-DONE] BatchEvict execution completed.
I1008 08:30:11.697729 98964 master_service.cpp:10619] [EVICT-TRIGGER] memory_ratio=1 high_watermark=0.9 need_mem_eviction=0 eviction_ratio=0.05
I1008 08:30:11.699044 98964 master_service.cpp:10630] [EVICT-DONE] BatchEvict execution completed.
I1008 08:30:11.709121 98964 master_service.cpp:10619] [EVICT-TRIGGER] memory_ratio=1 high_watermark=0.9 need_mem_eviction=0 eviction_ratio=0.05
I1008 08:30:11.710464 98964 master_service.cpp:10630] [EVICT-DONE] BatchEvict execution completed.
I1008 08:30:11.720541 98964 master_service.cpp:10619] [EVICT-TRIGGER] memory_ratio=1 high_watermark=0.9 need_mem_eviction=0 eviction_ratio=0.05
I1008 08:30:11.721860 98964 master_service.cpp:10630] [EVICT-DONE] BatchEvict execution completed.
I1008 08:30:11.731935 98964 master_service.cpp:10619] [EVICT-TRIGGER] memory_ratio=1 high_watermark=0.9 need_mem_eviction=0 eviction_ratio=0.05
I1008 08:30:11.733280 98964 master_service.cpp:10630] [EVICT-DONE] BatchEvict execution completed.
I1008 08:30:11.743356 98964 master_service.cpp:10619] [EVICT-TRIGGER] memory_ratio=1 high_watermark=0.9 need_mem_eviction=0 eviction_ratio=0.05
I1008 08:30:11.744685 98964 master_service.cpp:10630] [EVICT-DONE] BatchEvict execution completed.
I1008 08:30:11.754761 98964 master_service.cpp:10619] [EVICT-TRIGGER] memory_ratio=1 high_watermark=0.9 need_mem_eviction=0 eviction_ratio=0.05
I1008 08:30:11.756081 98964 master_service.cpp:10630] [EVICT-DONE] BatchEvict execution completed.
I1008 08:30:11.766158 98964 master_service.cpp:10619] [EVICT-TRIGGER] memory_ratio=1 high_watermark=0.9 need_mem_eviction=0 eviction_ratio=0.05
I1008 08:30:11.767496 98964 master_service.cpp:10630] [EVICT-DONE] BatchEvict execution completed.
I1008 08:30:11.777575 98964 master_service.cpp:10619] [EVICT-TRIGGER] memory_ratio=1 high_watermark=0.9 need_mem_eviction=0 eviction_ratio=0.05
I1008 08:30:11.778918 98964 master_service.cpp:10630] [EVICT-DONE] BatchEvict execution completed.
I1008 08:30:11.788995 98964 master_service.cpp:10619] [EVICT-TRIGGER] memory_ratio=1 high_watermark=0.9 need_mem_eviction=0 eviction_ratio=0.05
I1008 08:30:11.790316 98964 master_service.cpp:10630] [EVICT-DONE] BatchEvict execution completed.
I1008 08:30:11.800393 98964 master_service.cpp:10619] [EVICT-TRIGGER] memory_ratio=1 high_watermark=0.9 need_mem_eviction=0 eviction_ratio=0.05
I1008 08:30:11.801759 98964 master_service.cpp:10630] [EVICT-DONE] BatchEvict execution completed.
I1008 08:30:11.811836 98964 master_service.cpp:10619] [EVICT-TRIGGER] memory_ratio=1 high_watermark=0.9 need_mem_eviction=0 eviction_ratio=0.05
I1008 08:30:11.814097 98964 master_service.cpp:10630] [EVICT-DONE] BatchEvict execution completed.
I1008 08:30:11.824174 98964 master_service.cpp:10619] [EVICT-TRIGGER] memory_ratio=1 high_watermark=0.9 need_mem_eviction=0 eviction_ratio=0.05
I1008 08:30:11.825875 98964 master_service.cpp:10630] [EVICT-DONE] BatchEvict execution completed.
I1008 08:30:11.835952 98964 master_service.cpp:10619] [EVICT-TRIGGER] memory_ratio=1 high_watermark=0.9 need_mem_eviction=0 eviction_ratio=0.05
I1008 08:30:11.837345 98964 master_service.cpp:10630] [EVICT-DONE] BatchEvict execution completed.
I1008 08:30:11.847422 98964 master_service.cpp:10619] [EVICT-TRIGGER] memory_ratio=1 high_watermark=0.9 need_mem_eviction=0 eviction_ratio=0.05
I1008 08:30:11.848778 98964 master_service.cpp:10630] [EVICT-DONE] BatchEvict execution completed.
I1008 08:30:11.858855 98964 master_service.cpp:10619] [EVICT-TRIGGER] memory_ratio=1 high_watermark=0.9 need_mem_eviction=0 eviction_ratio=0.05
I1008 08:30:11.860167 98964 master_service.cpp:10630] [EVICT-DONE] BatchEvict execution completed.
I1008 08:30:11.870242 98964 master_service.cpp:10619] [EVICT-TRIGGER] memory_ratio=1 high_watermark=0.9 need_mem_eviction=0 eviction_ratio=0.05
I1008 08:30:11.871634 98964 master_service.cpp:10630] [EVICT-DONE] BatchEvict execution completed.
I1008 08:30:11.881712 98964 master_service.cpp:10619] [EVICT-TRIGGER] memory_ratio=1 high_watermark=0.9 need_mem_eviction=0 eviction_ratio=0.05
I1008 08:30:11.883052 98964 master_service.cpp:10630] [EVICT-DONE] BatchEvict execution completed.
I1008 08:30:11.893131 98964 master_service.cpp:10619] [EVICT-TRIGGER] memory_ratio=1 high_watermark=0.9 need_mem_eviction=0 eviction_ratio=0.05
I1008 08:30:11.894448 98964 master_service.cpp:10630] [EVICT-DONE] BatchEvict execution completed.
I1008 08:30:11.904525 98964 master_service.cpp:10619] [EVICT-TRIGGER] memory_ratio=1 high_watermark=0.9 need_mem_eviction=0 eviction_ratio=0.05
I1008 08:30:11.905843 98964 master_service.cpp:10630] [EVICT-DONE] BatchEvict execution completed.
I1008 08:30:11.915918 98964 master_service.cpp:10619] [EVICT-TRIGGER] memory_ratio=1 high_watermark=0.9 need_mem_eviction=0 eviction_ratio=0.05
I1008 08:30:11.917230 98964 master_service.cpp:10630] [EVICT-DONE] BatchEvict execution completed.
I1008 08:30:11.927305 98964 master_service.cpp:10619] [EVICT-TRIGGER] memory_ratio=1 high_watermark=0.9 need_mem_eviction=0 eviction_ratio=0.05
I1008 08:30:11.928668 98964 master_service.cpp:10630] [EVICT-DONE] BatchEvict execution completed.
I1008 08:30:11.938716 98964 master_service.cpp:10619] [EVICT-TRIGGER] memory_ratio=1 high_watermark=0.9 need_mem_eviction=0 eviction_ratio=0.05
I1008 08:30:11.940030 98964 master_service.cpp:10630] [EVICT-DONE] BatchEvict execution completed.
I1008 08:30:11.950106 98964 master_service.cpp:10619] [EVICT-TRIGGER] memory_ratio=1 high_watermark=0.9 need_mem_eviction=0 eviction_ratio=0.05
I1008 08:30:11.951493 98964 master_service.cpp:10630] [EVICT-DONE] BatchEvict execution completed.
I1008 08:30:11.961570 98964 master_service.cpp:10619] [EVICT-TRIGGER] memory_ratio=1 high_watermark=0.9 need_mem_eviction=0 eviction_ratio=0.05
I1008 08:30:11.962909 98964 master_service.cpp:10630] [EVICT-DONE] BatchEvict execution completed.
I1008 08:30:11.972986 98964 master_service.cpp:10619] [EVICT-TRIGGER] memory_ratio=1 high_watermark=0.9 need_mem_eviction=0 eviction_ratio=0.05
I1008 08:30:11.974292 98964 master_service.cpp:10630] [EVICT-DONE] BatchEvict execution completed.
I1008 08:30:11.984367 98964 master_service.cpp:10619] [EVICT-TRIGGER] memory_ratio=1 high_watermark=0.9 need_mem_eviction=0 eviction_ratio=0.05
I1008 08:30:11.985709 98964 master_service.cpp:10630] [EVICT-DONE] BatchEvict execution completed.
I1008 08:30:11.995785 98964 master_service.cpp:10619] [EVICT-TRIGGER] memory_ratio=1 high_watermark=0.9 need_mem_eviction=0 eviction_ratio=0.05
I1008 08:30:11.997097 98964 master_service.cpp:10630] [EVICT-DONE] BatchEvict execution completed.
I1008 08:30:12.007174 98964 master_service.cpp:10619] [EVICT-TRIGGER] memory_ratio=1 high_watermark=0.9 need_mem_eviction=0 eviction_ratio=0.05
I1008 08:30:12.008466 98964 master_service.cpp:10630] [EVICT-DONE] BatchEvict execution completed.
I1008 08:30:12.018543 98964 master_service.cpp:10619] [EVICT-TRIGGER] memory_ratio=1 high_watermark=0.9 need_mem_eviction=0 eviction_ratio=0.05
I1008 08:30:12.019949 98964 master_service.cpp:10630] [EVICT-DONE] BatchEvict execution completed.
I1008 08:30:12.030026 98964 master_service.cpp:10619] [EVICT-TRIGGER] memory_ratio=1 high_watermark=0.9 need_mem_eviction=0 eviction_ratio=0.05
I1008 08:30:12.031406 98964 master_service.cpp:10630] [EVICT-DONE] BatchEvict execution completed.
I1008 08:30:12.041484 98964 master_service.cpp:10619] [EVICT-TRIGGER] memory_ratio=1 high_watermark=0.9 need_mem_eviction=0 eviction_ratio=0.05
I1008 08:30:12.042805 98964 master_service.cpp:10630] [EVICT-DONE] BatchEvict execution completed.
I1008 08:30:12.052881 98964 master_service.cpp:10619] [EVICT-TRIGGER] memory_ratio=1 high_watermark=0.9 need_mem_eviction=0 eviction_ratio=0.05
I1008 08:30:12.054252 98964 master_service.cpp:10630] [EVICT-DONE] BatchEvict execution completed.
I1008 08:30:12.064329 98964 master_service.cpp:10619] [EVICT-TRIGGER] memory_ratio=1 high_watermark=0.9 need_mem_eviction=0 eviction_ratio=0.05
I1008 08:30:12.065656 98964 master_service.cpp:10630] [EVICT-DONE] BatchEvict execution completed.
I1008 08:30:12.075733 98964 master_service.cpp:10619] [EVICT-TRIGGER] memory_ratio=1 high_watermark=0.9 need_mem_eviction=0 eviction_ratio=0.05
I1008 08:30:12.077046 98964 master_service.cpp:10630] [EVICT-DONE] BatchEvict execution completed.
I1008 08:30:12.087122 98964 master_service.cpp:10619] [EVICT-TRIGGER] memory_ratio=1 high_watermark=0.9 need_mem_eviction=0 eviction_ratio=0.05
I1008 08:30:12.088457 98964 master_service.cpp:10630] [EVICT-DONE] BatchEvict execution completed.
I1008 08:30:12.098532 98964 master_service.cpp:10619] [EVICT-TRIGGER] memory_ratio=1 high_watermark=0.9 need_mem_eviction=0 eviction_ratio=0.05
I1008 08:30:12.099928 98964 master_service.cpp:10630] [EVICT-DONE] BatchEvict execution completed.
I1008 08:30:12.110005 98964 master_service.cpp:10619] [EVICT-TRIGGER] memory_ratio=1 high_watermark=0.9 need_mem_eviction=0 eviction_ratio=0.05
I1008 08:30:12.111359 98964 master_service.cpp:10630] [EVICT-DONE] BatchEvict execution completed.
I1008 08:30:12.121436 98964 master_service.cpp:10619] [EVICT-TRIGGER] memory_ratio=1 high_watermark=0.9 need_mem_eviction=0 eviction_ratio=0.05
I1008 08:30:12.122758 98964 master_service.cpp:10630] [EVICT-DONE] BatchEvict execution completed.
I1008 08:30:12.132836 98964 master_service.cpp:10619] [EVICT-TRIGGER] memory_ratio=1 high_watermark=0.9 need_mem_eviction=0 eviction_ratio=0.05
I1008 08:30:12.134222 98964 master_service.cpp:10630] [EVICT-DONE] BatchEvict execution completed.
I1008 08:30:12.144299 98964 master_service.cpp:10619] [EVICT-TRIGGER] memory_ratio=1 high_watermark=0.9 need_mem_eviction=0 eviction_ratio=0.05
I1008 08:30:12.145632 98964 master_service.cpp:10630] [EVICT-DONE] BatchEvict execution completed.
I1008 08:30:12.155706 98964 master_service.cpp:10619] [EVICT-TRIGGER] memory_ratio=1 high_watermark=0.9 need_mem_eviction=0 eviction_ratio=0.05
I1008 08:30:12.157104 98964 master_service.cpp:10630] [EVICT-DONE] BatchEvict execution completed.
I1008 08:30:12.167335 98964 master_service.cpp:10619] [EVICT-TRIGGER] memory_ratio=1 high_watermark=0.9 need_mem_eviction=0 eviction_ratio=0.05
I1008 08:30:12.168707 98964 master_service.cpp:12526] [EVICT-RESULT] evicted_count=0, eviction_base=10, actual_evict_ratio=0, target_evict_ratio=0.15
I1008 08:30:12.168736 98964 master_service.cpp:10630] [EVICT-DONE] BatchEvict execution completed.
I1008 08:30:12.178799 98964 master_service.cpp:10619] [EVICT-TRIGGER] memory_ratio=1 high_watermark=0.9 need_mem_eviction=0 eviction_ratio=0.05
I1008 08:30:12.180166 98964 master_service.cpp:12526] [EVICT-RESULT] evicted_count=0, eviction_base=20, actual_evict_ratio=0, target_evict_ratio=0.15
I1008 08:30:12.180194 98964 master_service.cpp:10630] [EVICT-DONE] BatchEvict execution completed.
I1008 08:30:12.190259 98964 master_service.cpp:10619] [EVICT-TRIGGER] memory_ratio=1 high_watermark=0.9 need_mem_eviction=0 eviction_ratio=0.05
I1008 08:30:12.194243 98964 master_service.cpp:12526] [EVICT-RESULT] evicted_count=0, eviction_base=32, actual_evict_ratio=0, target_evict_ratio=0.15
W1008 08:30:12.194272 98964 master_service.cpp:12534] [EVICT] No memory freed this cycle; 2 objects deferred for disk offload. Consider lowering eviction_high_watermark_ratio.
I1008 08:30:12.194281 98964 master_service.cpp:10630] [EVICT-DONE] BatchEvict execution completed.
I1008 08:30:12.204362 98964 master_service.cpp:10619] [EVICT-TRIGGER] memory_ratio=1 high_watermark=0.9 need_mem_eviction=0 eviction_ratio=0.05
I1008 08:30:12.205709 98964 master_service.cpp:12526] [EVICT-RESULT] evicted_count=0, eviction_base=30, actual_evict_ratio=0, target_evict_ratio=0.15
I1008 08:30:12.205736 98964 master_service.cpp:10630] [EVICT-DONE] BatchEvict execution completed.
I1008 08:30:12.215798 98964 master_service.cpp:10619] [EVICT-TRIGGER] memory_ratio=1 high_watermark=0.9 need_mem_eviction=0 eviction_ratio=0.05
I1008 08:30:12.217113 98964 master_service.cpp:12526] [EVICT-RESULT] evicted_count=0, eviction_base=30, actual_evict_ratio=0, target_evict_ratio=0.15
I1008 08:30:12.217139 98964 master_service.cpp:10630] [EVICT-DONE] BatchEvict execution completed.
I1008 08:30:12.227200 98964 master_service.cpp:10619] [EVICT-TRIGGER] memory_ratio=1 high_watermark=0.9 need_mem_eviction=0 eviction_ratio=0.05
I1008 08:30:12.228507 98964 master_service.cpp:12526] [EVICT-RESULT] evicted_count=0, eviction_base=30, actual_evict_ratio=0, target_evict_ratio=0.15
I1008 08:30:12.228533 98964 master_service.cpp:10630] [EVICT-DONE] BatchEvict execution completed.
I1008 08:30:12.238595 98964 master_service.cpp:10619] [EVICT-TRIGGER] memory_ratio=1 high_watermark=0.9 need_mem_eviction=0 eviction_ratio=0.05
I1008 08:30:12.239988 98964 master_service.cpp:12526] [EVICT-RESULT] evicted_count=0, eviction_base=30, actual_evict_ratio=0, target_evict_ratio=0.15
I1008 08:30:12.240015 98964 master_service.cpp:10630] [EVICT-DONE] BatchEvict execution completed.
I1008 08:30:12.250077 98964 master_service.cpp:10619] [EVICT-TRIGGER] memory_ratio=1 high_watermark=0.9 need_mem_eviction=0 eviction_ratio=0.05
I1008 08:30:12.251423 98964 master_service.cpp:12526] [EVICT-RESULT] evicted_count=0, eviction_base=30, actual_evict_ratio=0, target_evict_ratio=0.15
I1008 08:30:12.251451 98964 master_service.cpp:10630] [EVICT-DONE] BatchEvict execution completed.
I1008 08:30:12.261512 98964 master_service.cpp:10619] [EVICT-TRIGGER] memory_ratio=1 high_watermark=0.9 need_mem_eviction=0 eviction_ratio=0.05
I1008 08:30:12.262854 98964 master_service.cpp:12526] [EVICT-RESULT] evicted_count=0, eviction_base=30, actual_evict_ratio=0, target_evict_ratio=0.15
I1008 08:30:12.262882 98964 master_service.cpp:10630] [EVICT-DONE] BatchEvict execution completed.
I1008 08:30:12.272944 98964 master_service.cpp:10619] [EVICT-TRIGGER] memory_ratio=1 high_watermark=0.9 need_mem_eviction=0 eviction_ratio=0.05
I1008 08:30:12.274236 98964 master_service.cpp:12526] [EVICT-RESULT] evicted_count=0, eviction_base=30, actual_evict_ratio=0, target_evict_ratio=0.15
I1008 08:30:12.274263 98964 master_service.cpp:10630] [EVICT-DONE] BatchEvict execution completed.
I1008 08:30:12.284327 98964 master_service.cpp:10619] [EVICT-TRIGGER] memory_ratio=1 high_watermark=0.9 need_mem_eviction=0 eviction_ratio=0.05
I1008 08:30:12.285704 98964 master_service.cpp:12526] [EVICT-RESULT] evicted_count=0, eviction_base=30, actual_evict_ratio=0, target_evict_ratio=0.15
I1008 08:30:12.285730 98964 master_service.cpp:10630] [EVICT-DONE] BatchEvict execution completed.
I1008 08:30:12.295794 98964 master_service.cpp:10619] [EVICT-TRIGGER] memory_ratio=1 high_watermark=0.9 need_mem_eviction=0 eviction_ratio=0.05
I1008 08:30:12.297199 98964 master_service.cpp:12526] [EVICT-RESULT] evicted_count=0, eviction_base=30, actual_evict_ratio=0, target_evict_ratio=0.15
I1008 08:30:12.297225 98964 master_service.cpp:10630] [EVICT-DONE] BatchEvict execution completed.
I1008 08:30:12.307288 98964 master_service.cpp:10619] [EVICT-TRIGGER] memory_ratio=1 high_watermark=0.9 need_mem_eviction=0 eviction_ratio=0.05
I1008 08:30:12.308616 98964 master_service.cpp:12526] [EVICT-RESULT] evicted_count=0, eviction_base=30, actual_evict_ratio=0, target_evict_ratio=0.15
I1008 08:30:12.308643 98964 master_service.cpp:10630] [EVICT-DONE] BatchEvict execution completed.
I1008 08:30:12.318710 98964 master_service.cpp:10619] [EVICT-TRIGGER] memory_ratio=1 high_watermark=0.9 need_mem_eviction=0 eviction_ratio=0.05
I1008 08:30:12.320089 98964 master_service.cpp:12526] [EVICT-RESULT] evicted_count=0, eviction_base=30, actual_evict_ratio=0, target_evict_ratio=0.15
I1008 08:30:12.320116 98964 master_service.cpp:10630] [EVICT-DONE] BatchEvict execution completed.
I1008 08:30:12.330180 98964 master_service.cpp:10619] [EVICT-TRIGGER] memory_ratio=1 high_watermark=0.9 need_mem_eviction=0 eviction_ratio=0.05
I1008 08:30:12.331568 98964 master_service.cpp:12526] [EVICT-RESULT] evicted_count=0, eviction_base=30, actual_evict_ratio=0, target_evict_ratio=0.15
I1008 08:30:12.331594 98964 master_service.cpp:10630] [EVICT-DONE] BatchEvict execution completed.
I1008 08:30:12.341656 98964 master_service.cpp:10619] [EVICT-TRIGGER] memory_ratio=1 high_watermark=0.9 need_mem_eviction=0 eviction_ratio=0.05
I1008 08:30:12.343024 98964 master_service.cpp:12526] [EVICT-RESULT] evicted_count=0, eviction_base=30, actual_evict_ratio=0, target_evict_ratio=0.15
I1008 08:30:12.343051 98964 master_service.cpp:10630] [EVICT-DONE] BatchEvict execution completed.
I1008 08:30:12.353113 98964 master_service.cpp:10619] [EVICT-TRIGGER] memory_ratio=1 high_watermark=0.9 need_mem_eviction=0 eviction_ratio=0.05
I1008 08:30:12.354458 98964 master_service.cpp:12526] [EVICT-RESULT] evicted_count=0, eviction_base=30, actual_evict_ratio=0, target_evict_ratio=0.15
I1008 08:30:12.354485 98964 master_service.cpp:10630] [EVICT-DONE] BatchEvict execution completed.
I1008 08:30:12.364547 98964 master_service.cpp:10619] [EVICT-TRIGGER] memory_ratio=1 high_watermark=0.9 need_mem_eviction=0 eviction_ratio=0.05
I1008 08:30:12.365880 98964 master_service.cpp:12526] [EVICT-RESULT] evicted_count=0, eviction_base=30, actual_evict_ratio=0, target_evict_ratio=0.15
I1008 08:30:12.365907 98964 master_service.cpp:10630] [EVICT-DONE] BatchEvict execution completed.
I1008 08:30:12.375968 98964 master_service.cpp:10619] [EVICT-TRIGGER] memory_ratio=1 high_watermark=0.9 need_mem_eviction=0 eviction_ratio=0.05
I1008 08:30:12.377298 98964 master_service.cpp:12526] [EVICT-RESULT] evicted_count=0, eviction_base=30, actual_evict_ratio=0, target_evict_ratio=0.15
I1008 08:30:12.377324 98964 master_service.cpp:10630] [EVICT-DONE] BatchEvict execution completed.
I1008 08:30:12.387387 98964 master_service.cpp:10619] [EVICT-TRIGGER] memory_ratio=1 high_watermark=0.9 need_mem_eviction=0 eviction_ratio=0.05
I1008 08:30:12.388731 98964 master_service.cpp:12526] [EVICT-RESULT] evicted_count=0, eviction_base=30, actual_evict_ratio=0, target_evict_ratio=0.15
I1008 08:30:12.388757 98964 master_service.cpp:10630] [EVICT-DONE] BatchEvict execution completed.
I1008 08:30:12.398819 98964 master_service.cpp:10619] [EVICT-TRIGGER] memory_ratio=1 high_watermark=0.9 need_mem_eviction=0 eviction_ratio=0.05
I1008 08:30:12.400168 98964 master_service.cpp:12526] [EVICT-RESULT] evicted_count=0, eviction_base=30, actual_evict_ratio=0, target_evict_ratio=0.15
I1008 08:30:12.400194 98964 master_service.cpp:10630] [EVICT-DONE] BatchEvict execution completed.
I1008 08:30:12.410256 98964 master_service.cpp:10619] [EVICT-TRIGGER] memory_ratio=1 high_watermark=0.9 need_mem_eviction=0 eviction_ratio=0.05
I1008 08:30:12.411633 98964 master_service.cpp:12526] [EVICT-RESULT] evicted_count=0, eviction_base=30, actual_evict_ratio=0, target_evict_ratio=0.15
I1008 08:30:12.411660 98964 master_service.cpp:10630] [EVICT-DONE] BatchEvict execution completed.
I1008 08:30:12.421722 98964 master_service.cpp:10619] [EVICT-TRIGGER] memory_ratio=1 high_watermark=0.9 need_mem_eviction=0 eviction_ratio=0.05
I1008 08:30:12.423101 98964 master_service.cpp:12526] [EVICT-RESULT] evicted_count=0, eviction_base=30, actual_evict_ratio=0, target_evict_ratio=0.15
I1008 08:30:12.423130 98964 master_service.cpp:10630] [EVICT-DONE] BatchEvict execution completed.
I1008 08:30:12.433190 98964 master_service.cpp:10619] [EVICT-TRIGGER] memory_ratio=1 high_watermark=0.9 need_mem_eviction=0 eviction_ratio=0.05
I1008 08:30:12.434484 98964 master_service.cpp:12526] [EVICT-RESULT] evicted_count=0, eviction_base=30, actual_evict_ratio=0, target_evict_ratio=0.15
I1008 08:30:12.434521 98964 master_service.cpp:10630] [EVICT-DONE] BatchEvict execution completed.
I1008 08:30:12.444583 98964 master_service.cpp:10619] [EVICT-TRIGGER] memory_ratio=1 high_watermark=0.9 need_mem_eviction=0 eviction_ratio=0.05
I1008 08:30:12.445901 98964 master_service.cpp:12526] [EVICT-RESULT] evicted_count=0, eviction_base=30, actual_evict_ratio=0, target_evict_ratio=0.15
I1008 08:30:12.445927 98964 master_service.cpp:10630] [EVICT-DONE] BatchEvict execution completed.
I1008 08:30:12.455991 98964 master_service.cpp:10619] [EVICT-TRIGGER] memory_ratio=1 high_watermark=0.9 need_mem_eviction=0 eviction_ratio=0.05
I1008 08:30:12.457366 98964 master_service.cpp:12526] [EVICT-RESULT] evicted_count=0, eviction_base=30, actual_evict_ratio=0, target_evict_ratio=0.15
I1008 08:30:12.457392 98964 master_service.cpp:10630] [EVICT-DONE] BatchEvict execution completed.
I1008 08:30:12.467455 98964 master_service.cpp:10619] [EVICT-TRIGGER] memory_ratio=1 high_watermark=0.9 need_mem_eviction=0 eviction_ratio=0.05
I1008 08:30:12.469173 98964 master_service.cpp:12526] [EVICT-RESULT] evicted_count=0, eviction_base=30, actual_evict_ratio=0, target_evict_ratio=0.15
I1008 08:30:12.469200 98964 master_service.cpp:10630] [EVICT-DONE] BatchEvict execution completed.
I1008 08:30:12.479262 98964 master_service.cpp:10619] [EVICT-TRIGGER] memory_ratio=1 high_watermark=0.9 need_mem_eviction=0 eviction_ratio=0.05
I1008 08:30:12.480666 98964 master_service.cpp:12526] [EVICT-RESULT] evicted_count=0, eviction_base=30, actual_evict_ratio=0, target_evict_ratio=0.15
I1008 08:30:12.480692 98964 master_service.cpp:10630] [EVICT-DONE] BatchEvict execution completed.
I1008 08:30:12.490715 98964 master_service.cpp:10619] [EVICT-TRIGGER] memory_ratio=1 high_watermark=0.9 need_mem_eviction=0 eviction_ratio=0.05
I1008 08:30:12.492100 98964 master_service.cpp:12526] [EVICT-RESULT] evicted_count=0, eviction_base=30, actual_evict_ratio=0, target_evict_ratio=0.15
I1008 08:30:12.492126 98964 master_service.cpp:10630] [EVICT-DONE] BatchEvict execution completed.
I1008 08:30:12.502188 98964 master_service.cpp:10619] [EVICT-TRIGGER] memory_ratio=1 high_watermark=0.9 need_mem_eviction=0 eviction_ratio=0.05
I1008 08:30:12.503549 98964 master_service.cpp:12526] [EVICT-RESULT] evicted_count=0, eviction_base=30, actual_evict_ratio=0, target_evict_ratio=0.15
I1008 08:30:12.503577 98964 master_service.cpp:10630] [EVICT-DONE] BatchEvict execution completed.
I1008 08:30:12.513638 98964 master_service.cpp:10619] [EVICT-TRIGGER] memory_ratio=1 high_watermark=0.9 need_mem_eviction=0 eviction_ratio=0.05
I1008 08:30:12.514993 98964 master_service.cpp:12526] [EVICT-RESULT] evicted_count=0, eviction_base=30, actual_evict_ratio=0, target_evict_ratio=0.15
I1008 08:30:12.515020 98964 master_service.cpp:10630] [EVICT-DONE] BatchEvict execution completed.
I1008 08:30:12.525082 98964 master_service.cpp:10619] [EVICT-TRIGGER] memory_ratio=1 high_watermark=0.9 need_mem_eviction=0 eviction_ratio=0.05
I1008 08:30:12.526376 98964 master_service.cpp:12526] [EVICT-RESULT] evicted_count=0, eviction_base=30, actual_evict_ratio=0, target_evict_ratio=0.15
I1008 08:30:12.526402 98964 master_service.cpp:10630] [EVICT-DONE] BatchEvict execution completed.
I1008 08:30:12.536464 98964 master_service.cpp:10619] [EVICT-TRIGGER] memory_ratio=1 high_watermark=0.9 need_mem_eviction=0 eviction_ratio=0.05
I1008 08:30:12.537762 98964 master_service.cpp:12526] [EVICT-RESULT] evicted_count=0, eviction_base=30, actual_evict_ratio=0, target_evict_ratio=0.15
I1008 08:30:12.537788 98964 master_service.cpp:10630] [EVICT-DONE] BatchEvict execution completed.
I1008 08:30:12.547850 98964 master_service.cpp:10619] [EVICT-TRIGGER] memory_ratio=1 high_watermark=0.9 need_mem_eviction=0 eviction_ratio=0.05
I1008 08:30:12.549183 98964 master_service.cpp:12526] [EVICT-RESULT] evicted_count=0, eviction_base=30, actual_evict_ratio=0, target_evict_ratio=0.15
I1008 08:30:12.549211 98964 master_service.cpp:10630] [EVICT-DONE] BatchEvict execution completed.
I1008 08:30:12.559273 98964 master_service.cpp:10619] [EVICT-TRIGGER] memory_ratio=1 high_watermark=0.9 need_mem_eviction=0 eviction_ratio=0.05
I1008 08:30:12.560619 98964 master_service.cpp:12526] [EVICT-RESULT] evicted_count=0, eviction_base=30, actual_evict_ratio=0, target_evict_ratio=0.15
I1008 08:30:12.560647 98964 master_service.cpp:10630] [EVICT-DONE] BatchEvict execution completed.
I1008 08:30:12.570717 98964 master_service.cpp:10619] [EVICT-TRIGGER] memory_ratio=1 high_watermark=0.9 need_mem_eviction=0 eviction_ratio=0.05
I1008 08:30:12.572042 98964 master_service.cpp:12526] [EVICT-RESULT] evicted_count=0, eviction_base=30, actual_evict_ratio=0, target_evict_ratio=0.15
I1008 08:30:12.572069 98964 master_service.cpp:10630] [EVICT-DONE] BatchEvict execution completed.
I1008 08:30:12.582130 98964 master_service.cpp:10619] [EVICT-TRIGGER] memory_ratio=1 high_watermark=0.9 need_mem_eviction=0 eviction_ratio=0.05
I1008 08:30:12.583483 98964 master_service.cpp:12526] [EVICT-RESULT] evicted_count=0, eviction_base=30, actual_evict_ratio=0, target_evict_ratio=0.15
I1008 08:30:12.583510 98964 master_service.cpp:10630] [EVICT-DONE] BatchEvict execution completed.
I1008 08:30:12.593573 98964 master_service.cpp:10619] [EVICT-TRIGGER] memory_ratio=1 high_watermark=0.9 need_mem_eviction=0 eviction_ratio=0.05
I1008 08:30:12.594918 98964 master_service.cpp:12526] [EVICT-RESULT] evicted_count=0, eviction_base=30, actual_evict_ratio=0, target_evict_ratio=0.15
I1008 08:30:12.594945 98964 master_service.cpp:10630] [EVICT-DONE] BatchEvict execution completed.
I1008 08:30:12.605007 98964 master_service.cpp:10619] [EVICT-TRIGGER] memory_ratio=1 high_watermark=0.9 need_mem_eviction=0 eviction_ratio=0.05
I1008 08:30:12.606329 98964 master_service.cpp:12526] [EVICT-RESULT] evicted_count=0, eviction_base=30, actual_evict_ratio=0, target_evict_ratio=0.15
I1008 08:30:12.606354 98964 master_service.cpp:10630] [EVICT-DONE] BatchEvict execution completed.
I1008 08:30:12.616417 98964 master_service.cpp:10619] [EVICT-TRIGGER] memory_ratio=1 high_watermark=0.9 need_mem_eviction=0 eviction_ratio=0.05
I1008 08:30:12.617775 98964 master_service.cpp:12526] [EVICT-RESULT] evicted_count=0, eviction_base=30, actual_evict_ratio=0, target_evict_ratio=0.15
I1008 08:30:12.617802 98964 master_service.cpp:10630] [EVICT-DONE] BatchEvict execution completed.
I1008 08:30:12.627863 98964 master_service.cpp:10619] [EVICT-TRIGGER] memory_ratio=1 high_watermark=0.9 need_mem_eviction=0 eviction_ratio=0.05
I1008 08:30:12.629182 98964 master_service.cpp:12526] [EVICT-RESULT] evicted_count=0, eviction_base=30, actual_evict_ratio=0, target_evict_ratio=0.15
I1008 08:30:12.629208 98964 master_service.cpp:10630] [EVICT-DONE] BatchEvict execution completed.
I1008 08:30:12.639271 98964 master_service.cpp:10619] [EVICT-TRIGGER] memory_ratio=1 high_watermark=0.9 need_mem_eviction=0 eviction_ratio=0.05
I1008 08:30:12.640611 98964 master_service.cpp:12526] [EVICT-RESULT] evicted_count=0, eviction_base=30, actual_evict_ratio=0, target_evict_ratio=0.15
I1008 08:30:12.640637 98964 master_service.cpp:10630] [EVICT-DONE] BatchEvict execution completed.
I1008 08:30:12.650698 98964 master_service.cpp:10619] [EVICT-TRIGGER] memory_ratio=1 high_watermark=0.9 need_mem_eviction=0 eviction_ratio=0.05
I1008 08:30:12.652087 98964 master_service.cpp:12526] [EVICT-RESULT] evicted_count=0, eviction_base=30, actual_evict_ratio=0, target_evict_ratio=0.15
I1008 08:30:12.652113 98964 master_service.cpp:10630] [EVICT-DONE] BatchEvict execution completed.
I1008 08:30:12.662175 98964 master_service.cpp:10619] [EVICT-TRIGGER] memory_ratio=1 high_watermark=0.9 need_mem_eviction=0 eviction_ratio=0.05
I1008 08:30:12.663542 98964 master_service.cpp:12526] [EVICT-RESULT] evicted_count=0, eviction_base=30, actual_evict_ratio=0, target_evict_ratio=0.15
I1008 08:30:12.663570 98964 master_service.cpp:10630] [EVICT-DONE] BatchEvict execution completed.
I1008 08:30:12.673632 98964 master_service.cpp:10619] [EVICT-TRIGGER] memory_ratio=1 high_watermark=0.9 need_mem_eviction=0 eviction_ratio=0.05
I1008 08:30:12.675006 98964 master_service.cpp:12526] [EVICT-RESULT] evicted_count=0, eviction_base=30, actual_evict_ratio=0, target_evict_ratio=0.15
I1008 08:30:12.675045 98964 master_service.cpp:10630] [EVICT-DONE] BatchEvict execution completed.
I1008 08:30:12.685106 98964 master_service.cpp:10619] [EVICT-TRIGGER] memory_ratio=1 high_watermark=0.9 need_mem_eviction=0 eviction_ratio=0.05
I1008 08:30:12.686432 98964 master_service.cpp:12526] [EVICT-RESULT] evicted_count=0, eviction_base=30, actual_evict_ratio=0, target_evict_ratio=0.15
I1008 08:30:12.686460 98964 master_service.cpp:10630] [EVICT-DONE] BatchEvict execution completed.
I1008 08:30:12.696520 98964 master_service.cpp:10619] [EVICT-TRIGGER] memory_ratio=1 high_watermark=0.9 need_mem_eviction=0 eviction_ratio=0.05
I1008 08:30:12.697845 98964 master_service.cpp:12526] [EVICT-RESULT] evicted_count=0, eviction_base=30, actual_evict_ratio=0, target_evict_ratio=0.15
I1008 08:30:12.697870 98964 master_service.cpp:10630] [EVICT-DONE] BatchEvict execution completed.
I1008 08:30:12.707933 98964 master_service.cpp:10619] [EVICT-TRIGGER] memory_ratio=1 high_watermark=0.9 need_mem_eviction=0 eviction_ratio=0.05
I1008 08:30:12.709291 98964 master_service.cpp:12526] [EVICT-RESULT] evicted_count=0, eviction_base=30, actual_evict_ratio=0, target_evict_ratio=0.15
I1008 08:30:12.709318 98964 master_service.cpp:10630] [EVICT-DONE] BatchEvict execution completed.
I1008 08:30:12.719379 98964 master_service.cpp:10619] [EVICT-TRIGGER] memory_ratio=1 high_watermark=0.9 need_mem_eviction=0 eviction_ratio=0.05
I1008 08:30:12.720674 98964 master_service.cpp:12526] [EVICT-RESULT] evicted_count=0, eviction_base=30, actual_evict_ratio=0, target_evict_ratio=0.15
I1008 08:30:12.720701 98964 master_service.cpp:10630] [EVICT-DONE] BatchEvict execution completed.
I1008 08:30:12.730762 98964 master_service.cpp:10619] [EVICT-TRIGGER] memory_ratio=1 high_watermark=0.9 need_mem_eviction=0 eviction_ratio=0.05
I1008 08:30:12.732112 98964 master_service.cpp:12526] [EVICT-RESULT] evicted_count=0, eviction_base=30, actual_evict_ratio=0, target_evict_ratio=0.15
I1008 08:30:12.732139 98964 master_service.cpp:10630] [EVICT-DONE] BatchEvict execution completed.
I1008 08:30:12.742200 98964 master_service.cpp:10619] [EVICT-TRIGGER] memory_ratio=1 high_watermark=0.9 need_mem_eviction=0 eviction_ratio=0.05
I1008 08:30:12.743553 98964 master_service.cpp:12526] [EVICT-RESULT] evicted_count=0, eviction_base=30, actual_evict_ratio=0, target_evict_ratio=0.15
I1008 08:30:12.743580 98964 master_service.cpp:10630] [EVICT-DONE] BatchEvict execution completed.
I1008 08:30:12.753641 98964 master_service.cpp:10619] [EVICT-TRIGGER] memory_ratio=1 high_watermark=0.9 need_mem_eviction=0 eviction_ratio=0.05
I1008 08:30:12.754974 98964 master_service.cpp:12526] [EVICT-RESULT] evicted_count=0, eviction_base=30, actual_evict_ratio=0, target_evict_ratio=0.15
I1008 08:30:12.755002 98964 master_service.cpp:10630] [EVICT-DONE] BatchEvict execution completed.
I1008 08:30:12.765064 98964 master_service.cpp:10619] [EVICT-TRIGGER] memory_ratio=1 high_watermark=0.9 need_mem_eviction=0 eviction_ratio=0.05
I1008 08:30:12.766386 98964 master_service.cpp:12526] [EVICT-RESULT] evicted_count=0, eviction_base=30, actual_evict_ratio=0, target_evict_ratio=0.15
I1008 08:30:12.766413 98964 master_service.cpp:10630] [EVICT-DONE] BatchEvict execution completed.
I1008 08:30:12.776475 98964 master_service.cpp:10619] [EVICT-TRIGGER] memory_ratio=1 high_watermark=0.9 need_mem_eviction=0 eviction_ratio=0.05
I1008 08:30:12.777783 98964 master_service.cpp:12526] [EVICT-RESULT] evicted_count=0, eviction_base=30, actual_evict_ratio=0, target_evict_ratio=0.15
I1008 08:30:12.777809 98964 master_service.cpp:10630] [EVICT-DONE] BatchEvict execution completed.
I1008 08:30:12.787871 98964 master_service.cpp:10619] [EVICT-TRIGGER] memory_ratio=1 high_watermark=0.9 need_mem_eviction=0 eviction_ratio=0.05
I1008 08:30:12.789206 98964 master_service.cpp:12526] [EVICT-RESULT] evicted_count=0, eviction_base=30, actual_evict_ratio=0, target_evict_ratio=0.15
I1008 08:30:12.789232 98964 master_service.cpp:10630] [EVICT-DONE] BatchEvict execution completed.
I1008 08:30:12.799302 98964 master_service.cpp:10619] [EVICT-TRIGGER] memory_ratio=1 high_watermark=0.9 need_mem_eviction=0 eviction_ratio=0.05
I1008 08:30:12.800603 98964 master_service.cpp:12526] [EVICT-RESULT] evicted_count=0, eviction_base=30, actual_evict_ratio=0, target_evict_ratio=0.15
I1008 08:30:12.800629 98964 master_service.cpp:10630] [EVICT-DONE] BatchEvict execution completed.
I1008 08:30:12.810691 98964 master_service.cpp:10619] [EVICT-TRIGGER] memory_ratio=1 high_watermark=0.9 need_mem_eviction=0 eviction_ratio=0.05
I1008 08:30:12.812006 98964 master_service.cpp:12526] [EVICT-RESULT] evicted_count=0, eviction_base=30, actual_evict_ratio=0, target_evict_ratio=0.15
I1008 08:30:12.812033 98964 master_service.cpp:10630] [EVICT-DONE] BatchEvict execution completed.
I1008 08:30:12.822094 98964 master_service.cpp:10619] [EVICT-TRIGGER] memory_ratio=1 high_watermark=0.9 need_mem_eviction=0 eviction_ratio=0.05
I1008 08:30:12.823441 98964 master_service.cpp:12526] [EVICT-RESULT] evicted_count=0, eviction_base=30, actual_evict_ratio=0, target_evict_ratio=0.15
I1008 08:30:12.823467 98964 master_service.cpp:10630] [EVICT-DONE] BatchEvict execution completed.
I1008 08:30:12.833529 98964 master_service.cpp:10619] [EVICT-TRIGGER] memory_ratio=1 high_watermark=0.9 need_mem_eviction=0 eviction_ratio=0.05
I1008 08:30:12.834872 98964 master_service.cpp:12526] [EVICT-RESULT] evicted_count=0, eviction_base=30, actual_evict_ratio=0, target_evict_ratio=0.15
I1008 08:30:12.834898 98964 master_service.cpp:10630] [EVICT-DONE] BatchEvict execution completed.
I1008 08:30:12.844960 98964 master_service.cpp:10619] [EVICT-TRIGGER] memory_ratio=1 high_watermark=0.9 need_mem_eviction=0 eviction_ratio=0.05
I1008 08:30:12.846302 98964 master_service.cpp:12526] [EVICT-RESULT] evicted_count=0, eviction_base=30, actual_evict_ratio=0, target_evict_ratio=0.15
I1008 08:30:12.846328 98964 master_service.cpp:10630] [EVICT-DONE] BatchEvict execution completed.
I1008 08:30:12.856389 98964 master_service.cpp:10619] [EVICT-TRIGGER] memory_ratio=1 high_watermark=0.9 need_mem_eviction=0 eviction_ratio=0.05
I1008 08:30:12.857698 98964 master_service.cpp:12526] [EVICT-RESULT] evicted_count=0, eviction_base=30, actual_evict_ratio=0, target_evict_ratio=0.15
I1008 08:30:12.857724 98964 master_service.cpp:10630] [EVICT-DONE] BatchEvict execution completed.
I1008 08:30:12.867787 98964 master_service.cpp:10619] [EVICT-TRIGGER] memory_ratio=1 high_watermark=0.9 need_mem_eviction=0 eviction_ratio=0.05
I1008 08:30:12.869113 98964 master_service.cpp:12526] [EVICT-RESULT] evicted_count=0, eviction_base=30, actual_evict_ratio=0, target_evict_ratio=0.15
I1008 08:30:12.869139 98964 master_service.cpp:10630] [EVICT-DONE] BatchEvict execution completed.
I1008 08:30:12.879201 98964 master_service.cpp:10619] [EVICT-TRIGGER] memory_ratio=1 high_watermark=0.9 need_mem_eviction=0 eviction_ratio=0.05
I1008 08:30:12.880506 98964 master_service.cpp:12526] [EVICT-RESULT] evicted_count=0, eviction_base=30, actual_evict_ratio=0, target_evict_ratio=0.15
I1008 08:30:12.880532 98964 master_service.cpp:10630] [EVICT-DONE] BatchEvict execution completed.
I1008 08:30:12.890594 98964 master_service.cpp:10619] [EVICT-TRIGGER] memory_ratio=1 high_watermark=0.9 need_mem_eviction=0 eviction_ratio=0.05
I1008 08:30:12.891954 98964 master_service.cpp:12526] [EVICT-RESULT] evicted_count=0, eviction_base=30, actual_evict_ratio=0, target_evict_ratio=0.15
I1008 08:30:12.891981 98964 master_service.cpp:10630] [EVICT-DONE] BatchEvict execution completed.
I1008 08:30:12.902043 98964 master_service.cpp:10619] [EVICT-TRIGGER] memory_ratio=1 high_watermark=0.9 need_mem_eviction=0 eviction_ratio=0.05
I1008 08:30:12.903389 98964 master_service.cpp:12526] [EVICT-RESULT] evicted_count=0, eviction_base=30, actual_evict_ratio=0, target_evict_ratio=0.15
I1008 08:30:12.903419 98964 master_service.cpp:10630] [EVICT-DONE] BatchEvict execution completed.
I1008 08:30:12.913479 98964 master_service.cpp:10619] [EVICT-TRIGGER] memory_ratio=1 high_watermark=0.9 need_mem_eviction=0 eviction_ratio=0.05
I1008 08:30:12.914842 98964 master_service.cpp:12526] [EVICT-RESULT] evicted_count=0, eviction_base=30, actual_evict_ratio=0, target_evict_ratio=0.15
I1008 08:30:12.914868 98964 master_service.cpp:10630] [EVICT-DONE] BatchEvict execution completed.
I1008 08:30:12.924929 98964 master_service.cpp:10619] [EVICT-TRIGGER] memory_ratio=1 high_watermark=0.9 need_mem_eviction=0 eviction_ratio=0.05
I1008 08:30:12.926270 98964 master_service.cpp:12526] [EVICT-RESULT] evicted_count=0, eviction_base=30, actual_evict_ratio=0, target_evict_ratio=0.15
I1008 08:30:12.926296 98964 master_service.cpp:10630] [EVICT-DONE] BatchEvict execution completed.
I1008 08:30:12.936358 98964 master_service.cpp:10619] [EVICT-TRIGGER] memory_ratio=1 high_watermark=0.9 need_mem_eviction=0 eviction_ratio=0.05
I1008 08:30:12.937698 98964 master_service.cpp:12526] [EVICT-RESULT] evicted_count=0, eviction_base=30, actual_evict_ratio=0, target_evict_ratio=0.15
I1008 08:30:12.937724 98964 master_service.cpp:10630] [EVICT-DONE] BatchEvict execution completed.
I1008 08:30:12.947788 98964 master_service.cpp:10619] [EVICT-TRIGGER] memory_ratio=1 high_watermark=0.9 need_mem_eviction=0 eviction_ratio=0.05
I1008 08:30:12.949090 98964 master_service.cpp:12526] [EVICT-RESULT] evicted_count=0, eviction_base=30, actual_evict_ratio=0, target_evict_ratio=0.15
I1008 08:30:12.949117 98964 master_service.cpp:10630] [EVICT-DONE] BatchEvict execution completed.
I1008 08:30:12.959179 98964 master_service.cpp:10619] [EVICT-TRIGGER] memory_ratio=1 high_watermark=0.9 need_mem_eviction=0 eviction_ratio=0.05
I1008 08:30:12.960487 98964 master_service.cpp:12526] [EVICT-RESULT] evicted_count=0, eviction_base=30, actual_evict_ratio=0, target_evict_ratio=0.15
I1008 08:30:12.960515 98964 master_service.cpp:10630] [EVICT-DONE] BatchEvict execution completed.
I1008 08:30:12.970575 98964 master_service.cpp:10619] [EVICT-TRIGGER] memory_ratio=1 high_watermark=0.9 need_mem_eviction=0 eviction_ratio=0.05
I1008 08:30:12.971961 98964 master_service.cpp:12526] [EVICT-RESULT] evicted_count=0, eviction_base=30, actual_evict_ratio=0, target_evict_ratio=0.15
I1008 08:30:12.971989 98964 master_service.cpp:10630] [EVICT-DONE] BatchEvict execution completed.
I1008 08:30:12.982051 98964 master_service.cpp:10619] [EVICT-TRIGGER] memory_ratio=1 high_watermark=0.9 need_mem_eviction=0 eviction_ratio=0.05
I1008 08:30:12.983417 98964 master_service.cpp:12526] [EVICT-RESULT] evicted_count=0, eviction_base=30, actual_evict_ratio=0, target_evict_ratio=0.15
I1008 08:30:12.983443 98964 master_service.cpp:10630] [EVICT-DONE] BatchEvict execution completed.
I1008 08:30:12.993505 98964 master_service.cpp:10619] [EVICT-TRIGGER] memory_ratio=1 high_watermark=0.9 need_mem_eviction=0 eviction_ratio=0.05
I1008 08:30:12.994824 98964 master_service.cpp:12526] [EVICT-RESULT] evicted_count=0, eviction_base=30, actual_evict_ratio=0, target_evict_ratio=0.15
I1008 08:30:12.994851 98964 master_service.cpp:10630] [EVICT-DONE] BatchEvict execution completed.
I1008 08:30:13.004914 98964 master_service.cpp:10619] [EVICT-TRIGGER] memory_ratio=1 high_watermark=0.9 need_mem_eviction=0 eviction_ratio=0.05
I1008 08:30:13.006248 98964 master_service.cpp:12526] [EVICT-RESULT] evicted_count=0, eviction_base=30, actual_evict_ratio=0, target_evict_ratio=0.15
I1008 08:30:13.006274 98964 master_service.cpp:10630] [EVICT-DONE] BatchEvict execution completed.
I1008 08:30:13.016336 98964 master_service.cpp:10619] [EVICT-TRIGGER] memory_ratio=1 high_watermark=0.9 need_mem_eviction=0 eviction_ratio=0.05
I1008 08:30:13.017669 98964 master_service.cpp:12526] [EVICT-RESULT] evicted_count=0, eviction_base=30, actual_evict_ratio=0, target_evict_ratio=0.15
I1008 08:30:13.017696 98964 master_service.cpp:10630] [EVICT-DONE] BatchEvict execution completed.
I1008 08:30:13.027758 98964 master_service.cpp:10619] [EVICT-TRIGGER] memory_ratio=1 high_watermark=0.9 need_mem_eviction=0 eviction_ratio=0.05
I1008 08:30:13.029505 98964 master_service.cpp:12526] [EVICT-RESULT] evicted_count=0, eviction_base=30, actual_evict_ratio=0, target_evict_ratio=0.15
I1008 08:30:13.029541 98964 master_service.cpp:10630] [EVICT-DONE] BatchEvict execution completed.
I1008 08:30:13.039604 98964 master_service.cpp:10619] [EVICT-TRIGGER] memory_ratio=1 high_watermark=0.9 need_mem_eviction=0 eviction_ratio=0.05
I1008 08:30:13.040951 98964 master_service.cpp:12526] [EVICT-RESULT] evicted_count=0, eviction_base=30, actual_evict_ratio=0, target_evict_ratio=0.15
I1008 08:30:13.040977 98964 master_service.cpp:10630] [EVICT-DONE] BatchEvict execution completed.
I1008 08:30:13.051043 98964 master_service.cpp:10619] [EVICT-TRIGGER] memory_ratio=1 high_watermark=0.9 need_mem_eviction=0 eviction_ratio=0.05
I1008 08:30:13.052484 98964 master_service.cpp:12526] [EVICT-RESULT] evicted_count=0, eviction_base=30, actual_evict_ratio=0, target_evict_ratio=0.15
I1008 08:30:13.052511 98964 master_service.cpp:10630] [EVICT-DONE] BatchEvict execution completed.
I1008 08:30:13.062574 98964 master_service.cpp:10619] [EVICT-TRIGGER] memory_ratio=1 high_watermark=0.9 need_mem_eviction=0 eviction_ratio=0.05
I1008 08:30:13.065387 98964 master_service.cpp:12526] [EVICT-RESULT] evicted_count=5, eviction_base=30, actual_evict_ratio=0.166667, target_evict_ratio=0.15
I1008 08:30:13.065418 98964 master_service.cpp:10630] [EVICT-DONE] BatchEvict execution completed.
I1008 08:30:14.201534 98964 master_service.cpp:10619] [EVICT-TRIGGER] memory_ratio=1 high_watermark=0.9 need_mem_eviction=0 eviction_ratio=0.05
I1008 08:30:14.204705 98964 master_service.cpp:12526] [EVICT-RESULT] evicted_count=5, eviction_base=32, actual_evict_ratio=0.15625, target_evict_ratio=0.15
I1008 08:30:14.204738 98964 master_service.cpp:10630] [EVICT-DONE] BatchEvict execution completed.
I1008 08:30:17.956796 98972 master_admin_service.cpp:315] Master Admin Metrics: role=leader, state=serving, service_ready=true, master={Mem Storage: 1.00 MB / 32.00 MB (3.1%) | NVMe-oF SSD: 0 B / 0 B | SSD Storage: 2.02 MB / 4.00 TB | Keys: 17 (soft-pinned: 0) | Clients: 2 | Requests (Success/Total per sec): PutStart=3.20/9.60, PutEnd=6.40/6.40, PutRevoke=0.00/0.00, Get=0.50/0.50, Exist=0.00/0.00, Del=3.10/9.60, DelAll=0.00/0.00, Ping=1.00/1.00, CopyStart=0.00/0.00, CopyEnd=0.00/0.00, CopyRevoke=0.00/0.00, MoveStart=0.00/0.00, MoveEnd=0.00/0.00, MoveRevoke=0.00/0.00, EvictDiskReplica=0.00/0.00 | Batch Requests (per sec, Req=Success/PartialSuccess/Total, Item=Success/Total): PutStart:(Req=0.00/0.00/0.00, Item=0.00/0.00), PutEnd:(Req=0.00/0.00/0.00, Item=0.00/0.00), PutRevoke:(Req=0.00/0.00/0.00, Item=0.00/0.00), Get:(Req=0.90/0.00/0.90, Item=16.00/16.00), ExistKey:(Req=0.00/0.00/0.00, Item=0.00/0.00), QueryIp:(Req=0.00/0.00/0.00, Item=0.00/0.00), Clear:(Req=0.00/0.00/0.00, Item=0.00/0.00), CreateMoveTask:(Req=0.00/0.00), CreateCopyTask:(Req=0.00/0.00), QueryTask:(Req=0.00/0.00), FetchTasks:(Req=0.80/0.80), MarkTaskToComplete:(Req=0.00/0.00) | Eviction: Success/Attempts=6/83, AllocFail=64, PartialAlloc=0, keys=10, size=10.00 MB | Mem Eviction: Success/Attempts=6/83, keys=10, size=10.00 MB | NoF Eviction: Success/Attempts=0/0, keys=0, size=0 B | Discard: Released/Total=0/0, StagingSize=0 B | Promotion: in_flight=0, admitted=5, completed=5, failed=0, cancelled=0, expired=0, bytes=5.00 MB, rejected(freq/wm/cap)=0/0/0 | Snapshots: Success=0, Fail=0}, ha={HA Metrics Summary: last_seq=0, applied_seq=0, lag=0, pending=0, mutation_queue=0, batch_commits=0, sync_commits=0, skipped=0, checksum_fail=0, etcd_fail=0, watch_disconn=0, state=0, writer_accepting=false, writer_retry_count=0, writer_retry_delay_ms=0, writer_waiting_slots=0, writer_committed_queue=0, writer_callback_queue=0, writer_durable_batch=0, writer_durable_seq=0, writer_last_error=0}
I1008 08:30:18.955080 98965 master_service.cpp:12856] client_id=9531009594066420612-15924966679451354280, action=client_liveness_suspected
I1008 08:30:19.279495 98960 master.cpp:1857] Shutdown signal received, exiting gracefully
I1008 08:30:19.280203 98966 master_service.cpp:3119] Task cleanup thread stopped
I1008 08:30:19.955366 98963 client_offboarding.cpp:163] Client offboarding worker stopped
=== prefetch ===
WARNING: Logging before InitGoogleLogging() is written to STDERR
I1008 08:30:19.975250 103518 master.cpp:1548] Mooncake master version: 0.3.13 (git: 4e31d1002)
I1008 08:30:19.975452 103518 master.cpp:1683] Master service started on port 50051, max_threads=16, enable_metric_reporting=1, metrics_port=9003, metrics_host=<ip>, default_kv_lease_ttl=500, default_kv_soft_pin_ttl=1800000, max_kv_soft_pin_ttl=86400000, allow_evict_soft_pinned_objects=1, eviction_ratio=0.05, eviction_high_watermark_ratio=0.9, tenant_eviction_high_watermark_ratio=0.9, enable_ha=0, enable_oplog=0, weight_management_oplog_capability_confirmed=0, enable_oplog_snapshot=0, snapshot_chunk_object_count=1000000, enable_offload=1, enable_kv_events=0, kv_events_bind_endpoint=, kv_events_backend_id=, offload_on_evict=1, offload_force_evict=0, offloading_queue_limit=50000, offload_cap_ratio=0.5, ha_backend_type=etcd, ha_backend_connstring=, etcd_endpoints=, client_active_ttl_sec=10, client_suspicion_ttl_sec=20, rpc_thread_num=16, rpc_port=50051, rpc_address=<ip>, rpc_interface=, rpc_conn_timeout_seconds=0, rpc_enable_tcp_no_delay=1, rpc protocol=tcp, cluster_id=mooncake_cluster, root_fs_dir=/tmp/mooncake_ci_prefetch, global_file_segment_size=9223372036854775807, memory_allocator=offset, enable_http_metadata_server=0, http_metadata_server_port=8080, http_metadata_server_host=<ip>, enable_metadata_cleanup_on_timeout=0, put_start_discard_timeout_sec=30, put_start_release_timeout_sec=600, max_total_finished_tasks=10000, max_total_pending_tasks=10000, max_total_processing_tasks=10000, pending_task_timeout_sec=300, processing_task_timeout_sec=300, enable_snapshot=0, enable_snapshot_restore=0, snapshot_interval_seconds=600, snapshot_backup_dir=, snapshot_object_store_type=, snapshot_catalog_store_type=, snapshot_retention_count=2, max_retry_attempts=10, enable_cxl=0, cxl_path=/dev/dax0.0, cxl_size=8589934592
I1008 08:30:19.975901 103518 master_service.cpp:381] Offload-on-evict mode enabled: DRAM offload to LOCAL_DISK will occur at eviction time instead of PutEnd
I1008 08:30:19.976091 103521 client_offboarding.cpp:94] Client offboarding worker started
I1008 08:30:19.976362 103524 master_service.cpp:3096] Task cleanup thread started
I1008 08:30:19.979064 103518 master_admin_service.cpp:324] Master admin server started on port 9003
I1008 08:30:19.979537 103530 master_admin_service.cpp:315] Master Admin Metrics: role=leader, state=serving, service_ready=false, master={Mem Storage: 0 B / 0 B | NVMe-oF SSD: 0 B / 0 B | SSD Storage: 0 B / infinite | Keys: 0 (soft-pinned: 0) | Clients: 0 | Requests (Success/Total per sec): PutStart=0.00/0.00, PutEnd=0.00/0.00, PutRevoke=0.00/0.00, Get=0.00/0.00, Exist=0.00/0.00, Del=0.00/0.00, DelAll=0.00/0.00, Ping=0.00/0.00, CopyStart=0.00/0.00, CopyEnd=0.00/0.00, CopyRevoke=0.00/0.00, MoveStart=0.00/0.00, MoveEnd=0.00/0.00, MoveRevoke=0.00/0.00, EvictDiskReplica=0.00/0.00 | Batch Requests (per sec, Req=Success/PartialSuccess/Total, Item=Success/Total): PutStart:(Req=0.00/0.00/0.00, Item=0.00/0.00), PutEnd:(Req=0.00/0.00/0.00, Item=0.00/0.00), PutRevoke:(Req=0.00/0.00/0.00, Item=0.00/0.00), Get:(Req=0.00/0.00/0.00, Item=0.00/0.00), ExistKey:(Req=0.00/0.00/0.00, Item=0.00/0.00), QueryIp:(Req=0.00/0.00/0.00, Item=0.00/0.00), Clear:(Req=0.00/0.00/0.00, Item=0.00/0.00), CreateMoveTask:(Req=0.00/0.00), CreateCopyTask:(Req=0.00/0.00), QueryTask:(Req=0.00/0.00), FetchTasks:(Req=0.00/0.00), MarkTaskToComplete:(Req=0.00/0.00) | Eviction: Success/Attempts=0/0, AllocFail=0, PartialAlloc=0, keys=0, size=0 B | Mem Eviction: Success/Attempts=0/0, keys=0, size=0 B | NoF Eviction: Success/Attempts=0/0, keys=0, size=0 B | Discard: Released/Total=0/0, StagingSize=0 B | Promotion: in_flight=0, admitted=0, completed=0, failed=0, cancelled=0, expired=0, bytes=0 B, rejected(freq/wm/cap)=0/0/0 | Snapshots: Success=0, Fail=0}, ha={HA Metrics Summary: last_seq=0, applied_seq=0, lag=0, pending=0, mutation_queue=0, batch_commits=0, sync_commits=0, skipped=0, checksum_fail=0, etcd_fail=0, watch_disconn=0, state=0, writer_accepting=false, writer_retry_count=0, writer_retry_delay_ms=0, writer_waiting_slots=0, writer_committed_queue=0, writer_callback_queue=0, writer_durable_batch=0, writer_durable_seq=0, writer_last_error=0}
I1008 08:30:20.190106 103537 master_service.cpp:914] client_id=12558011673465470824-14352153473080118179, action=mount_segment, segment_name=<ip>:12896
W1008 08:30:20.191442 103537 segment.cpp:333] segment_name=<ip>:12896, warn=segment_already_exists
I1008 08:30:20.375181 103538 rpc_service.cpp:1613] Mount local disk segment with client id is : 12558011673465470824-14352153473080118179, enable offloading is: 1
I1008 08:30:20.529310 103522 master_service.cpp:10619] [EVICT-TRIGGER] memory_ratio=0.90625 high_watermark=0.9 need_mem_eviction=0 eviction_ratio=0.05
I1008 08:30:20.534719 103522 master_service.cpp:12526] [EVICT-RESULT] evicted_count=0, eviction_base=29, actual_evict_ratio=0, target_evict_ratio=0.05625
W1008 08:30:20.534755 103522 master_service.cpp:12534] [EVICT] No memory freed this cycle; 28 objects deferred for disk offload. Consider lowering eviction_high_watermark_ratio.
I1008 08:30:20.534770 103522 master_service.cpp:10630] [EVICT-DONE] BatchEvict execution completed.
I1008 08:30:20.544831 103522 master_service.cpp:10619] [EVICT-TRIGGER] memory_ratio=1 high_watermark=0.9 need_mem_eviction=0 eviction_ratio=0.05
I1008 08:30:20.549491 103522 master_service.cpp:12526] [EVICT-RESULT] evicted_count=0, eviction_base=4, actual_evict_ratio=0, target_evict_ratio=0.15
W1008 08:30:20.549520 103522 master_service.cpp:12534] [EVICT] No memory freed this cycle; 3 objects deferred for disk offload. Consider lowering eviction_high_watermark_ratio.
I1008 08:30:20.549528 103522 master_service.cpp:10630] [EVICT-DONE] BatchEvict execution completed.
I1008 08:30:20.559589 103522 master_service.cpp:10619] [EVICT-TRIGGER] memory_ratio=1 high_watermark=0.9 need_mem_eviction=1 eviction_ratio=0.05
I1008 08:30:20.563879 103522 master_service.cpp:12526] [EVICT-RESULT] evicted_count=0, eviction_base=1, actual_evict_ratio=0, target_evict_ratio=0.15
W1008 08:30:20.563910 103522 master_service.cpp:12534] [EVICT] No memory freed this cycle; 1 objects deferred for disk offload. Consider lowering eviction_high_watermark_ratio.
I1008 08:30:20.563917 103522 master_service.cpp:10630] [EVICT-DONE] BatchEvict execution completed.
I1008 08:30:20.573978 103522 master_service.cpp:10619] [EVICT-TRIGGER] memory_ratio=1 high_watermark=0.9 need_mem_eviction=1 eviction_ratio=0.05
I1008 08:30:20.575778 103522 master_service.cpp:10630] [EVICT-DONE] BatchEvict execution completed.
I1008 08:30:20.585855 103522 master_service.cpp:10619] [EVICT-TRIGGER] memory_ratio=1 high_watermark=0.9 need_mem_eviction=1 eviction_ratio=0.05
I1008 08:30:20.587280 103522 master_service.cpp:10630] [EVICT-DONE] BatchEvict execution completed.
I1008 08:30:20.597358 103522 master_service.cpp:10619] [EVICT-TRIGGER] memory_ratio=1 high_watermark=0.9 need_mem_eviction=1 eviction_ratio=0.05
I1008 08:30:20.598986 103522 master_service.cpp:10630] [EVICT-DONE] BatchEvict execution completed.
I1008 08:30:20.609066 103522 master_service.cpp:10619] [EVICT-TRIGGER] memory_ratio=1 high_watermark=0.9 need_mem_eviction=1 eviction_ratio=0.05
I1008 08:30:20.610484 103522 master_service.cpp:10630] [EVICT-DONE] BatchEvict execution completed.
I1008 08:30:20.620571 103522 master_service.cpp:10619] [EVICT-TRIGGER] memory_ratio=1 high_watermark=0.9 need_mem_eviction=1 eviction_ratio=0.05
I1008 08:30:20.622743 103522 master_service.cpp:10630] [EVICT-DONE] BatchEvict execution completed.
I1008 08:30:20.632826 103522 master_service.cpp:10619] [EVICT-TRIGGER] memory_ratio=1 high_watermark=0.9 need_mem_eviction=1 eviction_ratio=0.05
I1008 08:30:20.634282 103522 master_service.cpp:10630] [EVICT-DONE] BatchEvict execution completed.
I1008 08:30:20.644357 103522 master_service.cpp:10619] [EVICT-TRIGGER] memory_ratio=1 high_watermark=0.9 need_mem_eviction=1 eviction_ratio=0.05
I1008 08:30:20.645996 103522 master_service.cpp:10630] [EVICT-DONE] BatchEvict execution completed.
I1008 08:30:20.656072 103522 master_service.cpp:10619] [EVICT-TRIGGER] memory_ratio=1 high_watermark=0.9 need_mem_eviction=1 eviction_ratio=0.05
I1008 08:30:20.657517 103522 master_service.cpp:10630] [EVICT-DONE] BatchEvict execution completed.
I1008 08:30:20.667593 103522 master_service.cpp:10619] [EVICT-TRIGGER] memory_ratio=1 high_watermark=0.9 need_mem_eviction=1 eviction_ratio=0.05
I1008 08:30:20.669319 103522 master_service.cpp:10630] [EVICT-DONE] BatchEvict execution completed.
I1008 08:30:20.679399 103522 master_service.cpp:10619] [EVICT-TRIGGER] memory_ratio=1 high_watermark=0.9 need_mem_eviction=1 eviction_ratio=0.05
I1008 08:30:20.680866 103522 master_service.cpp:10630] [EVICT-DONE] BatchEvict execution completed.
I1008 08:30:20.690941 103522 master_service.cpp:10619] [EVICT-TRIGGER] memory_ratio=1 high_watermark=0.9 need_mem_eviction=1 eviction_ratio=0.05
I1008 08:30:20.692533 103522 master_service.cpp:10630] [EVICT-DONE] BatchEvict execution completed.
I1008 08:30:20.702607 103522 master_service.cpp:10619] [EVICT-TRIGGER] memory_ratio=1 high_watermark=0.9 need_mem_eviction=1 eviction_ratio=0.05
I1008 08:30:20.704046 103522 master_service.cpp:10630] [EVICT-DONE] BatchEvict execution completed.
I1008 08:30:20.714123 103522 master_service.cpp:10619] [EVICT-TRIGGER] memory_ratio=1 high_watermark=0.9 need_mem_eviction=1 eviction_ratio=0.05
I1008 08:30:20.715740 103522 master_service.cpp:10630] [EVICT-DONE] BatchEvict execution completed.
I1008 08:30:20.725819 103522 master_service.cpp:10619] [EVICT-TRIGGER] memory_ratio=1 high_watermark=0.9 need_mem_eviction=1 eviction_ratio=0.05
I1008 08:30:20.727252 103522 master_service.cpp:10630] [EVICT-DONE] BatchEvict execution completed.
I1008 08:30:20.737329 103522 master_service.cpp:10619] [EVICT-TRIGGER] memory_ratio=1 high_watermark=0.9 need_mem_eviction=1 eviction_ratio=0.05
I1008 08:30:20.738933 103522 master_service.cpp:10630] [EVICT-DONE] BatchEvict execution completed.
I1008 08:30:20.748973 103522 master_service.cpp:10619] [EVICT-TRIGGER] memory_ratio=1 high_watermark=0.9 need_mem_eviction=1 eviction_ratio=0.05
I1008 08:30:20.750355 103522 master_service.cpp:10630] [EVICT-DONE] BatchEvict execution completed.
I1008 08:30:20.760432 103522 master_service.cpp:10619] [EVICT-TRIGGER] memory_ratio=1 high_watermark=0.9 need_mem_eviction=1 eviction_ratio=0.05
I1008 08:30:20.762226 103522 master_service.cpp:10630] [EVICT-DONE] BatchEvict execution completed.
I1008 08:30:20.772305 103522 master_service.cpp:10619] [EVICT-TRIGGER] memory_ratio=1 high_watermark=0.9 need_mem_eviction=1 eviction_ratio=0.05
I1008 08:30:20.773730 103522 master_service.cpp:10630] [EVICT-DONE] BatchEvict execution completed.
I1008 08:30:20.783812 103522 master_service.cpp:10619] [EVICT-TRIGGER] memory_ratio=1 high_watermark=0.9 need_mem_eviction=1 eviction_ratio=0.05
I1008 08:30:20.785661 103522 master_service.cpp:10630] [EVICT-DONE] BatchEvict execution completed.
I1008 08:30:20.795740 103522 master_service.cpp:10619] [EVICT-TRIGGER] memory_ratio=1 high_watermark=0.9 need_mem_eviction=1 eviction_ratio=0.05
I1008 08:30:20.797116 103522 master_service.cpp:10630] [EVICT-DONE] BatchEvict execution completed.
I1008 08:30:20.807193 103522 master_service.cpp:10619] [EVICT-TRIGGER] memory_ratio=1 high_watermark=0.9 need_mem_eviction=1 eviction_ratio=0.05
I1008 08:30:20.808789 103522 master_service.cpp:10630] [EVICT-DONE] BatchEvict execution completed.
I1008 08:30:20.818864 103522 master_service.cpp:10619] [EVICT-TRIGGER] memory_ratio=1 high_watermark=0.9 need_mem_eviction=0 eviction_ratio=0.05
I1008 08:30:20.820211 103522 master_service.cpp:10630] [EVICT-DONE] BatchEvict execution completed.
I1008 08:30:20.830287 103522 master_service.cpp:10619] [EVICT-TRIGGER] memory_ratio=1 high_watermark=0.9 need_mem_eviction=0 eviction_ratio=0.05
I1008 08:30:20.831884 103522 master_service.cpp:10630] [EVICT-DONE] BatchEvict execution completed.
I1008 08:30:20.841961 103522 master_service.cpp:10619] [EVICT-TRIGGER] memory_ratio=1 high_watermark=0.9 need_mem_eviction=0 eviction_ratio=0.05
I1008 08:30:20.843364 103522 master_service.cpp:10630] [EVICT-DONE] BatchEvict execution completed.
I1008 08:30:20.853457 103522 master_service.cpp:10619] [EVICT-TRIGGER] memory_ratio=1 high_watermark=0.9 need_mem_eviction=0 eviction_ratio=0.05
I1008 08:30:20.855043 103522 master_service.cpp:10630] [EVICT-DONE] BatchEvict execution completed.
I1008 08:30:20.865120 103522 master_service.cpp:10619] [EVICT-TRIGGER] memory_ratio=1 high_watermark=0.9 need_mem_eviction=0 eviction_ratio=0.05
I1008 08:30:20.866519 103522 master_service.cpp:10630] [EVICT-DONE] BatchEvict execution completed.
I1008 08:30:20.876596 103522 master_service.cpp:10619] [EVICT-TRIGGER] memory_ratio=1 high_watermark=0.9 need_mem_eviction=0 eviction_ratio=0.05
I1008 08:30:20.878165 103522 master_service.cpp:10630] [EVICT-DONE] BatchEvict execution completed.
I1008 08:30:20.888242 103522 master_service.cpp:10619] [EVICT-TRIGGER] memory_ratio=1 high_watermark=0.9 need_mem_eviction=0 eviction_ratio=0.05
I1008 08:30:20.889596 103522 master_service.cpp:10630] [EVICT-DONE] BatchEvict execution completed.
I1008 08:30:20.899674 103522 master_service.cpp:10619] [EVICT-TRIGGER] memory_ratio=1 high_watermark=0.9 need_mem_eviction=0 eviction_ratio=0.05
I1008 08:30:20.901221 103522 master_service.cpp:10630] [EVICT-DONE] BatchEvict execution completed.
I1008 08:30:20.911296 103522 master_service.cpp:10619] [EVICT-TRIGGER] memory_ratio=1 high_watermark=0.9 need_mem_eviction=0 eviction_ratio=0.05
I1008 08:30:20.912647 103522 master_service.cpp:10630] [EVICT-DONE] BatchEvict execution completed.
I1008 08:30:20.922715 103522 master_service.cpp:10619] [EVICT-TRIGGER] memory_ratio=1 high_watermark=0.9 need_mem_eviction=0 eviction_ratio=0.05
I1008 08:30:20.924283 103522 master_service.cpp:10630] [EVICT-DONE] BatchEvict execution completed.
I1008 08:30:20.934362 103522 master_service.cpp:10619] [EVICT-TRIGGER] memory_ratio=1 high_watermark=0.9 need_mem_eviction=0 eviction_ratio=0.05
I1008 08:30:20.935810 103522 master_service.cpp:10630] [EVICT-DONE] BatchEvict execution completed.
I1008 08:30:20.945888 103522 master_service.cpp:10619] [EVICT-TRIGGER] memory_ratio=1 high_watermark=0.9 need_mem_eviction=0 eviction_ratio=0.05
I1008 08:30:20.947496 103522 master_service.cpp:10630] [EVICT-DONE] BatchEvict execution completed.
I1008 08:30:20.957573 103522 master_service.cpp:10619] [EVICT-TRIGGER] memory_ratio=1 high_watermark=0.9 need_mem_eviction=0 eviction_ratio=0.05
I1008 08:30:20.958987 103522 master_service.cpp:10630] [EVICT-DONE] BatchEvict execution completed.
I1008 08:30:20.969065 103522 master_service.cpp:10619] [EVICT-TRIGGER] memory_ratio=1 high_watermark=0.9 need_mem_eviction=0 eviction_ratio=0.05
I1008 08:30:20.970623 103522 master_service.cpp:10630] [EVICT-DONE] BatchEvict execution completed.
I1008 08:30:20.980700 103522 master_service.cpp:10619] [EVICT-TRIGGER] memory_ratio=1 high_watermark=0.9 need_mem_eviction=0 eviction_ratio=0.05
I1008 08:30:20.982612 103522 master_service.cpp:10630] [EVICT-DONE] BatchEvict execution completed.
I1008 08:30:20.992692 103522 master_service.cpp:10619] [EVICT-TRIGGER] memory_ratio=1 high_watermark=0.9 need_mem_eviction=0 eviction_ratio=0.05
I1008 08:30:20.994311 103522 master_service.cpp:10630] [EVICT-DONE] BatchEvict execution completed.
I1008 08:30:21.004388 103522 master_service.cpp:10619] [EVICT-TRIGGER] memory_ratio=1 high_watermark=0.9 need_mem_eviction=0 eviction_ratio=0.05
I1008 08:30:21.005746 103522 master_service.cpp:10630] [EVICT-DONE] BatchEvict execution completed.
I1008 08:30:21.015823 103522 master_service.cpp:10619] [EVICT-TRIGGER] memory_ratio=1 high_watermark=0.9 need_mem_eviction=0 eviction_ratio=0.05
I1008 08:30:21.017361 103522 master_service.cpp:10630] [EVICT-DONE] BatchEvict execution completed.
I1008 08:30:21.027436 103522 master_service.cpp:10619] [EVICT-TRIGGER] memory_ratio=1 high_watermark=0.9 need_mem_eviction=0 eviction_ratio=0.05
I1008 08:30:21.028796 103522 master_service.cpp:10630] [EVICT-DONE] BatchEvict execution completed.
I1008 08:30:21.038873 103522 master_service.cpp:10619] [EVICT-TRIGGER] memory_ratio=1 high_watermark=0.9 need_mem_eviction=0 eviction_ratio=0.05
I1008 08:30:21.040439 103522 master_service.cpp:10630] [EVICT-DONE] BatchEvict execution completed.
I1008 08:30:21.050531 103522 master_service.cpp:10619] [EVICT-TRIGGER] memory_ratio=1 high_watermark=0.9 need_mem_eviction=0 eviction_ratio=0.05
I1008 08:30:21.051949 103522 master_service.cpp:10630] [EVICT-DONE] BatchEvict execution completed.
I1008 08:30:21.062027 103522 master_service.cpp:10619] [EVICT-TRIGGER] memory_ratio=1 high_watermark=0.9 need_mem_eviction=0 eviction_ratio=0.05
I1008 08:30:21.063647 103522 master_service.cpp:10630] [EVICT-DONE] BatchEvict execution completed.
I1008 08:30:21.073724 103522 master_service.cpp:10619] [EVICT-TRIGGER] memory_ratio=1 high_watermark=0.9 need_mem_eviction=0 eviction_ratio=0.05
I1008 08:30:21.075340 103522 master_service.cpp:10630] [EVICT-DONE] BatchEvict execution completed.
I1008 08:30:21.085417 103522 master_service.cpp:10619] [EVICT-TRIGGER] memory_ratio=1 high_watermark=0.9 need_mem_eviction=0 eviction_ratio=0.05
I1008 08:30:21.087034 103522 master_service.cpp:10630] [EVICT-DONE] BatchEvict execution completed.
I1008 08:30:21.097111 103522 master_service.cpp:10619] [EVICT-TRIGGER] memory_ratio=1 high_watermark=0.9 need_mem_eviction=0 eviction_ratio=0.05
I1008 08:30:21.098484 103522 master_service.cpp:10630] [EVICT-DONE] BatchEvict execution completed.
I1008 08:30:21.108562 103522 master_service.cpp:10619] [EVICT-TRIGGER] memory_ratio=1 high_watermark=0.9 need_mem_eviction=0 eviction_ratio=0.05
I1008 08:30:21.110078 103522 master_service.cpp:10630] [EVICT-DONE] BatchEvict execution completed.
I1008 08:30:21.120154 103522 master_service.cpp:10619] [EVICT-TRIGGER] memory_ratio=1 high_watermark=0.9 need_mem_eviction=0 eviction_ratio=0.05
I1008 08:30:21.121511 103522 master_service.cpp:10630] [EVICT-DONE] BatchEvict execution completed.
I1008 08:30:21.131588 103522 master_service.cpp:10619] [EVICT-TRIGGER] memory_ratio=1 high_watermark=0.9 need_mem_eviction=0 eviction_ratio=0.05
I1008 08:30:21.133198 103522 master_service.cpp:10630] [EVICT-DONE] BatchEvict execution completed.
I1008 08:30:21.143275 103522 master_service.cpp:10619] [EVICT-TRIGGER] memory_ratio=1 high_watermark=0.9 need_mem_eviction=0 eviction_ratio=0.05
I1008 08:30:21.144642 103522 master_service.cpp:10630] [EVICT-DONE] BatchEvict execution completed.
I1008 08:30:21.154717 103522 master_service.cpp:10619] [EVICT-TRIGGER] memory_ratio=1 high_watermark=0.9 need_mem_eviction=0 eviction_ratio=0.05
I1008 08:30:21.156258 103522 master_service.cpp:10630] [EVICT-DONE] BatchEvict execution completed.
I1008 08:30:21.166335 103522 master_service.cpp:10619] [EVICT-TRIGGER] memory_ratio=1 high_watermark=0.9 need_mem_eviction=0 eviction_ratio=0.05
I1008 08:30:21.167745 103522 master_service.cpp:10630] [EVICT-DONE] BatchEvict execution completed.
I1008 08:30:21.177824 103522 master_service.cpp:10619] [EVICT-TRIGGER] memory_ratio=1 high_watermark=0.9 need_mem_eviction=0 eviction_ratio=0.05
I1008 08:30:21.179447 103522 master_service.cpp:10630] [EVICT-DONE] BatchEvict execution completed.
I1008 08:30:21.189527 103522 master_service.cpp:10619] [EVICT-TRIGGER] memory_ratio=1 high_watermark=0.9 need_mem_eviction=0 eviction_ratio=0.05
I1008 08:30:21.191382 103522 master_service.cpp:10630] [EVICT-DONE] BatchEvict execution completed.
I1008 08:30:21.201462 103522 master_service.cpp:10619] [EVICT-TRIGGER] memory_ratio=1 high_watermark=0.9 need_mem_eviction=0 eviction_ratio=0.05
I1008 08:30:21.203051 103522 master_service.cpp:10630] [EVICT-DONE] BatchEvict execution completed.
I1008 08:30:21.213128 103522 master_service.cpp:10619] [EVICT-TRIGGER] memory_ratio=1 high_watermark=0.9 need_mem_eviction=0 eviction_ratio=0.05
I1008 08:30:21.214506 103522 master_service.cpp:10630] [EVICT-DONE] BatchEvict execution completed.
I1008 08:30:21.224583 103522 master_service.cpp:10619] [EVICT-TRIGGER] memory_ratio=1 high_watermark=0.9 need_mem_eviction=0 eviction_ratio=0.05
I1008 08:30:21.226142 103522 master_service.cpp:10630] [EVICT-DONE] BatchEvict execution completed.
I1008 08:30:21.236219 103522 master_service.cpp:10619] [EVICT-TRIGGER] memory_ratio=1 high_watermark=0.9 need_mem_eviction=0 eviction_ratio=0.05
I1008 08:30:21.237632 103522 master_service.cpp:10630] [EVICT-DONE] BatchEvict execution completed.
I1008 08:30:21.247707 103522 master_service.cpp:10619] [EVICT-TRIGGER] memory_ratio=1 high_watermark=0.9 need_mem_eviction=0 eviction_ratio=0.05
I1008 08:30:21.249277 103522 master_service.cpp:10630] [EVICT-DONE] BatchEvict execution completed.
I1008 08:30:21.259354 103522 master_service.cpp:10619] [EVICT-TRIGGER] memory_ratio=1 high_watermark=0.9 need_mem_eviction=0 eviction_ratio=0.05
I1008 08:30:21.260694 103522 master_service.cpp:10630] [EVICT-DONE] BatchEvict execution completed.
I1008 08:30:21.270771 103522 master_service.cpp:10619] [EVICT-TRIGGER] memory_ratio=1 high_watermark=0.9 need_mem_eviction=0 eviction_ratio=0.05
I1008 08:30:21.272419 103522 master_service.cpp:10630] [EVICT-DONE] BatchEvict execution completed.
I1008 08:30:21.282495 103522 master_service.cpp:10619] [EVICT-TRIGGER] memory_ratio=1 high_watermark=0.9 need_mem_eviction=0 eviction_ratio=0.05
I1008 08:30:21.283972 103522 master_service.cpp:10630] [EVICT-DONE] BatchEvict execution completed.
I1008 08:30:21.294050 103522 master_service.cpp:10619] [EVICT-TRIGGER] memory_ratio=1 high_watermark=0.9 need_mem_eviction=0 eviction_ratio=0.05
I1008 08:30:21.295727 103522 master_service.cpp:10630] [EVICT-DONE] BatchEvict execution completed.
I1008 08:30:21.305805 103522 master_service.cpp:10619] [EVICT-TRIGGER] memory_ratio=1 high_watermark=0.9 need_mem_eviction=0 eviction_ratio=0.05
I1008 08:30:21.307159 103522 master_service.cpp:10630] [EVICT-DONE] BatchEvict execution completed.
I1008 08:30:21.317237 103522 master_service.cpp:10619] [EVICT-TRIGGER] memory_ratio=1 high_watermark=0.9 need_mem_eviction=0 eviction_ratio=0.05
I1008 08:30:21.318780 103522 master_service.cpp:10630] [EVICT-DONE] BatchEvict execution completed.
I1008 08:30:21.328857 103522 master_service.cpp:10619] [EVICT-TRIGGER] memory_ratio=1 high_watermark=0.9 need_mem_eviction=0 eviction_ratio=0.05
I1008 08:30:21.330194 103522 master_service.cpp:10630] [EVICT-DONE] BatchEvict execution completed.
I1008 08:30:21.340271 103522 master_service.cpp:10619] [EVICT-TRIGGER] memory_ratio=1 high_watermark=0.9 need_mem_eviction=0 eviction_ratio=0.05
I1008 08:30:21.341861 103522 master_service.cpp:10630] [EVICT-DONE] BatchEvict execution completed.
I1008 08:30:21.351936 103522 master_service.cpp:10619] [EVICT-TRIGGER] memory_ratio=1 high_watermark=0.9 need_mem_eviction=0 eviction_ratio=0.05
I1008 08:30:21.353331 103522 master_service.cpp:10630] [EVICT-DONE] BatchEvict execution completed.
I1008 08:30:21.363423 103522 master_service.cpp:10619] [EVICT-TRIGGER] memory_ratio=1 high_watermark=0.9 need_mem_eviction=0 eviction_ratio=0.05
I1008 08:30:21.364959 103522 master_service.cpp:10630] [EVICT-DONE] BatchEvict execution completed.
I1008 08:30:21.375036 103522 master_service.cpp:10619] [EVICT-TRIGGER] memory_ratio=1 high_watermark=0.9 need_mem_eviction=0 eviction_ratio=0.05
I1008 08:30:21.376399 103522 master_service.cpp:10630] [EVICT-DONE] BatchEvict execution completed.
I1008 08:30:21.386477 103522 master_service.cpp:10619] [EVICT-TRIGGER] memory_ratio=1 high_watermark=0.9 need_mem_eviction=0 eviction_ratio=0.05
I1008 08:30:21.388088 103522 master_service.cpp:10630] [EVICT-DONE] BatchEvict execution completed.
I1008 08:30:21.398165 103522 master_service.cpp:10619] [EVICT-TRIGGER] memory_ratio=1 high_watermark=0.9 need_mem_eviction=0 eviction_ratio=0.05
I1008 08:30:21.399546 103522 master_service.cpp:10630] [EVICT-DONE] BatchEvict execution completed.
I1008 08:30:21.409647 103522 master_service.cpp:10619] [EVICT-TRIGGER] memory_ratio=1 high_watermark=0.9 need_mem_eviction=0 eviction_ratio=0.05
I1008 08:30:21.411206 103522 master_service.cpp:10630] [EVICT-DONE] BatchEvict execution completed.
I1008 08:30:21.421283 103522 master_service.cpp:10619] [EVICT-TRIGGER] memory_ratio=1 high_watermark=0.9 need_mem_eviction=0 eviction_ratio=0.05
I1008 08:30:21.422624 103522 master_service.cpp:10630] [EVICT-DONE] BatchEvict execution completed.
I1008 08:30:21.432700 103522 master_service.cpp:10619] [EVICT-TRIGGER] memory_ratio=1 high_watermark=0.9 need_mem_eviction=0 eviction_ratio=0.05
I1008 08:30:21.434257 103522 master_service.cpp:10630] [EVICT-DONE] BatchEvict execution completed.
I1008 08:30:21.444334 103522 master_service.cpp:10619] [EVICT-TRIGGER] memory_ratio=1 high_watermark=0.9 need_mem_eviction=0 eviction_ratio=0.05
I1008 08:30:21.445717 103522 master_service.cpp:10630] [EVICT-DONE] BatchEvict execution completed.
I1008 08:30:21.455791 103522 master_service.cpp:10619] [EVICT-TRIGGER] memory_ratio=1 high_watermark=0.9 need_mem_eviction=0 eviction_ratio=0.05
I1008 08:30:21.457358 103522 master_service.cpp:10630] [EVICT-DONE] BatchEvict execution completed.
I1008 08:30:21.467434 103522 master_service.cpp:10619] [EVICT-TRIGGER] memory_ratio=1 high_watermark=0.9 need_mem_eviction=0 eviction_ratio=0.05
I1008 08:30:21.468801 103522 master_service.cpp:10630] [EVICT-DONE] BatchEvict execution completed.
I1008 08:30:21.478878 103522 master_service.cpp:10619] [EVICT-TRIGGER] memory_ratio=1 high_watermark=0.9 need_mem_eviction=0 eviction_ratio=0.05
I1008 08:30:21.480507 103522 master_service.cpp:10630] [EVICT-DONE] BatchEvict execution completed.
I1008 08:30:21.490584 103522 master_service.cpp:10619] [EVICT-TRIGGER] memory_ratio=1 high_watermark=0.9 need_mem_eviction=0 eviction_ratio=0.05
I1008 08:30:21.491997 103522 master_service.cpp:10630] [EVICT-DONE] BatchEvict execution completed.
I1008 08:30:21.502075 103522 master_service.cpp:10619] [EVICT-TRIGGER] memory_ratio=1 high_watermark=0.9 need_mem_eviction=0 eviction_ratio=0.05
I1008 08:30:21.503621 103522 master_service.cpp:10630] [EVICT-DONE] BatchEvict execution completed.
I1008 08:30:21.513698 103522 master_service.cpp:10619] [EVICT-TRIGGER] memory_ratio=1 high_watermark=0.9 need_mem_eviction=0 eviction_ratio=0.05
I1008 08:30:21.515069 103522 master_service.cpp:10630] [EVICT-DONE] BatchEvict execution completed.
I1008 08:30:21.525146 103522 master_service.cpp:10619] [EVICT-TRIGGER] memory_ratio=1 high_watermark=0.9 need_mem_eviction=0 eviction_ratio=0.05
I1008 08:30:21.526669 103522 master_service.cpp:10630] [EVICT-DONE] BatchEvict execution completed.
I1008 08:30:21.536746 103522 master_service.cpp:10619] [EVICT-TRIGGER] memory_ratio=1 high_watermark=0.9 need_mem_eviction=0 eviction_ratio=0.05
I1008 08:30:21.538100 103522 master_service.cpp:10630] [EVICT-DONE] BatchEvict execution completed.
I1008 08:30:21.548143 103522 master_service.cpp:10619] [EVICT-TRIGGER] memory_ratio=1 high_watermark=0.9 need_mem_eviction=0 eviction_ratio=0.05
I1008 08:30:21.549664 103522 master_service.cpp:10630] [EVICT-DONE] BatchEvict execution completed.
I1008 08:30:21.559738 103522 master_service.cpp:10619] [EVICT-TRIGGER] memory_ratio=1 high_watermark=0.9 need_mem_eviction=0 eviction_ratio=0.05
I1008 08:30:21.561071 103522 master_service.cpp:10630] [EVICT-DONE] BatchEvict execution completed.
I1008 08:30:21.571149 103522 master_service.cpp:10619] [EVICT-TRIGGER] memory_ratio=1 high_watermark=0.9 need_mem_eviction=0 eviction_ratio=0.05
I1008 08:30:21.572669 103522 master_service.cpp:10630] [EVICT-DONE] BatchEvict execution completed.
I1008 08:30:21.582712 103522 master_service.cpp:10619] [EVICT-TRIGGER] memory_ratio=1 high_watermark=0.9 need_mem_eviction=0 eviction_ratio=0.05
I1008 08:30:21.584052 103522 master_service.cpp:10630] [EVICT-DONE] BatchEvict execution completed.
I1008 08:30:21.594130 103522 master_service.cpp:10619] [EVICT-TRIGGER] memory_ratio=1 high_watermark=0.9 need_mem_eviction=0 eviction_ratio=0.05
I1008 08:30:21.596056 103522 master_service.cpp:10630] [EVICT-DONE] BatchEvict execution completed.
I1008 08:30:21.606135 103522 master_service.cpp:10619] [EVICT-TRIGGER] memory_ratio=1 high_watermark=0.9 need_mem_eviction=0 eviction_ratio=0.05
I1008 08:30:21.607717 103522 master_service.cpp:10630] [EVICT-DONE] BatchEvict execution completed.
I1008 08:30:21.617796 103522 master_service.cpp:10619] [EVICT-TRIGGER] memory_ratio=1 high_watermark=0.9 need_mem_eviction=0 eviction_ratio=0.05
I1008 08:30:21.619338 103522 master_service.cpp:10630] [EVICT-DONE] BatchEvict execution completed.
I1008 08:30:21.629426 103522 master_service.cpp:10619] [EVICT-TRIGGER] memory_ratio=1 high_watermark=0.9 need_mem_eviction=0 eviction_ratio=0.05
I1008 08:30:21.630771 103522 master_service.cpp:10630] [EVICT-DONE] BatchEvict execution completed.
I1008 08:30:21.640848 103522 master_service.cpp:10619] [EVICT-TRIGGER] memory_ratio=1 high_watermark=0.9 need_mem_eviction=0 eviction_ratio=0.05
I1008 08:30:21.642378 103522 master_service.cpp:10630] [EVICT-DONE] BatchEvict execution completed.
I1008 08:30:21.652467 103522 master_service.cpp:10619] [EVICT-TRIGGER] memory_ratio=1 high_watermark=0.9 need_mem_eviction=0 eviction_ratio=0.05
I1008 08:30:21.653827 103522 master_service.cpp:10630] [EVICT-DONE] BatchEvict execution completed.
I1008 08:30:21.663903 103522 master_service.cpp:10619] [EVICT-TRIGGER] memory_ratio=1 high_watermark=0.9 need_mem_eviction=0 eviction_ratio=0.05
I1008 08:30:21.665542 103522 master_service.cpp:10630] [EVICT-DONE] BatchEvict execution completed.
I1008 08:30:21.675621 103522 master_service.cpp:10619] [EVICT-TRIGGER] memory_ratio=1 high_watermark=0.9 need_mem_eviction=0 eviction_ratio=0.05
I1008 08:30:21.677011 103522 master_service.cpp:10630] [EVICT-DONE] BatchEvict execution completed.
I1008 08:30:21.687088 103522 master_service.cpp:10619] [EVICT-TRIGGER] memory_ratio=1 high_watermark=0.9 need_mem_eviction=0 eviction_ratio=0.05
I1008 08:30:21.688652 103522 master_service.cpp:10630] [EVICT-DONE] BatchEvict execution completed.
I1008 08:30:21.698714 103522 master_service.cpp:10619] [EVICT-TRIGGER] memory_ratio=1 high_watermark=0.9 need_mem_eviction=0 eviction_ratio=0.05
I1008 08:30:21.700057 103522 master_service.cpp:10630] [EVICT-DONE] BatchEvict execution completed.
I1008 08:30:21.710134 103522 master_service.cpp:10619] [EVICT-TRIGGER] memory_ratio=1 high_watermark=0.9 need_mem_eviction=0 eviction_ratio=0.05
I1008 08:30:21.711696 103522 master_service.cpp:10630] [EVICT-DONE] BatchEvict execution completed.
I1008 08:30:21.721773 103522 master_service.cpp:10619] [EVICT-TRIGGER] memory_ratio=1 high_watermark=0.9 need_mem_eviction=0 eviction_ratio=0.05
I1008 08:30:21.723157 103522 master_service.cpp:10630] [EVICT-DONE] BatchEvict execution completed.
I1008 08:30:21.733234 103522 master_service.cpp:10619] [EVICT-TRIGGER] memory_ratio=1 high_watermark=0.9 need_mem_eviction=0 eviction_ratio=0.05
I1008 08:30:21.734771 103522 master_service.cpp:10630] [EVICT-DONE] BatchEvict execution completed.
I1008 08:30:21.744851 103522 master_service.cpp:10619] [EVICT-TRIGGER] memory_ratio=1 high_watermark=0.9 need_mem_eviction=0 eviction_ratio=0.05
I1008 08:30:21.746215 103522 master_service.cpp:10630] [EVICT-DONE] BatchEvict execution completed.
I1008 08:30:21.756292 103522 master_service.cpp:10619] [EVICT-TRIGGER] memory_ratio=1 high_watermark=0.9 need_mem_eviction=0 eviction_ratio=0.05
I1008 08:30:21.757923 103522 master_service.cpp:10630] [EVICT-DONE] BatchEvict execution completed.
I1008 08:30:21.768000 103522 master_service.cpp:10619] [EVICT-TRIGGER] memory_ratio=1 high_watermark=0.9 need_mem_eviction=0 eviction_ratio=0.05
I1008 08:30:21.769356 103522 master_service.cpp:10630] [EVICT-DONE] BatchEvict execution completed.
I1008 08:30:21.779433 103522 master_service.cpp:10619] [EVICT-TRIGGER] memory_ratio=1 high_watermark=0.9 need_mem_eviction=0 eviction_ratio=0.05
I1008 08:30:21.780931 103522 master_service.cpp:10630] [EVICT-DONE] BatchEvict execution completed.
I1008 08:30:21.791008 103522 master_service.cpp:10619] [EVICT-TRIGGER] memory_ratio=1 high_watermark=0.9 need_mem_eviction=0 eviction_ratio=0.05
I1008 08:30:21.792333 103522 master_service.cpp:10630] [EVICT-DONE] BatchEvict execution completed.
I1008 08:30:21.802410 103522 master_service.cpp:10619] [EVICT-TRIGGER] memory_ratio=1 high_watermark=0.9 need_mem_eviction=0 eviction_ratio=0.05
I1008 08:30:21.803975 103522 master_service.cpp:10630] [EVICT-DONE] BatchEvict execution completed.
I1008 08:30:21.814052 103522 master_service.cpp:10619] [EVICT-TRIGGER] memory_ratio=1 high_watermark=0.9 need_mem_eviction=0 eviction_ratio=0.05
I1008 08:30:21.815434 103522 master_service.cpp:10630] [EVICT-DONE] BatchEvict execution completed.
I1008 08:30:21.825511 103522 master_service.cpp:10619] [EVICT-TRIGGER] memory_ratio=1 high_watermark=0.9 need_mem_eviction=0 eviction_ratio=0.05
I1008 08:30:21.827092 103522 master_service.cpp:10630] [EVICT-DONE] BatchEvict execution completed.
I1008 08:30:21.837184 103522 master_service.cpp:10619] [EVICT-TRIGGER] memory_ratio=1 high_watermark=0.9 need_mem_eviction=0 eviction_ratio=0.05
I1008 08:30:21.838546 103522 master_service.cpp:10630] [EVICT-DONE] BatchEvict execution completed.
I1008 08:30:21.848623 103522 master_service.cpp:10619] [EVICT-TRIGGER] memory_ratio=1 high_watermark=0.9 need_mem_eviction=0 eviction_ratio=0.05
I1008 08:30:21.850209 103522 master_service.cpp:10630] [EVICT-DONE] BatchEvict execution completed.
I1008 08:30:21.860287 103522 master_service.cpp:10619] [EVICT-TRIGGER] memory_ratio=1 high_watermark=0.9 need_mem_eviction=0 eviction_ratio=0.05
I1008 08:30:21.861658 103522 master_service.cpp:10630] [EVICT-DONE] BatchEvict execution completed.
I1008 08:30:21.871735 103522 master_service.cpp:10619] [EVICT-TRIGGER] memory_ratio=1 high_watermark=0.9 need_mem_eviction=0 eviction_ratio=0.05
I1008 08:30:21.873266 103522 master_service.cpp:10630] [EVICT-DONE] BatchEvict execution completed.
I1008 08:30:21.883343 103522 master_service.cpp:10619] [EVICT-TRIGGER] memory_ratio=1 high_watermark=0.9 need_mem_eviction=0 eviction_ratio=0.05
I1008 08:30:21.884678 103522 master_service.cpp:10630] [EVICT-DONE] BatchEvict execution completed.
I1008 08:30:21.894711 103522 master_service.cpp:10619] [EVICT-TRIGGER] memory_ratio=1 high_watermark=0.9 need_mem_eviction=0 eviction_ratio=0.05
I1008 08:30:21.896234 103522 master_service.cpp:10630] [EVICT-DONE] BatchEvict execution completed.
I1008 08:30:21.906309 103522 master_service.cpp:10619] [EVICT-TRIGGER] memory_ratio=1 high_watermark=0.9 need_mem_eviction=0 eviction_ratio=0.05
I1008 08:30:21.907704 103522 master_service.cpp:10630] [EVICT-DONE] BatchEvict execution completed.
I1008 08:30:21.917781 103522 master_service.cpp:10619] [EVICT-TRIGGER] memory_ratio=1 high_watermark=0.9 need_mem_eviction=0 eviction_ratio=0.05
I1008 08:30:21.919325 103522 master_service.cpp:10630] [EVICT-DONE] BatchEvict execution completed.
I1008 08:30:21.929401 103522 master_service.cpp:10619] [EVICT-TRIGGER] memory_ratio=1 high_watermark=0.9 need_mem_eviction=0 eviction_ratio=0.05
I1008 08:30:21.930805 103522 master_service.cpp:10630] [EVICT-DONE] BatchEvict execution completed.
I1008 08:30:21.940882 103522 master_service.cpp:10619] [EVICT-TRIGGER] memory_ratio=1 high_watermark=0.9 need_mem_eviction=0 eviction_ratio=0.05
I1008 08:30:21.942570 103522 master_service.cpp:10630] [EVICT-DONE] BatchEvict execution completed.
I1008 08:30:21.952647 103522 master_service.cpp:10619] [EVICT-TRIGGER] memory_ratio=1 high_watermark=0.9 need_mem_eviction=0 eviction_ratio=0.05
I1008 08:30:21.954041 103522 master_service.cpp:10630] [EVICT-DONE] BatchEvict execution completed.
I1008 08:30:21.964118 103522 master_service.cpp:10619] [EVICT-TRIGGER] memory_ratio=1 high_watermark=0.9 need_mem_eviction=0 eviction_ratio=0.05
I1008 08:30:21.965656 103522 master_service.cpp:10630] [EVICT-DONE] BatchEvict execution completed.
I1008 08:30:21.975732 103522 master_service.cpp:10619] [EVICT-TRIGGER] memory_ratio=1 high_watermark=0.9 need_mem_eviction=0 eviction_ratio=0.05
I1008 08:30:21.977066 103522 master_service.cpp:10630] [EVICT-DONE] BatchEvict execution completed.
I1008 08:30:21.987144 103522 master_service.cpp:10619] [EVICT-TRIGGER] memory_ratio=1 high_watermark=0.9 need_mem_eviction=0 eviction_ratio=0.05
I1008 08:30:21.988669 103522 master_service.cpp:10630] [EVICT-DONE] BatchEvict execution completed.
I1008 08:30:21.998713 103522 master_service.cpp:10619] [EVICT-TRIGGER] memory_ratio=1 high_watermark=0.9 need_mem_eviction=0 eviction_ratio=0.05
I1008 08:30:22.000053 103522 master_service.cpp:10630] [EVICT-DONE] BatchEvict execution completed.
I1008 08:30:22.010129 103522 master_service.cpp:10619] [EVICT-TRIGGER] memory_ratio=1 high_watermark=0.9 need_mem_eviction=0 eviction_ratio=0.05
I1008 08:30:22.011762 103522 master_service.cpp:10630] [EVICT-DONE] BatchEvict execution completed.
I1008 08:30:22.021855 103522 master_service.cpp:10619] [EVICT-TRIGGER] memory_ratio=1 high_watermark=0.9 need_mem_eviction=0 eviction_ratio=0.05
I1008 08:30:22.023279 103522 master_service.cpp:10630] [EVICT-DONE] BatchEvict execution completed.
I1008 08:30:22.033357 103522 master_service.cpp:10619] [EVICT-TRIGGER] memory_ratio=1 high_watermark=0.9 need_mem_eviction=0 eviction_ratio=0.05
I1008 08:30:22.034929 103522 master_service.cpp:10630] [EVICT-DONE] BatchEvict execution completed.
I1008 08:30:22.045006 103522 master_service.cpp:10619] [EVICT-TRIGGER] memory_ratio=1 high_watermark=0.9 need_mem_eviction=0 eviction_ratio=0.05
I1008 08:30:22.046406 103522 master_service.cpp:10630] [EVICT-DONE] BatchEvict execution completed.
I1008 08:30:22.056483 103522 master_service.cpp:10619] [EVICT-TRIGGER] memory_ratio=1 high_watermark=0.9 need_mem_eviction=0 eviction_ratio=0.05
I1008 08:30:22.058058 103522 master_service.cpp:10630] [EVICT-DONE] BatchEvict execution completed.
I1008 08:30:22.068135 103522 master_service.cpp:10619] [EVICT-TRIGGER] memory_ratio=1 high_watermark=0.9 need_mem_eviction=0 eviction_ratio=0.05
I1008 08:30:22.069522 103522 master_service.cpp:10630] [EVICT-DONE] BatchEvict execution completed.
I1008 08:30:22.079599 103522 master_service.cpp:10619] [EVICT-TRIGGER] memory_ratio=1 high_watermark=0.9 need_mem_eviction=0 eviction_ratio=0.05
I1008 08:30:22.081130 103522 master_service.cpp:10630] [EVICT-DONE] BatchEvict execution completed.
I1008 08:30:22.091207 103522 master_service.cpp:10619] [EVICT-TRIGGER] memory_ratio=1 high_watermark=0.9 need_mem_eviction=0 eviction_ratio=0.05
I1008 08:30:22.092586 103522 master_service.cpp:10630] [EVICT-DONE] BatchEvict execution completed.
I1008 08:30:22.102662 103522 master_service.cpp:10619] [EVICT-TRIGGER] memory_ratio=1 high_watermark=0.9 need_mem_eviction=0 eviction_ratio=0.05
I1008 08:30:22.104275 103522 master_service.cpp:10630] [EVICT-DONE] BatchEvict execution completed.
I1008 08:30:22.114352 103522 master_service.cpp:10619] [EVICT-TRIGGER] memory_ratio=1 high_watermark=0.9 need_mem_eviction=0 eviction_ratio=0.05
I1008 08:30:22.115748 103522 master_service.cpp:10630] [EVICT-DONE] BatchEvict execution completed.
I1008 08:30:22.125826 103522 master_service.cpp:10619] [EVICT-TRIGGER] memory_ratio=1 high_watermark=0.9 need_mem_eviction=0 eviction_ratio=0.05
I1008 08:30:22.127667 103522 master_service.cpp:10630] [EVICT-DONE] BatchEvict execution completed.
I1008 08:30:22.137745 103522 master_service.cpp:10619] [EVICT-TRIGGER] memory_ratio=1 high_watermark=0.9 need_mem_eviction=0 eviction_ratio=0.05
I1008 08:30:22.139246 103522 master_service.cpp:10630] [EVICT-DONE] BatchEvict execution completed.
I1008 08:30:22.149325 103522 master_service.cpp:10619] [EVICT-TRIGGER] memory_ratio=1 high_watermark=0.9 need_mem_eviction=0 eviction_ratio=0.05
I1008 08:30:22.150975 103522 master_service.cpp:10630] [EVICT-DONE] BatchEvict execution completed.
I1008 08:30:22.161054 103522 master_service.cpp:10619] [EVICT-TRIGGER] memory_ratio=1 high_watermark=0.9 need_mem_eviction=0 eviction_ratio=0.05
I1008 08:30:22.162515 103522 master_service.cpp:10630] [EVICT-DONE] BatchEvict execution completed.
I1008 08:30:22.172593 103522 master_service.cpp:10619] [EVICT-TRIGGER] memory_ratio=1 high_watermark=0.9 need_mem_eviction=0 eviction_ratio=0.05
I1008 08:30:22.174202 103522 master_service.cpp:10630] [EVICT-DONE] BatchEvict execution completed.
I1008 08:30:22.184278 103522 master_service.cpp:10619] [EVICT-TRIGGER] memory_ratio=1 high_watermark=0.9 need_mem_eviction=0 eviction_ratio=0.05
I1008 08:30:22.185664 103522 master_service.cpp:10630] [EVICT-DONE] BatchEvict execution completed.
I1008 08:30:22.195744 103522 master_service.cpp:10619] [EVICT-TRIGGER] memory_ratio=1 high_watermark=0.9 need_mem_eviction=0 eviction_ratio=0.05
I1008 08:30:22.197305 103522 master_service.cpp:10630] [EVICT-DONE] BatchEvict execution completed.
I1008 08:30:22.207393 103522 master_service.cpp:10619] [EVICT-TRIGGER] memory_ratio=1 high_watermark=0.9 need_mem_eviction=0 eviction_ratio=0.05
I1008 08:30:22.208786 103522 master_service.cpp:10630] [EVICT-DONE] BatchEvict execution completed.
I1008 08:30:22.218863 103522 master_service.cpp:10619] [EVICT-TRIGGER] memory_ratio=1 high_watermark=0.9 need_mem_eviction=0 eviction_ratio=0.05
I1008 08:30:22.220439 103522 master_service.cpp:10630] [EVICT-DONE] BatchEvict execution completed.
I1008 08:30:22.230516 103522 master_service.cpp:10619] [EVICT-TRIGGER] memory_ratio=1 high_watermark=0.9 need_mem_eviction=0 eviction_ratio=0.05
I1008 08:30:22.231999 103522 master_service.cpp:10630] [EVICT-DONE] BatchEvict execution completed.
I1008 08:30:22.242079 103522 master_service.cpp:10619] [EVICT-TRIGGER] memory_ratio=1 high_watermark=0.9 need_mem_eviction=0 eviction_ratio=0.05
I1008 08:30:22.243770 103522 master_service.cpp:10630] [EVICT-DONE] BatchEvict execution completed.
I1008 08:30:22.253851 103522 master_service.cpp:10619] [EVICT-TRIGGER] memory_ratio=1 high_watermark=0.9 need_mem_eviction=0 eviction_ratio=0.05
I1008 08:30:22.255393 103522 master_service.cpp:10630] [EVICT-DONE] BatchEvict execution completed.
I1008 08:30:22.265479 103522 master_service.cpp:10619] [EVICT-TRIGGER] memory_ratio=1 high_watermark=0.9 need_mem_eviction=0 eviction_ratio=0.05
I1008 08:30:22.267067 103522 master_service.cpp:10630] [EVICT-DONE] BatchEvict execution completed.
I1008 08:30:22.277145 103522 master_service.cpp:10619] [EVICT-TRIGGER] memory_ratio=1 high_watermark=0.9 need_mem_eviction=0 eviction_ratio=0.05
I1008 08:30:22.278517 103522 master_service.cpp:10630] [EVICT-DONE] BatchEvict execution completed.
I1008 08:30:22.288594 103522 master_service.cpp:10619] [EVICT-TRIGGER] memory_ratio=1 high_watermark=0.9 need_mem_eviction=0 eviction_ratio=0.05
I1008 08:30:22.290117 103522 master_service.cpp:10630] [EVICT-DONE] BatchEvict execution completed.
I1008 08:30:22.300192 103522 master_service.cpp:10619] [EVICT-TRIGGER] memory_ratio=1 high_watermark=0.9 need_mem_eviction=0 eviction_ratio=0.05
I1008 08:30:22.301608 103522 master_service.cpp:10630] [EVICT-DONE] BatchEvict execution completed.
I1008 08:30:22.311685 103522 master_service.cpp:10619] [EVICT-TRIGGER] memory_ratio=1 high_watermark=0.9 need_mem_eviction=0 eviction_ratio=0.05
I1008 08:30:22.313243 103522 master_service.cpp:10630] [EVICT-DONE] BatchEvict execution completed.
I1008 08:30:22.323319 103522 master_service.cpp:10619] [EVICT-TRIGGER] memory_ratio=1 high_watermark=0.9 need_mem_eviction=0 eviction_ratio=0.05
I1008 08:30:22.324679 103522 master_service.cpp:10630] [EVICT-DONE] BatchEvict execution completed.
I1008 08:30:22.334721 103522 master_service.cpp:10619] [EVICT-TRIGGER] memory_ratio=1 high_watermark=0.9 need_mem_eviction=0 eviction_ratio=0.05
I1008 08:30:22.336237 103522 master_service.cpp:10630] [EVICT-DONE] BatchEvict execution completed.
I1008 08:30:22.346313 103522 master_service.cpp:10619] [EVICT-TRIGGER] memory_ratio=1 high_watermark=0.9 need_mem_eviction=0 eviction_ratio=0.05
I1008 08:30:22.347752 103522 master_service.cpp:10630] [EVICT-DONE] BatchEvict execution completed.
I1008 08:30:22.357828 103522 master_service.cpp:10619] [EVICT-TRIGGER] memory_ratio=1 high_watermark=0.9 need_mem_eviction=0 eviction_ratio=0.05
I1008 08:30:22.359416 103522 master_service.cpp:10630] [EVICT-DONE] BatchEvict execution completed.
I1008 08:30:22.369494 103522 master_service.cpp:10619] [EVICT-TRIGGER] memory_ratio=1 high_watermark=0.9 need_mem_eviction=0 eviction_ratio=0.05
I1008 08:30:22.370846 103522 master_service.cpp:10630] [EVICT-DONE] BatchEvict execution completed.
I1008 08:30:22.380921 103522 master_service.cpp:10619] [EVICT-TRIGGER] memory_ratio=1 high_watermark=0.9 need_mem_eviction=0 eviction_ratio=0.05
I1008 08:30:22.382509 103522 master_service.cpp:10630] [EVICT-DONE] BatchEvict execution completed.
I1008 08:30:22.392586 103522 master_service.cpp:10619] [EVICT-TRIGGER] memory_ratio=1 high_watermark=0.9 need_mem_eviction=0 eviction_ratio=0.05
I1008 08:30:22.394007 103522 master_service.cpp:12526] [EVICT-RESULT] evicted_count=0, eviction_base=7, actual_evict_ratio=0, target_evict_ratio=0.15
I1008 08:30:22.394049 103522 master_service.cpp:10630] [EVICT-DONE] BatchEvict execution completed.
I1008 08:30:22.404114 103522 master_service.cpp:10619] [EVICT-TRIGGER] memory_ratio=1 high_watermark=0.9 need_mem_eviction=0 eviction_ratio=0.05
I1008 08:30:22.405627 103522 master_service.cpp:12526] [EVICT-RESULT] evicted_count=0, eviction_base=10, actual_evict_ratio=0, target_evict_ratio=0.15
I1008 08:30:22.405655 103522 master_service.cpp:10630] [EVICT-DONE] BatchEvict execution completed.
I1008 08:30:22.415717 103522 master_service.cpp:10619] [EVICT-TRIGGER] memory_ratio=1 high_watermark=0.9 need_mem_eviction=0 eviction_ratio=0.05
I1008 08:30:22.417554 103522 master_service.cpp:12526] [EVICT-RESULT] evicted_count=0, eviction_base=20, actual_evict_ratio=0, target_evict_ratio=0.15
I1008 08:30:22.417582 103522 master_service.cpp:10630] [EVICT-DONE] BatchEvict execution completed.
I1008 08:30:22.427647 103522 master_service.cpp:10619] [EVICT-TRIGGER] memory_ratio=1 high_watermark=0.9 need_mem_eviction=0 eviction_ratio=0.05
I1008 08:30:22.433123 103522 master_service.cpp:12526] [EVICT-RESULT] evicted_count=0, eviction_base=32, actual_evict_ratio=0, target_evict_ratio=0.15
W1008 08:30:22.433152 103522 master_service.cpp:12534] [EVICT] No memory freed this cycle; 2 objects deferred for disk offload. Consider lowering eviction_high_watermark_ratio.
I1008 08:30:22.433161 103522 master_service.cpp:10630] [EVICT-DONE] BatchEvict execution completed.
I1008 08:30:22.443222 103522 master_service.cpp:10619] [EVICT-TRIGGER] memory_ratio=1 high_watermark=0.9 need_mem_eviction=0 eviction_ratio=0.05
I1008 08:30:22.444628 103522 master_service.cpp:12526] [EVICT-RESULT] evicted_count=0, eviction_base=30, actual_evict_ratio=0, target_evict_ratio=0.15
I1008 08:30:22.444655 103522 master_service.cpp:10630] [EVICT-DONE] BatchEvict execution completed.
I1008 08:30:22.454711 103522 master_service.cpp:10619] [EVICT-TRIGGER] memory_ratio=1 high_watermark=0.9 need_mem_eviction=0 eviction_ratio=0.05
I1008 08:30:22.456291 103522 master_service.cpp:12526] [EVICT-RESULT] evicted_count=0, eviction_base=30, actual_evict_ratio=0, target_evict_ratio=0.15
I1008 08:30:22.456318 103522 master_service.cpp:10630] [EVICT-DONE] BatchEvict execution completed.
I1008 08:30:22.466379 103522 master_service.cpp:10619] [EVICT-TRIGGER] memory_ratio=1 high_watermark=0.9 need_mem_eviction=0 eviction_ratio=0.05
I1008 08:30:22.467893 103522 master_service.cpp:12526] [EVICT-RESULT] evicted_count=0, eviction_base=30, actual_evict_ratio=0, target_evict_ratio=0.15
I1008 08:30:22.467922 103522 master_service.cpp:10630] [EVICT-DONE] BatchEvict execution completed.
I1008 08:30:22.477984 103522 master_service.cpp:10619] [EVICT-TRIGGER] memory_ratio=1 high_watermark=0.9 need_mem_eviction=0 eviction_ratio=0.05
I1008 08:30:22.479554 103522 master_service.cpp:12526] [EVICT-RESULT] evicted_count=0, eviction_base=30, actual_evict_ratio=0, target_evict_ratio=0.15
I1008 08:30:22.479583 103522 master_service.cpp:10630] [EVICT-DONE] BatchEvict execution completed.
I1008 08:30:22.489642 103522 master_service.cpp:10619] [EVICT-TRIGGER] memory_ratio=1 high_watermark=0.9 need_mem_eviction=0 eviction_ratio=0.05
I1008 08:30:22.491032 103522 master_service.cpp:12526] [EVICT-RESULT] evicted_count=0, eviction_base=30, actual_evict_ratio=0, target_evict_ratio=0.15
I1008 08:30:22.491060 103522 master_service.cpp:10630] [EVICT-DONE] BatchEvict execution completed.
I1008 08:30:22.501121 103522 master_service.cpp:10619] [EVICT-TRIGGER] memory_ratio=1 high_watermark=0.9 need_mem_eviction=0 eviction_ratio=0.05
I1008 08:30:22.502671 103522 master_service.cpp:12526] [EVICT-RESULT] evicted_count=0, eviction_base=30, actual_evict_ratio=0, target_evict_ratio=0.15
I1008 08:30:22.502696 103522 master_service.cpp:10630] [EVICT-DONE] BatchEvict execution completed.
I1008 08:30:22.512777 103522 master_service.cpp:10619] [EVICT-TRIGGER] memory_ratio=1 high_watermark=0.9 need_mem_eviction=0 eviction_ratio=0.05
I1008 08:30:22.514140 103522 master_service.cpp:12526] [EVICT-RESULT] evicted_count=0, eviction_base=30, actual_evict_ratio=0, target_evict_ratio=0.15
I1008 08:30:22.514168 103522 master_service.cpp:10630] [EVICT-DONE] BatchEvict execution completed.
I1008 08:30:22.524230 103522 master_service.cpp:10619] [EVICT-TRIGGER] memory_ratio=1 high_watermark=0.9 need_mem_eviction=0 eviction_ratio=0.05
I1008 08:30:22.525789 103522 master_service.cpp:12526] [EVICT-RESULT] evicted_count=0, eviction_base=30, actual_evict_ratio=0, target_evict_ratio=0.15
I1008 08:30:22.525815 103522 master_service.cpp:10630] [EVICT-DONE] BatchEvict execution completed.
I1008 08:30:22.535877 103522 master_service.cpp:10619] [EVICT-TRIGGER] memory_ratio=1 high_watermark=0.9 need_mem_eviction=0 eviction_ratio=0.05
I1008 08:30:22.537264 103522 master_service.cpp:12526] [EVICT-RESULT] evicted_count=0, eviction_base=30, actual_evict_ratio=0, target_evict_ratio=0.15
I1008 08:30:22.537292 103522 master_service.cpp:10630] [EVICT-DONE] BatchEvict execution completed.
I1008 08:30:22.547354 103522 master_service.cpp:10619] [EVICT-TRIGGER] memory_ratio=1 high_watermark=0.9 need_mem_eviction=0 eviction_ratio=0.05
I1008 08:30:22.548907 103522 master_service.cpp:12526] [EVICT-RESULT] evicted_count=0, eviction_base=30, actual_evict_ratio=0, target_evict_ratio=0.15
I1008 08:30:22.548934 103522 master_service.cpp:10630] [EVICT-DONE] BatchEvict execution completed.
I1008 08:30:22.558995 103522 master_service.cpp:10619] [EVICT-TRIGGER] memory_ratio=1 high_watermark=0.9 need_mem_eviction=0 eviction_ratio=0.05
I1008 08:30:22.560361 103522 master_service.cpp:12526] [EVICT-RESULT] evicted_count=0, eviction_base=30, actual_evict_ratio=0, target_evict_ratio=0.15
I1008 08:30:22.560388 103522 master_service.cpp:10630] [EVICT-DONE] BatchEvict execution completed.
I1008 08:30:22.570451 103522 master_service.cpp:10619] [EVICT-TRIGGER] memory_ratio=1 high_watermark=0.9 need_mem_eviction=0 eviction_ratio=0.05
I1008 08:30:22.572469 103522 master_service.cpp:12526] [EVICT-RESULT] evicted_count=0, eviction_base=30, actual_evict_ratio=0, target_evict_ratio=0.15
I1008 08:30:22.572497 103522 master_service.cpp:10630] [EVICT-DONE] BatchEvict execution completed.
I1008 08:30:22.582558 103522 master_service.cpp:10619] [EVICT-TRIGGER] memory_ratio=1 high_watermark=0.9 need_mem_eviction=0 eviction_ratio=0.05
I1008 08:30:22.584008 103522 master_service.cpp:12526] [EVICT-RESULT] evicted_count=0, eviction_base=30, actual_evict_ratio=0, target_evict_ratio=0.15
I1008 08:30:22.584038 103522 master_service.cpp:10630] [EVICT-DONE] BatchEvict execution completed.
I1008 08:30:22.594099 103522 master_service.cpp:10619] [EVICT-TRIGGER] memory_ratio=1 high_watermark=0.9 need_mem_eviction=0 eviction_ratio=0.05
I1008 08:30:22.595695 103522 master_service.cpp:12526] [EVICT-RESULT] evicted_count=0, eviction_base=30, actual_evict_ratio=0, target_evict_ratio=0.15
I1008 08:30:22.595724 103522 master_service.cpp:10630] [EVICT-DONE] BatchEvict execution completed.
I1008 08:30:22.605786 103522 master_service.cpp:10619] [EVICT-TRIGGER] memory_ratio=1 high_watermark=0.9 need_mem_eviction=0 eviction_ratio=0.05
I1008 08:30:22.607197 103522 master_service.cpp:12526] [EVICT-RESULT] evicted_count=0, eviction_base=30, actual_evict_ratio=0, target_evict_ratio=0.15
I1008 08:30:22.607226 103522 master_service.cpp:10630] [EVICT-DONE] BatchEvict execution completed.
I1008 08:30:22.617288 103522 master_service.cpp:10619] [EVICT-TRIGGER] memory_ratio=1 high_watermark=0.9 need_mem_eviction=0 eviction_ratio=0.05
I1008 08:30:22.618882 103522 master_service.cpp:12526] [EVICT-RESULT] evicted_count=0, eviction_base=30, actual_evict_ratio=0, target_evict_ratio=0.15
I1008 08:30:22.618911 103522 master_service.cpp:10630] [EVICT-DONE] BatchEvict execution completed.
I1008 08:30:22.628971 103522 master_service.cpp:10619] [EVICT-TRIGGER] memory_ratio=1 high_watermark=0.9 need_mem_eviction=0 eviction_ratio=0.05
I1008 08:30:22.630347 103522 master_service.cpp:12526] [EVICT-RESULT] evicted_count=0, eviction_base=30, actual_evict_ratio=0, target_evict_ratio=0.15
I1008 08:30:22.630384 103522 master_service.cpp:10630] [EVICT-DONE] BatchEvict execution completed.
I1008 08:30:22.640447 103522 master_service.cpp:10619] [EVICT-TRIGGER] memory_ratio=1 high_watermark=0.9 need_mem_eviction=0 eviction_ratio=0.05
I1008 08:30:22.642030 103522 master_service.cpp:12526] [EVICT-RESULT] evicted_count=0, eviction_base=30, actual_evict_ratio=0, target_evict_ratio=0.15
I1008 08:30:22.642056 103522 master_service.cpp:10630] [EVICT-DONE] BatchEvict execution completed.
I1008 08:30:22.652118 103522 master_service.cpp:10619] [EVICT-TRIGGER] memory_ratio=1 high_watermark=0.9 need_mem_eviction=0 eviction_ratio=0.05
I1008 08:30:22.653498 103522 master_service.cpp:12526] [EVICT-RESULT] evicted_count=0, eviction_base=30, actual_evict_ratio=0, target_evict_ratio=0.15
I1008 08:30:22.653524 103522 master_service.cpp:10630] [EVICT-DONE] BatchEvict execution completed.
I1008 08:30:22.663586 103522 master_service.cpp:10619] [EVICT-TRIGGER] memory_ratio=1 high_watermark=0.9 need_mem_eviction=0 eviction_ratio=0.05
I1008 08:30:22.665127 103522 master_service.cpp:12526] [EVICT-RESULT] evicted_count=0, eviction_base=30, actual_evict_ratio=0, target_evict_ratio=0.15
I1008 08:30:22.665154 103522 master_service.cpp:10630] [EVICT-DONE] BatchEvict execution completed.
I1008 08:30:22.675216 103522 master_service.cpp:10619] [EVICT-TRIGGER] memory_ratio=1 high_watermark=0.9 need_mem_eviction=0 eviction_ratio=0.05
I1008 08:30:22.676546 103522 master_service.cpp:12526] [EVICT-RESULT] evicted_count=0, eviction_base=30, actual_evict_ratio=0, target_evict_ratio=0.15
I1008 08:30:22.676573 103522 master_service.cpp:10630] [EVICT-DONE] BatchEvict execution completed.
I1008 08:30:22.686635 103522 master_service.cpp:10619] [EVICT-TRIGGER] memory_ratio=1 high_watermark=0.9 need_mem_eviction=0 eviction_ratio=0.05
I1008 08:30:22.688316 103522 master_service.cpp:12526] [EVICT-RESULT] evicted_count=0, eviction_base=30, actual_evict_ratio=0, target_evict_ratio=0.15
I1008 08:30:22.688344 103522 master_service.cpp:10630] [EVICT-DONE] BatchEvict execution completed.
I1008 08:30:22.698406 103522 master_service.cpp:10619] [EVICT-TRIGGER] memory_ratio=1 high_watermark=0.9 need_mem_eviction=0 eviction_ratio=0.05
I1008 08:30:22.700191 103522 master_service.cpp:12526] [EVICT-RESULT] evicted_count=0, eviction_base=30, actual_evict_ratio=0, target_evict_ratio=0.15
I1008 08:30:22.700219 103522 master_service.cpp:10630] [EVICT-DONE] BatchEvict execution completed.
I1008 08:30:22.710281 103522 master_service.cpp:10619] [EVICT-TRIGGER] memory_ratio=1 high_watermark=0.9 need_mem_eviction=0 eviction_ratio=0.05
I1008 08:30:22.711889 103522 master_service.cpp:12526] [EVICT-RESULT] evicted_count=0, eviction_base=30, actual_evict_ratio=0, target_evict_ratio=0.15
I1008 08:30:22.711916 103522 master_service.cpp:10630] [EVICT-DONE] BatchEvict execution completed.
I1008 08:30:22.721978 103522 master_service.cpp:10619] [EVICT-TRIGGER] memory_ratio=1 high_watermark=0.9 need_mem_eviction=0 eviction_ratio=0.05
I1008 08:30:22.723387 103522 master_service.cpp:12526] [EVICT-RESULT] evicted_count=0, eviction_base=30, actual_evict_ratio=0, target_evict_ratio=0.15
I1008 08:30:22.723414 103522 master_service.cpp:10630] [EVICT-DONE] BatchEvict execution completed.
I1008 08:30:22.733477 103522 master_service.cpp:10619] [EVICT-TRIGGER] memory_ratio=1 high_watermark=0.9 need_mem_eviction=0 eviction_ratio=0.05
I1008 08:30:22.735069 103522 master_service.cpp:12526] [EVICT-RESULT] evicted_count=0, eviction_base=30, actual_evict_ratio=0, target_evict_ratio=0.15
I1008 08:30:22.735097 103522 master_service.cpp:10630] [EVICT-DONE] BatchEvict execution completed.
I1008 08:30:22.745159 103522 master_service.cpp:10619] [EVICT-TRIGGER] memory_ratio=1 high_watermark=0.9 need_mem_eviction=0 eviction_ratio=0.05
I1008 08:30:22.746547 103522 master_service.cpp:12526] [EVICT-RESULT] evicted_count=0, eviction_base=30, actual_evict_ratio=0, target_evict_ratio=0.15
I1008 08:30:22.746574 103522 master_service.cpp:10630] [EVICT-DONE] BatchEvict execution completed.
I1008 08:30:22.756637 103522 master_service.cpp:10619] [EVICT-TRIGGER] memory_ratio=1 high_watermark=0.9 need_mem_eviction=0 eviction_ratio=0.05
I1008 08:30:22.758569 103522 master_service.cpp:12526] [EVICT-RESULT] evicted_count=0, eviction_base=30, actual_evict_ratio=0, target_evict_ratio=0.15
I1008 08:30:22.758597 103522 master_service.cpp:10630] [EVICT-DONE] BatchEvict execution completed.
I1008 08:30:22.768661 103522 master_service.cpp:10619] [EVICT-TRIGGER] memory_ratio=1 high_watermark=0.9 need_mem_eviction=0 eviction_ratio=0.05
I1008 08:30:22.770066 103522 master_service.cpp:12526] [EVICT-RESULT] evicted_count=0, eviction_base=30, actual_evict_ratio=0, target_evict_ratio=0.15
I1008 08:30:22.770093 103522 master_service.cpp:10630] [EVICT-DONE] BatchEvict execution completed.
I1008 08:30:22.780156 103522 master_service.cpp:10619] [EVICT-TRIGGER] memory_ratio=1 high_watermark=0.9 need_mem_eviction=0 eviction_ratio=0.05
I1008 08:30:22.781723 103522 master_service.cpp:12526] [EVICT-RESULT] evicted_count=0, eviction_base=30, actual_evict_ratio=0, target_evict_ratio=0.15
I1008 08:30:22.781749 103522 master_service.cpp:10630] [EVICT-DONE] BatchEvict execution completed.
I1008 08:30:22.791811 103522 master_service.cpp:10619] [EVICT-TRIGGER] memory_ratio=1 high_watermark=0.9 need_mem_eviction=0 eviction_ratio=0.05
I1008 08:30:22.793169 103522 master_service.cpp:12526] [EVICT-RESULT] evicted_count=0, eviction_base=30, actual_evict_ratio=0, target_evict_ratio=0.15
I1008 08:30:22.793195 103522 master_service.cpp:10630] [EVICT-DONE] BatchEvict execution completed.
I1008 08:30:22.803256 103522 master_service.cpp:10619] [EVICT-TRIGGER] memory_ratio=1 high_watermark=0.9 need_mem_eviction=0 eviction_ratio=0.05
I1008 08:30:22.804802 103522 master_service.cpp:12526] [EVICT-RESULT] evicted_count=0, eviction_base=30, actual_evict_ratio=0, target_evict_ratio=0.15
I1008 08:30:22.804828 103522 master_service.cpp:10630] [EVICT-DONE] BatchEvict execution completed.
I1008 08:30:22.814890 103522 master_service.cpp:10619] [EVICT-TRIGGER] memory_ratio=1 high_watermark=0.9 need_mem_eviction=0 eviction_ratio=0.05
I1008 08:30:22.816252 103522 master_service.cpp:12526] [EVICT-RESULT] evicted_count=0, eviction_base=30, actual_evict_ratio=0, target_evict_ratio=0.15
I1008 08:30:22.816278 103522 master_service.cpp:10630] [EVICT-DONE] BatchEvict execution completed.
I1008 08:30:22.826341 103522 master_service.cpp:10619] [EVICT-TRIGGER] memory_ratio=1 high_watermark=0.9 need_mem_eviction=0 eviction_ratio=0.05
I1008 08:30:22.827894 103522 master_service.cpp:12526] [EVICT-RESULT] evicted_count=0, eviction_base=30, actual_evict_ratio=0, target_evict_ratio=0.15
I1008 08:30:22.827921 103522 master_service.cpp:10630] [EVICT-DONE] BatchEvict execution completed.
I1008 08:30:22.837983 103522 master_service.cpp:10619] [EVICT-TRIGGER] memory_ratio=1 high_watermark=0.9 need_mem_eviction=0 eviction_ratio=0.05
I1008 08:30:22.839325 103522 master_service.cpp:12526] [EVICT-RESULT] evicted_count=0, eviction_base=30, actual_evict_ratio=0, target_evict_ratio=0.15
I1008 08:30:22.839353 103522 master_service.cpp:10630] [EVICT-DONE] BatchEvict execution completed.
I1008 08:30:22.849416 103522 master_service.cpp:10619] [EVICT-TRIGGER] memory_ratio=1 high_watermark=0.9 need_mem_eviction=0 eviction_ratio=0.05
I1008 08:30:22.850987 103522 master_service.cpp:12526] [EVICT-RESULT] evicted_count=0, eviction_base=30, actual_evict_ratio=0, target_evict_ratio=0.15
I1008 08:30:22.851016 103522 master_service.cpp:10630] [EVICT-DONE] BatchEvict execution completed.
I1008 08:30:22.861078 103522 master_service.cpp:10619] [EVICT-TRIGGER] memory_ratio=1 high_watermark=0.9 need_mem_eviction=0 eviction_ratio=0.05
I1008 08:30:22.862790 103522 master_service.cpp:12526] [EVICT-RESULT] evicted_count=0, eviction_base=30, actual_evict_ratio=0, target_evict_ratio=0.15
I1008 08:30:22.862818 103522 master_service.cpp:10630] [EVICT-DONE] BatchEvict execution completed.
I1008 08:30:22.872880 103522 master_service.cpp:10619] [EVICT-TRIGGER] memory_ratio=1 high_watermark=0.9 need_mem_eviction=0 eviction_ratio=0.05
I1008 08:30:22.874449 103522 master_service.cpp:12526] [EVICT-RESULT] evicted_count=0, eviction_base=30, actual_evict_ratio=0, target_evict_ratio=0.15
I1008 08:30:22.874485 103522 master_service.cpp:10630] [EVICT-DONE] BatchEvict execution completed.
I1008 08:30:22.884547 103522 master_service.cpp:10619] [EVICT-TRIGGER] memory_ratio=1 high_watermark=0.9 need_mem_eviction=0 eviction_ratio=0.05
I1008 08:30:22.885881 103522 master_service.cpp:12526] [EVICT-RESULT] evicted_count=0, eviction_base=30, actual_evict_ratio=0, target_evict_ratio=0.15
I1008 08:30:22.885907 103522 master_service.cpp:10630] [EVICT-DONE] BatchEvict execution completed.
I1008 08:30:22.895968 103522 master_service.cpp:10619] [EVICT-TRIGGER] memory_ratio=1 high_watermark=0.9 need_mem_eviction=0 eviction_ratio=0.05
I1008 08:30:22.897490 103522 master_service.cpp:12526] [EVICT-RESULT] evicted_count=0, eviction_base=30, actual_evict_ratio=0, target_evict_ratio=0.15
I1008 08:30:22.897516 103522 master_service.cpp:10630] [EVICT-DONE] BatchEvict execution completed.
I1008 08:30:22.907577 103522 master_service.cpp:10619] [EVICT-TRIGGER] memory_ratio=1 high_watermark=0.9 need_mem_eviction=0 eviction_ratio=0.05
I1008 08:30:22.908906 103522 master_service.cpp:12526] [EVICT-RESULT] evicted_count=0, eviction_base=30, actual_evict_ratio=0, target_evict_ratio=0.15
I1008 08:30:22.908932 103522 master_service.cpp:10630] [EVICT-DONE] BatchEvict execution completed.
I1008 08:30:22.918995 103522 master_service.cpp:10619] [EVICT-TRIGGER] memory_ratio=1 high_watermark=0.9 need_mem_eviction=0 eviction_ratio=0.05
I1008 08:30:22.920555 103522 master_service.cpp:12526] [EVICT-RESULT] evicted_count=0, eviction_base=30, actual_evict_ratio=0, target_evict_ratio=0.15
I1008 08:30:22.920583 103522 master_service.cpp:10630] [EVICT-DONE] BatchEvict execution completed.
I1008 08:30:22.930644 103522 master_service.cpp:10619] [EVICT-TRIGGER] memory_ratio=1 high_watermark=0.9 need_mem_eviction=0 eviction_ratio=0.05
I1008 08:30:22.932044 103522 master_service.cpp:12526] [EVICT-RESULT] evicted_count=0, eviction_base=30, actual_evict_ratio=0, target_evict_ratio=0.15
I1008 08:30:22.932073 103522 master_service.cpp:10630] [EVICT-DONE] BatchEvict execution completed.
I1008 08:30:22.942135 103522 master_service.cpp:10619] [EVICT-TRIGGER] memory_ratio=1 high_watermark=0.9 need_mem_eviction=0 eviction_ratio=0.05
I1008 08:30:22.943739 103522 master_service.cpp:12526] [EVICT-RESULT] evicted_count=0, eviction_base=30, actual_evict_ratio=0, target_evict_ratio=0.15
I1008 08:30:22.943768 103522 master_service.cpp:10630] [EVICT-DONE] BatchEvict execution completed.
I1008 08:30:22.953830 103522 master_service.cpp:10619] [EVICT-TRIGGER] memory_ratio=1 high_watermark=0.9 need_mem_eviction=0 eviction_ratio=0.05
I1008 08:30:22.955272 103522 master_service.cpp:12526] [EVICT-RESULT] evicted_count=0, eviction_base=30, actual_evict_ratio=0, target_evict_ratio=0.15
I1008 08:30:22.955299 103522 master_service.cpp:10630] [EVICT-DONE] BatchEvict execution completed.
I1008 08:30:22.965361 103522 master_service.cpp:10619] [EVICT-TRIGGER] memory_ratio=1 high_watermark=0.9 need_mem_eviction=0 eviction_ratio=0.05
I1008 08:30:22.966929 103522 master_service.cpp:12526] [EVICT-RESULT] evicted_count=0, eviction_base=30, actual_evict_ratio=0, target_evict_ratio=0.15
I1008 08:30:22.966956 103522 master_service.cpp:10630] [EVICT-DONE] BatchEvict execution completed.
I1008 08:30:22.977018 103522 master_service.cpp:10619] [EVICT-TRIGGER] memory_ratio=1 high_watermark=0.9 need_mem_eviction=0 eviction_ratio=0.05
I1008 08:30:22.978394 103522 master_service.cpp:12526] [EVICT-RESULT] evicted_count=0, eviction_base=30, actual_evict_ratio=0, target_evict_ratio=0.15
I1008 08:30:22.978421 103522 master_service.cpp:10630] [EVICT-DONE] BatchEvict execution completed.
I1008 08:30:22.988482 103522 master_service.cpp:10619] [EVICT-TRIGGER] memory_ratio=1 high_watermark=0.9 need_mem_eviction=0 eviction_ratio=0.05
I1008 08:30:22.989993 103522 master_service.cpp:12526] [EVICT-RESULT] evicted_count=0, eviction_base=30, actual_evict_ratio=0, target_evict_ratio=0.15
I1008 08:30:22.990029 103522 master_service.cpp:10630] [EVICT-DONE] BatchEvict execution completed.
I1008 08:30:23.000092 103522 master_service.cpp:10619] [EVICT-TRIGGER] memory_ratio=1 high_watermark=0.9 need_mem_eviction=0 eviction_ratio=0.05
I1008 08:30:23.001411 103522 master_service.cpp:12526] [EVICT-RESULT] evicted_count=0, eviction_base=30, actual_evict_ratio=0, target_evict_ratio=0.15
I1008 08:30:23.001437 103522 master_service.cpp:10630] [EVICT-DONE] BatchEvict execution completed.
I1008 08:30:23.011499 103522 master_service.cpp:10619] [EVICT-TRIGGER] memory_ratio=1 high_watermark=0.9 need_mem_eviction=0 eviction_ratio=0.05
I1008 08:30:23.013006 103522 master_service.cpp:12526] [EVICT-RESULT] evicted_count=0, eviction_base=30, actual_evict_ratio=0, target_evict_ratio=0.15
I1008 08:30:23.013033 103522 master_service.cpp:10630] [EVICT-DONE] BatchEvict execution completed.
I1008 08:30:23.023094 103522 master_service.cpp:10619] [EVICT-TRIGGER] memory_ratio=1 high_watermark=0.9 need_mem_eviction=0 eviction_ratio=0.05
I1008 08:30:23.024418 103522 master_service.cpp:12526] [EVICT-RESULT] evicted_count=0, eviction_base=30, actual_evict_ratio=0, target_evict_ratio=0.15
I1008 08:30:23.024446 103522 master_service.cpp:10630] [EVICT-DONE] BatchEvict execution completed.
I1008 08:30:23.034507 103522 master_service.cpp:10619] [EVICT-TRIGGER] memory_ratio=1 high_watermark=0.9 need_mem_eviction=0 eviction_ratio=0.05
I1008 08:30:23.036103 103522 master_service.cpp:12526] [EVICT-RESULT] evicted_count=0, eviction_base=30, actual_evict_ratio=0, target_evict_ratio=0.15
I1008 08:30:23.036130 103522 master_service.cpp:10630] [EVICT-DONE] BatchEvict execution completed.
I1008 08:30:23.046193 103522 master_service.cpp:10619] [EVICT-TRIGGER] memory_ratio=1 high_watermark=0.9 need_mem_eviction=0 eviction_ratio=0.05
I1008 08:30:23.047681 103522 master_service.cpp:12526] [EVICT-RESULT] evicted_count=0, eviction_base=30, actual_evict_ratio=0, target_evict_ratio=0.15
I1008 08:30:23.047712 103522 master_service.cpp:10630] [EVICT-DONE] BatchEvict execution completed.
I1008 08:30:23.057775 103522 master_service.cpp:10619] [EVICT-TRIGGER] memory_ratio=1 high_watermark=0.9 need_mem_eviction=0 eviction_ratio=0.05
I1008 08:30:23.059396 103522 master_service.cpp:12526] [EVICT-RESULT] evicted_count=0, eviction_base=30, actual_evict_ratio=0, target_evict_ratio=0.15
I1008 08:30:23.059420 103522 master_service.cpp:10630] [EVICT-DONE] BatchEvict execution completed.
I1008 08:30:23.069480 103522 master_service.cpp:10619] [EVICT-TRIGGER] memory_ratio=1 high_watermark=0.9 need_mem_eviction=0 eviction_ratio=0.05
I1008 08:30:23.070871 103522 master_service.cpp:12526] [EVICT-RESULT] evicted_count=0, eviction_base=30, actual_evict_ratio=0, target_evict_ratio=0.15
I1008 08:30:23.070895 103522 master_service.cpp:10630] [EVICT-DONE] BatchEvict execution completed.
I1008 08:30:23.080957 103522 master_service.cpp:10619] [EVICT-TRIGGER] memory_ratio=1 high_watermark=0.9 need_mem_eviction=0 eviction_ratio=0.05
I1008 08:30:23.082491 103522 master_service.cpp:12526] [EVICT-RESULT] evicted_count=0, eviction_base=30, actual_evict_ratio=0, target_evict_ratio=0.15
I1008 08:30:23.082516 103522 master_service.cpp:10630] [EVICT-DONE] BatchEvict execution completed.
I1008 08:30:23.092578 103522 master_service.cpp:10619] [EVICT-TRIGGER] memory_ratio=1 high_watermark=0.9 need_mem_eviction=0 eviction_ratio=0.05
I1008 08:30:23.093935 103522 master_service.cpp:12526] [EVICT-RESULT] evicted_count=0, eviction_base=30, actual_evict_ratio=0, target_evict_ratio=0.15
I1008 08:30:23.093961 103522 master_service.cpp:10630] [EVICT-DONE] BatchEvict execution completed.
I1008 08:30:23.104022 103522 master_service.cpp:10619] [EVICT-TRIGGER] memory_ratio=1 high_watermark=0.9 need_mem_eviction=0 eviction_ratio=0.05
I1008 08:30:23.105545 103522 master_service.cpp:12526] [EVICT-RESULT] evicted_count=0, eviction_base=30, actual_evict_ratio=0, target_evict_ratio=0.15
I1008 08:30:23.105571 103522 master_service.cpp:10630] [EVICT-DONE] BatchEvict execution completed.
I1008 08:30:23.115633 103522 master_service.cpp:10619] [EVICT-TRIGGER] memory_ratio=1 high_watermark=0.9 need_mem_eviction=0 eviction_ratio=0.05
I1008 08:30:23.117000 103522 master_service.cpp:12526] [EVICT-RESULT] evicted_count=0, eviction_base=30, actual_evict_ratio=0, target_evict_ratio=0.15
I1008 08:30:23.117027 103522 master_service.cpp:10630] [EVICT-DONE] BatchEvict execution completed.
I1008 08:30:23.127089 103522 master_service.cpp:10619] [EVICT-TRIGGER] memory_ratio=1 high_watermark=0.9 need_mem_eviction=0 eviction_ratio=0.05
I1008 08:30:23.128611 103522 master_service.cpp:12526] [EVICT-RESULT] evicted_count=0, eviction_base=30, actual_evict_ratio=0, target_evict_ratio=0.15
I1008 08:30:23.128638 103522 master_service.cpp:10630] [EVICT-DONE] BatchEvict execution completed.
I1008 08:30:23.138698 103522 master_service.cpp:10619] [EVICT-TRIGGER] memory_ratio=1 high_watermark=0.9 need_mem_eviction=0 eviction_ratio=0.05
I1008 08:30:23.140110 103522 master_service.cpp:12526] [EVICT-RESULT] evicted_count=0, eviction_base=30, actual_evict_ratio=0, target_evict_ratio=0.15
I1008 08:30:23.140136 103522 master_service.cpp:10630] [EVICT-DONE] BatchEvict execution completed.
I1008 08:30:23.150197 103522 master_service.cpp:10619] [EVICT-TRIGGER] memory_ratio=1 high_watermark=0.9 need_mem_eviction=0 eviction_ratio=0.05
I1008 08:30:23.151789 103522 master_service.cpp:12526] [EVICT-RESULT] evicted_count=0, eviction_base=30, actual_evict_ratio=0, target_evict_ratio=0.15
I1008 08:30:23.151816 103522 master_service.cpp:10630] [EVICT-DONE] BatchEvict execution completed.
I1008 08:30:23.161877 103522 master_service.cpp:10619] [EVICT-TRIGGER] memory_ratio=1 high_watermark=0.9 need_mem_eviction=0 eviction_ratio=0.05
I1008 08:30:23.163249 103522 master_service.cpp:12526] [EVICT-RESULT] evicted_count=0, eviction_base=30, actual_evict_ratio=0, target_evict_ratio=0.15
I1008 08:30:23.163275 103522 master_service.cpp:10630] [EVICT-DONE] BatchEvict execution completed.
I1008 08:30:23.173337 103522 master_service.cpp:10619] [EVICT-TRIGGER] memory_ratio=1 high_watermark=0.9 need_mem_eviction=0 eviction_ratio=0.05
I1008 08:30:23.174908 103522 master_service.cpp:12526] [EVICT-RESULT] evicted_count=0, eviction_base=30, actual_evict_ratio=0, target_evict_ratio=0.15
I1008 08:30:23.174935 103522 master_service.cpp:10630] [EVICT-DONE] BatchEvict execution completed.
I1008 08:30:23.184996 103522 master_service.cpp:10619] [EVICT-TRIGGER] memory_ratio=1 high_watermark=0.9 need_mem_eviction=0 eviction_ratio=0.05
I1008 08:30:23.186349 103522 master_service.cpp:12526] [EVICT-RESULT] evicted_count=0, eviction_base=30, actual_evict_ratio=0, target_evict_ratio=0.15
I1008 08:30:23.186375 103522 master_service.cpp:10630] [EVICT-DONE] BatchEvict execution completed.
I1008 08:30:23.196437 103522 master_service.cpp:10619] [EVICT-TRIGGER] memory_ratio=1 high_watermark=0.9 need_mem_eviction=0 eviction_ratio=0.05
I1008 08:30:23.197968 103522 master_service.cpp:12526] [EVICT-RESULT] evicted_count=0, eviction_base=30, actual_evict_ratio=0, target_evict_ratio=0.15
I1008 08:30:23.197995 103522 master_service.cpp:10630] [EVICT-DONE] BatchEvict execution completed.
I1008 08:30:23.208057 103522 master_service.cpp:10619] [EVICT-TRIGGER] memory_ratio=1 high_watermark=0.9 need_mem_eviction=0 eviction_ratio=0.05
I1008 08:30:23.209465 103522 master_service.cpp:12526] [EVICT-RESULT] evicted_count=0, eviction_base=30, actual_evict_ratio=0, target_evict_ratio=0.15
I1008 08:30:23.209491 103522 master_service.cpp:10630] [EVICT-DONE] BatchEvict execution completed.
I1008 08:30:23.219553 103522 master_service.cpp:10619] [EVICT-TRIGGER] memory_ratio=1 high_watermark=0.9 need_mem_eviction=0 eviction_ratio=0.05
I1008 08:30:23.221143 103522 master_service.cpp:12526] [EVICT-RESULT] evicted_count=0, eviction_base=30, actual_evict_ratio=0, target_evict_ratio=0.15
I1008 08:30:23.221169 103522 master_service.cpp:10630] [EVICT-DONE] BatchEvict execution completed.
I1008 08:30:23.231231 103522 master_service.cpp:10619] [EVICT-TRIGGER] memory_ratio=1 high_watermark=0.9 need_mem_eviction=0 eviction_ratio=0.05
I1008 08:30:23.232595 103522 master_service.cpp:12526] [EVICT-RESULT] evicted_count=0, eviction_base=30, actual_evict_ratio=0, target_evict_ratio=0.15
I1008 08:30:23.232633 103522 master_service.cpp:10630] [EVICT-DONE] BatchEvict execution completed.
I1008 08:30:23.242695 103522 master_service.cpp:10619] [EVICT-TRIGGER] memory_ratio=1 high_watermark=0.9 need_mem_eviction=0 eviction_ratio=0.05
I1008 08:30:23.244292 103522 master_service.cpp:12526] [EVICT-RESULT] evicted_count=0, eviction_base=30, actual_evict_ratio=0, target_evict_ratio=0.15
I1008 08:30:23.244319 103522 master_service.cpp:10630] [EVICT-DONE] BatchEvict execution completed.
I1008 08:30:23.254380 103522 master_service.cpp:10619] [EVICT-TRIGGER] memory_ratio=1 high_watermark=0.9 need_mem_eviction=0 eviction_ratio=0.05
I1008 08:30:23.255766 103522 master_service.cpp:12526] [EVICT-RESULT] evicted_count=0, eviction_base=30, actual_evict_ratio=0, target_evict_ratio=0.15
I1008 08:30:23.255793 103522 master_service.cpp:10630] [EVICT-DONE] BatchEvict execution completed.
I1008 08:30:23.265856 103522 master_service.cpp:10619] [EVICT-TRIGGER] memory_ratio=1 high_watermark=0.9 need_mem_eviction=0 eviction_ratio=0.05
I1008 08:30:23.267781 103522 master_service.cpp:12526] [EVICT-RESULT] evicted_count=0, eviction_base=30, actual_evict_ratio=0, target_evict_ratio=0.15
I1008 08:30:23.267810 103522 master_service.cpp:10630] [EVICT-DONE] BatchEvict execution completed.
I1008 08:30:23.277873 103522 master_service.cpp:10619] [EVICT-TRIGGER] memory_ratio=1 high_watermark=0.9 need_mem_eviction=0 eviction_ratio=0.05
I1008 08:30:23.279237 103522 master_service.cpp:12526] [EVICT-RESULT] evicted_count=0, eviction_base=30, actual_evict_ratio=0, target_evict_ratio=0.15
I1008 08:30:23.279265 103522 master_service.cpp:10630] [EVICT-DONE] BatchEvict execution completed.
I1008 08:30:23.289327 103522 master_service.cpp:10619] [EVICT-TRIGGER] memory_ratio=1 high_watermark=0.9 need_mem_eviction=0 eviction_ratio=0.05
I1008 08:30:23.290874 103522 master_service.cpp:12526] [EVICT-RESULT] evicted_count=0, eviction_base=30, actual_evict_ratio=0, target_evict_ratio=0.15
I1008 08:30:23.290901 103522 master_service.cpp:10630] [EVICT-DONE] BatchEvict execution completed.
I1008 08:30:23.300963 103522 master_service.cpp:10619] [EVICT-TRIGGER] memory_ratio=1 high_watermark=0.9 need_mem_eviction=0 eviction_ratio=0.05
I1008 08:30:23.302326 103522 master_service.cpp:12526] [EVICT-RESULT] evicted_count=0, eviction_base=30, actual_evict_ratio=0, target_evict_ratio=0.15
I1008 08:30:23.302352 103522 master_service.cpp:10630] [EVICT-DONE] BatchEvict execution completed.
I1008 08:30:23.312414 103522 master_service.cpp:10619] [EVICT-TRIGGER] memory_ratio=1 high_watermark=0.9 need_mem_eviction=0 eviction_ratio=0.05
I1008 08:30:23.315328 103522 master_service.cpp:12526] [EVICT-RESULT] evicted_count=5, eviction_base=30, actual_evict_ratio=0.166667, target_evict_ratio=0.15
I1008 08:30:23.315359 103522 master_service.cpp:10630] [EVICT-DONE] BatchEvict execution completed.
I1008 08:30:24.823500 103522 master_service.cpp:10619] [EVICT-TRIGGER] memory_ratio=0.9375 high_watermark=0.9 need_mem_eviction=0 eviction_ratio=0.05
I1008 08:30:24.826795 103522 master_service.cpp:12526] [EVICT-RESULT] evicted_count=3, eviction_base=30, actual_evict_ratio=0.1, target_evict_ratio=0.0875
I1008 08:30:24.826833 103522 master_service.cpp:10630] [EVICT-DONE] BatchEvict execution completed.
I1008 08:30:24.836900 103522 master_service.cpp:10619] [EVICT-TRIGGER] memory_ratio=0.90625 high_watermark=0.9 need_mem_eviction=0 eviction_ratio=0.05
I1008 08:30:24.839987 103522 master_service.cpp:12526] [EVICT-RESULT] evicted_count=2, eviction_base=29, actual_evict_ratio=0.0689655, target_evict_ratio=0.05625
I1008 08:30:24.840024 103522 master_service.cpp:10630] [EVICT-DONE] BatchEvict execution completed.
I1008 08:30:24.850090 103522 master_service.cpp:10619] [EVICT-TRIGGER] memory_ratio=0.9375 high_watermark=0.9 need_mem_eviction=0 eviction_ratio=0.05
I1008 08:30:24.853098 103522 master_service.cpp:12526] [EVICT-RESULT] evicted_count=3, eviction_base=29, actual_evict_ratio=0.103448, target_evict_ratio=0.0875
I1008 08:30:24.853145 103522 master_service.cpp:10630] [EVICT-DONE] BatchEvict execution completed.
I1008 08:30:24.863210 103522 master_service.cpp:10619] [EVICT-TRIGGER] memory_ratio=0.90625 high_watermark=0.9 need_mem_eviction=0 eviction_ratio=0.05
I1008 08:30:24.866284 103522 master_service.cpp:12526] [EVICT-RESULT] evicted_count=2, eviction_base=28, actual_evict_ratio=0.0714286, target_evict_ratio=0.05625
I1008 08:30:24.866317 103522 master_service.cpp:10630] [EVICT-DONE] BatchEvict execution completed.
I1008 08:30:24.876381 103522 master_service.cpp:10619] [EVICT-TRIGGER] memory_ratio=0.9375 high_watermark=0.9 need_mem_eviction=0 eviction_ratio=0.05
I1008 08:30:24.879647 103522 master_service.cpp:12526] [EVICT-RESULT] evicted_count=3, eviction_base=29, actual_evict_ratio=0.103448, target_evict_ratio=0.0875
I1008 08:30:24.879683 103522 master_service.cpp:10630] [EVICT-DONE] BatchEvict execution completed.
I1008 08:30:24.889748 103522 master_service.cpp:10619] [EVICT-TRIGGER] memory_ratio=0.9375 high_watermark=0.9 need_mem_eviction=0 eviction_ratio=0.05
I1008 08:30:24.892884 103522 master_service.cpp:12526] [EVICT-RESULT] evicted_count=3, eviction_base=28, actual_evict_ratio=0.107143, target_evict_ratio=0.0875
I1008 08:30:24.892915 103522 master_service.cpp:10630] [EVICT-DONE] BatchEvict execution completed.
I1008 08:30:24.902979 103522 master_service.cpp:10619] [EVICT-TRIGGER] memory_ratio=0.90625 high_watermark=0.9 need_mem_eviction=0 eviction_ratio=0.05
I1008 08:30:24.929838 103522 master_service.cpp:12526] [EVICT-RESULT] evicted_count=2, eviction_base=30, actual_evict_ratio=0.0666667, target_evict_ratio=0.05625
I1008 08:30:24.929870 103522 master_service.cpp:10630] [EVICT-DONE] BatchEvict execution completed.
I1008 08:30:24.939935 103522 master_service.cpp:10619] [EVICT-TRIGGER] memory_ratio=1 high_watermark=0.9 need_mem_eviction=1 eviction_ratio=0.05
I1008 08:30:24.943459 103522 master_service.cpp:12526] [EVICT-RESULT] evicted_count=5, eviction_base=30, actual_evict_ratio=0.166667, target_evict_ratio=0.15
I1008 08:30:24.943490 103522 master_service.cpp:10630] [EVICT-DONE] BatchEvict execution completed.
I1008 08:30:24.953553 103522 master_service.cpp:10619] [EVICT-TRIGGER] memory_ratio=0.90625 high_watermark=0.9 need_mem_eviction=1 eviction_ratio=0.05
I1008 08:30:24.956702 103522 master_service.cpp:12526] [EVICT-RESULT] evicted_count=2, eviction_base=27, actual_evict_ratio=0.0740741, target_evict_ratio=0.05625
I1008 08:30:24.956735 103522 master_service.cpp:10630] [EVICT-DONE] BatchEvict execution completed.
I1008 08:30:24.966799 103522 master_service.cpp:10619] [EVICT-TRIGGER] memory_ratio=0.9375 high_watermark=0.9 need_mem_eviction=0 eviction_ratio=0.05
I1008 08:30:24.971800 103522 master_service.cpp:12526] [EVICT-RESULT] evicted_count=0, eviction_base=28, actual_evict_ratio=0, target_evict_ratio=0.0875
W1008 08:30:24.971832 103522 master_service.cpp:12534] [EVICT] No memory freed this cycle; 27 objects deferred for disk offload. Consider lowering eviction_high_watermark_ratio.
I1008 08:30:24.971843 103522 master_service.cpp:10630] [EVICT-DONE] BatchEvict execution completed.
I1008 08:30:24.981905 103522 master_service.cpp:10619] [EVICT-TRIGGER] memory_ratio=1 high_watermark=0.9 need_mem_eviction=1 eviction_ratio=0.05
I1008 08:30:24.988754 103522 master_service.cpp:12526] [EVICT-RESULT] evicted_count=0, eviction_base=3, actual_evict_ratio=0, target_evict_ratio=0.15
W1008 08:30:24.988788 103522 master_service.cpp:12534] [EVICT] No memory freed this cycle; 2 objects deferred for disk offload. Consider lowering eviction_high_watermark_ratio.
I1008 08:30:24.988797 103522 master_service.cpp:10630] [EVICT-DONE] BatchEvict execution completed.
I1008 08:30:24.998860 103522 master_service.cpp:10619] [EVICT-TRIGGER] memory_ratio=1 high_watermark=0.9 need_mem_eviction=1 eviction_ratio=0.05
I1008 08:30:25.000547 103522 master_service.cpp:12526] [EVICT-RESULT] evicted_count=0, eviction_base=1, actual_evict_ratio=0, target_evict_ratio=0.15
I1008 08:30:25.000574 103522 master_service.cpp:10630] [EVICT-DONE] BatchEvict execution completed.
I1008 08:30:25.010658 103522 master_service.cpp:10619] [EVICT-TRIGGER] memory_ratio=1 high_watermark=0.9 need_mem_eviction=1 eviction_ratio=0.05
I1008 08:30:25.012153 103522 master_service.cpp:12526] [EVICT-RESULT] evicted_count=0, eviction_base=1, actual_evict_ratio=0, target_evict_ratio=0.15
I1008 08:30:25.012181 103522 master_service.cpp:10630] [EVICT-DONE] BatchEvict execution completed.
I1008 08:30:25.022244 103522 master_service.cpp:10619] [EVICT-TRIGGER] memory_ratio=1 high_watermark=0.9 need_mem_eviction=1 eviction_ratio=0.05
I1008 08:30:25.023866 103522 master_service.cpp:12526] [EVICT-RESULT] evicted_count=0, eviction_base=1, actual_evict_ratio=0, target_evict_ratio=0.15
I1008 08:30:25.023895 103522 master_service.cpp:10630] [EVICT-DONE] BatchEvict execution completed.
I1008 08:30:25.033957 103522 master_service.cpp:10619] [EVICT-TRIGGER] memory_ratio=1 high_watermark=0.9 need_mem_eviction=1 eviction_ratio=0.05
I1008 08:30:25.035430 103522 master_service.cpp:12526] [EVICT-RESULT] evicted_count=0, eviction_base=1, actual_evict_ratio=0, target_evict_ratio=0.15
I1008 08:30:25.035457 103522 master_service.cpp:10630] [EVICT-DONE] BatchEvict execution completed.
I1008 08:30:25.045521 103522 master_service.cpp:10619] [EVICT-TRIGGER] memory_ratio=1 high_watermark=0.9 need_mem_eviction=1 eviction_ratio=0.05
I1008 08:30:25.047120 103522 master_service.cpp:12526] [EVICT-RESULT] evicted_count=0, eviction_base=1, actual_evict_ratio=0, target_evict_ratio=0.15
I1008 08:30:25.047147 103522 master_service.cpp:10630] [EVICT-DONE] BatchEvict execution completed.
I1008 08:30:25.057209 103522 master_service.cpp:10619] [EVICT-TRIGGER] memory_ratio=1 high_watermark=0.9 need_mem_eviction=1 eviction_ratio=0.05
I1008 08:30:25.058615 103522 master_service.cpp:12526] [EVICT-RESULT] evicted_count=0, eviction_base=1, actual_evict_ratio=0, target_evict_ratio=0.15
I1008 08:30:25.058641 103522 master_service.cpp:10630] [EVICT-DONE] BatchEvict execution completed.
I1008 08:30:25.068706 103522 master_service.cpp:10619] [EVICT-TRIGGER] memory_ratio=1 high_watermark=0.9 need_mem_eviction=1 eviction_ratio=0.05
I1008 08:30:25.070341 103522 master_service.cpp:12526] [EVICT-RESULT] evicted_count=0, eviction_base=1, actual_evict_ratio=0, target_evict_ratio=0.15
I1008 08:30:25.070366 103522 master_service.cpp:10630] [EVICT-DONE] BatchEvict execution completed.
I1008 08:30:25.080432 103522 master_service.cpp:10619] [EVICT-TRIGGER] memory_ratio=1 high_watermark=0.9 need_mem_eviction=1 eviction_ratio=0.05
I1008 08:30:25.083192 103522 master_service.cpp:12526] [EVICT-RESULT] evicted_count=0, eviction_base=1, actual_evict_ratio=0, target_evict_ratio=0.15
I1008 08:30:25.083221 103522 master_service.cpp:10630] [EVICT-DONE] BatchEvict execution completed.
I1008 08:30:25.093284 103522 master_service.cpp:10619] [EVICT-TRIGGER] memory_ratio=1 high_watermark=0.9 need_mem_eviction=1 eviction_ratio=0.05
I1008 08:30:25.097795 103522 master_service.cpp:12526] [EVICT-RESULT] evicted_count=0, eviction_base=1, actual_evict_ratio=0, target_evict_ratio=0.15
I1008 08:30:25.097826 103522 master_service.cpp:10630] [EVICT-DONE] BatchEvict execution completed.
I1008 08:30:25.107889 103522 master_service.cpp:10619] [EVICT-TRIGGER] memory_ratio=1 high_watermark=0.9 need_mem_eviction=1 eviction_ratio=0.05
I1008 08:30:25.109349 103522 master_service.cpp:12526] [EVICT-RESULT] evicted_count=0, eviction_base=1, actual_evict_ratio=0, target_evict_ratio=0.15
I1008 08:30:25.109375 103522 master_service.cpp:10630] [EVICT-DONE] BatchEvict execution completed.
I1008 08:30:25.119437 103522 master_service.cpp:10619] [EVICT-TRIGGER] memory_ratio=1 high_watermark=0.9 need_mem_eviction=1 eviction_ratio=0.05
I1008 08:30:25.121049 103522 master_service.cpp:12526] [EVICT-RESULT] evicted_count=0, eviction_base=1, actual_evict_ratio=0, target_evict_ratio=0.15
I1008 08:30:25.121076 103522 master_service.cpp:10630] [EVICT-DONE] BatchEvict execution completed.
I1008 08:30:25.131139 103522 master_service.cpp:10619] [EVICT-TRIGGER] memory_ratio=1 high_watermark=0.9 need_mem_eviction=1 eviction_ratio=0.05
I1008 08:30:25.132589 103522 master_service.cpp:12526] [EVICT-RESULT] evicted_count=0, eviction_base=1, actual_evict_ratio=0, target_evict_ratio=0.15
I1008 08:30:25.132617 103522 master_service.cpp:10630] [EVICT-DONE] BatchEvict execution completed.
I1008 08:30:25.142679 103522 master_service.cpp:10619] [EVICT-TRIGGER] memory_ratio=1 high_watermark=0.9 need_mem_eviction=1 eviction_ratio=0.05
I1008 08:30:25.180397 103522 master_service.cpp:12526] [EVICT-RESULT] evicted_count=0, eviction_base=1, actual_evict_ratio=0, target_evict_ratio=0.15
I1008 08:30:25.180426 103522 master_service.cpp:10630] [EVICT-DONE] BatchEvict execution completed.
I1008 08:30:25.190490 103522 master_service.cpp:10619] [EVICT-TRIGGER] memory_ratio=1 high_watermark=0.9 need_mem_eviction=1 eviction_ratio=0.05
I1008 08:30:25.192018 103522 master_service.cpp:12526] [EVICT-RESULT] evicted_count=0, eviction_base=1, actual_evict_ratio=0, target_evict_ratio=0.15
I1008 08:30:25.192045 103522 master_service.cpp:10630] [EVICT-DONE] BatchEvict execution completed.
I1008 08:30:25.202108 103522 master_service.cpp:10619] [EVICT-TRIGGER] memory_ratio=1 high_watermark=0.9 need_mem_eviction=1 eviction_ratio=0.05
I1008 08:30:25.203733 103522 master_service.cpp:12526] [EVICT-RESULT] evicted_count=0, eviction_base=1, actual_evict_ratio=0, target_evict_ratio=0.15
I1008 08:30:25.203761 103522 master_service.cpp:10630] [EVICT-DONE] BatchEvict execution completed.
I1008 08:30:25.213824 103522 master_service.cpp:10619] [EVICT-TRIGGER] memory_ratio=1 high_watermark=0.9 need_mem_eviction=1 eviction_ratio=0.05
I1008 08:30:25.215238 103522 master_service.cpp:12526] [EVICT-RESULT] evicted_count=0, eviction_base=1, actual_evict_ratio=0, target_evict_ratio=0.15
I1008 08:30:25.215265 103522 master_service.cpp:10630] [EVICT-DONE] BatchEvict execution completed.
I1008 08:30:25.225327 103522 master_service.cpp:10619] [EVICT-TRIGGER] memory_ratio=1 high_watermark=0.9 need_mem_eviction=1 eviction_ratio=0.05
I1008 08:30:25.226941 103522 master_service.cpp:12526] [EVICT-RESULT] evicted_count=0, eviction_base=1, actual_evict_ratio=0, target_evict_ratio=0.15
I1008 08:30:25.226967 103522 master_service.cpp:10630] [EVICT-DONE] BatchEvict execution completed.
I1008 08:30:25.237030 103522 master_service.cpp:10619] [EVICT-TRIGGER] memory_ratio=1 high_watermark=0.9 need_mem_eviction=1 eviction_ratio=0.05
I1008 08:30:25.238441 103522 master_service.cpp:12526] [EVICT-RESULT] evicted_count=0, eviction_base=1, actual_evict_ratio=0, target_evict_ratio=0.15
I1008 08:30:25.238468 103522 master_service.cpp:10630] [EVICT-DONE] BatchEvict execution completed.
I1008 08:30:25.248530 103522 master_service.cpp:10619] [EVICT-TRIGGER] memory_ratio=1 high_watermark=0.9 need_mem_eviction=1 eviction_ratio=0.05
I1008 08:30:25.250145 103522 master_service.cpp:12526] [EVICT-RESULT] evicted_count=0, eviction_base=1, actual_evict_ratio=0, target_evict_ratio=0.15
I1008 08:30:25.250171 103522 master_service.cpp:10630] [EVICT-DONE] BatchEvict execution completed.
I1008 08:30:25.260233 103522 master_service.cpp:10619] [EVICT-TRIGGER] memory_ratio=1 high_watermark=0.9 need_mem_eviction=1 eviction_ratio=0.05
I1008 08:30:25.261648 103522 master_service.cpp:12526] [EVICT-RESULT] evicted_count=0, eviction_base=1, actual_evict_ratio=0, target_evict_ratio=0.15
I1008 08:30:25.261675 103522 master_service.cpp:10630] [EVICT-DONE] BatchEvict execution completed.
I1008 08:30:25.271737 103522 master_service.cpp:10619] [EVICT-TRIGGER] memory_ratio=1 high_watermark=0.9 need_mem_eviction=1 eviction_ratio=0.05
I1008 08:30:25.273283 103522 master_service.cpp:12526] [EVICT-RESULT] evicted_count=0, eviction_base=1, actual_evict_ratio=0, target_evict_ratio=0.15
I1008 08:30:25.273309 103522 master_service.cpp:10630] [EVICT-DONE] BatchEvict execution completed.
I1008 08:30:25.283371 103522 master_service.cpp:10619] [EVICT-TRIGGER] memory_ratio=1 high_watermark=0.9 need_mem_eviction=1 eviction_ratio=0.05
I1008 08:30:25.284719 103522 master_service.cpp:12526] [EVICT-RESULT] evicted_count=0, eviction_base=1, actual_evict_ratio=0, target_evict_ratio=0.15
I1008 08:30:25.284757 103522 master_service.cpp:10630] [EVICT-DONE] BatchEvict execution completed.
I1008 08:30:25.294821 103522 master_service.cpp:10619] [EVICT-TRIGGER] memory_ratio=1 high_watermark=0.9 need_mem_eviction=1 eviction_ratio=0.05
I1008 08:30:25.296809 103522 master_service.cpp:12526] [EVICT-RESULT] evicted_count=0, eviction_base=1, actual_evict_ratio=0, target_evict_ratio=0.15
I1008 08:30:25.296837 103522 master_service.cpp:10630] [EVICT-DONE] BatchEvict execution completed.
I1008 08:30:25.306901 103522 master_service.cpp:10619] [EVICT-TRIGGER] memory_ratio=1 high_watermark=0.9 need_mem_eviction=1 eviction_ratio=0.05
I1008 08:30:25.308663 103522 master_service.cpp:12526] [EVICT-RESULT] evicted_count=0, eviction_base=1, actual_evict_ratio=0, target_evict_ratio=0.15
I1008 08:30:25.308692 103522 master_service.cpp:10630] [EVICT-DONE] BatchEvict execution completed.
I1008 08:30:25.318715 103522 master_service.cpp:10619] [EVICT-TRIGGER] memory_ratio=1 high_watermark=0.9 need_mem_eviction=1 eviction_ratio=0.05
I1008 08:30:25.321642 103522 master_service.cpp:12526] [EVICT-RESULT] evicted_count=1, eviction_base=1, actual_evict_ratio=1, target_evict_ratio=0.15
I1008 08:30:25.321671 103522 master_service.cpp:10630] [EVICT-DONE] BatchEvict execution completed.
I1008 08:30:25.331732 103522 master_service.cpp:10619] [EVICT-TRIGGER] memory_ratio=0.96875 high_watermark=0.9 need_mem_eviction=0 eviction_ratio=0.05
I1008 08:30:25.333294 103522 master_service.cpp:10630] [EVICT-DONE] BatchEvict execution completed.
I1008 08:30:25.343371 103522 master_service.cpp:10619] [EVICT-TRIGGER] memory_ratio=0.96875 high_watermark=0.9 need_mem_eviction=0 eviction_ratio=0.05
I1008 08:30:25.344734 103522 master_service.cpp:10630] [EVICT-DONE] BatchEvict execution completed.
I1008 08:30:25.354810 103522 master_service.cpp:10619] [EVICT-TRIGGER] memory_ratio=0.96875 high_watermark=0.9 need_mem_eviction=0 eviction_ratio=0.05
I1008 08:30:25.356359 103522 master_service.cpp:10630] [EVICT-DONE] BatchEvict execution completed.
I1008 08:30:25.366436 103522 master_service.cpp:10619] [EVICT-TRIGGER] memory_ratio=0.96875 high_watermark=0.9 need_mem_eviction=0 eviction_ratio=0.05
I1008 08:30:25.367890 103522 master_service.cpp:10630] [EVICT-DONE] BatchEvict execution completed.
I1008 08:30:25.377969 103522 master_service.cpp:10619] [EVICT-TRIGGER] memory_ratio=0.96875 high_watermark=0.9 need_mem_eviction=0 eviction_ratio=0.05
I1008 08:30:25.379566 103522 master_service.cpp:10630] [EVICT-DONE] BatchEvict execution completed.
I1008 08:30:25.389644 103522 master_service.cpp:10619] [EVICT-TRIGGER] memory_ratio=0.96875 high_watermark=0.9 need_mem_eviction=0 eviction_ratio=0.05
I1008 08:30:25.391043 103522 master_service.cpp:10630] [EVICT-DONE] BatchEvict execution completed.
I1008 08:30:25.401120 103522 master_service.cpp:10619] [EVICT-TRIGGER] memory_ratio=0.96875 high_watermark=0.9 need_mem_eviction=0 eviction_ratio=0.05
I1008 08:30:25.402652 103522 master_service.cpp:10630] [EVICT-DONE] BatchEvict execution completed.
I1008 08:30:25.412727 103522 master_service.cpp:10619] [EVICT-TRIGGER] memory_ratio=0.96875 high_watermark=0.9 need_mem_eviction=0 eviction_ratio=0.05
I1008 08:30:25.414119 103522 master_service.cpp:10630] [EVICT-DONE] BatchEvict execution completed.
I1008 08:30:25.424196 103522 master_service.cpp:10619] [EVICT-TRIGGER] memory_ratio=0.96875 high_watermark=0.9 need_mem_eviction=0 eviction_ratio=0.05
I1008 08:30:25.425766 103522 master_service.cpp:10630] [EVICT-DONE] BatchEvict execution completed.
I1008 08:30:25.435842 103522 master_service.cpp:10619] [EVICT-TRIGGER] memory_ratio=0.96875 high_watermark=0.9 need_mem_eviction=0 eviction_ratio=0.05
I1008 08:30:25.437242 103522 master_service.cpp:10630] [EVICT-DONE] BatchEvict execution completed.
I1008 08:30:25.447317 103522 master_service.cpp:10619] [EVICT-TRIGGER] memory_ratio=0.96875 high_watermark=0.9 need_mem_eviction=0 eviction_ratio=0.05
I1008 08:30:25.448904 103522 master_service.cpp:10630] [EVICT-DONE] BatchEvict execution completed.
I1008 08:30:25.458994 103522 master_service.cpp:10619] [EVICT-TRIGGER] memory_ratio=0.96875 high_watermark=0.9 need_mem_eviction=0 eviction_ratio=0.05
I1008 08:30:25.460414 103522 master_service.cpp:10630] [EVICT-DONE] BatchEvict execution completed.
I1008 08:30:25.470491 103522 master_service.cpp:10619] [EVICT-TRIGGER] memory_ratio=0.96875 high_watermark=0.9 need_mem_eviction=0 eviction_ratio=0.05
I1008 08:30:25.472210 103522 master_service.cpp:10630] [EVICT-DONE] BatchEvict execution completed.
I1008 08:30:25.482288 103522 master_service.cpp:10619] [EVICT-TRIGGER] memory_ratio=0.96875 high_watermark=0.9 need_mem_eviction=0 eviction_ratio=0.05
I1008 08:30:25.484212 103522 master_service.cpp:10630] [EVICT-DONE] BatchEvict execution completed.
I1008 08:30:25.494483 103522 master_service.cpp:10619] [EVICT-TRIGGER] memory_ratio=0.96875 high_watermark=0.9 need_mem_eviction=0 eviction_ratio=0.05
I1008 08:30:25.496133 103522 master_service.cpp:10630] [EVICT-DONE] BatchEvict execution completed.
I1008 08:30:25.506210 103522 master_service.cpp:10619] [EVICT-TRIGGER] memory_ratio=0.96875 high_watermark=0.9 need_mem_eviction=0 eviction_ratio=0.05
I1008 08:30:25.507656 103522 master_service.cpp:10630] [EVICT-DONE] BatchEvict execution completed.
I1008 08:30:25.517733 103522 master_service.cpp:10619] [EVICT-TRIGGER] memory_ratio=0.96875 high_watermark=0.9 need_mem_eviction=0 eviction_ratio=0.05
I1008 08:30:25.519330 103522 master_service.cpp:10630] [EVICT-DONE] BatchEvict execution completed.
I1008 08:30:25.529407 103522 master_service.cpp:10619] [EVICT-TRIGGER] memory_ratio=0.96875 high_watermark=0.9 need_mem_eviction=0 eviction_ratio=0.05
I1008 08:30:25.531195 103522 master_service.cpp:10630] [EVICT-DONE] BatchEvict execution completed.
I1008 08:30:25.541275 103522 master_service.cpp:10619] [EVICT-TRIGGER] memory_ratio=0.96875 high_watermark=0.9 need_mem_eviction=0 eviction_ratio=0.05
I1008 08:30:25.542922 103522 master_service.cpp:10630] [EVICT-DONE] BatchEvict execution completed.
I1008 08:30:25.552999 103522 master_service.cpp:10619] [EVICT-TRIGGER] memory_ratio=0.96875 high_watermark=0.9 need_mem_eviction=0 eviction_ratio=0.05
I1008 08:30:25.554445 103522 master_service.cpp:10630] [EVICT-DONE] BatchEvict execution completed.
I1008 08:30:25.564522 103522 master_service.cpp:10619] [EVICT-TRIGGER] memory_ratio=0.96875 high_watermark=0.9 need_mem_eviction=0 eviction_ratio=0.05
I1008 08:30:25.566138 103522 master_service.cpp:10630] [EVICT-DONE] BatchEvict execution completed.
I1008 08:30:25.576213 103522 master_service.cpp:10619] [EVICT-TRIGGER] memory_ratio=0.96875 high_watermark=0.9 need_mem_eviction=0 eviction_ratio=0.05
I1008 08:30:25.577860 103522 master_service.cpp:10630] [EVICT-DONE] BatchEvict execution completed.
I1008 08:30:25.587936 103522 master_service.cpp:10619] [EVICT-TRIGGER] memory_ratio=0.96875 high_watermark=0.9 need_mem_eviction=0 eviction_ratio=0.05
I1008 08:30:25.589462 103522 master_service.cpp:10630] [EVICT-DONE] BatchEvict execution completed.
I1008 08:30:25.599539 103522 master_service.cpp:10619] [EVICT-TRIGGER] memory_ratio=0.96875 high_watermark=0.9 need_mem_eviction=0 eviction_ratio=0.05
I1008 08:30:25.600915 103522 master_service.cpp:10630] [EVICT-DONE] BatchEvict execution completed.
I1008 08:30:25.610992 103522 master_service.cpp:10619] [EVICT-TRIGGER] memory_ratio=0.96875 high_watermark=0.9 need_mem_eviction=0 eviction_ratio=0.05
I1008 08:30:25.613104 103522 master_service.cpp:10630] [EVICT-DONE] BatchEvict execution completed.
I1008 08:30:25.623184 103522 master_service.cpp:10619] [EVICT-TRIGGER] memory_ratio=0.96875 high_watermark=0.9 need_mem_eviction=0 eviction_ratio=0.05
I1008 08:30:25.624605 103522 master_service.cpp:10630] [EVICT-DONE] BatchEvict execution completed.
I1008 08:30:25.634682 103522 master_service.cpp:10619] [EVICT-TRIGGER] memory_ratio=0.96875 high_watermark=0.9 need_mem_eviction=0 eviction_ratio=0.05
I1008 08:30:25.636251 103522 master_service.cpp:10630] [EVICT-DONE] BatchEvict execution completed.
I1008 08:30:25.646328 103522 master_service.cpp:10619] [EVICT-TRIGGER] memory_ratio=0.96875 high_watermark=0.9 need_mem_eviction=0 eviction_ratio=0.05
I1008 08:30:25.647714 103522 master_service.cpp:10630] [EVICT-DONE] BatchEvict execution completed.
I1008 08:30:25.657791 103522 master_service.cpp:10619] [EVICT-TRIGGER] memory_ratio=0.96875 high_watermark=0.9 need_mem_eviction=0 eviction_ratio=0.05
I1008 08:30:25.659405 103522 master_service.cpp:10630] [EVICT-DONE] BatchEvict execution completed.
I1008 08:30:25.669482 103522 master_service.cpp:10619] [EVICT-TRIGGER] memory_ratio=0.96875 high_watermark=0.9 need_mem_eviction=0 eviction_ratio=0.05
I1008 08:30:25.670841 103522 master_service.cpp:10630] [EVICT-DONE] BatchEvict execution completed.
I1008 08:30:25.680917 103522 master_service.cpp:10619] [EVICT-TRIGGER] memory_ratio=0.96875 high_watermark=0.9 need_mem_eviction=0 eviction_ratio=0.05
I1008 08:30:25.682462 103522 master_service.cpp:10630] [EVICT-DONE] BatchEvict execution completed.
I1008 08:30:25.692538 103522 master_service.cpp:10619] [EVICT-TRIGGER] memory_ratio=0.96875 high_watermark=0.9 need_mem_eviction=0 eviction_ratio=0.05
I1008 08:30:25.693904 103522 master_service.cpp:10630] [EVICT-DONE] BatchEvict execution completed.
I1008 08:30:25.703980 103522 master_service.cpp:10619] [EVICT-TRIGGER] memory_ratio=0.96875 high_watermark=0.9 need_mem_eviction=0 eviction_ratio=0.05
I1008 08:30:25.705557 103522 master_service.cpp:10630] [EVICT-DONE] BatchEvict execution completed.
I1008 08:30:25.715633 103522 master_service.cpp:10619] [EVICT-TRIGGER] memory_ratio=0.96875 high_watermark=0.9 need_mem_eviction=0 eviction_ratio=0.05
I1008 08:30:25.716984 103522 master_service.cpp:10630] [EVICT-DONE] BatchEvict execution completed.
I1008 08:30:25.727061 103522 master_service.cpp:10619] [EVICT-TRIGGER] memory_ratio=0.96875 high_watermark=0.9 need_mem_eviction=0 eviction_ratio=0.05
I1008 08:30:25.728581 103522 master_service.cpp:10630] [EVICT-DONE] BatchEvict execution completed.
I1008 08:30:25.738657 103522 master_service.cpp:10619] [EVICT-TRIGGER] memory_ratio=0.96875 high_watermark=0.9 need_mem_eviction=0 eviction_ratio=0.05
I1008 08:30:25.740077 103522 master_service.cpp:10630] [EVICT-DONE] BatchEvict execution completed.
I1008 08:30:25.750154 103522 master_service.cpp:10619] [EVICT-TRIGGER] memory_ratio=0.96875 high_watermark=0.9 need_mem_eviction=0 eviction_ratio=0.05
I1008 08:30:25.751735 103522 master_service.cpp:10630] [EVICT-DONE] BatchEvict execution completed.
I1008 08:30:25.761812 103522 master_service.cpp:10619] [EVICT-TRIGGER] memory_ratio=0.96875 high_watermark=0.9 need_mem_eviction=0 eviction_ratio=0.05
I1008 08:30:25.763191 103522 master_service.cpp:10630] [EVICT-DONE] BatchEvict execution completed.
I1008 08:30:25.773268 103522 master_service.cpp:10619] [EVICT-TRIGGER] memory_ratio=0.96875 high_watermark=0.9 need_mem_eviction=0 eviction_ratio=0.05
I1008 08:30:25.774816 103522 master_service.cpp:10630] [EVICT-DONE] BatchEvict execution completed.
I1008 08:30:25.784893 103522 master_service.cpp:10619] [EVICT-TRIGGER] memory_ratio=0.96875 high_watermark=0.9 need_mem_eviction=0 eviction_ratio=0.05
I1008 08:30:25.786266 103522 master_service.cpp:10630] [EVICT-DONE] BatchEvict execution completed.
I1008 08:30:25.796342 103522 master_service.cpp:10619] [EVICT-TRIGGER] memory_ratio=0.96875 high_watermark=0.9 need_mem_eviction=0 eviction_ratio=0.05
I1008 08:30:25.797894 103522 master_service.cpp:10630] [EVICT-DONE] BatchEvict execution completed.
I1008 08:30:25.807971 103522 master_service.cpp:10619] [EVICT-TRIGGER] memory_ratio=0.96875 high_watermark=0.9 need_mem_eviction=0 eviction_ratio=0.05
I1008 08:30:25.809332 103522 master_service.cpp:10630] [EVICT-DONE] BatchEvict execution completed.
I1008 08:30:25.819408 103522 master_service.cpp:10619] [EVICT-TRIGGER] memory_ratio=0.96875 high_watermark=0.9 need_mem_eviction=0 eviction_ratio=0.05
I1008 08:30:25.820950 103522 master_service.cpp:10630] [EVICT-DONE] BatchEvict execution completed.
I1008 08:30:25.831027 103522 master_service.cpp:10619] [EVICT-TRIGGER] memory_ratio=0.96875 high_watermark=0.9 need_mem_eviction=0 eviction_ratio=0.05
I1008 08:30:25.832377 103522 master_service.cpp:10630] [EVICT-DONE] BatchEvict execution completed.
I1008 08:30:25.842453 103522 master_service.cpp:10619] [EVICT-TRIGGER] memory_ratio=0.96875 high_watermark=0.9 need_mem_eviction=0 eviction_ratio=0.05
I1008 08:30:25.844050 103522 master_service.cpp:10630] [EVICT-DONE] BatchEvict execution completed.
I1008 08:30:25.854128 103522 master_service.cpp:10619] [EVICT-TRIGGER] memory_ratio=0.96875 high_watermark=0.9 need_mem_eviction=0 eviction_ratio=0.05
I1008 08:30:25.855482 103522 master_service.cpp:10630] [EVICT-DONE] BatchEvict execution completed.
I1008 08:30:25.865559 103522 master_service.cpp:10619] [EVICT-TRIGGER] memory_ratio=0.96875 high_watermark=0.9 need_mem_eviction=0 eviction_ratio=0.05
I1008 08:30:25.867136 103522 master_service.cpp:10630] [EVICT-DONE] BatchEvict execution completed.
I1008 08:30:25.877211 103522 master_service.cpp:10619] [EVICT-TRIGGER] memory_ratio=0.96875 high_watermark=0.9 need_mem_eviction=0 eviction_ratio=0.05
I1008 08:30:25.878573 103522 master_service.cpp:10630] [EVICT-DONE] BatchEvict execution completed.
I1008 08:30:25.888649 103522 master_service.cpp:10619] [EVICT-TRIGGER] memory_ratio=0.96875 high_watermark=0.9 need_mem_eviction=0 eviction_ratio=0.05
I1008 08:30:25.890184 103522 master_service.cpp:10630] [EVICT-DONE] BatchEvict execution completed.
I1008 08:30:25.900259 103522 master_service.cpp:10619] [EVICT-TRIGGER] memory_ratio=0.96875 high_watermark=0.9 need_mem_eviction=0 eviction_ratio=0.05
I1008 08:30:25.901630 103522 master_service.cpp:10630] [EVICT-DONE] BatchEvict execution completed.
I1008 08:30:25.911706 103522 master_service.cpp:10619] [EVICT-TRIGGER] memory_ratio=0.96875 high_watermark=0.9 need_mem_eviction=0 eviction_ratio=0.05
I1008 08:30:25.913236 103522 master_service.cpp:10630] [EVICT-DONE] BatchEvict execution completed.
I1008 08:30:25.923312 103522 master_service.cpp:10619] [EVICT-TRIGGER] memory_ratio=0.96875 high_watermark=0.9 need_mem_eviction=0 eviction_ratio=0.05
I1008 08:30:25.925119 103522 master_service.cpp:10630] [EVICT-DONE] BatchEvict execution completed.
I1008 08:30:25.935197 103522 master_service.cpp:10619] [EVICT-TRIGGER] memory_ratio=0.96875 high_watermark=0.9 need_mem_eviction=0 eviction_ratio=0.05
I1008 08:30:25.936770 103522 master_service.cpp:10630] [EVICT-DONE] BatchEvict execution completed.
I1008 08:30:25.946847 103522 master_service.cpp:10619] [EVICT-TRIGGER] memory_ratio=0.96875 high_watermark=0.9 need_mem_eviction=0 eviction_ratio=0.05
I1008 08:30:25.948211 103522 master_service.cpp:10630] [EVICT-DONE] BatchEvict execution completed.
I1008 08:30:25.958287 103522 master_service.cpp:10619] [EVICT-TRIGGER] memory_ratio=0.96875 high_watermark=0.9 need_mem_eviction=0 eviction_ratio=0.05
I1008 08:30:25.959872 103522 master_service.cpp:10630] [EVICT-DONE] BatchEvict execution completed.
I1008 08:30:25.969949 103522 master_service.cpp:10619] [EVICT-TRIGGER] memory_ratio=0.96875 high_watermark=0.9 need_mem_eviction=0 eviction_ratio=0.05
I1008 08:30:25.971352 103522 master_service.cpp:10630] [EVICT-DONE] BatchEvict execution completed.
I1008 08:30:25.981429 103522 master_service.cpp:10619] [EVICT-TRIGGER] memory_ratio=0.96875 high_watermark=0.9 need_mem_eviction=0 eviction_ratio=0.05
I1008 08:30:25.982950 103522 master_service.cpp:10630] [EVICT-DONE] BatchEvict execution completed.
I1008 08:30:25.993026 103522 master_service.cpp:10619] [EVICT-TRIGGER] memory_ratio=0.96875 high_watermark=0.9 need_mem_eviction=0 eviction_ratio=0.05
I1008 08:30:25.994374 103522 master_service.cpp:10630] [EVICT-DONE] BatchEvict execution completed.
I1008 08:30:26.004449 103522 master_service.cpp:10619] [EVICT-TRIGGER] memory_ratio=0.96875 high_watermark=0.9 need_mem_eviction=0 eviction_ratio=0.05
I1008 08:30:26.005949 103522 master_service.cpp:10630] [EVICT-DONE] BatchEvict execution completed.
I1008 08:30:26.016024 103522 master_service.cpp:10619] [EVICT-TRIGGER] memory_ratio=0.96875 high_watermark=0.9 need_mem_eviction=0 eviction_ratio=0.05
I1008 08:30:26.017382 103522 master_service.cpp:10630] [EVICT-DONE] BatchEvict execution completed.
I1008 08:30:26.027468 103522 master_service.cpp:10619] [EVICT-TRIGGER] memory_ratio=0.96875 high_watermark=0.9 need_mem_eviction=0 eviction_ratio=0.05
I1008 08:30:26.029038 103522 master_service.cpp:10630] [EVICT-DONE] BatchEvict execution completed.
I1008 08:30:26.039114 103522 master_service.cpp:10619] [EVICT-TRIGGER] memory_ratio=0.96875 high_watermark=0.9 need_mem_eviction=0 eviction_ratio=0.05
I1008 08:30:26.040458 103522 master_service.cpp:10630] [EVICT-DONE] BatchEvict execution completed.
I1008 08:30:26.050534 103522 master_service.cpp:10619] [EVICT-TRIGGER] memory_ratio=0.96875 high_watermark=0.9 need_mem_eviction=0 eviction_ratio=0.05
I1008 08:30:26.052129 103522 master_service.cpp:10630] [EVICT-DONE] BatchEvict execution completed.
I1008 08:30:26.062206 103522 master_service.cpp:10619] [EVICT-TRIGGER] memory_ratio=0.96875 high_watermark=0.9 need_mem_eviction=0 eviction_ratio=0.05
I1008 08:30:26.063589 103522 master_service.cpp:10630] [EVICT-DONE] BatchEvict execution completed.
I1008 08:30:26.073668 103522 master_service.cpp:10619] [EVICT-TRIGGER] memory_ratio=0.96875 high_watermark=0.9 need_mem_eviction=0 eviction_ratio=0.05
I1008 08:30:26.075253 103522 master_service.cpp:10630] [EVICT-DONE] BatchEvict execution completed.
I1008 08:30:26.085328 103522 master_service.cpp:10619] [EVICT-TRIGGER] memory_ratio=0.96875 high_watermark=0.9 need_mem_eviction=0 eviction_ratio=0.05
I1008 08:30:26.086719 103522 master_service.cpp:10630] [EVICT-DONE] BatchEvict execution completed.
I1008 08:30:26.096796 103522 master_service.cpp:10619] [EVICT-TRIGGER] memory_ratio=0.96875 high_watermark=0.9 need_mem_eviction=0 eviction_ratio=0.05
I1008 08:30:26.098345 103522 master_service.cpp:10630] [EVICT-DONE] BatchEvict execution completed.
I1008 08:30:26.108421 103522 master_service.cpp:10619] [EVICT-TRIGGER] memory_ratio=0.96875 high_watermark=0.9 need_mem_eviction=0 eviction_ratio=0.05
I1008 08:30:26.109753 103522 master_service.cpp:10630] [EVICT-DONE] BatchEvict execution completed.
I1008 08:30:26.119829 103522 master_service.cpp:10619] [EVICT-TRIGGER] memory_ratio=0.96875 high_watermark=0.9 need_mem_eviction=0 eviction_ratio=0.05
I1008 08:30:26.121347 103522 master_service.cpp:10630] [EVICT-DONE] BatchEvict execution completed.
I1008 08:30:26.131423 103522 master_service.cpp:10619] [EVICT-TRIGGER] memory_ratio=0.96875 high_watermark=0.9 need_mem_eviction=0 eviction_ratio=0.05
I1008 08:30:26.132736 103522 master_service.cpp:10630] [EVICT-DONE] BatchEvict execution completed.
I1008 08:30:26.142812 103522 master_service.cpp:10619] [EVICT-TRIGGER] memory_ratio=0.96875 high_watermark=0.9 need_mem_eviction=0 eviction_ratio=0.05
I1008 08:30:26.144346 103522 master_service.cpp:10630] [EVICT-DONE] BatchEvict execution completed.
I1008 08:30:26.154422 103522 master_service.cpp:10619] [EVICT-TRIGGER] memory_ratio=0.96875 high_watermark=0.9 need_mem_eviction=0 eviction_ratio=0.05
I1008 08:30:26.155791 103522 master_service.cpp:10630] [EVICT-DONE] BatchEvict execution completed.
I1008 08:30:26.165868 103522 master_service.cpp:10619] [EVICT-TRIGGER] memory_ratio=0.96875 high_watermark=0.9 need_mem_eviction=0 eviction_ratio=0.05
I1008 08:30:26.167441 103522 master_service.cpp:10630] [EVICT-DONE] BatchEvict execution completed.
I1008 08:30:26.177518 103522 master_service.cpp:10619] [EVICT-TRIGGER] memory_ratio=0.96875 high_watermark=0.9 need_mem_eviction=0 eviction_ratio=0.05
I1008 08:30:26.178854 103522 master_service.cpp:10630] [EVICT-DONE] BatchEvict execution completed.
I1008 08:30:26.188930 103522 master_service.cpp:10619] [EVICT-TRIGGER] memory_ratio=0.96875 high_watermark=0.9 need_mem_eviction=0 eviction_ratio=0.05
I1008 08:30:26.190443 103522 master_service.cpp:10630] [EVICT-DONE] BatchEvict execution completed.
I1008 08:30:26.200520 103522 master_service.cpp:10619] [EVICT-TRIGGER] memory_ratio=0.96875 high_watermark=0.9 need_mem_eviction=0 eviction_ratio=0.05
I1008 08:30:26.202291 103522 master_service.cpp:10630] [EVICT-DONE] BatchEvict execution completed.
I1008 08:30:26.212369 103522 master_service.cpp:10619] [EVICT-TRIGGER] memory_ratio=0.96875 high_watermark=0.9 need_mem_eviction=0 eviction_ratio=0.05
I1008 08:30:26.213960 103522 master_service.cpp:10630] [EVICT-DONE] BatchEvict execution completed.
I1008 08:30:26.224037 103522 master_service.cpp:10619] [EVICT-TRIGGER] memory_ratio=0.96875 high_watermark=0.9 need_mem_eviction=0 eviction_ratio=0.05
I1008 08:30:26.225754 103522 master_service.cpp:10630] [EVICT-DONE] BatchEvict execution completed.
I1008 08:30:26.235831 103522 master_service.cpp:10619] [EVICT-TRIGGER] memory_ratio=0.96875 high_watermark=0.9 need_mem_eviction=0 eviction_ratio=0.05
I1008 08:30:26.238035 103522 master_service.cpp:10630] [EVICT-DONE] BatchEvict execution completed.
I1008 08:30:26.248114 103522 master_service.cpp:10619] [EVICT-TRIGGER] memory_ratio=0.96875 high_watermark=0.9 need_mem_eviction=0 eviction_ratio=0.05
I1008 08:30:26.249477 103522 master_service.cpp:10630] [EVICT-DONE] BatchEvict execution completed.
I1008 08:30:26.259553 103522 master_service.cpp:10619] [EVICT-TRIGGER] memory_ratio=0.96875 high_watermark=0.9 need_mem_eviction=0 eviction_ratio=0.05
I1008 08:30:26.261092 103522 master_service.cpp:10630] [EVICT-DONE] BatchEvict execution completed.
I1008 08:30:26.271168 103522 master_service.cpp:10619] [EVICT-TRIGGER] memory_ratio=0.96875 high_watermark=0.9 need_mem_eviction=0 eviction_ratio=0.05
I1008 08:30:26.272488 103522 master_service.cpp:10630] [EVICT-DONE] BatchEvict execution completed.
I1008 08:30:26.282564 103522 master_service.cpp:10619] [EVICT-TRIGGER] memory_ratio=0.96875 high_watermark=0.9 need_mem_eviction=0 eviction_ratio=0.05
I1008 08:30:26.284163 103522 master_service.cpp:10630] [EVICT-DONE] BatchEvict execution completed.
I1008 08:30:26.294240 103522 master_service.cpp:10619] [EVICT-TRIGGER] memory_ratio=0.96875 high_watermark=0.9 need_mem_eviction=0 eviction_ratio=0.05
I1008 08:30:26.295614 103522 master_service.cpp:10630] [EVICT-DONE] BatchEvict execution completed.
I1008 08:30:26.305691 103522 master_service.cpp:10619] [EVICT-TRIGGER] memory_ratio=0.96875 high_watermark=0.9 need_mem_eviction=0 eviction_ratio=0.05
I1008 08:30:26.307256 103522 master_service.cpp:10630] [EVICT-DONE] BatchEvict execution completed.
I1008 08:30:26.317332 103522 master_service.cpp:10619] [EVICT-TRIGGER] memory_ratio=0.96875 high_watermark=0.9 need_mem_eviction=0 eviction_ratio=0.05
I1008 08:30:26.318683 103522 master_service.cpp:10630] [EVICT-DONE] BatchEvict execution completed.
I1008 08:30:26.328766 103522 master_service.cpp:10619] [EVICT-TRIGGER] memory_ratio=0.96875 high_watermark=0.9 need_mem_eviction=0 eviction_ratio=0.05
I1008 08:30:26.330314 103522 master_service.cpp:10630] [EVICT-DONE] BatchEvict execution completed.
I1008 08:30:26.340389 103522 master_service.cpp:10619] [EVICT-TRIGGER] memory_ratio=0.96875 high_watermark=0.9 need_mem_eviction=0 eviction_ratio=0.05
I1008 08:30:26.341727 103522 master_service.cpp:10630] [EVICT-DONE] BatchEvict execution completed.
I1008 08:30:26.351804 103522 master_service.cpp:10619] [EVICT-TRIGGER] memory_ratio=0.96875 high_watermark=0.9 need_mem_eviction=0 eviction_ratio=0.05
I1008 08:30:26.353322 103522 master_service.cpp:10630] [EVICT-DONE] BatchEvict execution completed.
I1008 08:30:26.363399 103522 master_service.cpp:10619] [EVICT-TRIGGER] memory_ratio=0.96875 high_watermark=0.9 need_mem_eviction=0 eviction_ratio=0.05
I1008 08:30:26.364709 103522 master_service.cpp:10630] [EVICT-DONE] BatchEvict execution completed.
I1008 08:30:26.374786 103522 master_service.cpp:10619] [EVICT-TRIGGER] memory_ratio=0.96875 high_watermark=0.9 need_mem_eviction=0 eviction_ratio=0.05
I1008 08:30:26.376305 103522 master_service.cpp:10630] [EVICT-DONE] BatchEvict execution completed.
I1008 08:30:26.386380 103522 master_service.cpp:10619] [EVICT-TRIGGER] memory_ratio=0.96875 high_watermark=0.9 need_mem_eviction=0 eviction_ratio=0.05
I1008 08:30:26.387749 103522 master_service.cpp:10630] [EVICT-DONE] BatchEvict execution completed.
I1008 08:30:26.397826 103522 master_service.cpp:10619] [EVICT-TRIGGER] memory_ratio=0.96875 high_watermark=0.9 need_mem_eviction=0 eviction_ratio=0.05
I1008 08:30:26.399374 103522 master_service.cpp:10630] [EVICT-DONE] BatchEvict execution completed.
I1008 08:30:26.409451 103522 master_service.cpp:10619] [EVICT-TRIGGER] memory_ratio=0.96875 high_watermark=0.9 need_mem_eviction=0 eviction_ratio=0.05
I1008 08:30:26.410769 103522 master_service.cpp:10630] [EVICT-DONE] BatchEvict execution completed.
I1008 08:30:26.420847 103522 master_service.cpp:10619] [EVICT-TRIGGER] memory_ratio=0.96875 high_watermark=0.9 need_mem_eviction=0 eviction_ratio=0.05
I1008 08:30:26.422359 103522 master_service.cpp:10630] [EVICT-DONE] BatchEvict execution completed.
I1008 08:30:26.432436 103522 master_service.cpp:10619] [EVICT-TRIGGER] memory_ratio=0.96875 high_watermark=0.9 need_mem_eviction=0 eviction_ratio=0.05
I1008 08:30:26.433851 103522 master_service.cpp:10630] [EVICT-DONE] BatchEvict execution completed.
I1008 08:30:26.443928 103522 master_service.cpp:10619] [EVICT-TRIGGER] memory_ratio=0.96875 high_watermark=0.9 need_mem_eviction=0 eviction_ratio=0.05
I1008 08:30:26.445581 103522 master_service.cpp:12526] [EVICT-RESULT] evicted_count=0, eviction_base=10, actual_evict_ratio=0, target_evict_ratio=0.11875
I1008 08:30:26.445612 103522 master_service.cpp:10630] [EVICT-DONE] BatchEvict execution completed.
I1008 08:30:26.455682 103522 master_service.cpp:10619] [EVICT-TRIGGER] memory_ratio=0.96875 high_watermark=0.9 need_mem_eviction=0 eviction_ratio=0.05
I1008 08:30:26.457114 103522 master_service.cpp:12526] [EVICT-RESULT] evicted_count=0, eviction_base=10, actual_evict_ratio=0, target_evict_ratio=0.11875
I1008 08:30:26.457141 103522 master_service.cpp:10630] [EVICT-DONE] BatchEvict execution completed.
I1008 08:30:26.467206 103522 master_service.cpp:10619] [EVICT-TRIGGER] memory_ratio=0.96875 high_watermark=0.9 need_mem_eviction=0 eviction_ratio=0.05
I1008 08:30:26.468814 103522 master_service.cpp:12526] [EVICT-RESULT] evicted_count=0, eviction_base=10, actual_evict_ratio=0, target_evict_ratio=0.11875
I1008 08:30:26.468842 103522 master_service.cpp:10630] [EVICT-DONE] BatchEvict execution completed.
I1008 08:30:26.478905 103522 master_service.cpp:10619] [EVICT-TRIGGER] memory_ratio=0.96875 high_watermark=0.9 need_mem_eviction=0 eviction_ratio=0.05
I1008 08:30:26.480320 103522 master_service.cpp:12526] [EVICT-RESULT] evicted_count=0, eviction_base=20, actual_evict_ratio=0, target_evict_ratio=0.11875
I1008 08:30:26.480348 103522 master_service.cpp:10630] [EVICT-DONE] BatchEvict execution completed.
I1008 08:30:26.490413 103522 master_service.cpp:10619] [EVICT-TRIGGER] memory_ratio=0.96875 high_watermark=0.9 need_mem_eviction=0 eviction_ratio=0.05
I1008 08:30:26.492059 103522 master_service.cpp:12526] [EVICT-RESULT] evicted_count=0, eviction_base=31, actual_evict_ratio=0, target_evict_ratio=0.11875
I1008 08:30:26.492086 103522 master_service.cpp:10630] [EVICT-DONE] BatchEvict execution completed.
I1008 08:30:26.502149 103522 master_service.cpp:10619] [EVICT-TRIGGER] memory_ratio=0.96875 high_watermark=0.9 need_mem_eviction=0 eviction_ratio=0.05
I1008 08:30:26.503979 103522 master_service.cpp:12526] [EVICT-RESULT] evicted_count=0, eviction_base=31, actual_evict_ratio=0, target_evict_ratio=0.11875
I1008 08:30:26.504009 103522 master_service.cpp:10630] [EVICT-DONE] BatchEvict execution completed.
I1008 08:30:26.514072 103522 master_service.cpp:10619] [EVICT-TRIGGER] memory_ratio=0.96875 high_watermark=0.9 need_mem_eviction=0 eviction_ratio=0.05
I1008 08:30:26.515729 103522 master_service.cpp:12526] [EVICT-RESULT] evicted_count=0, eviction_base=31, actual_evict_ratio=0, target_evict_ratio=0.11875
I1008 08:30:26.515756 103522 master_service.cpp:10630] [EVICT-DONE] BatchEvict execution completed.
I1008 08:30:26.525820 103522 master_service.cpp:10619] [EVICT-TRIGGER] memory_ratio=0.96875 high_watermark=0.9 need_mem_eviction=0 eviction_ratio=0.05
I1008 08:30:26.527710 103522 master_service.cpp:12526] [EVICT-RESULT] evicted_count=0, eviction_base=31, actual_evict_ratio=0, target_evict_ratio=0.11875
I1008 08:30:26.527740 103522 master_service.cpp:10630] [EVICT-DONE] BatchEvict execution completed.
I1008 08:30:26.537817 103522 master_service.cpp:10619] [EVICT-TRIGGER] memory_ratio=0.96875 high_watermark=0.9 need_mem_eviction=0 eviction_ratio=0.05
I1008 08:30:26.539402 103522 master_service.cpp:12526] [EVICT-RESULT] evicted_count=0, eviction_base=31, actual_evict_ratio=0, target_evict_ratio=0.11875
I1008 08:30:26.539429 103522 master_service.cpp:10630] [EVICT-DONE] BatchEvict execution completed.
I1008 08:30:26.549491 103522 master_service.cpp:10619] [EVICT-TRIGGER] memory_ratio=0.96875 high_watermark=0.9 need_mem_eviction=0 eviction_ratio=0.05
I1008 08:30:26.550848 103522 master_service.cpp:12526] [EVICT-RESULT] evicted_count=0, eviction_base=31, actual_evict_ratio=0, target_evict_ratio=0.11875
I1008 08:30:26.550874 103522 master_service.cpp:10630] [EVICT-DONE] BatchEvict execution completed.
I1008 08:30:26.560936 103522 master_service.cpp:10619] [EVICT-TRIGGER] memory_ratio=0.96875 high_watermark=0.9 need_mem_eviction=0 eviction_ratio=0.05
I1008 08:30:26.562475 103522 master_service.cpp:12526] [EVICT-RESULT] evicted_count=0, eviction_base=31, actual_evict_ratio=0, target_evict_ratio=0.11875
I1008 08:30:26.562503 103522 master_service.cpp:10630] [EVICT-DONE] BatchEvict execution completed.
I1008 08:30:26.572566 103522 master_service.cpp:10619] [EVICT-TRIGGER] memory_ratio=0.96875 high_watermark=0.9 need_mem_eviction=0 eviction_ratio=0.05
I1008 08:30:26.573907 103522 master_service.cpp:12526] [EVICT-RESULT] evicted_count=0, eviction_base=31, actual_evict_ratio=0, target_evict_ratio=0.11875
I1008 08:30:26.573935 103522 master_service.cpp:10630] [EVICT-DONE] BatchEvict execution completed.
I1008 08:30:26.583997 103522 master_service.cpp:10619] [EVICT-TRIGGER] memory_ratio=0.96875 high_watermark=0.9 need_mem_eviction=0 eviction_ratio=0.05
I1008 08:30:26.585507 103522 master_service.cpp:12526] [EVICT-RESULT] evicted_count=0, eviction_base=31, actual_evict_ratio=0, target_evict_ratio=0.11875
I1008 08:30:26.585534 103522 master_service.cpp:10630] [EVICT-DONE] BatchEvict execution completed.
I1008 08:30:26.595597 103522 master_service.cpp:10619] [EVICT-TRIGGER] memory_ratio=0.96875 high_watermark=0.9 need_mem_eviction=0 eviction_ratio=0.05
I1008 08:30:26.596918 103522 master_service.cpp:12526] [EVICT-RESULT] evicted_count=0, eviction_base=31, actual_evict_ratio=0, target_evict_ratio=0.11875
I1008 08:30:26.596944 103522 master_service.cpp:10630] [EVICT-DONE] BatchEvict execution completed.
I1008 08:30:26.607007 103522 master_service.cpp:10619] [EVICT-TRIGGER] memory_ratio=0.96875 high_watermark=0.9 need_mem_eviction=0 eviction_ratio=0.05
I1008 08:30:26.608539 103522 master_service.cpp:12526] [EVICT-RESULT] evicted_count=0, eviction_base=31, actual_evict_ratio=0, target_evict_ratio=0.11875
I1008 08:30:26.608565 103522 master_service.cpp:10630] [EVICT-DONE] BatchEvict execution completed.
I1008 08:30:26.618628 103522 master_service.cpp:10619] [EVICT-TRIGGER] memory_ratio=0.96875 high_watermark=0.9 need_mem_eviction=0 eviction_ratio=0.05
I1008 08:30:26.620041 103522 master_service.cpp:12526] [EVICT-RESULT] evicted_count=0, eviction_base=31, actual_evict_ratio=0, target_evict_ratio=0.11875
I1008 08:30:26.620069 103522 master_service.cpp:10630] [EVICT-DONE] BatchEvict execution completed.
I1008 08:30:26.630131 103522 master_service.cpp:10619] [EVICT-TRIGGER] memory_ratio=0.96875 high_watermark=0.9 need_mem_eviction=0 eviction_ratio=0.05
I1008 08:30:26.631812 103522 master_service.cpp:12526] [EVICT-RESULT] evicted_count=0, eviction_base=31, actual_evict_ratio=0, target_evict_ratio=0.11875
I1008 08:30:26.631841 103522 master_service.cpp:10630] [EVICT-DONE] BatchEvict execution completed.
I1008 08:30:26.641903 103522 master_service.cpp:10619] [EVICT-TRIGGER] memory_ratio=0.96875 high_watermark=0.9 need_mem_eviction=0 eviction_ratio=0.05
I1008 08:30:26.643296 103522 master_service.cpp:12526] [EVICT-RESULT] evicted_count=0, eviction_base=31, actual_evict_ratio=0, target_evict_ratio=0.11875
I1008 08:30:26.643324 103522 master_service.cpp:10630] [EVICT-DONE] BatchEvict execution completed.
I1008 08:30:26.653386 103522 master_service.cpp:10619] [EVICT-TRIGGER] memory_ratio=0.96875 high_watermark=0.9 need_mem_eviction=0 eviction_ratio=0.05
I1008 08:30:26.654896 103522 master_service.cpp:12526] [EVICT-RESULT] evicted_count=0, eviction_base=31, actual_evict_ratio=0, target_evict_ratio=0.11875
I1008 08:30:26.654922 103522 master_service.cpp:10630] [EVICT-DONE] BatchEvict execution completed.
I1008 08:30:26.664983 103522 master_service.cpp:10619] [EVICT-TRIGGER] memory_ratio=0.96875 high_watermark=0.9 need_mem_eviction=0 eviction_ratio=0.05
I1008 08:30:26.666297 103522 master_service.cpp:12526] [EVICT-RESULT] evicted_count=0, eviction_base=31, actual_evict_ratio=0, target_evict_ratio=0.11875
I1008 08:30:26.666324 103522 master_service.cpp:10630] [EVICT-DONE] BatchEvict execution completed.
I1008 08:30:26.676386 103522 master_service.cpp:10619] [EVICT-TRIGGER] memory_ratio=0.96875 high_watermark=0.9 need_mem_eviction=0 eviction_ratio=0.05
I1008 08:30:26.677922 103522 master_service.cpp:12526] [EVICT-RESULT] evicted_count=0, eviction_base=31, actual_evict_ratio=0, target_evict_ratio=0.11875
I1008 08:30:26.677947 103522 master_service.cpp:10630] [EVICT-DONE] BatchEvict execution completed.
I1008 08:30:26.688009 103522 master_service.cpp:10619] [EVICT-TRIGGER] memory_ratio=0.96875 high_watermark=0.9 need_mem_eviction=0 eviction_ratio=0.05
I1008 08:30:26.689343 103522 master_service.cpp:12526] [EVICT-RESULT] evicted_count=0, eviction_base=31, actual_evict_ratio=0, target_evict_ratio=0.11875
I1008 08:30:26.689369 103522 master_service.cpp:10630] [EVICT-DONE] BatchEvict execution completed.
I1008 08:30:26.699431 103522 master_service.cpp:10619] [EVICT-TRIGGER] memory_ratio=0.96875 high_watermark=0.9 need_mem_eviction=0 eviction_ratio=0.05
I1008 08:30:26.700979 103522 master_service.cpp:12526] [EVICT-RESULT] evicted_count=0, eviction_base=31, actual_evict_ratio=0, target_evict_ratio=0.11875
I1008 08:30:26.701005 103522 master_service.cpp:10630] [EVICT-DONE] BatchEvict execution completed.
I1008 08:30:26.711067 103522 master_service.cpp:10619] [EVICT-TRIGGER] memory_ratio=0.96875 high_watermark=0.9 need_mem_eviction=0 eviction_ratio=0.05
I1008 08:30:26.712383 103522 master_service.cpp:12526] [EVICT-RESULT] evicted_count=0, eviction_base=31, actual_evict_ratio=0, target_evict_ratio=0.11875
I1008 08:30:26.712409 103522 master_service.cpp:10630] [EVICT-DONE] BatchEvict execution completed.
I1008 08:30:26.722470 103522 master_service.cpp:10619] [EVICT-TRIGGER] memory_ratio=0.96875 high_watermark=0.9 need_mem_eviction=0 eviction_ratio=0.05
I1008 08:30:26.724078 103522 master_service.cpp:12526] [EVICT-RESULT] evicted_count=0, eviction_base=31, actual_evict_ratio=0, target_evict_ratio=0.11875
I1008 08:30:26.724105 103522 master_service.cpp:10630] [EVICT-DONE] BatchEvict execution completed.
I1008 08:30:26.734166 103522 master_service.cpp:10619] [EVICT-TRIGGER] memory_ratio=0.96875 high_watermark=0.9 need_mem_eviction=0 eviction_ratio=0.05
I1008 08:30:26.735502 103522 master_service.cpp:12526] [EVICT-RESULT] evicted_count=0, eviction_base=31, actual_evict_ratio=0, target_evict_ratio=0.11875
I1008 08:30:26.735529 103522 master_service.cpp:10630] [EVICT-DONE] BatchEvict execution completed.
I1008 08:30:26.745591 103522 master_service.cpp:10619] [EVICT-TRIGGER] memory_ratio=0.96875 high_watermark=0.9 need_mem_eviction=0 eviction_ratio=0.05
I1008 08:30:26.749857 103522 master_service.cpp:12526] [EVICT-RESULT] evicted_count=0, eviction_base=31, actual_evict_ratio=0, target_evict_ratio=0.11875
W1008 08:30:26.749887 103522 master_service.cpp:12534] [EVICT] No memory freed this cycle; 1 objects deferred for disk offload. Consider lowering eviction_high_watermark_ratio.
I1008 08:30:26.749894 103522 master_service.cpp:10630] [EVICT-DONE] BatchEvict execution completed.
I1008 08:30:26.759955 103522 master_service.cpp:10619] [EVICT-TRIGGER] memory_ratio=0.96875 high_watermark=0.9 need_mem_eviction=0 eviction_ratio=0.05
I1008 08:30:26.761281 103522 master_service.cpp:12526] [EVICT-RESULT] evicted_count=0, eviction_base=30, actual_evict_ratio=0, target_evict_ratio=0.11875
I1008 08:30:26.761307 103522 master_service.cpp:10630] [EVICT-DONE] BatchEvict execution completed.
I1008 08:30:26.771379 103522 master_service.cpp:10619] [EVICT-TRIGGER] memory_ratio=0.96875 high_watermark=0.9 need_mem_eviction=0 eviction_ratio=0.05
I1008 08:30:26.772897 103522 master_service.cpp:12526] [EVICT-RESULT] evicted_count=0, eviction_base=30, actual_evict_ratio=0, target_evict_ratio=0.11875
I1008 08:30:26.772922 103522 master_service.cpp:10630] [EVICT-DONE] BatchEvict execution completed.
I1008 08:30:26.782984 103522 master_service.cpp:10619] [EVICT-TRIGGER] memory_ratio=0.96875 high_watermark=0.9 need_mem_eviction=0 eviction_ratio=0.05
I1008 08:30:26.784315 103522 master_service.cpp:12526] [EVICT-RESULT] evicted_count=0, eviction_base=30, actual_evict_ratio=0, target_evict_ratio=0.11875
I1008 08:30:26.784343 103522 master_service.cpp:10630] [EVICT-DONE] BatchEvict execution completed.
I1008 08:30:26.794410 103522 master_service.cpp:10619] [EVICT-TRIGGER] memory_ratio=0.96875 high_watermark=0.9 need_mem_eviction=0 eviction_ratio=0.05
I1008 08:30:26.795976 103522 master_service.cpp:12526] [EVICT-RESULT] evicted_count=0, eviction_base=30, actual_evict_ratio=0, target_evict_ratio=0.11875
I1008 08:30:26.796005 103522 master_service.cpp:10630] [EVICT-DONE] BatchEvict execution completed.
I1008 08:30:26.806066 103522 master_service.cpp:10619] [EVICT-TRIGGER] memory_ratio=0.96875 high_watermark=0.9 need_mem_eviction=0 eviction_ratio=0.05
I1008 08:30:26.807415 103522 master_service.cpp:12526] [EVICT-RESULT] evicted_count=0, eviction_base=30, actual_evict_ratio=0, target_evict_ratio=0.11875
I1008 08:30:26.807442 103522 master_service.cpp:10630] [EVICT-DONE] BatchEvict execution completed.
I1008 08:30:26.817505 103522 master_service.cpp:10619] [EVICT-TRIGGER] memory_ratio=0.96875 high_watermark=0.9 need_mem_eviction=0 eviction_ratio=0.05
I1008 08:30:26.819133 103522 master_service.cpp:12526] [EVICT-RESULT] evicted_count=0, eviction_base=30, actual_evict_ratio=0, target_evict_ratio=0.11875
I1008 08:30:26.819161 103522 master_service.cpp:10630] [EVICT-DONE] BatchEvict execution completed.
I1008 08:30:26.829223 103522 master_service.cpp:10619] [EVICT-TRIGGER] memory_ratio=0.96875 high_watermark=0.9 need_mem_eviction=0 eviction_ratio=0.05
I1008 08:30:26.830677 103522 master_service.cpp:12526] [EVICT-RESULT] evicted_count=0, eviction_base=30, actual_evict_ratio=0, target_evict_ratio=0.11875
I1008 08:30:26.830731 103522 master_service.cpp:10630] [EVICT-DONE] BatchEvict execution completed.
I1008 08:30:26.840799 103522 master_service.cpp:10619] [EVICT-TRIGGER] memory_ratio=0.96875 high_watermark=0.9 need_mem_eviction=0 eviction_ratio=0.05
I1008 08:30:26.842367 103522 master_service.cpp:12526] [EVICT-RESULT] evicted_count=0, eviction_base=30, actual_evict_ratio=0, target_evict_ratio=0.11875
I1008 08:30:26.842393 103522 master_service.cpp:10630] [EVICT-DONE] BatchEvict execution completed.
I1008 08:30:26.852458 103522 master_service.cpp:10619] [EVICT-TRIGGER] memory_ratio=0.96875 high_watermark=0.9 need_mem_eviction=0 eviction_ratio=0.05
I1008 08:30:26.853819 103522 master_service.cpp:12526] [EVICT-RESULT] evicted_count=0, eviction_base=30, actual_evict_ratio=0, target_evict_ratio=0.11875
I1008 08:30:26.853845 103522 master_service.cpp:10630] [EVICT-DONE] BatchEvict execution completed.
I1008 08:30:26.863909 103522 master_service.cpp:10619] [EVICT-TRIGGER] memory_ratio=0.96875 high_watermark=0.9 need_mem_eviction=0 eviction_ratio=0.05
I1008 08:30:26.865831 103522 master_service.cpp:12526] [EVICT-RESULT] evicted_count=0, eviction_base=30, actual_evict_ratio=0, target_evict_ratio=0.11875
I1008 08:30:26.865859 103522 master_service.cpp:10630] [EVICT-DONE] BatchEvict execution completed.
I1008 08:30:26.875921 103522 master_service.cpp:10619] [EVICT-TRIGGER] memory_ratio=0.96875 high_watermark=0.9 need_mem_eviction=0 eviction_ratio=0.05
I1008 08:30:26.878679 103522 master_service.cpp:12526] [EVICT-RESULT] evicted_count=0, eviction_base=30, actual_evict_ratio=0, target_evict_ratio=0.11875
I1008 08:30:26.878720 103522 master_service.cpp:10630] [EVICT-DONE] BatchEvict execution completed.
I1008 08:30:26.888800 103522 master_service.cpp:10619] [EVICT-TRIGGER] memory_ratio=0.96875 high_watermark=0.9 need_mem_eviction=0 eviction_ratio=0.05
I1008 08:30:26.890700 103522 master_service.cpp:12526] [EVICT-RESULT] evicted_count=0, eviction_base=30, actual_evict_ratio=0, target_evict_ratio=0.11875
I1008 08:30:26.890738 103522 master_service.cpp:10630] [EVICT-DONE] BatchEvict execution completed.
I1008 08:30:26.900807 103522 master_service.cpp:10619] [EVICT-TRIGGER] memory_ratio=0.96875 high_watermark=0.9 need_mem_eviction=0 eviction_ratio=0.05
I1008 08:30:26.902271 103522 master_service.cpp:12526] [EVICT-RESULT] evicted_count=0, eviction_base=30, actual_evict_ratio=0, target_evict_ratio=0.11875
I1008 08:30:26.902299 103522 master_service.cpp:10630] [EVICT-DONE] BatchEvict execution completed.
I1008 08:30:26.912362 103522 master_service.cpp:10619] [EVICT-TRIGGER] memory_ratio=0.96875 high_watermark=0.9 need_mem_eviction=0 eviction_ratio=0.05
I1008 08:30:26.913973 103522 master_service.cpp:12526] [EVICT-RESULT] evicted_count=0, eviction_base=30, actual_evict_ratio=0, target_evict_ratio=0.11875
I1008 08:30:26.914001 103522 master_service.cpp:10630] [EVICT-DONE] BatchEvict execution completed.
I1008 08:30:26.924063 103522 master_service.cpp:10619] [EVICT-TRIGGER] memory_ratio=0.96875 high_watermark=0.9 need_mem_eviction=0 eviction_ratio=0.05
I1008 08:30:26.925427 103522 master_service.cpp:12526] [EVICT-RESULT] evicted_count=0, eviction_base=30, actual_evict_ratio=0, target_evict_ratio=0.11875
I1008 08:30:26.925454 103522 master_service.cpp:10630] [EVICT-DONE] BatchEvict execution completed.
I1008 08:30:26.935515 103522 master_service.cpp:10619] [EVICT-TRIGGER] memory_ratio=0.96875 high_watermark=0.9 need_mem_eviction=0 eviction_ratio=0.05
I1008 08:30:26.938356 103522 master_service.cpp:12526] [EVICT-RESULT] evicted_count=4, eviction_base=30, actual_evict_ratio=0.133333, target_evict_ratio=0.11875
I1008 08:30:26.938386 103522 master_service.cpp:10630] [EVICT-DONE] BatchEvict execution completed.
I1008 08:30:29.979866 103530 master_admin_service.cpp:315] Master Admin Metrics: role=leader, state=serving, service_ready=true, master={Mem Storage: 27.00 MB / 32.00 MB (84.4%) | NVMe-oF SSD: 0 B / 0 B | SSD Storage: 121.00 MB / 2.00 TB | Keys: 61 (soft-pinned: 0) | Clients: 1 | Requests (Success/Total per sec): PutStart=6.10/19.20, PutEnd=12.20/12.20, PutRevoke=0.00/0.00, Get=0.10/0.10, Exist=0.30/0.30, Del=0.00/0.00, DelAll=0.00/0.00, Ping=1.00/1.00, CopyStart=0.00/0.00, CopyEnd=0.00/0.00, CopyRevoke=0.00/0.00, MoveStart=0.00/0.00, MoveEnd=0.00/0.00, MoveRevoke=0.00/0.00, EvictDiskReplica=0.00/0.00 | Batch Requests (per sec, Req=Success/PartialSuccess/Total, Item=Success/Total): PutStart:(Req=0.00/0.00/0.00, Item=0.00/0.00), PutEnd:(Req=0.00/0.00/0.00, Item=0.00/0.00), PutRevoke:(Req=0.00/0.00/0.00, Item=0.00/0.00), Get:(Req=2.10/0.00/2.10, Item=22.40/22.40), ExistKey:(Req=0.00/0.00/0.00, Item=0.00/0.00), QueryIp:(Req=0.00/0.00/0.00, Item=0.00/0.00), Clear:(Req=0.00/0.00/0.00, Item=0.00/0.00), CreateMoveTask:(Req=0.00/0.00), CreateCopyTask:(Req=0.00/0.00), QueryTask:(Req=0.00/0.00), FetchTasks:(Req=1.00/1.00), MarkTaskToComplete:(Req=0.00/0.00) | Eviction: Success/Attempts=19/162, AllocFail=131, PartialAlloc=0, keys=35, size=35.00 MB | Mem Eviction: Success/Attempts=19/162, keys=35, size=35.00 MB | NoF Eviction: Success/Attempts=0/0, keys=0, size=0 B | Discard: Released/Total=0/0, StagingSize=0 B | Promotion: in_flight=0, admitted=0, completed=1, failed=0, cancelled=0, expired=0, bytes=1.00 MB, rejected(freq/wm/cap)=0/0/0 | Snapshots: Success=0, Fail=0}, ha={HA Metrics Summary: last_seq=0, applied_seq=0, lag=0, pending=0, mutation_queue=0, batch_commits=0, sync_commits=0, skipped=0, checksum_fail=0, etcd_fail=0, watch_disconn=0, state=0, writer_accepting=false, writer_retry_count=0, writer_retry_delay_ms=0, writer_waiting_slots=0, writer_committed_queue=0, writer_callback_queue=0, writer_durable_batch=0, writer_durable_seq=0, writer_last_error=0}
I1008 08:30:35.589154 103518 master.cpp:1857] Shutdown signal received, exiting gracefully
I1008 08:30:35.590116 103524 master_service.cpp:3119] Task cleanup thread stopped
I1008 08:30:35.978551 103521 client_offboarding.cpp:163] Client offboarding worker stopped
SMOKE_RC=1
