STORE_SO=<work>/src/Mooncake-r2/build/mooncake-integration/store.cpython-312-aarch64-linux-gnu.so
WARNING: Logging before InitGoogleLogging() is written to STDERR
I1008 08:13:45.709259 76626 client_metric.cpp:80] Client metrics enabled (default enabled)
I1008 08:13:45.709308 76626 client_metric.cpp:81] Client bandwidth summary enabled via MC_STORE_CLIENT_METRIC_BANDWIDTH
I1008 08:13:45.712598 76626 client_service.cpp:458] client_id=16592450153065220006-15134514879236082049
I1008 08:13:45.712622 76626 client_service.cpp:472] Client metrics enabled but reporting disabled (interval=0)
I1008 08:13:45.715276 76626 client_service.cpp:1105] Storage root directory is: /tmp/mooncake_ci_ssd_offload
I1008 08:13:45.715298 76626 client_service.cpp:1106] Fs subdir is: mooncake_cluster
I1008 08:13:45.715302 76626 client_service.cpp:1107] Disk eviction enabled: 1
I1008 08:13:45.715305 76626 client_service.cpp:1109] Quota bytes: 0
I1008 08:13:45.715785 76626 storage_backend.cpp:122] Reconstructing storage state from disk at: "/tmp/mooncake_ci_ssd_offload/mooncake_cluster"
I1008 08:13:45.715910 76626 storage_backend.cpp:212] Init: Quota: 5599241714073, Used: 0, Available: 5599241714073
I1008 08:13:45.715962 76626 transfer_engine_impl.cpp:1140] Metrics reporting is disabled (set MC_TE_METRIC=1 to enable)
I1008 08:13:45.715989 76626 transfer_engine_impl.cpp:146] Transfer Engine parseHostNameWithPort. server_name: localhost port: 13504
I1008 08:13:45.719298 76626 transfer_metadata_plugin.cpp:1462] Found active interface enp189s0f0 with IP <ip>
I1008 08:13:45.719316 76626 transfer_metadata_plugin.cpp:1451] Skipping interface virbr0 (not UP or not RUNNING)
I1008 08:13:45.719321 76626 transfer_metadata_plugin.cpp:1462] Found active interface docker0 with IP <ip>
I1008 08:13:45.719324 76626 transfer_metadata_plugin.cpp:1462] Found active interface tunl0 with IP <ip>
I1008 08:13:45.719411 76626 transfer_engine_impl.cpp:213] Transfer Engine RPC using new RPC mapping, listening on <ip>:15769
E1008 08:13:45.722473 76626 transfer_metadata_plugin.cpp:355] GET http://<ip>:8080/metadata?key=mooncake%2Frpc_meta%2Flocalhost%3A13504 http=404 body: metadata not found
I1008 08:13:45.723274 76626 client_service.cpp:891] Transfer engine auto discovery is disabled for protocol: tcp
W1008 08:13:45.723290 76626 client_service.cpp:926] TCP protocol does not use device names, ignoring
W1008 08:13:45.723819 76626 transfer_metadata.cpp:1322] Failed to retrieve segment descriptor, name localhost:13504
E1008 08:13:45.724413 76626 transfer_metadata_plugin.cpp:355] GET http://<ip>:8080/metadata?key=mooncake%2Fram%2Flocalhost%3A13504 http=404 body: metadata not found
I1008 08:13:45.724910 76626 tcp_transport.cpp:433] TcpTransport: listen on port 16163
I1008 08:13:45.725176 76626 tcp_transport.cpp:449] TcpTransport: I/O pool started with 1 thread(s)
I1008 08:13:45.726164 76626 transfer_task.cpp:1043] MC_STORE_MEMCPY not set, auto-detected: TCP-only environment, memcpy enabled
I1008 08:13:45.726182 76626 real_client.cpp:996] Successfully created client on port 13504 after 1 attempt(s)
I1008 08:13:45.727381 76626 real_client.cpp:1031] Registering local memory: 536870912 bytes
I1008 08:13:45.728407 76626 real_client.cpp:1173] Mounting segment: 536870912 bytes, 536870912 of 536870912
completed 500 entries
completed 1000 entries
completed 500 entries
completed 1000 entries

=== Put Operations STATISTICS ===
Operations: 1000 (Success: 1000, Failure: 0)
Success Rate: 100.00%
Duration: 5.15 seconds
Data Transferred: 1000.00 MB
Latency (ms): Min=0.56, Max=2.14, Avg=0.91
Percentiles (ms): P90=1.13, P99=1.56, P999=1.56
==================================================

=== Batch Get Operations STATISTICS ===
Operations: 1000 (Success: 1000, Failure: 0)
Success Rate: 100.00%
Duration: 33.67 seconds
Data Transferred: 1000.00 MB
Latency (ms): Min=1.16, Max=2.84, Avg=1.72
Percentiles (ms): P90=2.18, P99=2.39, P999=2.39
==================================================
Cleanup completed
.Thread 0 started
Thread 1 started
Thread 2 started
Thread 3 started
W1008 08:14:34.939805 77599 client_service.cpp:2046] Failed to start put operation for key=concurrent_k_853 due to insufficient space. Consider lowering eviction_high_watermark_ratio or mounting more segments.
W1008 08:14:34.939822 77597 client_service.cpp:2046] Failed to start put operation for key=concurrent_k_853 due to insufficient space. Consider lowering eviction_high_watermark_ratio or mounting more segments.
W1008 08:14:34.940251 77596 client_service.cpp:2046] Failed to start put operation for key=concurrent_k_853 due to insufficient space. Consider lowering eviction_high_watermark_ratio or mounting more segments.
W1008 08:14:34.940462 77598 client_service.cpp:2046] Failed to start put operation for key=concurrent_k_853 due to insufficient space. Consider lowering eviction_high_watermark_ratio or mounting more segments.
W1008 08:14:34.950290 77599 client_service.cpp:2046] Failed to start put operation for key=concurrent_k_853 due to insufficient space. Consider lowering eviction_high_watermark_ratio or mounting more segments.
W1008 08:14:34.950359 77597 client_service.cpp:2046] Failed to start put operation for key=concurrent_k_853 due to insufficient space. Consider lowering eviction_high_watermark_ratio or mounting more segments.
W1008 08:14:34.950593 77596 client_service.cpp:2046] Failed to start put operation for key=concurrent_k_853 due to insufficient space. Consider lowering eviction_high_watermark_ratio or mounting more segments.
W1008 08:14:34.950955 77598 client_service.cpp:2046] Failed to start put operation for key=concurrent_k_853 due to insufficient space. Consider lowering eviction_high_watermark_ratio or mounting more segments.
Thread 1 completed
Thread 2 completed
Thread 3 completed
Thread 0 completed
Cleanup completed

=== Concurrent Put Operations STATISTICS ===
Operations: 4008 (Success: 4000, Failure: 8)
Success Rate: 99.80%
Duration: 0.00 seconds
Data Transferred: 4008.00 MB
Latency (ms): Min=0.26, Max=2.24, Avg=0.58
Percentiles (ms): P90=1.01, P99=1.30, P999=1.48
Error Codes:
  Code -200: 8 times
==================================================

=== Concurrent Get Operations STATISTICS ===
Operations: 4000 (Success: 4000, Failure: 0)
Success Rate: 100.00%
Duration: 0.00 seconds
Data Transferred: 4000.00 MB
Latency (ms): Min=0.52, Max=75.17, Avg=1.60
Percentiles (ms): P90=2.33, P99=4.57, P999=8.19
==================================================

=== Concurrent overall STATISTICS ===
Concurrent Throughput: 1051.23 ops/sec, 1051.23 MB/s
Total Operations: 8000, Duration: 7.61 seconds
Put Concurrency Efficiency: 400.00%
  • Average Thread Time: 0.6154s
  • Slowest Thread Time: 0.6160s
  • Efficiency Ratio: 1.00
Get Concurrency Efficiency: 400.00%
  • Average Thread Time: 1.8109s
  • Slowest Thread Time: 1.9925s
  • Efficiency Ratio: 0.91
.completed 500 entries
completed 1000 entries
completed 500 entries
completed 1000 entries

=== Put Operations STATISTICS ===
Operations: 1000 (Success: 1000, Failure: 0)
Success Rate: 100.00%
Duration: 5.18 seconds
Data Transferred: 1000.00 MB
Latency (ms): Min=0.76, Max=2.41, Avg=0.96
Percentiles (ms): P90=1.08, P99=1.31, P999=1.31
==================================================

=== Get Operations STATISTICS ===
Operations: 1000 (Success: 1000, Failure: 0)
Success Rate: 100.00%
Duration: 1.19 seconds
Data Transferred: 1000.00 MB
Latency (ms): Min=0.57, Max=3.72, Avg=0.82
Percentiles (ms): P90=1.10, P99=1.23, P999=1.23
==================================================
Cleanup completed
.
----------------------------------------------------------------------
Ran 3 tests in 69.116s

OK
sWARNING: Logging before InitGoogleLogging() is written to STDERR
I1008 08:14:57.740903 78851 client_metric.cpp:80] Client metrics enabled (default enabled)
I1008 08:14:57.740944 78851 client_metric.cpp:81] Client bandwidth summary enabled via MC_STORE_CLIENT_METRIC_BANDWIDTH
I1008 08:14:57.743875 78851 client_service.cpp:458] client_id=11623063803435626847-2189448205983922054
I1008 08:14:57.743894 78851 client_service.cpp:472] Client metrics enabled but reporting disabled (interval=0)
I1008 08:14:57.745946 78851 client_service.cpp:1105] Storage root directory is: /tmp/mooncake_ci_promotion
I1008 08:14:57.745961 78851 client_service.cpp:1106] Fs subdir is: mooncake_cluster
I1008 08:14:57.745965 78851 client_service.cpp:1107] Disk eviction enabled: 1
I1008 08:14:57.745968 78851 client_service.cpp:1109] Quota bytes: 0
I1008 08:14:57.746403 78851 storage_backend.cpp:122] Reconstructing storage state from disk at: "/tmp/mooncake_ci_promotion/mooncake_cluster"
I1008 08:14:57.746584 78851 storage_backend.cpp:212] Init: Quota: 5599241714073, Used: 0, Available: 5599241714073
I1008 08:14:57.746634 78851 transfer_engine_impl.cpp:1140] Metrics reporting is disabled (set MC_TE_METRIC=1 to enable)
I1008 08:14:57.746661 78851 transfer_engine_impl.cpp:146] Transfer Engine parseHostNameWithPort. server_name: localhost port: 12845
I1008 08:14:57.750213 78851 transfer_metadata_plugin.cpp:1462] Found active interface enp189s0f0 with IP <ip>
I1008 08:14:57.750234 78851 transfer_metadata_plugin.cpp:1451] Skipping interface virbr0 (not UP or not RUNNING)
I1008 08:14:57.750239 78851 transfer_metadata_plugin.cpp:1462] Found active interface docker0 with IP <ip>
I1008 08:14:57.750243 78851 transfer_metadata_plugin.cpp:1462] Found active interface tunl0 with IP <ip>
I1008 08:14:57.750348 78851 transfer_engine_impl.cpp:213] Transfer Engine RPC using new RPC mapping, listening on <ip>:16662
E1008 08:14:57.753388 78851 transfer_metadata_plugin.cpp:355] GET http://<ip>:8080/metadata?key=mooncake%2Frpc_meta%2Flocalhost%3A12845 http=404 body: metadata not found
I1008 08:14:57.753958 78851 client_service.cpp:891] Transfer engine auto discovery is disabled for protocol: tcp
W1008 08:14:57.754407 78851 transfer_metadata.cpp:1322] Failed to retrieve segment descriptor, name localhost:12845
E1008 08:14:57.754915 78851 transfer_metadata_plugin.cpp:355] GET http://<ip>:8080/metadata?key=mooncake%2Fram%2Flocalhost%3A12845 http=404 body: metadata not found
I1008 08:14:57.755373 78851 tcp_transport.cpp:433] TcpTransport: listen on port 16179
I1008 08:14:57.755659 78851 tcp_transport.cpp:449] TcpTransport: I/O pool started with 1 thread(s)
I1008 08:14:57.756620 78851 transfer_task.cpp:1043] MC_STORE_MEMCPY not set, auto-detected: TCP-only environment, memcpy enabled
I1008 08:14:57.756637 78851 real_client.cpp:996] Successfully created client on port 12845 after 1 attempt(s)
I1008 08:14:57.758072 78851 real_client.cpp:1031] Registering local memory: 67108864 bytes
I1008 08:14:57.759027 78851 real_client.cpp:1173] Mounting segment: 33554432 bytes, 33554432 of 33554432
I1008 08:14:57.760677 78851 real_client.cpp:1278] Offload RPC server started on port 34351
I1008 08:14:57.940536 78851 aligned_client_buffer.cpp:127] AlignedClientBufferAllocator: allocated 1342177280 bytes at address 0xfffb6b7ef000 (aligned to 4096 bytes)
I1008 08:14:57.942075 78851 storage_backend.cpp:1511] BucketStorageBackend: Allocated 33554432 bytes aligned buffer at 0xfffb61fff000
I1008 08:14:57.943910 78851 storage_backend.cpp:2160] Bucket backend max_total_size not set; using 90% of disk capacity: 5599241714073 bytes
I1008 08:14:57.943941 78851 storage_backend.cpp:2167] Initialized BucketIdGenerator with fresh start. No existing buckets found; starting from ID: 7337768129539
I1008 08:14:57.943946 78851 file_storage.cpp:150] IsEnableOffloading result: true
I1008 08:14:57.944670 79087 file_storage.cpp:215] Starting periodic task with interval: 2s, running is: 1
I1008 08:14:57.944751 79088 file_storage.cpp:1274] action=client_buffer_gc_thread_started
.I1008 08:15:23.957471 78851 file_storage.cpp:118] Shutdown FileStorage...
I1008 08:15:26.946574 79088 file_storage.cpp:1295] action=client_buffer_gc_thread_stopped
I1008 08:15:26.946718 78851 aligned_client_buffer.cpp:161] AlignedClientBufferAllocator: freeing aligned memory at 0xfffb6b7ef000 (1342177280 bytes)
I1008 08:15:29.488487 78851 client_metric.cpp:80] Client metrics enabled (default enabled)
I1008 08:15:29.488536 78851 client_metric.cpp:81] Client bandwidth summary enabled via MC_STORE_CLIENT_METRIC_BANDWIDTH
I1008 08:15:29.493623 78851 client_service.cpp:458] client_id=1821915812687701243-8753362617381302697
I1008 08:15:29.493650 78851 client_service.cpp:472] Client metrics enabled but reporting disabled (interval=0)
I1008 08:15:29.494184 78851 client_service.cpp:1105] Storage root directory is: /tmp/mooncake_ci_promotion
I1008 08:15:29.494197 78851 client_service.cpp:1106] Fs subdir is: mooncake_cluster
I1008 08:15:29.494201 78851 client_service.cpp:1107] Disk eviction enabled: 1
I1008 08:15:29.494204 78851 client_service.cpp:1109] Quota bytes: 0
I1008 08:15:29.494300 78851 storage_backend.cpp:122] Reconstructing storage state from disk at: "/tmp/mooncake_ci_promotion/mooncake_cluster"
I1008 08:15:29.495223 78851 storage_backend.cpp:212] Init: Quota: 5599241714073, Used: 16384, Available: 5599241697689
I1008 08:15:29.495282 78851 transfer_engine_impl.cpp:1140] Metrics reporting is disabled (set MC_TE_METRIC=1 to enable)
I1008 08:15:29.495298 78851 transfer_engine_impl.cpp:146] Transfer Engine parseHostNameWithPort. server_name: localhost port: 14036
I1008 08:15:29.498415 78851 transfer_metadata_plugin.cpp:1462] Found active interface enp189s0f0 with IP <ip>
I1008 08:15:29.498435 78851 transfer_metadata_plugin.cpp:1451] Skipping interface virbr0 (not UP or not RUNNING)
I1008 08:15:29.498438 78851 transfer_metadata_plugin.cpp:1462] Found active interface docker0 with IP <ip>
I1008 08:15:29.498442 78851 transfer_metadata_plugin.cpp:1462] Found active interface tunl0 with IP <ip>
I1008 08:15:29.498492 78851 transfer_engine_impl.cpp:213] Transfer Engine RPC using new RPC mapping, listening on <ip>:16631
E1008 08:15:29.499406 78851 transfer_metadata_plugin.cpp:355] GET http://<ip>:8080/metadata?key=mooncake%2Frpc_meta%2Flocalhost%3A14036 http=404 body: metadata not found
I1008 08:15:29.499981 78851 client_service.cpp:891] Transfer engine auto discovery is disabled for protocol: tcp
W1008 08:15:29.500386 78851 transfer_metadata.cpp:1322] Failed to retrieve segment descriptor, name localhost:14036
E1008 08:15:29.500944 78851 transfer_metadata_plugin.cpp:355] GET http://<ip>:8080/metadata?key=mooncake%2Fram%2Flocalhost%3A14036 http=404 body: metadata not found
I1008 08:15:29.501389 78851 tcp_transport.cpp:433] TcpTransport: listen on port 16003
I1008 08:15:29.501547 78851 tcp_transport.cpp:449] TcpTransport: I/O pool started with 1 thread(s)
I1008 08:15:29.502327 78851 transfer_task.cpp:1043] MC_STORE_MEMCPY not set, auto-detected: TCP-only environment, memcpy enabled
I1008 08:15:29.502344 78851 real_client.cpp:996] Successfully created client on port 14036 after 1 attempt(s)
I1008 08:15:29.503983 78851 real_client.cpp:1031] Registering local memory: 67108864 bytes
I1008 08:15:29.504951 78851 real_client.cpp:1173] Mounting segment: 33554432 bytes, 33554432 of 33554432
I1008 08:15:29.506464 78851 real_client.cpp:1278] Offload RPC server started on port 34901
I1008 08:15:29.685992 78851 aligned_client_buffer.cpp:127] AlignedClientBufferAllocator: allocated 1342177280 bytes at address 0xfffb6bfff000 (aligned to 4096 bytes)
I1008 08:15:29.687676 78851 storage_backend.cpp:1511] BucketStorageBackend: Allocated 33554432 bytes aligned buffer at 0xfffb69ffd000
I1008 08:15:29.690055 78851 storage_backend.cpp:2160] Bucket backend max_total_size not set; using 90% of disk capacity: 5599241714073 bytes
I1008 08:15:29.690088 78851 storage_backend.cpp:2167] Initialized BucketIdGenerator with fresh start. No existing buckets found; starting from ID: 7337768260611
I1008 08:15:29.690093 78851 file_storage.cpp:150] IsEnableOffloading result: true
I1008 08:15:29.690670 79113 file_storage.cpp:215] Starting periodic task with interval: 2s, running is: 1
I1008 08:15:29.690745 79114 file_storage.cpp:1274] action=client_buffer_gc_thread_started
W1008 08:15:29.853358 78851 client_service.cpp:2046] Failed to start put operation for key=poh_32_1791447329 due to insufficient space. Consider lowering eviction_high_watermark_ratio or mounting more segments.
W1008 08:15:29.857860 78851 client_service.cpp:2046] Failed to start put operation for key=poh_33_1791447329 due to insufficient space. Consider lowering eviction_high_watermark_ratio or mounting more segments.
W1008 08:15:29.861985 78851 client_service.cpp:2046] Failed to start put operation for key=poh_34_1791447329 due to insufficient space. Consider lowering eviction_high_watermark_ratio or mounting more segments.
W1008 08:15:29.866034 78851 client_service.cpp:2046] Failed to start put operation for key=poh_35_1791447329 due to insufficient space. Consider lowering eviction_high_watermark_ratio or mounting more segments.
W1008 08:15:29.870066 78851 client_service.cpp:2046] Failed to start put operation for key=poh_36_1791447329 due to insufficient space. Consider lowering eviction_high_watermark_ratio or mounting more segments.
W1008 08:15:29.874094 78851 client_service.cpp:2046] Failed to start put operation for key=poh_37_1791447329 due to insufficient space. Consider lowering eviction_high_watermark_ratio or mounting more segments.
W1008 08:15:29.878117 78851 client_service.cpp:2046] Failed to start put operation for key=poh_38_1791447329 due to insufficient space. Consider lowering eviction_high_watermark_ratio or mounting more segments.
W1008 08:15:29.882140 78851 client_service.cpp:2046] Failed to start put operation for key=poh_39_1791447329 due to insufficient space. Consider lowering eviction_high_watermark_ratio or mounting more segments.
W1008 08:15:29.886176 78851 client_service.cpp:2046] Failed to start put operation for key=poh_40_1791447329 due to insufficient space. Consider lowering eviction_high_watermark_ratio or mounting more segments.
W1008 08:15:29.890198 78851 client_service.cpp:2046] Failed to start put operation for key=poh_41_1791447329 due to insufficient space. Consider lowering eviction_high_watermark_ratio or mounting more segments.
W1008 08:15:29.894225 78851 client_service.cpp:2046] Failed to start put operation for key=poh_42_1791447329 due to insufficient space. Consider lowering eviction_high_watermark_ratio or mounting more segments.
W1008 08:15:29.898265 78851 client_service.cpp:2046] Failed to start put operation for key=poh_43_1791447329 due to insufficient space. Consider lowering eviction_high_watermark_ratio or mounting more segments.
W1008 08:15:29.902290 78851 client_service.cpp:2046] Failed to start put operation for key=poh_44_1791447329 due to insufficient space. Consider lowering eviction_high_watermark_ratio or mounting more segments.
W1008 08:15:29.906383 78851 client_service.cpp:2046] Failed to start put operation for key=poh_45_1791447329 due to insufficient space. Consider lowering eviction_high_watermark_ratio or mounting more segments.
W1008 08:15:29.910435 78851 client_service.cpp:2046] Failed to start put operation for key=poh_46_1791447329 due to insufficient space. Consider lowering eviction_high_watermark_ratio or mounting more segments.
W1008 08:15:29.914458 78851 client_service.cpp:2046] Failed to start put operation for key=poh_47_1791447329 due to insufficient space. Consider lowering eviction_high_watermark_ratio or mounting more segments.
W1008 08:15:29.918485 78851 client_service.cpp:2046] Failed to start put operation for key=poh_48_1791447329 due to insufficient space. Consider lowering eviction_high_watermark_ratio or mounting more segments.
W1008 08:15:29.922508 78851 client_service.cpp:2046] Failed to start put operation for key=poh_49_1791447329 due to insufficient space. Consider lowering eviction_high_watermark_ratio or mounting more segments.
W1008 08:15:29.926532 78851 client_service.cpp:2046] Failed to start put operation for key=poh_50_1791447329 due to insufficient space. Consider lowering eviction_high_watermark_ratio or mounting more segments.
W1008 08:15:29.930562 78851 client_service.cpp:2046] Failed to start put operation for key=poh_51_1791447329 due to insufficient space. Consider lowering eviction_high_watermark_ratio or mounting more segments.
W1008 08:15:29.934585 78851 client_service.cpp:2046] Failed to start put operation for key=poh_52_1791447329 due to insufficient space. Consider lowering eviction_high_watermark_ratio or mounting more segments.
W1008 08:15:29.938601 78851 client_service.cpp:2046] Failed to start put operation for key=poh_53_1791447329 due to insufficient space. Consider lowering eviction_high_watermark_ratio or mounting more segments.
W1008 08:15:29.942632 78851 client_service.cpp:2046] Failed to start put operation for key=poh_54_1791447329 due to insufficient space. Consider lowering eviction_high_watermark_ratio or mounting more segments.
W1008 08:15:29.946651 78851 client_service.cpp:2046] Failed to start put operation for key=poh_55_1791447329 due to insufficient space. Consider lowering eviction_high_watermark_ratio or mounting more segments.
W1008 08:15:29.950670 78851 client_service.cpp:2046] Failed to start put operation for key=poh_56_1791447329 due to insufficient space. Consider lowering eviction_high_watermark_ratio or mounting more segments.
W1008 08:15:29.954698 78851 client_service.cpp:2046] Failed to start put operation for key=poh_57_1791447329 due to insufficient space. Consider lowering eviction_high_watermark_ratio or mounting more segments.
W1008 08:15:29.958725 78851 client_service.cpp:2046] Failed to start put operation for key=poh_58_1791447329 due to insufficient space. Consider lowering eviction_high_watermark_ratio or mounting more segments.
W1008 08:15:29.962929 78851 client_service.cpp:2046] Failed to start put operation for key=poh_59_1791447329 due to insufficient space. Consider lowering eviction_high_watermark_ratio or mounting more segments.
W1008 08:15:29.967127 78851 client_service.cpp:2046] Failed to start put operation for key=poh_60_1791447329 due to insufficient space. Consider lowering eviction_high_watermark_ratio or mounting more segments.
W1008 08:15:29.971158 78851 client_service.cpp:2046] Failed to start put operation for key=poh_61_1791447329 due to insufficient space. Consider lowering eviction_high_watermark_ratio or mounting more segments.
W1008 08:15:29.975181 78851 client_service.cpp:2046] Failed to start put operation for key=poh_62_1791447329 due to insufficient space. Consider lowering eviction_high_watermark_ratio or mounting more segments.
W1008 08:15:29.979207 78851 client_service.cpp:2046] Failed to start put operation for key=poh_63_1791447329 due to insufficient space. Consider lowering eviction_high_watermark_ratio or mounting more segments.
W1008 08:15:29.983215 78851 client_service.cpp:2046] Failed to start put operation for key=poh_64_1791447329 due to insufficient space. Consider lowering eviction_high_watermark_ratio or mounting more segments.
W1008 08:15:29.987389 78851 client_service.cpp:2046] Failed to start put operation for key=poh_65_1791447329 due to insufficient space. Consider lowering eviction_high_watermark_ratio or mounting more segments.
W1008 08:15:29.991626 78851 client_service.cpp:2046] Failed to start put operation for key=poh_66_1791447329 due to insufficient space. Consider lowering eviction_high_watermark_ratio or mounting more segments.
W1008 08:15:29.995769 78851 client_service.cpp:2046] Failed to start put operation for key=poh_67_1791447329 due to insufficient space. Consider lowering eviction_high_watermark_ratio or mounting more segments.
W1008 08:15:29.999835 78851 client_service.cpp:2046] Failed to start put operation for key=poh_68_1791447329 due to insufficient space. Consider lowering eviction_high_watermark_ratio or mounting more segments.
W1008 08:15:30.003903 78851 client_service.cpp:2046] Failed to start put operation for key=poh_69_1791447329 due to insufficient space. Consider lowering eviction_high_watermark_ratio or mounting more segments.
W1008 08:15:30.007938 78851 client_service.cpp:2046] Failed to start put operation for key=poh_70_1791447329 due to insufficient space. Consider lowering eviction_high_watermark_ratio or mounting more segments.
W1008 08:15:30.011967 78851 client_service.cpp:2046] Failed to start put operation for key=poh_71_1791447329 due to insufficient space. Consider lowering eviction_high_watermark_ratio or mounting more segments.
W1008 08:15:30.015986 78851 client_service.cpp:2046] Failed to start put operation for key=poh_72_1791447329 due to insufficient space. Consider lowering eviction_high_watermark_ratio or mounting more segments.
W1008 08:15:30.020002 78851 client_service.cpp:2046] Failed to start put operation for key=poh_73_1791447329 due to insufficient space. Consider lowering eviction_high_watermark_ratio or mounting more segments.
W1008 08:15:30.024029 78851 client_service.cpp:2046] Failed to start put operation for key=poh_74_1791447329 due to insufficient space. Consider lowering eviction_high_watermark_ratio or mounting more segments.
W1008 08:15:30.028043 78851 client_service.cpp:2046] Failed to start put operation for key=poh_75_1791447329 due to insufficient space. Consider lowering eviction_high_watermark_ratio or mounting more segments.
W1008 08:15:30.032058 78851 client_service.cpp:2046] Failed to start put operation for key=poh_76_1791447329 due to insufficient space. Consider lowering eviction_high_watermark_ratio or mounting more segments.
W1008 08:15:30.036077 78851 client_service.cpp:2046] Failed to start put operation for key=poh_77_1791447329 due to insufficient space. Consider lowering eviction_high_watermark_ratio or mounting more segments.
W1008 08:15:30.040158 78851 client_service.cpp:2046] Failed to start put operation for key=poh_78_1791447329 due to insufficient space. Consider lowering eviction_high_watermark_ratio or mounting more segments.
W1008 08:15:30.044190 78851 client_service.cpp:2046] Failed to start put operation for key=poh_79_1791447329 due to insufficient space. Consider lowering eviction_high_watermark_ratio or mounting more segments.
W1008 08:15:30.048218 78851 client_service.cpp:2046] Failed to start put operation for key=poh_80_1791447329 due to insufficient space. Consider lowering eviction_high_watermark_ratio or mounting more segments.
W1008 08:15:30.052232 78851 client_service.cpp:2046] Failed to start put operation for key=poh_81_1791447329 due to insufficient space. Consider lowering eviction_high_watermark_ratio or mounting more segments.
W1008 08:15:30.056257 78851 client_service.cpp:2046] Failed to start put operation for key=poh_82_1791447329 due to insufficient space. Consider lowering eviction_high_watermark_ratio or mounting more segments.
W1008 08:15:30.060279 78851 client_service.cpp:2046] Failed to start put operation for key=poh_83_1791447329 due to insufficient space. Consider lowering eviction_high_watermark_ratio or mounting more segments.
W1008 08:15:30.064294 78851 client_service.cpp:2046] Failed to start put operation for key=poh_84_1791447329 due to insufficient space. Consider lowering eviction_high_watermark_ratio or mounting more segments.
W1008 08:15:30.068318 78851 client_service.cpp:2046] Failed to start put operation for key=poh_85_1791447329 due to insufficient space. Consider lowering eviction_high_watermark_ratio or mounting more segments.
W1008 08:15:30.072329 78851 client_service.cpp:2046] Failed to start put operation for key=poh_86_1791447329 due to insufficient space. Consider lowering eviction_high_watermark_ratio or mounting more segments.
W1008 08:15:30.076339 78851 client_service.cpp:2046] Failed to start put operation for key=poh_87_1791447329 due to insufficient space. Consider lowering eviction_high_watermark_ratio or mounting more segments.
W1008 08:15:30.080368 78851 client_service.cpp:2046] Failed to start put operation for key=poh_88_1791447329 due to insufficient space. Consider lowering eviction_high_watermark_ratio or mounting more segments.
W1008 08:15:30.084384 78851 client_service.cpp:2046] Failed to start put operation for key=poh_89_1791447329 due to insufficient space. Consider lowering eviction_high_watermark_ratio or mounting more segments.
W1008 08:15:30.088398 78851 client_service.cpp:2046] Failed to start put operation for key=poh_90_1791447329 due to insufficient space. Consider lowering eviction_high_watermark_ratio or mounting more segments.
W1008 08:15:30.092420 78851 client_service.cpp:2046] Failed to start put operation for key=poh_91_1791447329 due to insufficient space. Consider lowering eviction_high_watermark_ratio or mounting more segments.
W1008 08:15:30.096477 78851 client_service.cpp:2046] Failed to start put operation for key=poh_92_1791447329 due to insufficient space. Consider lowering eviction_high_watermark_ratio or mounting more segments.
W1008 08:15:30.100634 78851 client_service.cpp:2046] Failed to start put operation for key=poh_93_1791447329 due to insufficient space. Consider lowering eviction_high_watermark_ratio or mounting more segments.
W1008 08:15:30.104745 78851 client_service.cpp:2046] Failed to start put operation for key=poh_94_1791447329 due to insufficient space. Consider lowering eviction_high_watermark_ratio or mounting more segments.
W1008 08:15:30.108798 78851 client_service.cpp:2046] Failed to start put operation for key=poh_95_1791447329 due to insufficient space. Consider lowering eviction_high_watermark_ratio or mounting more segments.
replica-type histogram after phase 2: {'DISK,LOCAL_DISK,MEMORY': 25, 'DISK,LOCAL_DISK': 5, 'DISK,MEMORY': 2}
I1008 08:15:33.116889 78851 real_client.cpp:8572] Time taken for batch_get_into_offload_object_internal: 3ms, with target_rpc_service_addr: localhost:34901, key size: 1, batch_id: 1, gc ttl: 5000ms.
I1008 08:15:33.119127 78851 real_client.cpp:8572] Time taken for batch_get_into_offload_object_internal: 1ms, with target_rpc_service_addr: localhost:34901, key size: 1, batch_id: 2, gc ttl: 5000ms.
I1008 08:15:33.121584 78851 real_client.cpp:8572] Time taken for batch_get_into_offload_object_internal: 1ms, with target_rpc_service_addr: localhost:34901, key size: 1, batch_id: 3, gc ttl: 5000ms.
I1008 08:15:33.123345 78851 real_client.cpp:8572] Time taken for batch_get_into_offload_object_internal: 1ms, with target_rpc_service_addr: localhost:34901, key size: 1, batch_id: 4, gc ttl: 5000ms.
replica types for poh_7_1791447329 after promotion: ['LOCAL_DISK', 'DISK', 'MEMORY']
.I1008 08:15:35.138550 78851 file_storage.cpp:118] Shutdown FileStorage...
I1008 08:15:36.691217 79114 file_storage.cpp:1295] action=client_buffer_gc_thread_stopped
I1008 08:15:36.691313 78851 aligned_client_buffer.cpp:161] AlignedClientBufferAllocator: freeing aligned memory at 0xfffb6bfff000 (1342177280 bytes)

----------------------------------------------------------------------
Ran 3 tests in 41.006s

OK (skipped=1)
WARNING: Logging before InitGoogleLogging() is written to STDERR
I1008 08:15:39.754722 83313 client_metric.cpp:80] Client metrics enabled (default enabled)
I1008 08:15:39.754770 83313 client_metric.cpp:81] Client bandwidth summary enabled via MC_STORE_CLIENT_METRIC_BANDWIDTH
I1008 08:15:39.758201 83313 client_service.cpp:458] client_id=5352016811908088053-17275209461551025582
I1008 08:15:39.758222 83313 client_service.cpp:472] Client metrics enabled but reporting disabled (interval=0)
I1008 08:15:39.760011 83313 client_service.cpp:1105] Storage root directory is: /tmp/mooncake_ci_prefetch
I1008 08:15:39.760027 83313 client_service.cpp:1106] Fs subdir is: mooncake_cluster
I1008 08:15:39.760031 83313 client_service.cpp:1107] Disk eviction enabled: 1
I1008 08:15:39.760035 83313 client_service.cpp:1109] Quota bytes: 0
I1008 08:15:39.760504 83313 storage_backend.cpp:122] Reconstructing storage state from disk at: "/tmp/mooncake_ci_prefetch/mooncake_cluster"
I1008 08:15:39.760586 83313 storage_backend.cpp:212] Init: Quota: 5599241714073, Used: 0, Available: 5599241714073
I1008 08:15:39.760634 83313 transfer_engine_impl.cpp:1140] Metrics reporting is disabled (set MC_TE_METRIC=1 to enable)
I1008 08:15:39.760664 83313 transfer_engine_impl.cpp:146] Transfer Engine parseHostNameWithPort. server_name: <ip> port: 12694
I1008 08:15:39.763921 83313 transfer_metadata_plugin.cpp:1462] Found active interface enp189s0f0 with IP <ip>
I1008 08:15:39.763940 83313 transfer_metadata_plugin.cpp:1451] Skipping interface virbr0 (not UP or not RUNNING)
I1008 08:15:39.763945 83313 transfer_metadata_plugin.cpp:1462] Found active interface docker0 with IP <ip>
I1008 08:15:39.763949 83313 transfer_metadata_plugin.cpp:1462] Found active interface tunl0 with IP <ip>
I1008 08:15:39.764060 83313 transfer_engine_impl.cpp:213] Transfer Engine RPC using new RPC mapping, listening on <ip>:16359
E1008 08:15:39.766721 83313 transfer_metadata_plugin.cpp:355] GET http://<ip>:8080/metadata?key=mooncake%2Frpc_meta%2F127.0.0.1%3A12694 http=404 body: metadata not found
I1008 08:15:39.767278 83313 client_service.cpp:891] Transfer engine auto discovery is disabled for protocol: tcp
W1008 08:15:39.767738 83313 transfer_metadata.cpp:1322] Failed to retrieve segment descriptor, name <ip>:12694
E1008 08:15:39.768209 83313 transfer_metadata_plugin.cpp:355] GET http://<ip>:8080/metadata?key=mooncake%2Fram%2F127.0.0.1%3A12694 http=404 body: metadata not found
I1008 08:15:39.768646 83313 tcp_transport.cpp:433] TcpTransport: listen on port 15429
I1008 08:15:39.768887 83313 tcp_transport.cpp:449] TcpTransport: I/O pool started with 1 thread(s)
I1008 08:15:39.769845 83313 transfer_task.cpp:1043] MC_STORE_MEMCPY not set, auto-detected: TCP-only environment, memcpy enabled
I1008 08:15:39.769862 83313 real_client.cpp:996] Successfully created client on port 12694 after 1 attempt(s)
I1008 08:15:39.771631 83313 real_client.cpp:1031] Registering local memory: 67108864 bytes
I1008 08:15:39.772604 83313 real_client.cpp:1173] Mounting segment: 33554432 bytes, 33554432 of 33554432
I1008 08:15:39.774580 83313 real_client.cpp:1278] Offload RPC server started on port 36941
I1008 08:15:39.954383 83313 aligned_client_buffer.cpp:127] AlignedClientBufferAllocator: allocated 1342177280 bytes at address 0xfffb4ffff000 (aligned to 4096 bytes)
I1008 08:15:39.956040 83313 storage_backend.cpp:1511] BucketStorageBackend: Allocated 33554432 bytes aligned buffer at 0xfffb4dffd000
I1008 08:15:39.957899 83313 storage_backend.cpp:2160] Bucket backend max_total_size not set; using 90% of disk capacity: 5599241714073 bytes
I1008 08:15:39.957931 83313 storage_backend.cpp:2167] Initialized BucketIdGenerator with fresh start. No existing buckets found; starting from ID: 7337768301937
I1008 08:15:39.957937 83313 file_storage.cpp:150] IsEnableOffloading result: true
I1008 08:15:39.958662 83549 file_storage.cpp:215] Starting periodic task with interval: 2s, running is: 1
I1008 08:15:39.958762 83550 file_storage.cpp:1274] action=client_buffer_gc_thread_started
I1008 08:15:39.959112 83313 ssd_prefetcher.cpp:134] SSD prefetch runtime: pool_size=4, ssd_get_wait_ms=2000
I1008 08:15:39.959129 83313 real_client.cpp:1325] SSD prefetch enabled: ssd_prefetch_cooldown_sec=5s, ssd_prefetch_dedup_ttl_sec=30s, ssd_get_wait_ms=2000ms
W1008 08:15:40.130780 83313 client_service.cpp:2046] Failed to start put operation for key=prefetch_promote_32_1791447339959 due to insufficient space. Consider lowering eviction_high_watermark_ratio or mounting more segments.
W1008 08:15:40.135375 83313 client_service.cpp:2046] Failed to start put operation for key=prefetch_promote_33_1791447339959 due to insufficient space. Consider lowering eviction_high_watermark_ratio or mounting more segments.
W1008 08:15:40.139456 83313 client_service.cpp:2046] Failed to start put operation for key=prefetch_promote_34_1791447339959 due to insufficient space. Consider lowering eviction_high_watermark_ratio or mounting more segments.
W1008 08:15:40.143522 83313 client_service.cpp:2046] Failed to start put operation for key=prefetch_promote_35_1791447339959 due to insufficient space. Consider lowering eviction_high_watermark_ratio or mounting more segments.
W1008 08:15:40.147595 83313 client_service.cpp:2046] Failed to start put operation for key=prefetch_promote_36_1791447339959 due to insufficient space. Consider lowering eviction_high_watermark_ratio or mounting more segments.
W1008 08:15:40.151638 83313 client_service.cpp:2046] Failed to start put operation for key=prefetch_promote_37_1791447339959 due to insufficient space. Consider lowering eviction_high_watermark_ratio or mounting more segments.
W1008 08:15:40.155740 83313 client_service.cpp:2046] Failed to start put operation for key=prefetch_promote_38_1791447339959 due to insufficient space. Consider lowering eviction_high_watermark_ratio or mounting more segments.
W1008 08:15:40.159813 83313 client_service.cpp:2046] Failed to start put operation for key=prefetch_promote_39_1791447339959 due to insufficient space. Consider lowering eviction_high_watermark_ratio or mounting more segments.
W1008 08:15:40.163913 83313 client_service.cpp:2046] Failed to start put operation for key=prefetch_promote_40_1791447339959 due to insufficient space. Consider lowering eviction_high_watermark_ratio or mounting more segments.
W1008 08:15:40.168025 83313 client_service.cpp:2046] Failed to start put operation for key=prefetch_promote_41_1791447339959 due to insufficient space. Consider lowering eviction_high_watermark_ratio or mounting more segments.
W1008 08:15:40.172082 83313 client_service.cpp:2046] Failed to start put operation for key=prefetch_promote_42_1791447339959 due to insufficient space. Consider lowering eviction_high_watermark_ratio or mounting more segments.
W1008 08:15:40.176134 83313 client_service.cpp:2046] Failed to start put operation for key=prefetch_promote_43_1791447339959 due to insufficient space. Consider lowering eviction_high_watermark_ratio or mounting more segments.
W1008 08:15:40.180198 83313 client_service.cpp:2046] Failed to start put operation for key=prefetch_promote_44_1791447339959 due to insufficient space. Consider lowering eviction_high_watermark_ratio or mounting more segments.
W1008 08:15:40.184242 83313 client_service.cpp:2046] Failed to start put operation for key=prefetch_promote_45_1791447339959 due to insufficient space. Consider lowering eviction_high_watermark_ratio or mounting more segments.
W1008 08:15:40.188292 83313 client_service.cpp:2046] Failed to start put operation for key=prefetch_promote_46_1791447339959 due to insufficient space. Consider lowering eviction_high_watermark_ratio or mounting more segments.
W1008 08:15:40.192373 83313 client_service.cpp:2046] Failed to start put operation for key=prefetch_promote_47_1791447339959 due to insufficient space. Consider lowering eviction_high_watermark_ratio or mounting more segments.
W1008 08:15:40.196426 83313 client_service.cpp:2046] Failed to start put operation for key=prefetch_promote_48_1791447339959 due to insufficient space. Consider lowering eviction_high_watermark_ratio or mounting more segments.
W1008 08:15:40.200524 83313 client_service.cpp:2046] Failed to start put operation for key=prefetch_promote_49_1791447339959 due to insufficient space. Consider lowering eviction_high_watermark_ratio or mounting more segments.
W1008 08:15:40.204581 83313 client_service.cpp:2046] Failed to start put operation for key=prefetch_promote_50_1791447339959 due to insufficient space. Consider lowering eviction_high_watermark_ratio or mounting more segments.
W1008 08:15:40.208642 83313 client_service.cpp:2046] Failed to start put operation for key=prefetch_promote_51_1791447339959 due to insufficient space. Consider lowering eviction_high_watermark_ratio or mounting more segments.
W1008 08:15:40.212728 83313 client_service.cpp:2046] Failed to start put operation for key=prefetch_promote_52_1791447339959 due to insufficient space. Consider lowering eviction_high_watermark_ratio or mounting more segments.
W1008 08:15:40.216778 83313 client_service.cpp:2046] Failed to start put operation for key=prefetch_promote_53_1791447339959 due to insufficient space. Consider lowering eviction_high_watermark_ratio or mounting more segments.
W1008 08:15:40.220820 83313 client_service.cpp:2046] Failed to start put operation for key=prefetch_promote_54_1791447339959 due to insufficient space. Consider lowering eviction_high_watermark_ratio or mounting more segments.
W1008 08:15:40.224903 83313 client_service.cpp:2046] Failed to start put operation for key=prefetch_promote_55_1791447339959 due to insufficient space. Consider lowering eviction_high_watermark_ratio or mounting more segments.
W1008 08:15:40.228958 83313 client_service.cpp:2046] Failed to start put operation for key=prefetch_promote_56_1791447339959 due to insufficient space. Consider lowering eviction_high_watermark_ratio or mounting more segments.
W1008 08:15:40.233000 83313 client_service.cpp:2046] Failed to start put operation for key=prefetch_promote_57_1791447339959 due to insufficient space. Consider lowering eviction_high_watermark_ratio or mounting more segments.
W1008 08:15:40.237084 83313 client_service.cpp:2046] Failed to start put operation for key=prefetch_promote_58_1791447339959 due to insufficient space. Consider lowering eviction_high_watermark_ratio or mounting more segments.
W1008 08:15:40.241137 83313 client_service.cpp:2046] Failed to start put operation for key=prefetch_promote_59_1791447339959 due to insufficient space. Consider lowering eviction_high_watermark_ratio or mounting more segments.
W1008 08:15:40.245187 83313 client_service.cpp:2046] Failed to start put operation for key=prefetch_promote_60_1791447339959 due to insufficient space. Consider lowering eviction_high_watermark_ratio or mounting more segments.
W1008 08:15:40.249253 83313 client_service.cpp:2046] Failed to start put operation for key=prefetch_promote_61_1791447339959 due to insufficient space. Consider lowering eviction_high_watermark_ratio or mounting more segments.
W1008 08:15:40.253297 83313 client_service.cpp:2046] Failed to start put operation for key=prefetch_promote_62_1791447339959 due to insufficient space. Consider lowering eviction_high_watermark_ratio or mounting more segments.
W1008 08:15:40.257375 83313 client_service.cpp:2046] Failed to start put operation for key=prefetch_promote_63_1791447339959 due to insufficient space. Consider lowering eviction_high_watermark_ratio or mounting more segments.
W1008 08:15:40.261433 83313 client_service.cpp:2046] Failed to start put operation for key=prefetch_promote_64_1791447339959 due to insufficient space. Consider lowering eviction_high_watermark_ratio or mounting more segments.
W1008 08:15:40.265482 83313 client_service.cpp:2046] Failed to start put operation for key=prefetch_promote_65_1791447339959 due to insufficient space. Consider lowering eviction_high_watermark_ratio or mounting more segments.
W1008 08:15:40.269565 83313 client_service.cpp:2046] Failed to start put operation for key=prefetch_promote_66_1791447339959 due to insufficient space. Consider lowering eviction_high_watermark_ratio or mounting more segments.
W1008 08:15:40.273613 83313 client_service.cpp:2046] Failed to start put operation for key=prefetch_promote_67_1791447339959 due to insufficient space. Consider lowering eviction_high_watermark_ratio or mounting more segments.
W1008 08:15:40.277657 83313 client_service.cpp:2046] Failed to start put operation for key=prefetch_promote_68_1791447339959 due to insufficient space. Consider lowering eviction_high_watermark_ratio or mounting more segments.
W1008 08:15:40.281730 83313 client_service.cpp:2046] Failed to start put operation for key=prefetch_promote_69_1791447339959 due to insufficient space. Consider lowering eviction_high_watermark_ratio or mounting more segments.
W1008 08:15:40.285784 83313 client_service.cpp:2046] Failed to start put operation for key=prefetch_promote_70_1791447339959 due to insufficient space. Consider lowering eviction_high_watermark_ratio or mounting more segments.
W1008 08:15:40.289839 83313 client_service.cpp:2046] Failed to start put operation for key=prefetch_promote_71_1791447339959 due to insufficient space. Consider lowering eviction_high_watermark_ratio or mounting more segments.
W1008 08:15:40.293897 83313 client_service.cpp:2046] Failed to start put operation for key=prefetch_promote_72_1791447339959 due to insufficient space. Consider lowering eviction_high_watermark_ratio or mounting more segments.
W1008 08:15:40.298043 83313 client_service.cpp:2046] Failed to start put operation for key=prefetch_promote_73_1791447339959 due to insufficient space. Consider lowering eviction_high_watermark_ratio or mounting more segments.
W1008 08:15:40.302228 83313 client_service.cpp:2046] Failed to start put operation for key=prefetch_promote_74_1791447339959 due to insufficient space. Consider lowering eviction_high_watermark_ratio or mounting more segments.
W1008 08:15:40.306377 83313 client_service.cpp:2046] Failed to start put operation for key=prefetch_promote_75_1791447339959 due to insufficient space. Consider lowering eviction_high_watermark_ratio or mounting more segments.
W1008 08:15:40.310460 83313 client_service.cpp:2046] Failed to start put operation for key=prefetch_promote_76_1791447339959 due to insufficient space. Consider lowering eviction_high_watermark_ratio or mounting more segments.
W1008 08:15:40.314564 83313 client_service.cpp:2046] Failed to start put operation for key=prefetch_promote_77_1791447339959 due to insufficient space. Consider lowering eviction_high_watermark_ratio or mounting more segments.
W1008 08:15:40.318621 83313 client_service.cpp:2046] Failed to start put operation for key=prefetch_promote_78_1791447339959 due to insufficient space. Consider lowering eviction_high_watermark_ratio or mounting more segments.
W1008 08:15:40.322665 83313 client_service.cpp:2046] Failed to start put operation for key=prefetch_promote_79_1791447339959 due to insufficient space. Consider lowering eviction_high_watermark_ratio or mounting more segments.
W1008 08:15:40.326776 83313 client_service.cpp:2046] Failed to start put operation for key=prefetch_promote_80_1791447339959 due to insufficient space. Consider lowering eviction_high_watermark_ratio or mounting more segments.
W1008 08:15:40.330818 83313 client_service.cpp:2046] Failed to start put operation for key=prefetch_promote_81_1791447339959 due to insufficient space. Consider lowering eviction_high_watermark_ratio or mounting more segments.
W1008 08:15:40.334918 83313 client_service.cpp:2046] Failed to start put operation for key=prefetch_promote_82_1791447339959 due to insufficient space. Consider lowering eviction_high_watermark_ratio or mounting more segments.
W1008 08:15:40.338977 83313 client_service.cpp:2046] Failed to start put operation for key=prefetch_promote_83_1791447339959 due to insufficient space. Consider lowering eviction_high_watermark_ratio or mounting more segments.
W1008 08:15:40.343004 83313 client_service.cpp:2046] Failed to start put operation for key=prefetch_promote_84_1791447339959 due to insufficient space. Consider lowering eviction_high_watermark_ratio or mounting more segments.
W1008 08:15:40.347072 83313 client_service.cpp:2046] Failed to start put operation for key=prefetch_promote_85_1791447339959 due to insufficient space. Consider lowering eviction_high_watermark_ratio or mounting more segments.
W1008 08:15:40.351100 83313 client_service.cpp:2046] Failed to start put operation for key=prefetch_promote_86_1791447339959 due to insufficient space. Consider lowering eviction_high_watermark_ratio or mounting more segments.
W1008 08:15:40.355124 83313 client_service.cpp:2046] Failed to start put operation for key=prefetch_promote_87_1791447339959 due to insufficient space. Consider lowering eviction_high_watermark_ratio or mounting more segments.
W1008 08:15:40.359191 83313 client_service.cpp:2046] Failed to start put operation for key=prefetch_promote_88_1791447339959 due to insufficient space. Consider lowering eviction_high_watermark_ratio or mounting more segments.
W1008 08:15:40.363217 83313 client_service.cpp:2046] Failed to start put operation for key=prefetch_promote_89_1791447339959 due to insufficient space. Consider lowering eviction_high_watermark_ratio or mounting more segments.
W1008 08:15:40.367240 83313 client_service.cpp:2046] Failed to start put operation for key=prefetch_promote_90_1791447339959 due to insufficient space. Consider lowering eviction_high_watermark_ratio or mounting more segments.
W1008 08:15:40.371300 83313 client_service.cpp:2046] Failed to start put operation for key=prefetch_promote_91_1791447339959 due to insufficient space. Consider lowering eviction_high_watermark_ratio or mounting more segments.
W1008 08:15:40.375329 83313 client_service.cpp:2046] Failed to start put operation for key=prefetch_promote_92_1791447339959 due to insufficient space. Consider lowering eviction_high_watermark_ratio or mounting more segments.
W1008 08:15:40.379354 83313 client_service.cpp:2046] Failed to start put operation for key=prefetch_promote_93_1791447339959 due to insufficient space. Consider lowering eviction_high_watermark_ratio or mounting more segments.
W1008 08:15:40.383424 83313 client_service.cpp:2046] Failed to start put operation for key=prefetch_promote_94_1791447339959 due to insufficient space. Consider lowering eviction_high_watermark_ratio or mounting more segments.
W1008 08:15:40.387452 83313 client_service.cpp:2046] Failed to start put operation for key=prefetch_promote_95_1791447339959 due to insufficient space. Consider lowering eviction_high_watermark_ratio or mounting more segments.
replica-type histogram: {'DISK,LOCAL_DISK,MEMORY': 13, 'DISK,LOCAL_DISK': 1}
.W1008 08:15:44.555667 83313 client_service.cpp:2046] Failed to start put operation for key=prefetch_control_29_1791447344399 due to insufficient space. Consider lowering eviction_high_watermark_ratio or mounting more segments.
W1008 08:15:44.560186 83313 client_service.cpp:2046] Failed to start put operation for key=prefetch_control_30_1791447344399 due to insufficient space. Consider lowering eviction_high_watermark_ratio or mounting more segments.
W1008 08:15:44.564229 83313 client_service.cpp:2046] Failed to start put operation for key=prefetch_control_31_1791447344399 due to insufficient space. Consider lowering eviction_high_watermark_ratio or mounting more segments.
W1008 08:15:44.568266 83313 client_service.cpp:2046] Failed to start put operation for key=prefetch_control_32_1791447344399 due to insufficient space. Consider lowering eviction_high_watermark_ratio or mounting more segments.
W1008 08:15:44.572310 83313 client_service.cpp:2046] Failed to start put operation for key=prefetch_control_33_1791447344399 due to insufficient space. Consider lowering eviction_high_watermark_ratio or mounting more segments.
W1008 08:15:44.576346 83313 client_service.cpp:2046] Failed to start put operation for key=prefetch_control_34_1791447344399 due to insufficient space. Consider lowering eviction_high_watermark_ratio or mounting more segments.
W1008 08:15:44.580374 83313 client_service.cpp:2046] Failed to start put operation for key=prefetch_control_35_1791447344399 due to insufficient space. Consider lowering eviction_high_watermark_ratio or mounting more segments.
W1008 08:15:44.584421 83313 client_service.cpp:2046] Failed to start put operation for key=prefetch_control_36_1791447344399 due to insufficient space. Consider lowering eviction_high_watermark_ratio or mounting more segments.
W1008 08:15:44.588452 83313 client_service.cpp:2046] Failed to start put operation for key=prefetch_control_37_1791447344399 due to insufficient space. Consider lowering eviction_high_watermark_ratio or mounting more segments.
W1008 08:15:44.592504 83313 client_service.cpp:2046] Failed to start put operation for key=prefetch_control_38_1791447344399 due to insufficient space. Consider lowering eviction_high_watermark_ratio or mounting more segments.
W1008 08:15:44.596561 83313 client_service.cpp:2046] Failed to start put operation for key=prefetch_control_39_1791447344399 due to insufficient space. Consider lowering eviction_high_watermark_ratio or mounting more segments.
W1008 08:15:44.600600 83313 client_service.cpp:2046] Failed to start put operation for key=prefetch_control_40_1791447344399 due to insufficient space. Consider lowering eviction_high_watermark_ratio or mounting more segments.
W1008 08:15:44.604650 83313 client_service.cpp:2046] Failed to start put operation for key=prefetch_control_41_1791447344399 due to insufficient space. Consider lowering eviction_high_watermark_ratio or mounting more segments.
W1008 08:15:44.608685 83313 client_service.cpp:2046] Failed to start put operation for key=prefetch_control_42_1791447344399 due to insufficient space. Consider lowering eviction_high_watermark_ratio or mounting more segments.
W1008 08:15:44.612718 83313 client_service.cpp:2046] Failed to start put operation for key=prefetch_control_43_1791447344399 due to insufficient space. Consider lowering eviction_high_watermark_ratio or mounting more segments.
W1008 08:15:44.616767 83313 client_service.cpp:2046] Failed to start put operation for key=prefetch_control_44_1791447344399 due to insufficient space. Consider lowering eviction_high_watermark_ratio or mounting more segments.
W1008 08:15:44.620798 83313 client_service.cpp:2046] Failed to start put operation for key=prefetch_control_45_1791447344399 due to insufficient space. Consider lowering eviction_high_watermark_ratio or mounting more segments.
W1008 08:15:44.624847 83313 client_service.cpp:2046] Failed to start put operation for key=prefetch_control_46_1791447344399 due to insufficient space. Consider lowering eviction_high_watermark_ratio or mounting more segments.
W1008 08:15:44.628891 83313 client_service.cpp:2046] Failed to start put operation for key=prefetch_control_47_1791447344399 due to insufficient space. Consider lowering eviction_high_watermark_ratio or mounting more segments.
W1008 08:15:44.632925 83313 client_service.cpp:2046] Failed to start put operation for key=prefetch_control_48_1791447344399 due to insufficient space. Consider lowering eviction_high_watermark_ratio or mounting more segments.
W1008 08:15:44.636960 83313 client_service.cpp:2046] Failed to start put operation for key=prefetch_control_49_1791447344399 due to insufficient space. Consider lowering eviction_high_watermark_ratio or mounting more segments.
W1008 08:15:44.641057 83313 client_service.cpp:2046] Failed to start put operation for key=prefetch_control_50_1791447344399 due to insufficient space. Consider lowering eviction_high_watermark_ratio or mounting more segments.
W1008 08:15:44.645100 83313 client_service.cpp:2046] Failed to start put operation for key=prefetch_control_51_1791447344399 due to insufficient space. Consider lowering eviction_high_watermark_ratio or mounting more segments.
W1008 08:15:44.649164 83313 client_service.cpp:2046] Failed to start put operation for key=prefetch_control_52_1791447344399 due to insufficient space. Consider lowering eviction_high_watermark_ratio or mounting more segments.
W1008 08:15:44.653201 83313 client_service.cpp:2046] Failed to start put operation for key=prefetch_control_53_1791447344399 due to insufficient space. Consider lowering eviction_high_watermark_ratio or mounting more segments.
W1008 08:15:44.657244 83313 client_service.cpp:2046] Failed to start put operation for key=prefetch_control_54_1791447344399 due to insufficient space. Consider lowering eviction_high_watermark_ratio or mounting more segments.
W1008 08:15:44.663764 83313 client_service.cpp:2046] Failed to start put operation for key=prefetch_control_55_1791447344399 due to insufficient space. Consider lowering eviction_high_watermark_ratio or mounting more segments.
W1008 08:15:44.668016 83313 client_service.cpp:2046] Failed to start put operation for key=prefetch_control_56_1791447344399 due to insufficient space. Consider lowering eviction_high_watermark_ratio or mounting more segments.
W1008 08:15:44.672063 83313 client_service.cpp:2046] Failed to start put operation for key=prefetch_control_57_1791447344399 due to insufficient space. Consider lowering eviction_high_watermark_ratio or mounting more segments.
W1008 08:15:44.676156 83313 client_service.cpp:2046] Failed to start put operation for key=prefetch_control_58_1791447344399 due to insufficient space. Consider lowering eviction_high_watermark_ratio or mounting more segments.
W1008 08:15:44.680207 83313 client_service.cpp:2046] Failed to start put operation for key=prefetch_control_59_1791447344399 due to insufficient space. Consider lowering eviction_high_watermark_ratio or mounting more segments.
W1008 08:15:44.684269 83313 client_service.cpp:2046] Failed to start put operation for key=prefetch_control_60_1791447344399 due to insufficient space. Consider lowering eviction_high_watermark_ratio or mounting more segments.
W1008 08:15:44.688422 83313 client_service.cpp:2046] Failed to start put operation for key=prefetch_control_61_1791447344399 due to insufficient space. Consider lowering eviction_high_watermark_ratio or mounting more segments.
W1008 08:15:44.692518 83313 client_service.cpp:2046] Failed to start put operation for key=prefetch_control_62_1791447344399 due to insufficient space. Consider lowering eviction_high_watermark_ratio or mounting more segments.
W1008 08:15:44.696604 83313 client_service.cpp:2046] Failed to start put operation for key=prefetch_control_63_1791447344399 due to insufficient space. Consider lowering eviction_high_watermark_ratio or mounting more segments.
W1008 08:15:44.700670 83313 client_service.cpp:2046] Failed to start put operation for key=prefetch_control_64_1791447344399 due to insufficient space. Consider lowering eviction_high_watermark_ratio or mounting more segments.
W1008 08:15:44.704772 83313 client_service.cpp:2046] Failed to start put operation for key=prefetch_control_65_1791447344399 due to insufficient space. Consider lowering eviction_high_watermark_ratio or mounting more segments.
W1008 08:15:44.708829 83313 client_service.cpp:2046] Failed to start put operation for key=prefetch_control_66_1791447344399 due to insufficient space. Consider lowering eviction_high_watermark_ratio or mounting more segments.
W1008 08:15:44.712882 83313 client_service.cpp:2046] Failed to start put operation for key=prefetch_control_67_1791447344399 due to insufficient space. Consider lowering eviction_high_watermark_ratio or mounting more segments.
W1008 08:15:44.716924 83313 client_service.cpp:2046] Failed to start put operation for key=prefetch_control_68_1791447344399 due to insufficient space. Consider lowering eviction_high_watermark_ratio or mounting more segments.
W1008 08:15:44.720953 83313 client_service.cpp:2046] Failed to start put operation for key=prefetch_control_69_1791447344399 due to insufficient space. Consider lowering eviction_high_watermark_ratio or mounting more segments.
W1008 08:15:44.724998 83313 client_service.cpp:2046] Failed to start put operation for key=prefetch_control_70_1791447344399 due to insufficient space. Consider lowering eviction_high_watermark_ratio or mounting more segments.
W1008 08:15:44.729036 83313 client_service.cpp:2046] Failed to start put operation for key=prefetch_control_71_1791447344399 due to insufficient space. Consider lowering eviction_high_watermark_ratio or mounting more segments.
W1008 08:15:44.733057 83313 client_service.cpp:2046] Failed to start put operation for key=prefetch_control_72_1791447344399 due to insufficient space. Consider lowering eviction_high_watermark_ratio or mounting more segments.
W1008 08:15:44.737077 83313 client_service.cpp:2046] Failed to start put operation for key=prefetch_control_73_1791447344399 due to insufficient space. Consider lowering eviction_high_watermark_ratio or mounting more segments.
W1008 08:15:44.741122 83313 client_service.cpp:2046] Failed to start put operation for key=prefetch_control_74_1791447344399 due to insufficient space. Consider lowering eviction_high_watermark_ratio or mounting more segments.
W1008 08:15:44.745142 83313 client_service.cpp:2046] Failed to start put operation for key=prefetch_control_75_1791447344399 due to insufficient space. Consider lowering eviction_high_watermark_ratio or mounting more segments.
W1008 08:15:44.749185 83313 client_service.cpp:2046] Failed to start put operation for key=prefetch_control_76_1791447344399 due to insufficient space. Consider lowering eviction_high_watermark_ratio or mounting more segments.
W1008 08:15:44.753216 83313 client_service.cpp:2046] Failed to start put operation for key=prefetch_control_77_1791447344399 due to insufficient space. Consider lowering eviction_high_watermark_ratio or mounting more segments.
W1008 08:15:44.757308 83313 client_service.cpp:2046] Failed to start put operation for key=prefetch_control_78_1791447344399 due to insufficient space. Consider lowering eviction_high_watermark_ratio or mounting more segments.
W1008 08:15:44.761384 83313 client_service.cpp:2046] Failed to start put operation for key=prefetch_control_79_1791447344399 due to insufficient space. Consider lowering eviction_high_watermark_ratio or mounting more segments.
W1008 08:15:44.765465 83313 client_service.cpp:2046] Failed to start put operation for key=prefetch_control_80_1791447344399 due to insufficient space. Consider lowering eviction_high_watermark_ratio or mounting more segments.
W1008 08:15:44.769506 83313 client_service.cpp:2046] Failed to start put operation for key=prefetch_control_81_1791447344399 due to insufficient space. Consider lowering eviction_high_watermark_ratio or mounting more segments.
W1008 08:15:44.773583 83313 client_service.cpp:2046] Failed to start put operation for key=prefetch_control_82_1791447344399 due to insufficient space. Consider lowering eviction_high_watermark_ratio or mounting more segments.
W1008 08:15:44.777612 83313 client_service.cpp:2046] Failed to start put operation for key=prefetch_control_83_1791447344399 due to insufficient space. Consider lowering eviction_high_watermark_ratio or mounting more segments.
W1008 08:15:44.781646 83313 client_service.cpp:2046] Failed to start put operation for key=prefetch_control_84_1791447344399 due to insufficient space. Consider lowering eviction_high_watermark_ratio or mounting more segments.
W1008 08:15:44.785682 83313 client_service.cpp:2046] Failed to start put operation for key=prefetch_control_85_1791447344399 due to insufficient space. Consider lowering eviction_high_watermark_ratio or mounting more segments.
W1008 08:15:44.789707 83313 client_service.cpp:2046] Failed to start put operation for key=prefetch_control_86_1791447344399 due to insufficient space. Consider lowering eviction_high_watermark_ratio or mounting more segments.
W1008 08:15:44.793730 83313 client_service.cpp:2046] Failed to start put operation for key=prefetch_control_87_1791447344399 due to insufficient space. Consider lowering eviction_high_watermark_ratio or mounting more segments.
W1008 08:15:44.797802 83313 client_service.cpp:2046] Failed to start put operation for key=prefetch_control_88_1791447344399 due to insufficient space. Consider lowering eviction_high_watermark_ratio or mounting more segments.
W1008 08:15:44.801847 83313 client_service.cpp:2046] Failed to start put operation for key=prefetch_control_89_1791447344399 due to insufficient space. Consider lowering eviction_high_watermark_ratio or mounting more segments.
W1008 08:15:44.805886 83313 client_service.cpp:2046] Failed to start put operation for key=prefetch_control_90_1791447344399 due to insufficient space. Consider lowering eviction_high_watermark_ratio or mounting more segments.
W1008 08:15:44.809921 83313 client_service.cpp:2046] Failed to start put operation for key=prefetch_control_91_1791447344399 due to insufficient space. Consider lowering eviction_high_watermark_ratio or mounting more segments.
W1008 08:15:44.813949 83313 client_service.cpp:2046] Failed to start put operation for key=prefetch_control_92_1791447344399 due to insufficient space. Consider lowering eviction_high_watermark_ratio or mounting more segments.
W1008 08:15:44.817996 83313 client_service.cpp:2046] Failed to start put operation for key=prefetch_control_93_1791447344399 due to insufficient space. Consider lowering eviction_high_watermark_ratio or mounting more segments.
W1008 08:15:44.822026 83313 client_service.cpp:2046] Failed to start put operation for key=prefetch_control_94_1791447344399 due to insufficient space. Consider lowering eviction_high_watermark_ratio or mounting more segments.
W1008 08:15:44.826045 83313 client_service.cpp:2046] Failed to start put operation for key=prefetch_control_95_1791447344399 due to insufficient space. Consider lowering eviction_high_watermark_ratio or mounting more segments.
replica-type histogram: {'DISK,LOCAL_DISK,MEMORY': 2, 'DISK,LOCAL_DISK': 1}
.I1008 08:15:51.836892 83313 storage_backend.cpp:512] Successfully removed file: /tmp/mooncake_ci_prefetch/mooncake_cluster/j/n/prefetch_promote_0_1791447339959
I1008 08:15:51.837327 83313 storage_backend.cpp:512] Successfully removed file: /tmp/mooncake_ci_prefetch/mooncake_cluster/g/o/prefetch_promote_1_1791447339959
I1008 08:15:51.837647 83313 storage_backend.cpp:512] Successfully removed file: /tmp/mooncake_ci_prefetch/mooncake_cluster/b/l/prefetch_promote_2_1791447339959
I1008 08:15:51.837992 83313 storage_backend.cpp:512] Successfully removed file: /tmp/mooncake_ci_prefetch/mooncake_cluster/k/i/prefetch_promote_3_1791447339959
I1008 08:15:51.838280 83313 storage_backend.cpp:512] Successfully removed file: /tmp/mooncake_ci_prefetch/mooncake_cluster/n/l/prefetch_promote_4_1791447339959
I1008 08:15:51.838639 83313 storage_backend.cpp:512] Successfully removed file: /tmp/mooncake_ci_prefetch/mooncake_cluster/f/a/prefetch_promote_5_1791447339959
I1008 08:15:51.838932 83313 storage_backend.cpp:512] Successfully removed file: /tmp/mooncake_ci_prefetch/mooncake_cluster/f/p/prefetch_promote_6_1791447339959
I1008 08:15:51.839218 83313 storage_backend.cpp:512] Successfully removed file: /tmp/mooncake_ci_prefetch/mooncake_cluster/l/a/prefetch_promote_7_1791447339959
I1008 08:15:51.839579 83313 storage_backend.cpp:512] Successfully removed file: /tmp/mooncake_ci_prefetch/mooncake_cluster/i/f/prefetch_promote_8_1791447339959
I1008 08:15:51.839920 83313 storage_backend.cpp:512] Successfully removed file: /tmp/mooncake_ci_prefetch/mooncake_cluster/m/o/prefetch_promote_9_1791447339959
I1008 08:15:51.840243 83313 storage_backend.cpp:512] Successfully removed file: /tmp/mooncake_ci_prefetch/mooncake_cluster/h/c/prefetch_promote_10_1791447339959
I1008 08:15:51.840566 83313 storage_backend.cpp:512] Successfully removed file: /tmp/mooncake_ci_prefetch/mooncake_cluster/j/e/prefetch_promote_11_1791447339959
I1008 08:15:51.840859 83313 storage_backend.cpp:512] Successfully removed file: /tmp/mooncake_ci_prefetch/mooncake_cluster/m/n/prefetch_promote_12_1791447339959
I1008 08:15:51.841183 83313 storage_backend.cpp:512] Successfully removed file: /tmp/mooncake_ci_prefetch/mooncake_cluster/l/k/prefetch_promote_13_1791447339959
I1008 08:15:51.841512 83313 storage_backend.cpp:512] Successfully removed file: /tmp/mooncake_ci_prefetch/mooncake_cluster/b/k/prefetch_promote_14_1791447339959
I1008 08:15:51.841806 83313 storage_backend.cpp:512] Successfully removed file: /tmp/mooncake_ci_prefetch/mooncake_cluster/k/p/prefetch_promote_15_1791447339959
I1008 08:15:51.842132 83313 storage_backend.cpp:512] Successfully removed file: /tmp/mooncake_ci_prefetch/mooncake_cluster/h/k/prefetch_promote_16_1791447339959
I1008 08:15:51.842459 83313 storage_backend.cpp:512] Successfully removed file: /tmp/mooncake_ci_prefetch/mooncake_cluster/c/l/prefetch_promote_17_1791447339959
I1008 08:15:51.842808 83313 storage_backend.cpp:512] Successfully removed file: /tmp/mooncake_ci_prefetch/mooncake_cluster/f/d/prefetch_promote_18_1791447339959
I1008 08:15:51.843119 83313 storage_backend.cpp:512] Successfully removed file: /tmp/mooncake_ci_prefetch/mooncake_cluster/g/o/prefetch_promote_19_1791447339959
I1008 08:15:51.843441 83313 storage_backend.cpp:512] Successfully removed file: /tmp/mooncake_ci_prefetch/mooncake_cluster/k/e/prefetch_promote_20_1791447339959
I1008 08:15:51.843763 83313 storage_backend.cpp:512] Successfully removed file: /tmp/mooncake_ci_prefetch/mooncake_cluster/b/e/prefetch_promote_21_1791447339959
I1008 08:15:51.844070 83313 storage_backend.cpp:512] Successfully removed file: /tmp/mooncake_ci_prefetch/mooncake_cluster/l/f/prefetch_promote_22_1791447339959
I1008 08:15:51.844355 83313 storage_backend.cpp:512] Successfully removed file: /tmp/mooncake_ci_prefetch/mooncake_cluster/k/j/prefetch_promote_23_1791447339959
I1008 08:15:51.844666 83313 storage_backend.cpp:512] Successfully removed file: /tmp/mooncake_ci_prefetch/mooncake_cluster/k/a/prefetch_promote_24_1791447339959
I1008 08:15:51.844993 83313 storage_backend.cpp:512] Successfully removed file: /tmp/mooncake_ci_prefetch/mooncake_cluster/p/o/prefetch_promote_25_1791447339959
I1008 08:15:51.845322 83313 storage_backend.cpp:512] Successfully removed file: /tmp/mooncake_ci_prefetch/mooncake_cluster/e/f/prefetch_promote_26_1791447339959
I1008 08:15:51.845645 83313 storage_backend.cpp:512] Successfully removed file: /tmp/mooncake_ci_prefetch/mooncake_cluster/b/j/prefetch_promote_27_1791447339959
I1008 08:15:51.845959 83313 storage_backend.cpp:512] Successfully removed file: /tmp/mooncake_ci_prefetch/mooncake_cluster/o/m/prefetch_promote_28_1791447339959
I1008 08:15:51.846271 83313 storage_backend.cpp:512] Successfully removed file: /tmp/mooncake_ci_prefetch/mooncake_cluster/b/o/prefetch_promote_29_1791447339959
I1008 08:15:51.846570 83313 storage_backend.cpp:512] Successfully removed file: /tmp/mooncake_ci_prefetch/mooncake_cluster/b/b/prefetch_promote_30_1791447339959
I1008 08:15:51.846886 83313 storage_backend.cpp:512] Successfully removed file: /tmp/mooncake_ci_prefetch/mooncake_cluster/l/b/prefetch_promote_31_1791447339959
I1008 08:15:51.847288 83313 storage_backend.cpp:512] Successfully removed file: /tmp/mooncake_ci_prefetch/mooncake_cluster/c/c/prefetch_control_0_1791447344399
I1008 08:15:51.847648 83313 storage_backend.cpp:512] Successfully removed file: /tmp/mooncake_ci_prefetch/mooncake_cluster/d/e/prefetch_control_1_1791447344399
I1008 08:15:51.847995 83313 storage_backend.cpp:512] Successfully removed file: /tmp/mooncake_ci_prefetch/mooncake_cluster/c/f/prefetch_control_2_1791447344399
I1008 08:15:51.848310 83313 storage_backend.cpp:512] Successfully removed file: /tmp/mooncake_ci_prefetch/mooncake_cluster/e/e/prefetch_control_3_1791447344399
I1008 08:15:51.848652 83313 storage_backend.cpp:512] Successfully removed file: /tmp/mooncake_ci_prefetch/mooncake_cluster/b/p/prefetch_control_4_1791447344399
I1008 08:15:51.848948 83313 storage_backend.cpp:512] Successfully removed file: /tmp/mooncake_ci_prefetch/mooncake_cluster/m/c/prefetch_control_5_1791447344399
I1008 08:15:51.849275 83313 storage_backend.cpp:512] Successfully removed file: /tmp/mooncake_ci_prefetch/mooncake_cluster/h/p/prefetch_control_6_1791447344399
I1008 08:15:51.849570 83313 storage_backend.cpp:512] Successfully removed file: /tmp/mooncake_ci_prefetch/mooncake_cluster/p/d/prefetch_control_7_1791447344399
I1008 08:15:51.849889 83313 storage_backend.cpp:512] Successfully removed file: /tmp/mooncake_ci_prefetch/mooncake_cluster/c/p/prefetch_control_8_1791447344399
I1008 08:15:51.850196 83313 storage_backend.cpp:512] Successfully removed file: /tmp/mooncake_ci_prefetch/mooncake_cluster/j/m/prefetch_control_9_1791447344399
I1008 08:15:51.850535 83313 storage_backend.cpp:512] Successfully removed file: /tmp/mooncake_ci_prefetch/mooncake_cluster/g/a/prefetch_control_10_1791447344399
I1008 08:15:51.850847 83313 storage_backend.cpp:512] Successfully removed file: /tmp/mooncake_ci_prefetch/mooncake_cluster/h/a/prefetch_control_11_1791447344399
I1008 08:15:51.851179 83313 storage_backend.cpp:512] Successfully removed file: /tmp/mooncake_ci_prefetch/mooncake_cluster/f/f/prefetch_control_12_1791447344399
I1008 08:15:51.851477 83313 storage_backend.cpp:512] Successfully removed file: /tmp/mooncake_ci_prefetch/mooncake_cluster/b/h/prefetch_control_13_1791447344399
I1008 08:15:51.851832 83313 storage_backend.cpp:512] Successfully removed file: /tmp/mooncake_ci_prefetch/mooncake_cluster/f/j/prefetch_control_14_1791447344399
I1008 08:15:51.852126 83313 storage_backend.cpp:512] Successfully removed file: /tmp/mooncake_ci_prefetch/mooncake_cluster/h/l/prefetch_control_15_1791447344399
I1008 08:15:51.852473 83313 storage_backend.cpp:512] Successfully removed file: /tmp/mooncake_ci_prefetch/mooncake_cluster/a/n/prefetch_control_16_1791447344399
I1008 08:15:51.852768 83313 storage_backend.cpp:512] Successfully removed file: /tmp/mooncake_ci_prefetch/mooncake_cluster/h/o/prefetch_control_17_1791447344399
I1008 08:15:51.853097 83313 storage_backend.cpp:512] Successfully removed file: /tmp/mooncake_ci_prefetch/mooncake_cluster/c/i/prefetch_control_18_1791447344399
I1008 08:15:51.853386 83313 storage_backend.cpp:512] Successfully removed file: /tmp/mooncake_ci_prefetch/mooncake_cluster/e/j/prefetch_control_19_1791447344399
I1008 08:15:51.853729 83313 storage_backend.cpp:512] Successfully removed file: /tmp/mooncake_ci_prefetch/mooncake_cluster/d/h/prefetch_control_20_1791447344399
I1008 08:15:51.854012 83313 storage_backend.cpp:512] Successfully removed file: /tmp/mooncake_ci_prefetch/mooncake_cluster/c/h/prefetch_control_21_1791447344399
I1008 08:15:51.854347 83313 storage_backend.cpp:512] Successfully removed file: /tmp/mooncake_ci_prefetch/mooncake_cluster/b/n/prefetch_control_22_1791447344399
I1008 08:15:51.854635 83313 storage_backend.cpp:512] Successfully removed file: /tmp/mooncake_ci_prefetch/mooncake_cluster/h/f/prefetch_control_23_1791447344399
I1008 08:15:51.854982 83313 storage_backend.cpp:512] Successfully removed file: /tmp/mooncake_ci_prefetch/mooncake_cluster/n/o/prefetch_control_24_1791447344399
I1008 08:15:51.855268 83313 storage_backend.cpp:512] Successfully removed file: /tmp/mooncake_ci_prefetch/mooncake_cluster/p/l/prefetch_control_25_1791447344399
I1008 08:15:51.855610 83313 storage_backend.cpp:512] Successfully removed file: /tmp/mooncake_ci_prefetch/mooncake_cluster/c/e/prefetch_control_26_1791447344399
I1008 08:15:51.855906 83313 storage_backend.cpp:512] Successfully removed file: /tmp/mooncake_ci_prefetch/mooncake_cluster/p/h/prefetch_control_27_1791447344399
I1008 08:15:51.856258 83313 storage_backend.cpp:512] Successfully removed file: /tmp/mooncake_ci_prefetch/mooncake_cluster/i/f/prefetch_control_28_1791447344399
FI1008 08:15:51.898512 83313 file_storage.cpp:118] Shutdown FileStorage...
I1008 08:15:52.959648 83550 file_storage.cpp:1295] action=client_buffer_gc_thread_stopped
I1008 08:15:52.959767 83313 aligned_client_buffer.cpp:161] AlignedClientBufferAllocator: freeing aligned memory at 0xfffb4ffff000 (1342177280 bytes)

======================================================================
FAIL: test_get_wait_success_carries_live_lease (__main__.TestPrefetchOnExist.test_get_wait_success_carries_live_lease)
ssd_get_wait_ms > 0: a get that arrives while the promotion is
----------------------------------------------------------------------
Traceback (most recent call last):
  File "<work>/src/Mooncake-r2/mooncake-wheel/tests/test_prefetch_on_exist.py", line 229, in test_get_wait_success_carries_live_lease
    self.assertEqual(self.store.remove_all(True), 0)
AssertionError: 61 != 0

----------------------------------------------------------------------
Ran 3 tests in 15.374s

FAILED (failures=1)
=== metadata ===
2026-10-08 08:13:45,467 - root - INFO - HTTP Metadata Server started on <ip>:8080
2026-10-08 08:13:45,722 - aiohttp.access - INFO - <ip> [08/Oct/2026:08:13:45 +0000] "GET /metadata?key=mooncake%2Frpc_meta%2Flocalhost%3A13504 HTTP/1.1" 404 184 "-" "-"
2026-10-08 08:13:45,723 - aiohttp.access - INFO - <ip> [08/Oct/2026:08:13:45 +0000] "PUT /metadata?key=mooncake%2Frpc_meta%2Flocalhost%3A13504 HTTP/1.1" 200 175 "-" "-"
2026-10-08 08:13:45,723 - aiohttp.access - INFO - <ip> [08/Oct/2026:08:13:45 +0000] "GET /metadata?key=mooncake%2Fram%2Flocalhost%3A13504 HTTP/1.1" 404 184 "-" "-"
2026-10-08 08:13:45,724 - aiohttp.access - INFO - <ip> [08/Oct/2026:08:13:45 +0000] "GET /metadata?key=mooncake%2Fram%2Flocalhost%3A13504 HTTP/1.1" 404 184 "-" "-"
2026-10-08 08:13:45,724 - aiohttp.access - INFO - <ip> [08/Oct/2026:08:13:45 +0000] "PUT /metadata?key=mooncake%2Fram%2Flocalhost%3A13504 HTTP/1.1" 200 175 "-" "-"
2026-10-08 08:13:45,727 - aiohttp.access - INFO - <ip> [08/Oct/2026:08:13:45 +0000] "GET /metadata?key=mooncake%2Fram%2Flocalhost%3A13504 HTTP/1.1" 200 375 "-" "-"
2026-10-08 08:13:45,728 - aiohttp.access - INFO - <ip> [08/Oct/2026:08:13:45 +0000] "PUT /metadata?key=mooncake%2Fram%2Flocalhost%3A13504 HTTP/1.1" 200 175 "-" "-"
2026-10-08 08:13:45,728 - aiohttp.access - INFO - <ip> [08/Oct/2026:08:13:45 +0000] "GET /metadata?key=mooncake%2Fram%2Flocalhost%3A13504 HTTP/1.1" 200 443 "-" "-"
2026-10-08 08:13:45,729 - aiohttp.access - INFO - <ip> [08/Oct/2026:08:13:45 +0000] "PUT /metadata?key=mooncake%2Fram%2Flocalhost%3A13504 HTTP/1.1" 200 175 "-" "-"
2026-10-08 08:13:45,732 - aiohttp.access - INFO - <ip> [08/Oct/2026:08:13:45 +0000] "GET /metadata?key=mooncake%2Fram%2Flocalhost%3A13504 HTTP/1.1" 200 512 "-" "-"
2026-10-08 08:13:45,732 - aiohttp.access - INFO - <ip> [08/Oct/2026:08:13:45 +0000] "PUT /metadata?key=mooncake%2Fram%2Flocalhost%3A13504 HTTP/1.1" 200 175 "-" "-"
2026-10-08 08:13:45,733 - aiohttp.access - INFO - <ip> [08/Oct/2026:08:13:45 +0000] "GET /metadata?key=mooncake%2Frpc_meta%2Flocalhost%3A13504 HTTP/1.1" 200 231 "-" "-"
2026-10-08 08:13:55,888 - aiohttp.access - INFO - <ip> [08/Oct/2026:08:13:55 +0000] "GET /metadata?key=mooncake%2Fram%2Flocalhost%3A13504 HTTP/1.1" 200 512 "-" "-"
2026-10-08 08:13:55,889 - aiohttp.access - INFO - <ip> [08/Oct/2026:08:13:55 +0000] "PUT /metadata?key=mooncake%2Fram%2Flocalhost%3A13504 HTTP/1.1" 200 175 "-" "-"
2026-10-08 08:14:30,058 - aiohttp.access - INFO - <ip> [08/Oct/2026:08:14:30 +0000] "GET /metadata?key=mooncake%2Fram%2Flocalhost%3A13504 HTTP/1.1" 200 579 "-" "-"
2026-10-08 08:14:30,058 - aiohttp.access - INFO - <ip> [08/Oct/2026:08:14:30 +0000] "PUT /metadata?key=mooncake%2Fram%2Flocalhost%3A13504 HTTP/1.1" 200 175 "-" "-"
2026-10-08 08:14:54,821 - aiohttp.access - INFO - <ip> [08/Oct/2026:08:14:54 +0000] "GET /metadata?key=mooncake%2Fram%2Flocalhost%3A13504 HTTP/1.1" 200 512 "-" "-"
2026-10-08 08:14:54,822 - aiohttp.access - INFO - <ip> [08/Oct/2026:08:14:54 +0000] "PUT /metadata?key=mooncake%2Fram%2Flocalhost%3A13504 HTTP/1.1" 200 175 "-" "-"
2026-10-08 08:14:55,756 - aiohttp.access - INFO - <ip> [08/Oct/2026:08:14:55 +0000] "GET /metadata?key=mooncake%2Fram%2Flocalhost%3A13504 HTTP/1.1" 200 443 "-" "-"
2026-10-08 08:14:55,756 - aiohttp.access - INFO - <ip> [08/Oct/2026:08:14:55 +0000] "PUT /metadata?key=mooncake%2Fram%2Flocalhost%3A13504 HTTP/1.1" 200 175 "-" "-"
2026-10-08 08:14:55,762 - aiohttp.access - INFO - <ip> [08/Oct/2026:08:14:55 +0000] "DELETE /metadata?key=mooncake%2Frpc_meta%2Flocalhost%3A13504 HTTP/1.1" 200 175 "-" "-"
2026-10-08 08:14:55,763 - aiohttp.access - INFO - <ip> [08/Oct/2026:08:14:55 +0000] "DELETE /metadata?key=mooncake%2Fram%2Flocalhost%3A13504 HTTP/1.1" 200 175 "-" "-"
2026-10-08 08:14:57,753 - aiohttp.access - INFO - <ip> [08/Oct/2026:08:14:57 +0000] "GET /metadata?key=mooncake%2Frpc_meta%2Flocalhost%3A12845 HTTP/1.1" 404 184 "-" "-"
2026-10-08 08:14:57,754 - aiohttp.access - INFO - <ip> [08/Oct/2026:08:14:57 +0000] "PUT /metadata?key=mooncake%2Frpc_meta%2Flocalhost%3A12845 HTTP/1.1" 200 175 "-" "-"
2026-10-08 08:14:57,754 - aiohttp.access - INFO - <ip> [08/Oct/2026:08:14:57 +0000] "GET /metadata?key=mooncake%2Fram%2Flocalhost%3A12845 HTTP/1.1" 404 184 "-" "-"
2026-10-08 08:14:57,754 - aiohttp.access - INFO - <ip> [08/Oct/2026:08:14:57 +0000] "GET /metadata?key=mooncake%2Fram%2Flocalhost%3A12845 HTTP/1.1" 404 184 "-" "-"
2026-10-08 08:14:57,755 - aiohttp.access - INFO - <ip> [08/Oct/2026:08:14:57 +0000] "PUT /metadata?key=mooncake%2Fram%2Flocalhost%3A12845 HTTP/1.1" 200 175 "-" "-"
2026-10-08 08:14:57,758 - aiohttp.access - INFO - <ip> [08/Oct/2026:08:14:57 +0000] "GET /metadata?key=mooncake%2Fram%2Flocalhost%3A12845 HTTP/1.1" 200 375 "-" "-"
2026-10-08 08:14:57,759 - aiohttp.access - INFO - <ip> [08/Oct/2026:08:14:57 +0000] "PUT /metadata?key=mooncake%2Fram%2Flocalhost%3A12845 HTTP/1.1" 200 175 "-" "-"
2026-10-08 08:14:57,759 - aiohttp.access - INFO - <ip> [08/Oct/2026:08:14:57 +0000] "GET /metadata?key=mooncake%2Fram%2Flocalhost%3A12845 HTTP/1.1" 200 442 "-" "-"
2026-10-08 08:14:57,759 - aiohttp.access - INFO - <ip> [08/Oct/2026:08:14:57 +0000] "PUT /metadata?key=mooncake%2Fram%2Flocalhost%3A12845 HTTP/1.1" 200 175 "-" "-"
2026-10-08 08:14:57,762 - aiohttp.access - INFO - <ip> [08/Oct/2026:08:14:57 +0000] "GET /metadata?key=mooncake%2Fram%2Flocalhost%3A12845 HTTP/1.1" 200 510 "-" "-"
2026-10-08 08:14:57,762 - aiohttp.access - INFO - <ip> [08/Oct/2026:08:14:57 +0000] "PUT /metadata?key=mooncake%2Fram%2Flocalhost%3A12845 HTTP/1.1" 200 175 "-" "-"
2026-10-08 08:14:57,763 - aiohttp.access - INFO - <ip> [08/Oct/2026:08:14:57 +0000] "GET /metadata?key=mooncake%2Frpc_meta%2Flocalhost%3A12845 HTTP/1.1" 200 231 "-" "-"
2026-10-08 08:14:57,943 - aiohttp.access - INFO - <ip> [08/Oct/2026:08:14:57 +0000] "GET /metadata?key=mooncake%2Fram%2Flocalhost%3A12845 HTTP/1.1" 200 510 "-" "-"
2026-10-08 08:14:57,943 - aiohttp.access - INFO - <ip> [08/Oct/2026:08:14:57 +0000] "PUT /metadata?key=mooncake%2Fram%2Flocalhost%3A12845 HTTP/1.1" 200 175 "-" "-"
2026-10-08 08:15:23,952 - aiohttp.access - INFO - <ip> [08/Oct/2026:08:15:23 +0000] "GET /metadata?key=mooncake%2Fram%2Flocalhost%3A12845 HTTP/1.1" 200 580 "-" "-"
2026-10-08 08:15:23,952 - aiohttp.access - INFO - <ip> [08/Oct/2026:08:15:23 +0000] "PUT /metadata?key=mooncake%2Fram%2Flocalhost%3A12845 HTTP/1.1" 200 175 "-" "-"
2026-10-08 08:15:28,775 - aiohttp.access - INFO - <ip> [08/Oct/2026:08:15:28 +0000] "GET /metadata?key=mooncake%2Fram%2Flocalhost%3A12845 HTTP/1.1" 200 512 "-" "-"
2026-10-08 08:15:28,775 - aiohttp.access - INFO - <ip> [08/Oct/2026:08:15:28 +0000] "PUT /metadata?key=mooncake%2Fram%2Flocalhost%3A12845 HTTP/1.1" 200 175 "-" "-"
2026-10-08 08:15:28,776 - aiohttp.access - INFO - <ip> [08/Oct/2026:08:15:28 +0000] "DELETE /metadata?key=mooncake%2Frpc_meta%2Flocalhost%3A12845 HTTP/1.1" 200 175 "-" "-"
2026-10-08 08:15:28,777 - aiohttp.access - INFO - <ip> [08/Oct/2026:08:15:28 +0000] "DELETE /metadata?key=mooncake%2Fram%2Flocalhost%3A12845 HTTP/1.1" 200 175 "-" "-"
2026-10-08 08:15:29,499 - aiohttp.access - INFO - <ip> [08/Oct/2026:08:15:29 +0000] "GET /metadata?key=mooncake%2Frpc_meta%2Flocalhost%3A14036 HTTP/1.1" 404 184 "-" "-"
2026-10-08 08:15:29,500 - aiohttp.access - INFO - <ip> [08/Oct/2026:08:15:29 +0000] "PUT /metadata?key=mooncake%2Frpc_meta%2Flocalhost%3A14036 HTTP/1.1" 200 175 "-" "-"
2026-10-08 08:15:29,500 - aiohttp.access - INFO - <ip> [08/Oct/2026:08:15:29 +0000] "GET /metadata?key=mooncake%2Fram%2Flocalhost%3A14036 HTTP/1.1" 404 184 "-" "-"
2026-10-08 08:15:29,501 - aiohttp.access - INFO - <ip> [08/Oct/2026:08:15:29 +0000] "GET /metadata?key=mooncake%2Fram%2Flocalhost%3A14036 HTTP/1.1" 404 184 "-" "-"
2026-10-08 08:15:29,501 - aiohttp.access - INFO - <ip> [08/Oct/2026:08:15:29 +0000] "PUT /metadata?key=mooncake%2Fram%2Flocalhost%3A14036 HTTP/1.1" 200 175 "-" "-"
2026-10-08 08:15:29,504 - aiohttp.access - INFO - <ip> [08/Oct/2026:08:15:29 +0000] "GET /metadata?key=mooncake%2Fram%2Flocalhost%3A14036 HTTP/1.1" 200 375 "-" "-"
2026-10-08 08:15:29,504 - aiohttp.access - INFO - <ip> [08/Oct/2026:08:15:29 +0000] "PUT /metadata?key=mooncake%2Fram%2Flocalhost%3A14036 HTTP/1.1" 200 175 "-" "-"
2026-10-08 08:15:29,505 - aiohttp.access - INFO - <ip> [08/Oct/2026:08:15:29 +0000] "GET /metadata?key=mooncake%2Fram%2Flocalhost%3A14036 HTTP/1.1" 200 442 "-" "-"
2026-10-08 08:15:29,505 - aiohttp.access - INFO - <ip> [08/Oct/2026:08:15:29 +0000] "PUT /metadata?key=mooncake%2Fram%2Flocalhost%3A14036 HTTP/1.1" 200 175 "-" "-"
2026-10-08 08:15:29,507 - aiohttp.access - INFO - <ip> [08/Oct/2026:08:15:29 +0000] "GET /metadata?key=mooncake%2Fram%2Flocalhost%3A14036 HTTP/1.1" 200 510 "-" "-"
2026-10-08 08:15:29,508 - aiohttp.access - INFO - <ip> [08/Oct/2026:08:15:29 +0000] "PUT /metadata?key=mooncake%2Fram%2Flocalhost%3A14036 HTTP/1.1" 200 175 "-" "-"
2026-10-08 08:15:29,508 - aiohttp.access - INFO - <ip> [08/Oct/2026:08:15:29 +0000] "GET /metadata?key=mooncake%2Frpc_meta%2Flocalhost%3A14036 HTTP/1.1" 200 231 "-" "-"
2026-10-08 08:15:29,688 - aiohttp.access - INFO - <ip> [08/Oct/2026:08:15:29 +0000] "GET /metadata?key=mooncake%2Fram%2Flocalhost%3A14036 HTTP/1.1" 200 510 "-" "-"
2026-10-08 08:15:29,689 - aiohttp.access - INFO - <ip> [08/Oct/2026:08:15:29 +0000] "PUT /metadata?key=mooncake%2Fram%2Flocalhost%3A14036 HTTP/1.1" 200 175 "-" "-"
2026-10-08 08:15:35,133 - aiohttp.access - INFO - <ip> [08/Oct/2026:08:15:35 +0000] "GET /metadata?key=mooncake%2Fram%2Flocalhost%3A14036 HTTP/1.1" 200 580 "-" "-"
2026-10-08 08:15:35,133 - aiohttp.access - INFO - <ip> [08/Oct/2026:08:15:35 +0000] "PUT /metadata?key=mooncake%2Fram%2Flocalhost%3A14036 HTTP/1.1" 200 175 "-" "-"
2026-10-08 08:15:38,510 - aiohttp.access - INFO - <ip> [08/Oct/2026:08:15:38 +0000] "GET /metadata?key=mooncake%2Fram%2Flocalhost%3A14036 HTTP/1.1" 200 512 "-" "-"
2026-10-08 08:15:38,511 - aiohttp.access - INFO - <ip> [08/Oct/2026:08:15:38 +0000] "PUT /metadata?key=mooncake%2Fram%2Flocalhost%3A14036 HTTP/1.1" 200 175 "-" "-"
2026-10-08 08:15:38,512 - aiohttp.access - INFO - <ip> [08/Oct/2026:08:15:38 +0000] "DELETE /metadata?key=mooncake%2Frpc_meta%2Flocalhost%3A14036 HTTP/1.1" 200 175 "-" "-"
2026-10-08 08:15:38,512 - aiohttp.access - INFO - <ip> [08/Oct/2026:08:15:38 +0000] "DELETE /metadata?key=mooncake%2Fram%2Flocalhost%3A14036 HTTP/1.1" 200 175 "-" "-"
2026-10-08 08:15:39,766 - aiohttp.access - INFO - <ip> [08/Oct/2026:08:15:39 +0000] "GET /metadata?key=mooncake%2Frpc_meta%2F127.0.0.1%3A12694 HTTP/1.1" 404 184 "-" "-"
2026-10-08 08:15:39,767 - aiohttp.access - INFO - <ip> [08/Oct/2026:08:15:39 +0000] "PUT /metadata?key=mooncake%2Frpc_meta%2F127.0.0.1%3A12694 HTTP/1.1" 200 175 "-" "-"
2026-10-08 08:15:39,767 - aiohttp.access - INFO - <ip> [08/Oct/2026:08:15:39 +0000] "GET /metadata?key=mooncake%2Fram%2F127.0.0.1%3A12694 HTTP/1.1" 404 184 "-" "-"
2026-10-08 08:15:39,768 - aiohttp.access - INFO - <ip> [08/Oct/2026:08:15:39 +0000] "GET /metadata?key=mooncake%2Fram%2F127.0.0.1%3A12694 HTTP/1.1" 404 184 "-" "-"
2026-10-08 08:15:39,768 - aiohttp.access - INFO - <ip> [08/Oct/2026:08:15:39 +0000] "PUT /metadata?key=mooncake%2Fram%2F127.0.0.1%3A12694 HTTP/1.1" 200 175 "-" "-"
2026-10-08 08:15:39,772 - aiohttp.access - INFO - <ip> [08/Oct/2026:08:15:39 +0000] "GET /metadata?key=mooncake%2Fram%2F127.0.0.1%3A12694 HTTP/1.1" 200 375 "-" "-"
2026-10-08 08:15:39,772 - aiohttp.access - INFO - <ip> [08/Oct/2026:08:15:39 +0000] "PUT /metadata?key=mooncake%2Fram%2F127.0.0.1%3A12694 HTTP/1.1" 200 175 "-" "-"
2026-10-08 08:15:39,773 - aiohttp.access - INFO - <ip> [08/Oct/2026:08:15:39 +0000] "GET /metadata?key=mooncake%2Fram%2F127.0.0.1%3A12694 HTTP/1.1" 200 442 "-" "-"
2026-10-08 08:15:39,773 - aiohttp.access - INFO - <ip> [08/Oct/2026:08:15:39 +0000] "PUT /metadata?key=mooncake%2Fram%2F127.0.0.1%3A12694 HTTP/1.1" 200 175 "-" "-"
2026-10-08 08:15:39,776 - aiohttp.access - INFO - <ip> [08/Oct/2026:08:15:39 +0000] "GET /metadata?key=mooncake%2Fram%2F127.0.0.1%3A12694 HTTP/1.1" 200 510 "-" "-"
2026-10-08 08:15:39,777 - aiohttp.access - INFO - <ip> [08/Oct/2026:08:15:39 +0000] "PUT /metadata?key=mooncake%2Fram%2F127.0.0.1%3A12694 HTTP/1.1" 200 175 "-" "-"
2026-10-08 08:15:39,777 - aiohttp.access - INFO - <ip> [08/Oct/2026:08:15:39 +0000] "GET /metadata?key=mooncake%2Frpc_meta%2F127.0.0.1%3A12694 HTTP/1.1" 200 231 "-" "-"
2026-10-08 08:15:39,957 - aiohttp.access - INFO - <ip> [08/Oct/2026:08:15:39 +0000] "GET /metadata?key=mooncake%2Fram%2F127.0.0.1%3A12694 HTTP/1.1" 200 510 "-" "-"
2026-10-08 08:15:39,957 - aiohttp.access - INFO - <ip> [08/Oct/2026:08:15:39 +0000] "PUT /metadata?key=mooncake%2Fram%2F127.0.0.1%3A12694 HTTP/1.1" 200 175 "-" "-"
2026-10-08 08:15:51,858 - aiohttp.access - INFO - <ip> [08/Oct/2026:08:15:51 +0000] "GET /metadata?key=mooncake%2Fram%2F127.0.0.1%3A12694 HTTP/1.1" 200 580 "-" "-"
2026-10-08 08:15:51,859 - aiohttp.access - INFO - <ip> [08/Oct/2026:08:15:51 +0000] "PUT /metadata?key=mooncake%2Fram%2F127.0.0.1%3A12694 HTTP/1.1" 200 175 "-" "-"
2026-10-08 08:15:54,785 - aiohttp.access - INFO - <ip> [08/Oct/2026:08:15:54 +0000] "GET /metadata?key=mooncake%2Fram%2F127.0.0.1%3A12694 HTTP/1.1" 200 512 "-" "-"
2026-10-08 08:15:54,785 - aiohttp.access - INFO - <ip> [08/Oct/2026:08:15:54 +0000] "PUT /metadata?key=mooncake%2Fram%2F127.0.0.1%3A12694 HTTP/1.1" 200 175 "-" "-"
2026-10-08 08:15:54,786 - aiohttp.access - INFO - <ip> [08/Oct/2026:08:15:54 +0000] "DELETE /metadata?key=mooncake%2Frpc_meta%2F127.0.0.1%3A12694 HTTP/1.1" 200 175 "-" "-"
2026-10-08 08:15:54,787 - aiohttp.access - INFO - <ip> [08/Oct/2026:08:15:54 +0000] "DELETE /metadata?key=mooncake%2Fram%2F127.0.0.1%3A12694 HTTP/1.1" 200 175 "-" "-"
2026-10-08 08:15:55,575 - root - INFO - Shutting down...
2026-10-08 08:15:55,576 - root - INFO - Stopping server loop...
2026-10-08 08:15:55,576 - root - INFO - Server thread stopped
=== ssd ===
WARNING: Logging before InitGoogleLogging() is written to STDERR
I1008 08:13:45.516381 76592 master.cpp:1548] Mooncake master version: 0.3.13 (git: af797e8e9)
I1008 08:13:45.516599 76592 master.cpp:1683] Master service started on port 50051, max_threads=16, enable_metric_reporting=1, metrics_port=9003, metrics_host=<ip>, default_kv_lease_ttl=500, default_kv_soft_pin_ttl=1800000, max_kv_soft_pin_ttl=86400000, allow_evict_soft_pinned_objects=1, eviction_ratio=0.05, eviction_high_watermark_ratio=0.9, tenant_eviction_high_watermark_ratio=0.9, enable_ha=0, enable_oplog=0, weight_management_oplog_capability_confirmed=0, enable_oplog_snapshot=0, snapshot_chunk_object_count=1000000, enable_offload=0, enable_kv_events=0, kv_events_bind_endpoint=, kv_events_backend_id=, offload_on_evict=0, offload_force_evict=0, offloading_queue_limit=50000, offload_cap_ratio=0.5, ha_backend_type=etcd, ha_backend_connstring=, etcd_endpoints=, client_active_ttl_sec=10, client_suspicion_ttl_sec=20, rpc_thread_num=16, rpc_port=50051, rpc_address=<ip>, rpc_interface=, rpc_conn_timeout_seconds=0, rpc_enable_tcp_no_delay=1, rpc protocol=tcp, cluster_id=mooncake_cluster, root_fs_dir=/tmp/mooncake_ci_ssd_offload, global_file_segment_size=9223372036854775807, memory_allocator=offset, enable_http_metadata_server=0, http_metadata_server_port=8080, http_metadata_server_host=<ip>, enable_metadata_cleanup_on_timeout=0, put_start_discard_timeout_sec=30, put_start_release_timeout_sec=600, max_total_finished_tasks=10000, max_total_pending_tasks=10000, max_total_processing_tasks=10000, pending_task_timeout_sec=300, processing_task_timeout_sec=300, enable_snapshot=0, enable_snapshot_restore=0, snapshot_interval_seconds=600, snapshot_backup_dir=, snapshot_object_store_type=, snapshot_catalog_store_type=, snapshot_retention_count=2, max_retry_attempts=10, enable_cxl=0, cxl_path=/dev/dax0.0, cxl_size=8589934592
I1008 08:13:45.517295 76595 client_offboarding.cpp:94] Client offboarding worker started
I1008 08:13:45.517529 76598 master_service.cpp:3096] Task cleanup thread started
I1008 08:13:45.520078 76592 master_admin_service.cpp:324] Master admin server started on port 9003
I1008 08:13:45.520496 76604 master_admin_service.cpp:315] Master Admin Metrics: role=leader, state=serving, service_ready=false, master={Mem Storage: 0 B / 0 B | NVMe-oF SSD: 0 B / 0 B | SSD Storage: 0 B / infinite | Keys: 0 (soft-pinned: 0) | Clients: 0 | Requests (Success/Total per sec): PutStart=0.00/0.00, PutEnd=0.00/0.00, PutRevoke=0.00/0.00, Get=0.00/0.00, Exist=0.00/0.00, Del=0.00/0.00, DelAll=0.00/0.00, Ping=0.00/0.00, CopyStart=0.00/0.00, CopyEnd=0.00/0.00, CopyRevoke=0.00/0.00, MoveStart=0.00/0.00, MoveEnd=0.00/0.00, MoveRevoke=0.00/0.00, EvictDiskReplica=0.00/0.00 | Batch Requests (per sec, Req=Success/PartialSuccess/Total, Item=Success/Total): PutStart:(Req=0.00/0.00/0.00, Item=0.00/0.00), PutEnd:(Req=0.00/0.00/0.00, Item=0.00/0.00), PutRevoke:(Req=0.00/0.00/0.00, Item=0.00/0.00), Get:(Req=0.00/0.00/0.00, Item=0.00/0.00), ExistKey:(Req=0.00/0.00/0.00, Item=0.00/0.00), QueryIp:(Req=0.00/0.00/0.00, Item=0.00/0.00), Clear:(Req=0.00/0.00/0.00, Item=0.00/0.00), CreateMoveTask:(Req=0.00/0.00), CreateCopyTask:(Req=0.00/0.00), QueryTask:(Req=0.00/0.00), FetchTasks:(Req=0.00/0.00), MarkTaskToComplete:(Req=0.00/0.00) | Eviction: Success/Attempts=0/0, AllocFail=0, PartialAlloc=0, keys=0, size=0 B | Mem Eviction: Success/Attempts=0/0, keys=0, size=0 B | NoF Eviction: Success/Attempts=0/0, keys=0, size=0 B | Discard: Released/Total=0/0, StagingSize=0 B | Promotion: in_flight=0, admitted=0, completed=0, failed=0, cancelled=0, expired=0, bytes=0 B, rejected(freq/wm/cap)=0/0/0 | Snapshots: Success=0, Fail=0}, ha={HA Metrics Summary: last_seq=0, applied_seq=0, lag=0, pending=0, mutation_queue=0, batch_commits=0, sync_commits=0, skipped=0, checksum_fail=0, etcd_fail=0, watch_disconn=0, state=0, writer_accepting=false, writer_retry_count=0, writer_retry_delay_ms=0, writer_waiting_slots=0, writer_committed_queue=0, writer_callback_queue=0, writer_durable_batch=0, writer_durable_seq=0, writer_last_error=0}
I1008 08:13:45.729610 76611 master_service.cpp:914] client_id=16592450153065220006-15134514879236082049, action=mount_segment, segment_name=localhost:13504
W1008 08:13:45.731402 76611 segment.cpp:333] segment_name=localhost:13504, warn=segment_already_exists
I1008 08:13:48.071604 76596 master_service.cpp:10619] [EVICT-TRIGGER] memory_ratio=0.900391 high_watermark=0.9 need_mem_eviction=0 eviction_ratio=0.05
I1008 08:13:48.075027 76596 master_service.cpp:12526] [EVICT-RESULT] evicted_count=24, eviction_base=461, actual_evict_ratio=0.0520607, target_evict_ratio=0.0503906
I1008 08:13:48.075066 76596 master_service.cpp:10630] [EVICT-DONE] BatchEvict execution completed.
I1008 08:13:48.205789 76596 master_service.cpp:10619] [EVICT-TRIGGER] memory_ratio=0.900391 high_watermark=0.9 need_mem_eviction=0 eviction_ratio=0.05
I1008 08:13:48.208915 76596 master_service.cpp:12526] [EVICT-RESULT] evicted_count=24, eviction_base=461, actual_evict_ratio=0.0520607, target_evict_ratio=0.0503906
I1008 08:13:48.208951 76596 master_service.cpp:10630] [EVICT-DONE] BatchEvict execution completed.
I1008 08:13:48.339674 76596 master_service.cpp:10619] [EVICT-TRIGGER] memory_ratio=0.902344 high_watermark=0.9 need_mem_eviction=0 eviction_ratio=0.05
I1008 08:13:48.342625 76596 master_service.cpp:12526] [EVICT-RESULT] evicted_count=25, eviction_base=462, actual_evict_ratio=0.0541126, target_evict_ratio=0.0523437
I1008 08:13:48.342656 76596 master_service.cpp:10630] [EVICT-DONE] BatchEvict execution completed.
I1008 08:13:48.473392 76596 master_service.cpp:10619] [EVICT-TRIGGER] memory_ratio=0.902344 high_watermark=0.9 need_mem_eviction=0 eviction_ratio=0.05
I1008 08:13:48.476531 76596 master_service.cpp:12526] [EVICT-RESULT] evicted_count=25, eviction_base=462, actual_evict_ratio=0.0541126, target_evict_ratio=0.0523437
I1008 08:13:48.476565 76596 master_service.cpp:10630] [EVICT-DONE] BatchEvict execution completed.
I1008 08:13:48.607280 76596 master_service.cpp:10619] [EVICT-TRIGGER] memory_ratio=0.902344 high_watermark=0.9 need_mem_eviction=0 eviction_ratio=0.05
I1008 08:13:48.610414 76596 master_service.cpp:12526] [EVICT-RESULT] evicted_count=25, eviction_base=462, actual_evict_ratio=0.0541126, target_evict_ratio=0.0523437
I1008 08:13:48.610448 76596 master_service.cpp:10630] [EVICT-DONE] BatchEvict execution completed.
I1008 08:13:48.741180 76596 master_service.cpp:10619] [EVICT-TRIGGER] memory_ratio=0.902344 high_watermark=0.9 need_mem_eviction=0 eviction_ratio=0.05
I1008 08:13:48.744480 76596 master_service.cpp:12526] [EVICT-RESULT] evicted_count=25, eviction_base=462, actual_evict_ratio=0.0541126, target_evict_ratio=0.0523437
I1008 08:13:48.744514 76596 master_service.cpp:10630] [EVICT-DONE] BatchEvict execution completed.
I1008 08:13:48.865212 76596 master_service.cpp:10619] [EVICT-TRIGGER] memory_ratio=0.900391 high_watermark=0.9 need_mem_eviction=0 eviction_ratio=0.05
I1008 08:13:48.868386 76596 master_service.cpp:12526] [EVICT-RESULT] evicted_count=24, eviction_base=461, actual_evict_ratio=0.0520607, target_evict_ratio=0.0503906
I1008 08:13:48.868419 76596 master_service.cpp:10630] [EVICT-DONE] BatchEvict execution completed.
I1008 08:13:48.989209 76596 master_service.cpp:10619] [EVICT-TRIGGER] memory_ratio=0.900391 high_watermark=0.9 need_mem_eviction=0 eviction_ratio=0.05
I1008 08:13:48.992254 76596 master_service.cpp:12526] [EVICT-RESULT] evicted_count=24, eviction_base=461, actual_evict_ratio=0.0520607, target_evict_ratio=0.0503906
I1008 08:13:48.992286 76596 master_service.cpp:10630] [EVICT-DONE] BatchEvict execution completed.
I1008 08:13:49.112972 76596 master_service.cpp:10619] [EVICT-TRIGGER] memory_ratio=0.900391 high_watermark=0.9 need_mem_eviction=0 eviction_ratio=0.05
I1008 08:13:49.116066 76596 master_service.cpp:12526] [EVICT-RESULT] evicted_count=24, eviction_base=461, actual_evict_ratio=0.0520607, target_evict_ratio=0.0503906
I1008 08:13:49.116101 76596 master_service.cpp:10630] [EVICT-DONE] BatchEvict execution completed.
I1008 08:13:49.236780 76596 master_service.cpp:10619] [EVICT-TRIGGER] memory_ratio=0.900391 high_watermark=0.9 need_mem_eviction=0 eviction_ratio=0.05
I1008 08:13:49.239943 76596 master_service.cpp:12526] [EVICT-RESULT] evicted_count=24, eviction_base=461, actual_evict_ratio=0.0520607, target_evict_ratio=0.0503906
I1008 08:13:49.239974 76596 master_service.cpp:10630] [EVICT-DONE] BatchEvict execution completed.
I1008 08:13:49.360646 76596 master_service.cpp:10619] [EVICT-TRIGGER] memory_ratio=0.900391 high_watermark=0.9 need_mem_eviction=0 eviction_ratio=0.05
I1008 08:13:49.363670 76596 master_service.cpp:12526] [EVICT-RESULT] evicted_count=24, eviction_base=461, actual_evict_ratio=0.0520607, target_evict_ratio=0.0503906
I1008 08:13:49.363703 76596 master_service.cpp:10630] [EVICT-DONE] BatchEvict execution completed.
I1008 08:13:49.484371 76596 master_service.cpp:10619] [EVICT-TRIGGER] memory_ratio=0.900391 high_watermark=0.9 need_mem_eviction=0 eviction_ratio=0.05
I1008 08:13:49.487376 76596 master_service.cpp:12526] [EVICT-RESULT] evicted_count=24, eviction_base=461, actual_evict_ratio=0.0520607, target_evict_ratio=0.0503906
I1008 08:13:49.487408 76596 master_service.cpp:10630] [EVICT-DONE] BatchEvict execution completed.
I1008 08:13:49.608080 76596 master_service.cpp:10619] [EVICT-TRIGGER] memory_ratio=0.900391 high_watermark=0.9 need_mem_eviction=0 eviction_ratio=0.05
I1008 08:13:49.611060 76596 master_service.cpp:12526] [EVICT-RESULT] evicted_count=24, eviction_base=461, actual_evict_ratio=0.0520607, target_evict_ratio=0.0503906
I1008 08:13:49.611092 76596 master_service.cpp:10630] [EVICT-DONE] BatchEvict execution completed.
I1008 08:13:49.731762 76596 master_service.cpp:10619] [EVICT-TRIGGER] memory_ratio=0.900391 high_watermark=0.9 need_mem_eviction=0 eviction_ratio=0.05
I1008 08:13:49.734876 76596 master_service.cpp:12526] [EVICT-RESULT] evicted_count=24, eviction_base=461, actual_evict_ratio=0.0520607, target_evict_ratio=0.0503906
I1008 08:13:49.734908 76596 master_service.cpp:10630] [EVICT-DONE] BatchEvict execution completed.
I1008 08:13:49.855576 76596 master_service.cpp:10619] [EVICT-TRIGGER] memory_ratio=0.900391 high_watermark=0.9 need_mem_eviction=0 eviction_ratio=0.05
I1008 08:13:49.858543 76596 master_service.cpp:12526] [EVICT-RESULT] evicted_count=24, eviction_base=461, actual_evict_ratio=0.0520607, target_evict_ratio=0.0503906
I1008 08:13:49.858574 76596 master_service.cpp:10630] [EVICT-DONE] BatchEvict execution completed.
I1008 08:13:49.979247 76596 master_service.cpp:10619] [EVICT-TRIGGER] memory_ratio=0.900391 high_watermark=0.9 need_mem_eviction=0 eviction_ratio=0.05
I1008 08:13:49.982295 76596 master_service.cpp:12526] [EVICT-RESULT] evicted_count=24, eviction_base=461, actual_evict_ratio=0.0520607, target_evict_ratio=0.0503906
I1008 08:13:49.982326 76596 master_service.cpp:10630] [EVICT-DONE] BatchEvict execution completed.
I1008 08:13:50.103001 76596 master_service.cpp:10619] [EVICT-TRIGGER] memory_ratio=0.900391 high_watermark=0.9 need_mem_eviction=0 eviction_ratio=0.05
I1008 08:13:50.106019 76596 master_service.cpp:12526] [EVICT-RESULT] evicted_count=24, eviction_base=461, actual_evict_ratio=0.0520607, target_evict_ratio=0.0503906
I1008 08:13:50.106050 76596 master_service.cpp:10630] [EVICT-DONE] BatchEvict execution completed.
I1008 08:13:50.226719 76596 master_service.cpp:10619] [EVICT-TRIGGER] memory_ratio=0.900391 high_watermark=0.9 need_mem_eviction=0 eviction_ratio=0.05
I1008 08:13:50.229645 76596 master_service.cpp:12526] [EVICT-RESULT] evicted_count=24, eviction_base=461, actual_evict_ratio=0.0520607, target_evict_ratio=0.0503906
I1008 08:13:50.229679 76596 master_service.cpp:10630] [EVICT-DONE] BatchEvict execution completed.
I1008 08:13:50.350363 76596 master_service.cpp:10619] [EVICT-TRIGGER] memory_ratio=0.900391 high_watermark=0.9 need_mem_eviction=0 eviction_ratio=0.05
I1008 08:13:50.353454 76596 master_service.cpp:12526] [EVICT-RESULT] evicted_count=24, eviction_base=461, actual_evict_ratio=0.0520607, target_evict_ratio=0.0503906
I1008 08:13:50.353492 76596 master_service.cpp:10630] [EVICT-DONE] BatchEvict execution completed.
I1008 08:13:50.474164 76596 master_service.cpp:10619] [EVICT-TRIGGER] memory_ratio=0.900391 high_watermark=0.9 need_mem_eviction=0 eviction_ratio=0.05
I1008 08:13:50.477198 76596 master_service.cpp:12526] [EVICT-RESULT] evicted_count=24, eviction_base=461, actual_evict_ratio=0.0520607, target_evict_ratio=0.0503906
I1008 08:13:50.477232 76596 master_service.cpp:10630] [EVICT-DONE] BatchEvict execution completed.
I1008 08:13:50.597901 76596 master_service.cpp:10619] [EVICT-TRIGGER] memory_ratio=0.902344 high_watermark=0.9 need_mem_eviction=0 eviction_ratio=0.05
I1008 08:13:50.600842 76596 master_service.cpp:12526] [EVICT-RESULT] evicted_count=25, eviction_base=461, actual_evict_ratio=0.0542299, target_evict_ratio=0.0523437
I1008 08:13:50.600873 76596 master_service.cpp:10630] [EVICT-DONE] BatchEvict execution completed.
I1008 08:13:50.731596 76596 master_service.cpp:10619] [EVICT-TRIGGER] memory_ratio=0.902344 high_watermark=0.9 need_mem_eviction=0 eviction_ratio=0.05
I1008 08:13:50.734906 76596 master_service.cpp:12526] [EVICT-RESULT] evicted_count=25, eviction_base=462, actual_evict_ratio=0.0541126, target_evict_ratio=0.0523437
I1008 08:13:50.734941 76596 master_service.cpp:10630] [EVICT-DONE] BatchEvict execution completed.
I1008 08:13:50.855610 76596 master_service.cpp:10619] [EVICT-TRIGGER] memory_ratio=0.902344 high_watermark=0.9 need_mem_eviction=0 eviction_ratio=0.05
I1008 08:13:50.858618 76596 master_service.cpp:12526] [EVICT-RESULT] evicted_count=25, eviction_base=462, actual_evict_ratio=0.0541126, target_evict_ratio=0.0523437
I1008 08:13:50.858649 76596 master_service.cpp:10630] [EVICT-DONE] BatchEvict execution completed.
I1008 08:13:55.520821 76604 master_admin_service.cpp:315] Master Admin Metrics: role=leader, state=serving, service_ready=true, master={Mem Storage: 441.00 MB / 512.00 MB (86.1%) | NVMe-oF SSD: 0 B / 0 B | SSD Storage: 1000.00 MB / infinite | Keys: 1000 (soft-pinned: 0) | Clients: 1 | Requests (Success/Total per sec): PutStart=99.99/99.99, PutEnd=199.99/199.99, PutRevoke=0.00/0.00, Get=0.00/0.00, Exist=0.00/0.00, Del=0.00/0.00, DelAll=0.00/0.00, Ping=1.00/1.00, CopyStart=0.00/0.00, CopyEnd=0.00/0.00, CopyRevoke=0.00/0.00, MoveStart=0.00/0.00, MoveEnd=0.00/0.00, MoveRevoke=0.00/0.00, EvictDiskReplica=0.00/0.00 | Batch Requests (per sec, Req=Success/PartialSuccess/Total, Item=Success/Total): PutStart:(Req=0.00/0.00/0.00, Item=0.00/0.00), PutEnd:(Req=0.00/0.00/0.00, Item=0.00/0.00), PutRevoke:(Req=0.00/0.00/0.00, Item=0.00/0.00), Get:(Req=0.00/0.00/0.00, Item=0.00/0.00), ExistKey:(Req=0.00/0.00/0.00, Item=0.00/0.00), QueryIp:(Req=0.00/0.00/0.00, Item=0.00/0.00), Clear:(Req=0.00/0.00/0.00, Item=0.00/0.00), CreateMoveTask:(Req=0.00/0.00), CreateCopyTask:(Req=0.00/0.00), QueryTask:(Req=0.00/0.00), FetchTasks:(Req=1.00/1.00), MarkTaskToComplete:(Req=0.00/0.00) | Eviction: Success/Attempts=23/23, AllocFail=0, PartialAlloc=0, keys=559, size=559.00 MB | Mem Eviction: Success/Attempts=23/23, keys=559, size=559.00 MB | NoF Eviction: Success/Attempts=0/0, keys=0, size=0 B | Discard: Released/Total=0/0, StagingSize=0 B | Promotion: in_flight=0, admitted=0, completed=0, failed=0, cancelled=0, expired=0, bytes=0 B, rejected(freq/wm/cap)=0/0/0 | Snapshots: Success=0, Fail=0}, ha={HA Metrics Summary: last_seq=0, applied_seq=0, lag=0, pending=0, mutation_queue=0, batch_commits=0, sync_commits=0, skipped=0, checksum_fail=0, etcd_fail=0, watch_disconn=0, state=0, writer_accepting=false, writer_retry_count=0, writer_retry_delay_ms=0, writer_waiting_slots=0, writer_committed_queue=0, writer_callback_queue=0, writer_durable_batch=0, writer_durable_seq=0, writer_last_error=0}
I1008 08:14:05.521152 76604 master_admin_service.cpp:315] Master Admin Metrics: role=leader, state=serving, service_ready=true, master={Mem Storage: 441.00 MB / 512.00 MB (86.1%) | NVMe-oF SSD: 0 B / 0 B | SSD Storage: 1000.00 MB / infinite | Keys: 1000 (soft-pinned: 0) | Clients: 1 | Requests (Success/Total per sec): PutStart=0.00/0.00, PutEnd=0.00/0.00, PutRevoke=0.00/0.00, Get=0.00/0.00, Exist=0.00/0.00, Del=0.00/0.00, DelAll=0.00/0.00, Ping=1.00/1.00, CopyStart=0.00/0.00, CopyEnd=0.00/0.00, CopyRevoke=0.00/0.00, MoveStart=0.00/0.00, MoveEnd=0.00/0.00, MoveRevoke=0.00/0.00, EvictDiskReplica=0.00/0.00 | Batch Requests (per sec, Req=Success/PartialSuccess/Total, Item=Success/Total): PutStart:(Req=0.00/0.00/0.00, Item=0.00/0.00), PutEnd:(Req=0.00/0.00/0.00, Item=0.00/0.00), PutRevoke:(Req=0.00/0.00/0.00, Item=0.00/0.00), Get:(Req=7.00/0.00/7.00, Item=28.00/28.00), ExistKey:(Req=0.00/0.00/0.00, Item=0.00/0.00), QueryIp:(Req=0.00/0.00/0.00, Item=0.00/0.00), Clear:(Req=0.00/0.00/0.00, Item=0.00/0.00), CreateMoveTask:(Req=0.00/0.00), CreateCopyTask:(Req=0.00/0.00), QueryTask:(Req=0.00/0.00), FetchTasks:(Req=1.00/1.00), MarkTaskToComplete:(Req=0.00/0.00) | Eviction: Success/Attempts=23/23, AllocFail=0, PartialAlloc=0, keys=559, size=559.00 MB | Mem Eviction: Success/Attempts=23/23, keys=559, size=559.00 MB | NoF Eviction: Success/Attempts=0/0, keys=0, size=0 B | Discard: Released/Total=0/0, StagingSize=0 B | Promotion: in_flight=0, admitted=0, completed=0, failed=0, cancelled=0, expired=0, bytes=0 B, rejected(freq/wm/cap)=0/0/0 | Snapshots: Success=0, Fail=0}, ha={HA Metrics Summary: last_seq=0, applied_seq=0, lag=0, pending=0, mutation_queue=0, batch_commits=0, sync_commits=0, skipped=0, checksum_fail=0, etcd_fail=0, watch_disconn=0, state=0, writer_accepting=false, writer_retry_count=0, writer_retry_delay_ms=0, writer_waiting_slots=0, writer_committed_queue=0, writer_callback_queue=0, writer_durable_batch=0, writer_durable_seq=0, writer_last_error=0}
I1008 08:14:15.521499 76604 master_admin_service.cpp:315] Master Admin Metrics: role=leader, state=serving, service_ready=true, master={Mem Storage: 441.00 MB / 512.00 MB (86.1%) | NVMe-oF SSD: 0 B / 0 B | SSD Storage: 1000.00 MB / infinite | Keys: 1000 (soft-pinned: 0) | Clients: 1 | Requests (Success/Total per sec): PutStart=0.00/0.00, PutEnd=0.00/0.00, PutRevoke=0.00/0.00, Get=0.00/0.00, Exist=0.00/0.00, Del=0.00/0.00, DelAll=0.00/0.00, Ping=1.00/1.00, CopyStart=0.00/0.00, CopyEnd=0.00/0.00, CopyRevoke=0.00/0.00, MoveStart=0.00/0.00, MoveEnd=0.00/0.00, MoveRevoke=0.00/0.00, EvictDiskReplica=0.00/0.00 | Batch Requests (per sec, Req=Success/PartialSuccess/Total, Item=Success/Total): PutStart:(Req=0.00/0.00/0.00, Item=0.00/0.00), PutEnd:(Req=0.00/0.00/0.00, Item=0.00/0.00), PutRevoke:(Req=0.00/0.00/0.00, Item=0.00/0.00), Get:(Req=7.50/0.00/7.50, Item=30.00/30.00), ExistKey:(Req=0.00/0.00/0.00, Item=0.00/0.00), QueryIp:(Req=0.00/0.00/0.00, Item=0.00/0.00), Clear:(Req=0.00/0.00/0.00, Item=0.00/0.00), CreateMoveTask:(Req=0.00/0.00), CreateCopyTask:(Req=0.00/0.00), QueryTask:(Req=0.00/0.00), FetchTasks:(Req=1.00/1.00), MarkTaskToComplete:(Req=0.00/0.00) | Eviction: Success/Attempts=23/23, AllocFail=0, PartialAlloc=0, keys=559, size=559.00 MB | Mem Eviction: Success/Attempts=23/23, keys=559, size=559.00 MB | NoF Eviction: Success/Attempts=0/0, keys=0, size=0 B | Discard: Released/Total=0/0, StagingSize=0 B | Promotion: in_flight=0, admitted=0, completed=0, failed=0, cancelled=0, expired=0, bytes=0 B, rejected(freq/wm/cap)=0/0/0 | Snapshots: Success=0, Fail=0}, ha={HA Metrics Summary: last_seq=0, applied_seq=0, lag=0, pending=0, mutation_queue=0, batch_commits=0, sync_commits=0, skipped=0, checksum_fail=0, etcd_fail=0, watch_disconn=0, state=0, writer_accepting=false, writer_retry_count=0, writer_retry_delay_ms=0, writer_waiting_slots=0, writer_committed_queue=0, writer_callback_queue=0, writer_durable_batch=0, writer_durable_seq=0, writer_last_error=0}
I1008 08:14:25.521834 76604 master_admin_service.cpp:315] Master Admin Metrics: role=leader, state=serving, service_ready=true, master={Mem Storage: 441.00 MB / 512.00 MB (86.1%) | NVMe-oF SSD: 0 B / 0 B | SSD Storage: 1000.00 MB / infinite | Keys: 1000 (soft-pinned: 0) | Clients: 1 | Requests (Success/Total per sec): PutStart=0.00/0.00, PutEnd=0.00/0.00, PutRevoke=0.00/0.00, Get=0.00/0.00, Exist=0.00/0.00, Del=0.00/0.00, DelAll=0.00/0.00, Ping=1.00/1.00, CopyStart=0.00/0.00, CopyEnd=0.00/0.00, CopyRevoke=0.00/0.00, MoveStart=0.00/0.00, MoveEnd=0.00/0.00, MoveRevoke=0.00/0.00, EvictDiskReplica=0.00/0.00 | Batch Requests (per sec, Req=Success/PartialSuccess/Total, Item=Success/Total): PutStart:(Req=0.00/0.00/0.00, Item=0.00/0.00), PutEnd:(Req=0.00/0.00/0.00, Item=0.00/0.00), PutRevoke:(Req=0.00/0.00/0.00, Item=0.00/0.00), Get:(Req=7.50/0.00/7.50, Item=30.00/30.00), ExistKey:(Req=0.00/0.00/0.00, Item=0.00/0.00), QueryIp:(Req=0.00/0.00/0.00, Item=0.00/0.00), Clear:(Req=0.00/0.00/0.00, Item=0.00/0.00), CreateMoveTask:(Req=0.00/0.00), CreateCopyTask:(Req=0.00/0.00), QueryTask:(Req=0.00/0.00), FetchTasks:(Req=1.00/1.00), MarkTaskToComplete:(Req=0.00/0.00) | Eviction: Success/Attempts=23/23, AllocFail=0, PartialAlloc=0, keys=559, size=559.00 MB | Mem Eviction: Success/Attempts=23/23, keys=559, size=559.00 MB | NoF Eviction: Success/Attempts=0/0, keys=0, size=0 B | Discard: Released/Total=0/0, StagingSize=0 B | Promotion: in_flight=0, admitted=0, completed=0, failed=0, cancelled=0, expired=0, bytes=0 B, rejected(freq/wm/cap)=0/0/0 | Snapshots: Success=0, Fail=0}, ha={HA Metrics Summary: last_seq=0, applied_seq=0, lag=0, pending=0, mutation_queue=0, batch_commits=0, sync_commits=0, skipped=0, checksum_fail=0, etcd_fail=0, watch_disconn=0, state=0, writer_accepting=false, writer_retry_count=0, writer_retry_delay_ms=0, writer_waiting_slots=0, writer_committed_queue=0, writer_callback_queue=0, writer_durable_batch=0, writer_durable_seq=0, writer_last_error=0}
W1008 08:14:34.433703 76612 master_service.cpp:4424] key=concurrent_k_0, error=replica_not_ready
W1008 08:14:34.433974 76611 master_service.cpp:4424] key=concurrent_k_0, error=replica_not_ready
W1008 08:14:34.434103 76612 master_service.cpp:4424] key=concurrent_k_0, error=replica_not_ready
W1008 08:14:34.434494 76612 master_service.cpp:4424] key=concurrent_k_1, error=replica_not_ready
W1008 08:14:34.434543 76611 master_service.cpp:4424] key=concurrent_k_1, error=replica_not_ready
W1008 08:14:34.435041 76612 master_service.cpp:4424] key=concurrent_k_2, error=replica_not_ready
W1008 08:14:34.435633 76613 master_service.cpp:4424] key=concurrent_k_2, error=replica_not_ready
W1008 08:14:34.435884 76613 master_service.cpp:4424] key=concurrent_k_2, error=replica_not_ready
W1008 08:14:34.436311 76613 master_service.cpp:4424] key=concurrent_k_3, error=replica_not_ready
W1008 08:14:34.436918 76614 master_service.cpp:4424] key=concurrent_k_4, error=replica_not_ready
W1008 08:14:34.436925 76615 master_service.cpp:4424] key=concurrent_k_4, error=replica_not_ready
W1008 08:14:34.437089 76615 master_service.cpp:4424] key=concurrent_k_4, error=replica_not_ready
W1008 08:14:34.437462 76615 master_service.cpp:4424] key=concurrent_k_5, error=replica_not_ready
W1008 08:14:34.437546 76614 master_service.cpp:4424] key=concurrent_k_5, error=replica_not_ready
W1008 08:14:34.437944 76614 master_service.cpp:4424] key=concurrent_k_6, error=replica_not_ready
W1008 08:14:34.438138 76615 master_service.cpp:4424] key=concurrent_k_5, error=replica_not_ready
W1008 08:14:34.438539 76615 master_service.cpp:4424] key=concurrent_k_6, error=replica_not_ready
W1008 08:14:34.438964 76615 master_service.cpp:4424] key=concurrent_k_7, error=replica_not_ready
W1008 08:14:34.439213 76613 master_service.cpp:4424] key=concurrent_k_7, error=replica_not_ready
W1008 08:14:34.439726 76615 master_service.cpp:4424] key=concurrent_k_8, error=replica_not_ready
W1008 08:14:34.439726 76614 master_service.cpp:4424] key=concurrent_k_8, error=replica_not_ready
W1008 08:14:34.439746 76613 master_service.cpp:4424] key=concurrent_k_8, error=replica_not_ready
W1008 08:14:34.440250 76614 master_service.cpp:4424] key=concurrent_k_9, error=replica_not_ready
W1008 08:14:34.440253 76615 master_service.cpp:4424] key=concurrent_k_9, error=replica_not_ready
W1008 08:14:34.440769 76615 master_service.cpp:4424] key=concurrent_k_10, error=replica_not_ready
W1008 08:14:34.441067 76613 master_service.cpp:4424] key=concurrent_k_9, error=replica_not_ready
W1008 08:14:34.441497 76615 master_service.cpp:4424] key=concurrent_k_10, error=replica_not_ready
W1008 08:14:34.442376 76614 master_service.cpp:4424] key=concurrent_k_12, error=replica_not_ready
W1008 08:14:34.442377 76613 master_service.cpp:4424] key=concurrent_k_12, error=replica_not_ready
W1008 08:14:34.442546 76615 master_service.cpp:4424] key=concurrent_k_12, error=replica_not_ready
W1008 08:14:34.442886 76615 master_service.cpp:4424] key=concurrent_k_13, error=replica_not_ready
W1008 08:14:34.443025 76615 master_service.cpp:4424] key=concurrent_k_13, error=replica_not_ready
W1008 08:14:34.443449 76615 master_service.cpp:4424] key=concurrent_k_14, error=replica_not_ready
W1008 08:14:34.443867 76614 master_service.cpp:4424] key=concurrent_k_14, error=replica_not_ready
W1008 08:14:34.444360 76615 master_service.cpp:4424] key=concurrent_k_15, error=replica_not_ready
W1008 08:14:34.444394 76612 master_service.cpp:4424] key=concurrent_k_15, error=replica_not_ready
W1008 08:14:34.444864 76613 master_service.cpp:4424] key=concurrent_k_16, error=replica_not_ready
W1008 08:14:34.444871 76614 master_service.cpp:4424] key=concurrent_k_16, error=replica_not_ready
W1008 08:14:34.445012 76615 master_service.cpp:4424] key=concurrent_k_16, error=replica_not_ready
W1008 08:14:34.445392 76615 master_service.cpp:4424] key=concurrent_k_17, error=replica_not_ready
W1008 08:14:34.445438 76614 master_service.cpp:4424] key=concurrent_k_17, error=replica_not_ready
W1008 08:14:34.445762 76615 master_service.cpp:4424] key=concurrent_k_17, error=replica_not_ready
W1008 08:14:34.445878 76615 master_service.cpp:4424] key=concurrent_k_18, error=replica_not_ready
W1008 08:14:34.446184 76615 master_service.cpp:4424] key=concurrent_k_18, error=replica_not_ready
W1008 08:14:34.446215 76613 master_service.cpp:4424] key=concurrent_k_18, error=replica_not_ready
W1008 08:14:34.446631 76615 master_service.cpp:4424] key=concurrent_k_19, error=replica_not_ready
W1008 08:14:34.446640 76614 master_service.cpp:4424] key=concurrent_k_19, error=replica_not_ready
W1008 08:14:34.447134 76614 master_service.cpp:4424] key=concurrent_k_20, error=replica_not_ready
W1008 08:14:34.447337 76614 master_service.cpp:4424] key=concurrent_k_20, error=replica_not_ready
W1008 08:14:34.447381 76613 master_service.cpp:4424] key=concurrent_k_20, error=replica_not_ready
W1008 08:14:34.447798 76615 master_service.cpp:4424] key=concurrent_k_21, error=replica_not_ready
W1008 08:14:34.447799 76614 master_service.cpp:4424] key=concurrent_k_21, error=replica_not_ready
W1008 08:14:34.448279 76615 master_service.cpp:4424] key=concurrent_k_22, error=replica_not_ready
W1008 08:14:34.448557 76615 master_service.cpp:4424] key=concurrent_k_22, error=replica_not_ready
W1008 08:14:34.448817 76615 master_service.cpp:4424] key=concurrent_k_22, error=replica_not_ready
W1008 08:14:34.449003 76615 master_service.cpp:4424] key=concurrent_k_23, error=replica_not_ready
W1008 08:14:34.449231 76615 master_service.cpp:4424] key=concurrent_k_23, error=replica_not_ready
W1008 08:14:34.449642 76613 master_service.cpp:4424] key=concurrent_k_24, error=replica_not_ready
W1008 08:14:34.449777 76615 master_service.cpp:4424] key=concurrent_k_24, error=replica_not_ready
W1008 08:14:34.450217 76615 master_service.cpp:4424] key=concurrent_k_25, error=replica_not_ready
W1008 08:14:34.450426 76615 master_service.cpp:4424] key=concurrent_k_25, error=replica_not_ready
W1008 08:14:34.450426 76614 master_service.cpp:4424] key=concurrent_k_25, error=replica_not_ready
W1008 08:14:34.450826 76615 master_service.cpp:4424] key=concurrent_k_26, error=replica_not_ready
W1008 08:14:34.450851 76614 master_service.cpp:4424] key=concurrent_k_26, error=replica_not_ready
W1008 08:14:34.451073 76615 master_service.cpp:4424] key=concurrent_k_26, error=replica_not_ready
W1008 08:14:34.451344 76615 master_service.cpp:4424] key=concurrent_k_27, error=replica_not_ready
W1008 08:14:34.451483 76615 master_service.cpp:4424] key=concurrent_k_27, error=replica_not_ready
W1008 08:14:34.451905 76615 master_service.cpp:4424] key=concurrent_k_27, error=replica_not_ready
W1008 08:14:34.452042 76615 master_service.cpp:4424] key=concurrent_k_28, error=replica_not_ready
W1008 08:14:34.452782 76615 master_service.cpp:4424] key=concurrent_k_29, error=replica_not_ready
W1008 08:14:34.452807 76614 master_service.cpp:4424] key=concurrent_k_29, error=replica_not_ready
W1008 08:14:34.453260 76613 master_service.cpp:4424] key=concurrent_k_30, error=replica_not_ready
W1008 08:14:34.453392 76615 master_service.cpp:4424] key=concurrent_k_30, error=replica_not_ready
W1008 08:14:34.453398 76614 master_service.cpp:4424] key=concurrent_k_30, error=replica_not_ready
W1008 08:14:34.453832 76613 master_service.cpp:4424] key=concurrent_k_31, error=replica_not_ready
W1008 08:14:34.453845 76614 master_service.cpp:4424] key=concurrent_k_31, error=replica_not_ready
W1008 08:14:34.454358 76614 master_service.cpp:4424] key=concurrent_k_32, error=replica_not_ready
W1008 08:14:34.454694 76614 master_service.cpp:4424] key=concurrent_k_32, error=replica_not_ready
W1008 08:14:34.454695 76613 master_service.cpp:4424] key=concurrent_k_32, error=replica_not_ready
W1008 08:14:34.455149 76615 master_service.cpp:4424] key=concurrent_k_33, error=replica_not_ready
W1008 08:14:34.455159 76614 master_service.cpp:4424] key=concurrent_k_33, error=replica_not_ready
W1008 08:14:34.455368 76615 master_service.cpp:4424] key=concurrent_k_33, error=replica_not_ready
W1008 08:14:34.455613 76615 master_service.cpp:4424] key=concurrent_k_34, error=replica_not_ready
W1008 08:14:34.455754 76615 master_service.cpp:4424] key=concurrent_k_34, error=replica_not_ready
W1008 08:14:34.455900 76615 master_service.cpp:4424] key=concurrent_k_34, error=replica_not_ready
W1008 08:14:34.456197 76615 master_service.cpp:4424] key=concurrent_k_35, error=replica_not_ready
W1008 08:14:34.456312 76615 master_service.cpp:4424] key=concurrent_k_35, error=replica_not_ready
W1008 08:14:34.456718 76615 master_service.cpp:4424] key=concurrent_k_36, error=replica_not_ready
W1008 08:14:34.456943 76615 master_service.cpp:4424] key=concurrent_k_36, error=replica_not_ready
W1008 08:14:34.456996 76614 master_service.cpp:4424] key=concurrent_k_36, error=replica_not_ready
W1008 08:14:34.457379 76615 master_service.cpp:4424] key=concurrent_k_37, error=replica_not_ready
W1008 08:14:34.457407 76614 master_service.cpp:4424] key=concurrent_k_37, error=replica_not_ready
W1008 08:14:34.457540 76615 master_service.cpp:4424] key=concurrent_k_37, error=replica_not_ready
W1008 08:14:34.457829 76614 master_service.cpp:4424] key=concurrent_k_38, error=replica_not_ready
W1008 08:14:34.457917 76615 master_service.cpp:4424] key=concurrent_k_38, error=replica_not_ready
W1008 08:14:34.458114 76615 master_service.cpp:4424] key=concurrent_k_38, error=replica_not_ready
W1008 08:14:34.458334 76615 master_service.cpp:4424] key=concurrent_k_39, error=replica_not_ready
W1008 08:14:34.458516 76615 master_service.cpp:4424] key=concurrent_k_39, error=replica_not_ready
W1008 08:14:34.458900 76615 master_service.cpp:4424] key=concurrent_k_40, error=replica_not_ready
W1008 08:14:34.459285 76614 master_service.cpp:4424] key=concurrent_k_40, error=replica_not_ready
W1008 08:14:34.459714 76615 master_service.cpp:4424] key=concurrent_k_41, error=replica_not_ready
W1008 08:14:34.459851 76615 master_service.cpp:4424] key=concurrent_k_41, error=replica_not_ready
W1008 08:14:34.459882 76614 master_service.cpp:4424] key=concurrent_k_41, error=replica_not_ready
W1008 08:14:34.460240 76612 master_service.cpp:4424] key=concurrent_k_42, error=replica_not_ready
W1008 08:14:34.460240 76613 master_service.cpp:4424] key=concurrent_k_42, error=replica_not_ready
W1008 08:14:34.460664 76612 master_service.cpp:4424] key=concurrent_k_42, error=replica_not_ready
W1008 08:14:34.460757 76614 master_service.cpp:4424] key=concurrent_k_43, error=replica_not_ready
W1008 08:14:34.461074 76615 master_service.cpp:4424] key=concurrent_k_43, error=replica_not_ready
W1008 08:14:34.461403 76614 master_service.cpp:4424] key=concurrent_k_43, error=replica_not_ready
W1008 08:14:34.461500 76615 master_service.cpp:4424] key=concurrent_k_44, error=replica_not_ready
W1008 08:14:34.462148 76615 master_service.cpp:4424] key=concurrent_k_45, error=replica_not_ready
W1008 08:14:34.462175 76614 master_service.cpp:4424] key=concurrent_k_45, error=replica_not_ready
W1008 08:14:34.462323 76615 master_service.cpp:4424] key=concurrent_k_45, error=replica_not_ready
W1008 08:14:34.462612 76615 master_service.cpp:4424] key=concurrent_k_46, error=replica_not_ready
W1008 08:14:34.462719 76615 master_service.cpp:4424] key=concurrent_k_46, error=replica_not_ready
W1008 08:14:34.463029 76613 master_service.cpp:4424] key=concurrent_k_46, error=replica_not_ready
W1008 08:14:34.463129 76615 master_service.cpp:4424] key=concurrent_k_47, error=replica_not_ready
W1008 08:14:34.463436 76615 master_service.cpp:4424] key=concurrent_k_47, error=replica_not_ready
W1008 08:14:34.463572 76615 master_service.cpp:4424] key=concurrent_k_47, error=replica_not_ready
W1008 08:14:34.463820 76615 master_service.cpp:4424] key=concurrent_k_48, error=replica_not_ready
W1008 08:14:34.463984 76613 master_service.cpp:4424] key=concurrent_k_48, error=replica_not_ready
W1008 08:14:34.464365 76615 master_service.cpp:4424] key=concurrent_k_49, error=replica_not_ready
W1008 08:14:34.464481 76615 master_service.cpp:4424] key=concurrent_k_49, error=replica_not_ready
W1008 08:14:34.464500 76614 master_service.cpp:4424] key=concurrent_k_49, error=replica_not_ready
W1008 08:14:34.464893 76615 master_service.cpp:4424] key=concurrent_k_50, error=replica_not_ready
W1008 08:14:34.464893 76614 master_service.cpp:4424] key=concurrent_k_50, error=replica_not_ready
W1008 08:14:34.465360 76615 master_service.cpp:4424] key=concurrent_k_51, error=replica_not_ready
W1008 08:14:34.465432 76614 master_service.cpp:4424] key=concurrent_k_50, error=replica_not_ready
W1008 08:14:34.465878 76615 master_service.cpp:4424] key=concurrent_k_51, error=replica_not_ready
W1008 08:14:34.466027 76615 master_service.cpp:4424] key=concurrent_k_51, error=replica_not_ready
W1008 08:14:34.466298 76615 master_service.cpp:4424] key=concurrent_k_52, error=replica_not_ready
W1008 08:14:34.466796 76615 master_service.cpp:4424] key=concurrent_k_53, error=replica_not_ready
W1008 08:14:34.467013 76613 master_service.cpp:4424] key=concurrent_k_53, error=replica_not_ready
W1008 08:14:34.467067 76615 master_service.cpp:4424] key=concurrent_k_53, error=replica_not_ready
W1008 08:14:34.467437 76615 master_service.cpp:4424] key=concurrent_k_54, error=replica_not_ready
W1008 08:14:34.467437 76614 master_service.cpp:4424] key=concurrent_k_54, error=replica_not_ready
W1008 08:14:34.467617 76615 master_service.cpp:4424] key=concurrent_k_54, error=replica_not_ready
W1008 08:14:34.467928 76613 master_service.cpp:4424] key=concurrent_k_55, error=replica_not_ready
W1008 08:14:34.468052 76615 master_service.cpp:4424] key=concurrent_k_55, error=replica_not_ready
W1008 08:14:34.468214 76615 master_service.cpp:4424] key=concurrent_k_55, error=replica_not_ready
W1008 08:14:34.468492 76613 master_service.cpp:4424] key=concurrent_k_56, error=replica_not_ready
W1008 08:14:34.468604 76615 master_service.cpp:4424] key=concurrent_k_56, error=replica_not_ready
W1008 08:14:34.469002 76615 master_service.cpp:4424] key=concurrent_k_57, error=replica_not_ready
W1008 08:14:34.469381 76615 master_service.cpp:4424] key=concurrent_k_57, error=replica_not_ready
W1008 08:14:34.469590 76615 master_service.cpp:4424] key=concurrent_k_57, error=replica_not_ready
W1008 08:14:34.469779 76614 master_service.cpp:4424] key=concurrent_k_58, error=replica_not_ready
W1008 08:14:34.470351 76615 master_service.cpp:4424] key=concurrent_k_59, error=replica_not_ready
W1008 08:14:34.470430 76613 master_service.cpp:4424] key=concurrent_k_59, error=replica_not_ready
W1008 08:14:34.470516 76615 master_service.cpp:4424] key=concurrent_k_59, error=replica_not_ready
W1008 08:14:34.470888 76615 master_service.cpp:4424] key=concurrent_k_60, error=replica_not_ready
W1008 08:14:34.470916 76614 master_service.cpp:4424] key=concurrent_k_60, error=replica_not_ready
W1008 08:14:34.471155 76615 master_service.cpp:4424] key=concurrent_k_60, error=replica_not_ready
W1008 08:14:34.471362 76614 master_service.cpp:4424] key=concurrent_k_61, error=replica_not_ready
W1008 08:14:34.471583 76615 master_service.cpp:4424] key=concurrent_k_61, error=replica_not_ready
W1008 08:14:34.471764 76614 master_service.cpp:4424] key=concurrent_k_61, error=replica_not_ready
W1008 08:14:34.471976 76614 master_service.cpp:4424] key=concurrent_k_62, error=replica_not_ready
W1008 08:14:34.472124 76615 master_service.cpp:4424] key=concurrent_k_62, error=replica_not_ready
W1008 08:14:34.472314 76614 master_service.cpp:4424] key=concurrent_k_62, error=replica_not_ready
W1008 08:14:34.472532 76615 master_service.cpp:4424] key=concurrent_k_63, error=replica_not_ready
W1008 08:14:34.472748 76615 master_service.cpp:4424] key=concurrent_k_63, error=replica_not_ready
W1008 08:14:34.472815 76614 master_service.cpp:4424] key=concurrent_k_63, error=replica_not_ready
W1008 08:14:34.473150 76614 master_service.cpp:4424] key=concurrent_k_64, error=replica_not_ready
W1008 08:14:34.473229 76615 master_service.cpp:4424] key=concurrent_k_64, error=replica_not_ready
W1008 08:14:34.473462 76615 master_service.cpp:4424] key=concurrent_k_64, error=replica_not_ready
W1008 08:14:34.473628 76615 master_service.cpp:4424] key=concurrent_k_65, error=replica_not_ready
W1008 08:14:34.473872 76615 master_service.cpp:4424] key=concurrent_k_65, error=replica_not_ready
W1008 08:14:34.474256 76615 master_service.cpp:4424] key=concurrent_k_66, error=replica_not_ready
W1008 08:14:34.474432 76615 master_service.cpp:4424] key=concurrent_k_66, error=replica_not_ready
W1008 08:14:34.474871 76615 master_service.cpp:4424] key=concurrent_k_67, error=replica_not_ready
W1008 08:14:34.474988 76614 master_service.cpp:4424] key=concurrent_k_67, error=replica_not_ready
W1008 08:14:34.475085 76615 master_service.cpp:4424] key=concurrent_k_67, error=replica_not_ready
W1008 08:14:34.475375 76615 master_service.cpp:4424] key=concurrent_k_68, error=replica_not_ready
W1008 08:14:34.475484 76615 master_service.cpp:4424] key=concurrent_k_68, error=replica_not_ready
W1008 08:14:34.475909 76614 master_service.cpp:4424] key=concurrent_k_68, error=replica_not_ready
W1008 08:14:34.475998 76615 master_service.cpp:4424] key=concurrent_k_69, error=replica_not_ready
W1008 08:14:34.476320 76614 master_service.cpp:4424] key=concurrent_k_69, error=replica_not_ready
W1008 08:14:34.476622 76615 master_service.cpp:4424] key=concurrent_k_69, error=replica_not_ready
W1008 08:14:34.476682 76614 master_service.cpp:4424] key=concurrent_k_70, error=replica_not_ready
W1008 08:14:34.477437 76615 master_service.cpp:4424] key=concurrent_k_71, error=replica_not_ready
W1008 08:14:34.477450 76613 master_service.cpp:4424] key=concurrent_k_71, error=replica_not_ready
W1008 08:14:34.477437 76614 master_service.cpp:4424] key=concurrent_k_71, error=replica_not_ready
W1008 08:14:34.477901 76615 master_service.cpp:4424] key=concurrent_k_72, error=replica_not_ready
W1008 08:14:34.477914 76614 master_service.cpp:4424] key=concurrent_k_72, error=replica_not_ready
W1008 08:14:34.478101 76615 master_service.cpp:4424] key=concurrent_k_72, error=replica_not_ready
W1008 08:14:34.478374 76615 master_service.cpp:4424] key=concurrent_k_73, error=replica_not_ready
W1008 08:14:34.478500 76615 master_service.cpp:4424] key=concurrent_k_73, error=replica_not_ready
W1008 08:14:34.478818 76615 master_service.cpp:4424] key=concurrent_k_73, error=replica_not_ready
W1008 08:14:34.478866 76614 master_service.cpp:4424] key=concurrent_k_74, error=replica_not_ready
W1008 08:14:34.479223 76615 master_service.cpp:4424] key=concurrent_k_74, error=replica_not_ready
W1008 08:14:34.479281 76613 master_service.cpp:4424] key=concurrent_k_74, error=replica_not_ready
W1008 08:14:34.479628 76615 master_service.cpp:4424] key=concurrent_k_75, error=replica_not_ready
W1008 08:14:34.479714 76614 master_service.cpp:4424] key=concurrent_k_75, error=replica_not_ready
W1008 08:14:34.479830 76614 master_service.cpp:4424] key=concurrent_k_75, error=replica_not_ready
W1008 08:14:34.480100 76615 master_service.cpp:4424] key=concurrent_k_76, error=replica_not_ready
W1008 08:14:34.480257 76615 master_service.cpp:4424] key=concurrent_k_76, error=replica_not_ready
W1008 08:14:34.480387 76615 master_service.cpp:4424] key=concurrent_k_76, error=replica_not_ready
W1008 08:14:34.480646 76615 master_service.cpp:4424] key=concurrent_k_77, error=replica_not_ready
W1008 08:14:34.480792 76615 master_service.cpp:4424] key=concurrent_k_77, error=replica_not_ready
W1008 08:14:34.480976 76614 master_service.cpp:4424] key=concurrent_k_77, error=replica_not_ready
W1008 08:14:34.481148 76615 master_service.cpp:4424] key=concurrent_k_78, error=replica_not_ready
W1008 08:14:34.481362 76615 master_service.cpp:4424] key=concurrent_k_78, error=replica_not_ready
W1008 08:14:34.481865 76615 master_service.cpp:4424] key=concurrent_k_79, error=replica_not_ready
W1008 08:14:34.482005 76614 master_service.cpp:4424] key=concurrent_k_79, error=replica_not_ready
W1008 08:14:34.482123 76615 master_service.cpp:4424] key=concurrent_k_79, error=replica_not_ready
W1008 08:14:34.482439 76615 master_service.cpp:4424] key=concurrent_k_80, error=replica_not_ready
W1008 08:14:34.482534 76615 master_service.cpp:4424] key=concurrent_k_80, error=replica_not_ready
W1008 08:14:34.482982 76615 master_service.cpp:4424] key=concurrent_k_81, error=replica_not_ready
W1008 08:14:34.483239 76615 master_service.cpp:4424] key=concurrent_k_81, error=replica_not_ready
W1008 08:14:34.483282 76614 master_service.cpp:4424] key=concurrent_k_81, error=replica_not_ready
W1008 08:14:34.483597 76614 master_service.cpp:4424] key=concurrent_k_82, error=replica_not_ready
W1008 08:14:34.483676 76615 master_service.cpp:4424] key=concurrent_k_82, error=replica_not_ready
W1008 08:14:34.483856 76615 master_service.cpp:4424] key=concurrent_k_82, error=replica_not_ready
W1008 08:14:34.484081 76615 master_service.cpp:4424] key=concurrent_k_83, error=replica_not_ready
W1008 08:14:34.484293 76615 master_service.cpp:4424] key=concurrent_k_83, error=replica_not_ready
W1008 08:14:34.484344 76614 master_service.cpp:4424] key=concurrent_k_83, error=replica_not_ready
W1008 08:14:34.484724 76615 master_service.cpp:4424] key=concurrent_k_84, error=replica_not_ready
W1008 08:14:34.484759 76614 master_service.cpp:4424] key=concurrent_k_84, error=replica_not_ready
W1008 08:14:34.485203 76615 master_service.cpp:4424] key=concurrent_k_85, error=replica_not_ready
W1008 08:14:34.485512 76614 master_service.cpp:4424] key=concurrent_k_85, error=replica_not_ready
W1008 08:14:34.485868 76615 master_service.cpp:4424] key=concurrent_k_86, error=replica_not_ready
W1008 08:14:34.486053 76615 master_service.cpp:4424] key=concurrent_k_86, error=replica_not_ready
W1008 08:14:34.486070 76614 master_service.cpp:4424] key=concurrent_k_86, error=replica_not_ready
W1008 08:14:34.486485 76613 master_service.cpp:4424] key=concurrent_k_87, error=replica_not_ready
W1008 08:14:34.486488 76615 master_service.cpp:4424] key=concurrent_k_87, error=replica_not_ready
W1008 08:14:34.487006 76614 master_service.cpp:4424] key=concurrent_k_88, error=replica_not_ready
W1008 08:14:34.487213 76615 master_service.cpp:4424] key=concurrent_k_88, error=replica_not_ready
W1008 08:14:34.487376 76615 master_service.cpp:4424] key=concurrent_k_88, error=replica_not_ready
W1008 08:14:34.487649 76615 master_service.cpp:4424] key=concurrent_k_89, error=replica_not_ready
W1008 08:14:34.487773 76615 master_service.cpp:4424] key=concurrent_k_89, error=replica_not_ready
W1008 08:14:34.488121 76615 master_service.cpp:4424] key=concurrent_k_90, error=replica_not_ready
W1008 08:14:34.488413 76615 master_service.cpp:4424] key=concurrent_k_90, error=replica_not_ready
W1008 08:14:34.488667 76615 master_service.cpp:4424] key=concurrent_k_90, error=replica_not_ready
W1008 08:14:34.488821 76615 master_service.cpp:4424] key=concurrent_k_91, error=replica_not_ready
W1008 08:14:34.489054 76615 master_service.cpp:4424] key=concurrent_k_91, error=replica_not_ready
W1008 08:14:34.489442 76615 master_service.cpp:4424] key=concurrent_k_92, error=replica_not_ready
W1008 08:14:34.489612 76614 master_service.cpp:4424] key=concurrent_k_92, error=replica_not_ready
W1008 08:14:34.489732 76615 master_service.cpp:4424] key=concurrent_k_92, error=replica_not_ready
W1008 08:14:34.490054 76614 master_service.cpp:4424] key=concurrent_k_93, error=replica_not_ready
W1008 08:14:34.490185 76615 master_service.cpp:4424] key=concurrent_k_93, error=replica_not_ready
W1008 08:14:34.490248 76614 master_service.cpp:4424] key=concurrent_k_93, error=replica_not_ready
W1008 08:14:34.490535 76614 master_service.cpp:4424] key=concurrent_k_94, error=replica_not_ready
W1008 08:14:34.490628 76615 master_service.cpp:4424] key=concurrent_k_94, error=replica_not_ready
W1008 08:14:34.490906 76615 master_service.cpp:4424] key=concurrent_k_94, error=replica_not_ready
W1008 08:14:34.491076 76615 master_service.cpp:4424] key=concurrent_k_95, error=replica_not_ready
W1008 08:14:34.491308 76615 master_service.cpp:4424] key=concurrent_k_95, error=replica_not_ready
W1008 08:14:34.491688 76615 master_service.cpp:4424] key=concurrent_k_96, error=replica_not_ready
W1008 08:14:34.491858 76612 master_service.cpp:4424] key=concurrent_k_96, error=replica_not_ready
W1008 08:14:34.491878 76613 master_service.cpp:4424] key=concurrent_k_96, error=replica_not_ready
W1008 08:14:34.492313 76615 master_service.cpp:4424] key=concurrent_k_97, error=replica_not_ready
W1008 08:14:34.492316 76614 master_service.cpp:4424] key=concurrent_k_97, error=replica_not_ready
W1008 08:14:34.492499 76615 master_service.cpp:4424] key=concurrent_k_97, error=replica_not_ready
W1008 08:14:34.492775 76614 master_service.cpp:4424] key=concurrent_k_98, error=replica_not_ready
W1008 08:14:34.492897 76615 master_service.cpp:4424] key=concurrent_k_98, error=replica_not_ready
W1008 08:14:34.493136 76615 master_service.cpp:4424] key=concurrent_k_98, error=replica_not_ready
W1008 08:14:34.493307 76615 master_service.cpp:4424] key=concurrent_k_99, error=replica_not_ready
W1008 08:14:34.493557 76615 master_service.cpp:4424] key=concurrent_k_99, error=replica_not_ready
W1008 08:14:34.494038 76615 master_service.cpp:4424] key=concurrent_k_100, error=replica_not_ready
W1008 08:14:34.494266 76614 master_service.cpp:4424] key=concurrent_k_100, error=replica_not_ready
W1008 08:14:34.494380 76614 master_service.cpp:4424] key=concurrent_k_100, error=replica_not_ready
W1008 08:14:34.494715 76614 master_service.cpp:4424] key=concurrent_k_101, error=replica_not_ready
W1008 08:14:34.494836 76615 master_service.cpp:4424] key=concurrent_k_101, error=replica_not_ready
W1008 08:14:34.495190 76615 master_service.cpp:4424] key=concurrent_k_102, error=replica_not_ready
W1008 08:14:34.495369 76615 master_service.cpp:4424] key=concurrent_k_102, error=replica_not_ready
W1008 08:14:34.495398 76614 master_service.cpp:4424] key=concurrent_k_102, error=replica_not_ready
W1008 08:14:34.495795 76614 master_service.cpp:4424] key=concurrent_k_103, error=replica_not_ready
W1008 08:14:34.495793 76615 master_service.cpp:4424] key=concurrent_k_103, error=replica_not_ready
W1008 08:14:34.496258 76615 master_service.cpp:4424] key=concurrent_k_104, error=replica_not_ready
W1008 08:14:34.496598 76615 master_service.cpp:4424] key=concurrent_k_104, error=replica_not_ready
W1008 08:14:34.496810 76615 master_service.cpp:4424] key=concurrent_k_104, error=replica_not_ready
W1008 08:14:34.497043 76614 master_service.cpp:4424] key=concurrent_k_105, error=replica_not_ready
W1008 08:14:34.497222 76615 master_service.cpp:4424] key=concurrent_k_105, error=replica_not_ready
W1008 08:14:34.497596 76614 master_service.cpp:4424] key=concurrent_k_106, error=replica_not_ready
W1008 08:14:34.497726 76615 master_service.cpp:4424] key=concurrent_k_106, error=replica_not_ready
W1008 08:14:34.497886 76615 master_service.cpp:4424] key=concurrent_k_106, error=replica_not_ready
W1008 08:14:34.498143 76615 master_service.cpp:4424] key=concurrent_k_107, error=replica_not_ready
W1008 08:14:34.498301 76615 master_service.cpp:4424] key=concurrent_k_107, error=replica_not_ready
W1008 08:14:34.498695 76614 master_service.cpp:4424] key=concurrent_k_108, error=replica_not_ready
W1008 08:14:34.499518 76615 master_service.cpp:4424] key=concurrent_k_109, error=replica_not_ready
W1008 08:14:34.499545 76613 master_service.cpp:4424] key=concurrent_k_109, error=replica_not_ready
W1008 08:14:34.499681 76615 master_service.cpp:4424] key=concurrent_k_109, error=replica_not_ready
W1008 08:14:34.499972 76614 master_service.cpp:4424] key=concurrent_k_110, error=replica_not_ready
W1008 08:14:34.500049 76615 master_service.cpp:4424] key=concurrent_k_110, error=replica_not_ready
W1008 08:14:34.500131 76614 master_service.cpp:4424] key=concurrent_k_110, error=replica_not_ready
W1008 08:14:34.500442 76614 master_service.cpp:4424] key=concurrent_k_111, error=replica_not_ready
W1008 08:14:34.500542 76615 master_service.cpp:4424] key=concurrent_k_111, error=replica_not_ready
W1008 08:14:34.500883 76613 master_service.cpp:4424] key=concurrent_k_111, error=replica_not_ready
W1008 08:14:34.500972 76615 master_service.cpp:4424] key=concurrent_k_112, error=replica_not_ready
W1008 08:14:34.501325 76615 master_service.cpp:4424] key=concurrent_k_112, error=replica_not_ready
W1008 08:14:34.501721 76614 master_service.cpp:4424] key=concurrent_k_113, error=replica_not_ready
W1008 08:14:34.501838 76615 master_service.cpp:4424] key=concurrent_k_113, error=replica_not_ready
W1008 08:14:34.501850 76614 master_service.cpp:4424] key=concurrent_k_113, error=replica_not_ready
W1008 08:14:34.502249 76615 master_service.cpp:4424] key=concurrent_k_114, error=replica_not_ready
W1008 08:14:34.502249 76614 master_service.cpp:4424] key=concurrent_k_114, error=replica_not_ready
W1008 08:14:34.502400 76615 master_service.cpp:4424] key=concurrent_k_114, error=replica_not_ready
W1008 08:14:34.502735 76614 master_service.cpp:4424] key=concurrent_k_115, error=replica_not_ready
W1008 08:14:34.502856 76615 master_service.cpp:4424] key=concurrent_k_115, error=replica_not_ready
W1008 08:14:34.503291 76615 master_service.cpp:4424] key=concurrent_k_116, error=replica_not_ready
W1008 08:14:34.503643 76615 master_service.cpp:4424] key=concurrent_k_116, error=replica_not_ready
W1008 08:14:34.504060 76614 master_service.cpp:4424] key=concurrent_k_117, error=replica_not_ready
W1008 08:14:34.504175 76615 master_service.cpp:4424] key=concurrent_k_117, error=replica_not_ready
W1008 08:14:34.504268 76614 master_service.cpp:4424] key=concurrent_k_117, error=replica_not_ready
W1008 08:14:34.504532 76615 master_service.cpp:4424] key=concurrent_k_118, error=replica_not_ready
W1008 08:14:34.504650 76615 master_service.cpp:4424] key=concurrent_k_118, error=replica_not_ready
W1008 08:14:34.505055 76615 master_service.cpp:4424] key=concurrent_k_119, error=replica_not_ready
W1008 08:14:34.505354 76615 master_service.cpp:4424] key=concurrent_k_119, error=replica_not_ready
W1008 08:14:34.505386 76614 master_service.cpp:4424] key=concurrent_k_119, error=replica_not_ready
W1008 08:14:34.505738 76615 master_service.cpp:4424] key=concurrent_k_120, error=replica_not_ready
W1008 08:14:34.505811 76614 master_service.cpp:4424] key=concurrent_k_120, error=replica_not_ready
W1008 08:14:34.506296 76615 master_service.cpp:4424] key=concurrent_k_121, error=replica_not_ready
W1008 08:14:34.506464 76615 master_service.cpp:4424] key=concurrent_k_121, error=replica_not_ready
W1008 08:14:34.506623 76614 master_service.cpp:4424] key=concurrent_k_121, error=replica_not_ready
W1008 08:14:34.506861 76615 master_service.cpp:4424] key=concurrent_k_122, error=replica_not_ready
W1008 08:14:34.506999 76615 master_service.cpp:4424] key=concurrent_k_122, error=replica_not_ready
W1008 08:14:34.507128 76615 master_service.cpp:4424] key=concurrent_k_122, error=replica_not_ready
W1008 08:14:34.507450 76615 master_service.cpp:4424] key=concurrent_k_123, error=replica_not_ready
W1008 08:14:34.507514 76614 master_service.cpp:4424] key=concurrent_k_123, error=replica_not_ready
W1008 08:14:34.508031 76614 master_service.cpp:4424] key=concurrent_k_124, error=replica_not_ready
W1008 08:14:34.508212 76615 master_service.cpp:4424] key=concurrent_k_124, error=replica_not_ready
W1008 08:14:34.508337 76615 master_service.cpp:4424] key=concurrent_k_124, error=replica_not_ready
W1008 08:14:34.508590 76615 master_service.cpp:4424] key=concurrent_k_125, error=replica_not_ready
W1008 08:14:34.508771 76614 master_service.cpp:4424] key=concurrent_k_125, error=replica_not_ready
W1008 08:14:34.509161 76614 master_service.cpp:4424] key=concurrent_k_126, error=replica_not_ready
W1008 08:14:34.509276 76614 master_service.cpp:4424] key=concurrent_k_126, error=replica_not_ready
W1008 08:14:34.509373 76615 master_service.cpp:4424] key=concurrent_k_126, error=replica_not_ready
W1008 08:14:34.509723 76615 master_service.cpp:4424] key=concurrent_k_127, error=replica_not_ready
W1008 08:14:34.509754 76614 master_service.cpp:4424] key=concurrent_k_127, error=replica_not_ready
W1008 08:14:34.510185 76614 master_service.cpp:4424] key=concurrent_k_128, error=replica_not_ready
W1008 08:14:34.510550 76614 master_service.cpp:4424] key=concurrent_k_128, error=replica_not_ready
W1008 08:14:34.510679 76615 master_service.cpp:4424] key=concurrent_k_128, error=replica_not_ready
W1008 08:14:34.510977 76615 master_service.cpp:4424] key=concurrent_k_129, error=replica_not_ready
W1008 08:14:34.511106 76615 master_service.cpp:4424] key=concurrent_k_129, error=replica_not_ready
W1008 08:14:34.511494 76615 master_service.cpp:4424] key=concurrent_k_130, error=replica_not_ready
W1008 08:14:34.511626 76615 master_service.cpp:4424] key=concurrent_k_130, error=replica_not_ready
W1008 08:14:34.511909 76615 master_service.cpp:4424] key=concurrent_k_130, error=replica_not_ready
W1008 08:14:34.512068 76615 master_service.cpp:4424] key=concurrent_k_131, error=replica_not_ready
W1008 08:14:34.512321 76615 master_service.cpp:4424] key=concurrent_k_131, error=replica_not_ready
W1008 08:14:34.512753 76614 master_service.cpp:4424] key=concurrent_k_132, error=replica_not_ready
W1008 08:14:34.512882 76615 master_service.cpp:4424] key=concurrent_k_132, error=replica_not_ready
W1008 08:14:34.513072 76615 master_service.cpp:4424] key=concurrent_k_132, error=replica_not_ready
W1008 08:14:34.513267 76615 master_service.cpp:4424] key=concurrent_k_133, error=replica_not_ready
W1008 08:14:34.513527 76615 master_service.cpp:4424] key=concurrent_k_133, error=replica_not_ready
W1008 08:14:34.513548 76614 master_service.cpp:4424] key=concurrent_k_133, error=replica_not_ready
W1008 08:14:34.513933 76615 master_service.cpp:4424] key=concurrent_k_134, error=replica_not_ready
W1008 08:14:34.513933 76614 master_service.cpp:4424] key=concurrent_k_134, error=replica_not_ready
W1008 08:14:34.514199 76615 master_service.cpp:4424] key=concurrent_k_134, error=replica_not_ready
W1008 08:14:34.514410 76614 master_service.cpp:4424] key=concurrent_k_135, error=replica_not_ready
W1008 08:14:34.514626 76615 master_service.cpp:4424] key=concurrent_k_135, error=replica_not_ready
W1008 08:14:34.515033 76614 master_service.cpp:4424] key=concurrent_k_136, error=replica_not_ready
W1008 08:14:34.515316 76614 master_service.cpp:4424] key=concurrent_k_136, error=replica_not_ready
W1008 08:14:34.515429 76615 master_service.cpp:4424] key=concurrent_k_136, error=replica_not_ready
W1008 08:14:34.515769 76614 master_service.cpp:4424] key=concurrent_k_137, error=replica_not_ready
W1008 08:14:34.515841 76615 master_service.cpp:4424] key=concurrent_k_137, error=replica_not_ready
W1008 08:14:34.516250 76614 master_service.cpp:4424] key=concurrent_k_138, error=replica_not_ready
W1008 08:14:34.516369 76615 master_service.cpp:4424] key=concurrent_k_138, error=replica_not_ready
W1008 08:14:34.516526 76615 master_service.cpp:4424] key=concurrent_k_138, error=replica_not_ready
W1008 08:14:34.516750 76614 master_service.cpp:4424] key=concurrent_k_139, error=replica_not_ready
W1008 08:14:34.516938 76615 master_service.cpp:4424] key=concurrent_k_139, error=replica_not_ready
W1008 08:14:34.517346 76615 master_service.cpp:4424] key=concurrent_k_140, error=replica_not_ready
W1008 08:14:34.517647 76615 master_service.cpp:4424] key=concurrent_k_140, error=replica_not_ready
W1008 08:14:34.517674 76613 master_service.cpp:4424] key=concurrent_k_140, error=replica_not_ready
W1008 08:14:34.518059 76615 master_service.cpp:4424] key=concurrent_k_141, error=replica_not_ready
W1008 08:14:34.518136 76614 master_service.cpp:4424] key=concurrent_k_141, error=replica_not_ready
W1008 08:14:34.518559 76613 master_service.cpp:4424] key=concurrent_k_142, error=replica_not_ready
W1008 08:14:34.518626 76615 master_service.cpp:4424] key=concurrent_k_142, error=replica_not_ready
W1008 08:14:34.518874 76615 master_service.cpp:4424] key=concurrent_k_142, error=replica_not_ready
W1008 08:14:34.519063 76614 master_service.cpp:4424] key=concurrent_k_143, error=replica_not_ready
W1008 08:14:34.519285 76615 master_service.cpp:4424] key=concurrent_k_143, error=replica_not_ready
W1008 08:14:34.519476 76615 master_service.cpp:4424] key=concurrent_k_143, error=replica_not_ready
W1008 08:14:34.519685 76615 master_service.cpp:4424] key=concurrent_k_144, error=replica_not_ready
W1008 08:14:34.519876 76614 master_service.cpp:4424] key=concurrent_k_144, error=replica_not_ready
W1008 08:14:34.520282 76615 master_service.cpp:4424] key=concurrent_k_145, error=replica_not_ready
W1008 08:14:34.520972 76612 master_service.cpp:4424] key=concurrent_k_146, error=replica_not_ready
W1008 08:14:34.521055 76614 master_service.cpp:4424] key=concurrent_k_146, error=replica_not_ready
W1008 08:14:34.521093 76615 master_service.cpp:4424] key=concurrent_k_146, error=replica_not_ready
W1008 08:14:34.521492 76615 master_service.cpp:4424] key=concurrent_k_147, error=replica_not_ready
W1008 08:14:34.521492 76614 master_service.cpp:4424] key=concurrent_k_147, error=replica_not_ready
W1008 08:14:34.521973 76614 master_service.cpp:4424] key=concurrent_k_148, error=replica_not_ready
W1008 08:14:34.522873 76615 master_service.cpp:4424] key=concurrent_k_149, error=replica_not_ready
W1008 08:14:34.522936 76614 master_service.cpp:4424] key=concurrent_k_149, error=replica_not_ready
W1008 08:14:34.522936 76613 master_service.cpp:4424] key=concurrent_k_149, error=replica_not_ready
W1008 08:14:34.523361 76615 master_service.cpp:4424] key=concurrent_k_150, error=replica_not_ready
W1008 08:14:34.523386 76614 master_service.cpp:4424] key=concurrent_k_150, error=replica_not_ready
W1008 08:14:34.523648 76615 master_service.cpp:4424] key=concurrent_k_150, error=replica_not_ready
W1008 08:14:34.523850 76615 master_service.cpp:4424] key=concurrent_k_151, error=replica_not_ready
W1008 08:14:34.524073 76615 master_service.cpp:4424] key=concurrent_k_151, error=replica_not_ready
W1008 08:14:34.524240 76614 master_service.cpp:4424] key=concurrent_k_151, error=replica_not_ready
W1008 08:14:34.524498 76615 master_service.cpp:4424] key=concurrent_k_152, error=replica_not_ready
W1008 08:14:34.524659 76615 master_service.cpp:4424] key=concurrent_k_152, error=replica_not_ready
W1008 08:14:34.525031 76615 master_service.cpp:4424] key=concurrent_k_153, error=replica_not_ready
W1008 08:14:34.525390 76614 master_service.cpp:4424] key=concurrent_k_153, error=replica_not_ready
W1008 08:14:34.525759 76615 master_service.cpp:4424] key=concurrent_k_154, error=replica_not_ready
W1008 08:14:34.525923 76614 master_service.cpp:4424] key=concurrent_k_154, error=replica_not_ready
W1008 08:14:34.525965 76615 master_service.cpp:4424] key=concurrent_k_154, error=replica_not_ready
W1008 08:14:34.526361 76615 master_service.cpp:4424] key=concurrent_k_155, error=replica_not_ready
W1008 08:14:34.526382 76614 master_service.cpp:4424] key=concurrent_k_155, error=replica_not_ready
W1008 08:14:34.526768 76615 master_service.cpp:4424] key=concurrent_k_155, error=replica_not_ready
W1008 08:14:34.526862 76614 master_service.cpp:4424] key=concurrent_k_156, error=replica_not_ready
W1008 08:14:34.527222 76613 master_service.cpp:4424] key=concurrent_k_156, error=replica_not_ready
W1008 08:14:34.527674 76615 master_service.cpp:4424] key=concurrent_k_157, error=replica_not_ready
W1008 08:14:34.527719 76614 master_service.cpp:4424] key=concurrent_k_157, error=replica_not_ready
W1008 08:14:34.527751 76612 master_service.cpp:4424] key=concurrent_k_157, error=replica_not_ready
W1008 08:14:34.528131 76615 master_service.cpp:4424] key=concurrent_k_158, error=replica_not_ready
W1008 08:14:34.528152 76614 master_service.cpp:4424] key=concurrent_k_158, error=replica_not_ready
W1008 08:14:34.528211 76613 master_service.cpp:4424] key=concurrent_k_158, error=replica_not_ready
W1008 08:14:34.528615 76615 master_service.cpp:4424] key=concurrent_k_159, error=replica_not_ready
W1008 08:14:34.528659 76613 master_service.cpp:4424] key=concurrent_k_159, error=replica_not_ready
W1008 08:14:34.529161 76615 master_service.cpp:4424] key=concurrent_k_160, error=replica_not_ready
W1008 08:14:34.529484 76615 master_service.cpp:4424] key=concurrent_k_160, error=replica_not_ready
W1008 08:14:34.529487 76614 master_service.cpp:4424] key=concurrent_k_160, error=replica_not_ready
W1008 08:14:34.529874 76614 master_service.cpp:4424] key=concurrent_k_161, error=replica_not_ready
W1008 08:14:34.529929 76615 master_service.cpp:4424] key=concurrent_k_161, error=replica_not_ready
W1008 08:14:34.530193 76615 master_service.cpp:4424] key=concurrent_k_161, error=replica_not_ready
W1008 08:14:34.530344 76615 master_service.cpp:4424] key=concurrent_k_162, error=replica_not_ready
W1008 08:14:34.530562 76615 master_service.cpp:4424] key=concurrent_k_162, error=replica_not_ready
W1008 08:14:34.530867 76614 master_service.cpp:4424] key=concurrent_k_162, error=replica_not_ready
W1008 08:14:34.530961 76615 master_service.cpp:4424] key=concurrent_k_163, error=replica_not_ready
W1008 08:14:34.531282 76615 master_service.cpp:4424] key=concurrent_k_163, error=replica_not_ready
W1008 08:14:34.531695 76613 master_service.cpp:4424] key=concurrent_k_164, error=replica_not_ready
W1008 08:14:34.531821 76615 master_service.cpp:4424] key=concurrent_k_164, error=replica_not_ready
W1008 08:14:34.532012 76615 master_service.cpp:4424] key=concurrent_k_164, error=replica_not_ready
W1008 08:14:34.532249 76615 master_service.cpp:4424] key=concurrent_k_165, error=replica_not_ready
W1008 08:14:34.532418 76614 master_service.cpp:4424] key=concurrent_k_165, error=replica_not_ready
W1008 08:14:34.532812 76615 master_service.cpp:4424] key=concurrent_k_166, error=replica_not_ready
W1008 08:14:34.532976 76614 master_service.cpp:4424] key=concurrent_k_166, error=replica_not_ready
W1008 08:14:34.533058 76615 master_service.cpp:4424] key=concurrent_k_166, error=replica_not_ready
W1008 08:14:34.533346 76615 master_service.cpp:4424] key=concurrent_k_167, error=replica_not_ready
W1008 08:14:34.533468 76615 master_service.cpp:4424] key=concurrent_k_167, error=replica_not_ready
W1008 08:14:34.533627 76615 master_service.cpp:4424] key=concurrent_k_167, error=replica_not_ready
W1008 08:14:34.533885 76615 master_service.cpp:4424] key=concurrent_k_168, error=replica_not_ready
W1008 08:14:34.534015 76615 master_service.cpp:4424] key=concurrent_k_168, error=replica_not_ready
W1008 08:14:34.534392 76615 master_service.cpp:4424] key=concurrent_k_169, error=replica_not_ready
W1008 08:14:34.534668 76615 master_service.cpp:4424] key=concurrent_k_169, error=replica_not_ready
W1008 08:14:34.534700 76614 master_service.cpp:4424] key=concurrent_k_169, error=replica_not_ready
W1008 08:14:34.535089 76614 master_service.cpp:4424] key=concurrent_k_170, error=replica_not_ready
W1008 08:14:34.535094 76613 master_service.cpp:4424] key=concurrent_k_170, error=replica_not_ready
W1008 08:14:34.535221 76615 master_service.cpp:4424] key=concurrent_k_170, error=replica_not_ready
W1008 08:14:34.535568 76615 master_service.cpp:4424] key=concurrent_k_171, error=replica_not_ready
W1008 08:14:34.535631 76614 master_service.cpp:4424] key=concurrent_k_171, error=replica_not_ready
W1008 08:14:34.536072 76614 master_service.cpp:4424] key=concurrent_k_171, error=replica_not_ready
W1008 08:14:34.536164 76615 master_service.cpp:4424] key=concurrent_k_172, error=replica_not_ready
W1008 08:14:34.536495 76615 master_service.cpp:4424] key=concurrent_k_172, error=replica_not_ready
W1008 08:14:34.536626 76615 master_service.cpp:4424] key=concurrent_k_172, error=replica_not_ready
W1008 08:14:34.536898 76615 master_service.cpp:4424] key=concurrent_k_173, error=replica_not_ready
W1008 08:14:34.537055 76614 master_service.cpp:4424] key=concurrent_k_173, error=replica_not_ready
W1008 08:14:34.537438 76615 master_service.cpp:4424] key=concurrent_k_174, error=replica_not_ready
W1008 08:14:34.537499 76614 master_service.cpp:4424] key=concurrent_k_174, error=replica_not_ready
W1008 08:14:34.537669 76615 master_service.cpp:4424] key=concurrent_k_174, error=replica_not_ready
W1008 08:14:34.537940 76615 master_service.cpp:4424] key=concurrent_k_175, error=replica_not_ready
W1008 08:14:34.538060 76615 master_service.cpp:4424] key=concurrent_k_175, error=replica_not_ready
W1008 08:14:34.538484 76614 master_service.cpp:4424] key=concurrent_k_176, error=replica_not_ready
W1008 08:14:34.538794 76615 master_service.cpp:4424] key=concurrent_k_176, error=replica_not_ready
W1008 08:14:34.539212 76615 master_service.cpp:4424] key=concurrent_k_177, error=replica_not_ready
W1008 08:14:34.539351 76615 master_service.cpp:4424] key=concurrent_k_177, error=replica_not_ready
W1008 08:14:34.539352 76614 master_service.cpp:4424] key=concurrent_k_177, error=replica_not_ready
W1008 08:14:34.539767 76612 master_service.cpp:4424] key=concurrent_k_178, error=replica_not_ready
W1008 08:14:34.539767 76613 master_service.cpp:4424] key=concurrent_k_178, error=replica_not_ready
W1008 08:14:34.539906 76615 master_service.cpp:4424] key=concurrent_k_178, error=replica_not_ready
W1008 08:14:34.540256 76615 master_service.cpp:4424] key=concurrent_k_179, error=replica_not_ready
W1008 08:14:34.540336 76614 master_service.cpp:4424] key=concurrent_k_179, error=replica_not_ready
W1008 08:14:34.540771 76614 master_service.cpp:4424] key=concurrent_k_180, error=replica_not_ready
W1008 08:14:34.540872 76615 master_service.cpp:4424] key=concurrent_k_179, error=replica_not_ready
W1008 08:14:34.541667 76615 master_service.cpp:4424] key=concurrent_k_181, error=replica_not_ready
W1008 08:14:34.541684 76614 master_service.cpp:4424] key=concurrent_k_181, error=replica_not_ready
W1008 08:14:34.542122 76614 master_service.cpp:4424] key=concurrent_k_182, error=replica_not_ready
W1008 08:14:34.542178 76613 master_service.cpp:4424] key=concurrent_k_182, error=replica_not_ready
W1008 08:14:34.542244 76615 master_service.cpp:4424] key=concurrent_k_182, error=replica_not_ready
W1008 08:14:34.542614 76615 master_service.cpp:4424] key=concurrent_k_183, error=replica_not_ready
W1008 08:14:34.542675 76614 master_service.cpp:4424] key=concurrent_k_183, error=replica_not_ready
W1008 08:14:34.543099 76614 master_service.cpp:4424] key=concurrent_k_183, error=replica_not_ready
W1008 08:14:34.543123 76615 master_service.cpp:4424] key=concurrent_k_184, error=replica_not_ready
W1008 08:14:34.543530 76615 master_service.cpp:4424] key=concurrent_k_184, error=replica_not_ready
W1008 08:14:34.543921 76614 master_service.cpp:4424] key=concurrent_k_185, error=replica_not_ready
W1008 08:14:34.544090 76615 master_service.cpp:4424] key=concurrent_k_185, error=replica_not_ready
W1008 08:14:34.544468 76614 master_service.cpp:4424] key=concurrent_k_186, error=replica_not_ready
W1008 08:14:34.544581 76615 master_service.cpp:4424] key=concurrent_k_186, error=replica_not_ready
W1008 08:14:34.544627 76614 master_service.cpp:4424] key=concurrent_k_186, error=replica_not_ready
W1008 08:14:34.544991 76615 master_service.cpp:4424] key=concurrent_k_187, error=replica_not_ready
W1008 08:14:34.545013 76613 master_service.cpp:4424] key=concurrent_k_187, error=replica_not_ready
W1008 08:14:34.545269 76615 master_service.cpp:4424] key=concurrent_k_187, error=replica_not_ready
W1008 08:14:34.545471 76615 master_service.cpp:4424] key=concurrent_k_188, error=replica_not_ready
W1008 08:14:34.545686 76615 master_service.cpp:4424] key=concurrent_k_188, error=replica_not_ready
W1008 08:14:34.546104 76615 master_service.cpp:4424] key=concurrent_k_189, error=replica_not_ready
W1008 08:14:34.546756 76615 master_service.cpp:4424] key=concurrent_k_190, error=replica_not_ready
W1008 08:14:34.546824 76614 master_service.cpp:4424] key=concurrent_k_190, error=replica_not_ready
W1008 08:14:34.546983 76615 master_service.cpp:4424] key=concurrent_k_190, error=replica_not_ready
W1008 08:14:34.547286 76614 master_service.cpp:4424] key=concurrent_k_191, error=replica_not_ready
W1008 08:14:34.547369 76615 master_service.cpp:4424] key=concurrent_k_191, error=replica_not_ready
W1008 08:14:34.547832 76614 master_service.cpp:4424] key=concurrent_k_192, error=replica_not_ready
W1008 08:14:34.548148 76615 master_service.cpp:4424] key=concurrent_k_192, error=replica_not_ready
W1008 08:14:34.548162 76613 master_service.cpp:4424] key=concurrent_k_192, error=replica_not_ready
W1008 08:14:34.548604 76614 master_service.cpp:4424] key=concurrent_k_193, error=replica_not_ready
W1008 08:14:34.548605 76613 master_service.cpp:4424] key=concurrent_k_193, error=replica_not_ready
W1008 08:14:34.548739 76615 master_service.cpp:4424] key=concurrent_k_193, error=replica_not_ready
W1008 08:14:34.549046 76614 master_service.cpp:4424] key=concurrent_k_194, error=replica_not_ready
W1008 08:14:34.549139 76613 master_service.cpp:4424] key=concurrent_k_194, error=replica_not_ready
W1008 08:14:34.549259 76615 master_service.cpp:4424] key=concurrent_k_194, error=replica_not_ready
W1008 08:14:34.549554 76615 master_service.cpp:4424] key=concurrent_k_195, error=replica_not_ready
W1008 08:14:34.549679 76615 master_service.cpp:4424] key=concurrent_k_195, error=replica_not_ready
W1008 08:14:34.550024 76613 master_service.cpp:4424] key=concurrent_k_195, error=replica_not_ready
W1008 08:14:34.550112 76615 master_service.cpp:4424] key=concurrent_k_196, error=replica_not_ready
W1008 08:14:34.550438 76615 master_service.cpp:4424] key=concurrent_k_196, error=replica_not_ready
W1008 08:14:34.550827 76614 master_service.cpp:4424] key=concurrent_k_197, error=replica_not_ready
W1008 08:14:34.551120 76615 master_service.cpp:4424] key=concurrent_k_197, error=replica_not_ready
W1008 08:14:34.551235 76615 master_service.cpp:4424] key=concurrent_k_197, error=replica_not_ready
W1008 08:14:34.551504 76614 master_service.cpp:4424] key=concurrent_k_198, error=replica_not_ready
W1008 08:14:34.551620 76615 master_service.cpp:4424] key=concurrent_k_198, error=replica_not_ready
W1008 08:14:34.552009 76615 master_service.cpp:4424] key=concurrent_k_199, error=replica_not_ready
W1008 08:14:34.552203 76615 master_service.cpp:4424] key=concurrent_k_199, error=replica_not_ready
W1008 08:14:34.552203 76614 master_service.cpp:4424] key=concurrent_k_199, error=replica_not_ready
W1008 08:14:34.552627 76614 master_service.cpp:4424] key=concurrent_k_200, error=replica_not_ready
W1008 08:14:34.552627 76615 master_service.cpp:4424] key=concurrent_k_200, error=replica_not_ready
W1008 08:14:34.552860 76615 master_service.cpp:4424] key=concurrent_k_200, error=replica_not_ready
W1008 08:14:34.553107 76615 master_service.cpp:4424] key=concurrent_k_201, error=replica_not_ready
W1008 08:14:34.553300 76614 master_service.cpp:4424] key=concurrent_k_201, error=replica_not_ready
W1008 08:14:34.553383 76615 master_service.cpp:4424] key=concurrent_k_201, error=replica_not_ready
W1008 08:14:34.553701 76615 master_service.cpp:4424] key=concurrent_k_202, error=replica_not_ready
W1008 08:14:34.553743 76614 master_service.cpp:4424] key=concurrent_k_202, error=replica_not_ready
W1008 08:14:34.554193 76615 master_service.cpp:4424] key=concurrent_k_203, error=replica_not_ready
W1008 08:14:34.554456 76615 master_service.cpp:4424] key=concurrent_k_203, error=replica_not_ready
W1008 08:14:34.554515 76614 master_service.cpp:4424] key=concurrent_k_203, error=replica_not_ready
W1008 08:14:34.554900 76614 master_service.cpp:4424] key=concurrent_k_204, error=replica_not_ready
W1008 08:14:34.554921 76615 master_service.cpp:4424] key=concurrent_k_204, error=replica_not_ready
W1008 08:14:34.555203 76615 master_service.cpp:4424] key=concurrent_k_204, error=replica_not_ready
W1008 08:14:34.555387 76615 master_service.cpp:4424] key=concurrent_k_205, error=replica_not_ready
W1008 08:14:34.555635 76615 master_service.cpp:4424] key=concurrent_k_205, error=replica_not_ready
W1008 08:14:34.556028 76615 master_service.cpp:4424] key=concurrent_k_205, error=replica_not_ready
W1008 08:14:34.556028 76614 master_service.cpp:4424] key=concurrent_k_206, error=replica_not_ready
W1008 08:14:34.556811 76615 master_service.cpp:4424] key=concurrent_k_207, error=replica_not_ready
W1008 08:14:34.556881 76613 master_service.cpp:4424] key=concurrent_k_207, error=replica_not_ready
W1008 08:14:34.556946 76615 master_service.cpp:4424] key=concurrent_k_207, error=replica_not_ready
W1008 08:14:34.557327 76614 master_service.cpp:4424] key=concurrent_k_208, error=replica_not_ready
W1008 08:14:34.557349 76613 master_service.cpp:4424] key=concurrent_k_208, error=replica_not_ready
W1008 08:14:34.557811 76615 master_service.cpp:4424] key=concurrent_k_208, error=replica_not_ready
W1008 08:14:34.557858 76614 master_service.cpp:4424] key=concurrent_k_209, error=replica_not_ready
W1008 08:14:34.558243 76615 master_service.cpp:4424] key=concurrent_k_209, error=replica_not_ready
W1008 08:14:34.558276 76613 master_service.cpp:4424] key=concurrent_k_209, error=replica_not_ready
W1008 08:14:34.558658 76615 master_service.cpp:4424] key=concurrent_k_210, error=replica_not_ready
W1008 08:14:34.558668 76613 master_service.cpp:4424] key=concurrent_k_210, error=replica_not_ready
W1008 08:14:34.559206 76615 master_service.cpp:4424] key=concurrent_k_211, error=replica_not_ready
W1008 08:14:34.559363 76614 master_service.cpp:4424] key=concurrent_k_211, error=replica_not_ready
W1008 08:14:34.559433 76615 master_service.cpp:4424] key=concurrent_k_211, error=replica_not_ready
W1008 08:14:34.559774 76615 master_service.cpp:4424] key=concurrent_k_212, error=replica_not_ready
W1008 08:14:34.559854 76614 master_service.cpp:4424] key=concurrent_k_212, error=replica_not_ready
W1008 08:14:34.560001 76615 master_service.cpp:4424] key=concurrent_k_212, error=replica_not_ready
W1008 08:14:34.560257 76615 master_service.cpp:4424] key=concurrent_k_213, error=replica_not_ready
W1008 08:14:34.560395 76615 master_service.cpp:4424] key=concurrent_k_213, error=replica_not_ready
W1008 08:14:34.560776 76614 master_service.cpp:4424] key=concurrent_k_214, error=replica_not_ready
W1008 08:14:34.561035 76615 master_service.cpp:4424] key=concurrent_k_214, error=replica_not_ready
W1008 08:14:34.561098 76614 master_service.cpp:4424] key=concurrent_k_214, error=replica_not_ready
W1008 08:14:34.561450 76615 master_service.cpp:4424] key=concurrent_k_215, error=replica_not_ready
W1008 08:14:34.561488 76614 master_service.cpp:4424] key=concurrent_k_215, error=replica_not_ready
W1008 08:14:34.561751 76615 master_service.cpp:4424] key=concurrent_k_215, error=replica_not_ready
W1008 08:14:34.561905 76615 master_service.cpp:4424] key=concurrent_k_216, error=replica_not_ready
W1008 08:14:34.562148 76615 master_service.cpp:4424] key=concurrent_k_216, error=replica_not_ready
W1008 08:14:34.562515 76615 master_service.cpp:4424] key=concurrent_k_216, error=replica_not_ready
W1008 08:14:34.562590 76614 master_service.cpp:4424] key=concurrent_k_217, error=replica_not_ready
W1008 08:14:34.562909 76615 master_service.cpp:4424] key=concurrent_k_217, error=replica_not_ready
W1008 08:14:34.563316 76614 master_service.cpp:4424] key=concurrent_k_218, error=replica_not_ready
W1008 08:14:34.563341 76615 master_service.cpp:4424] key=concurrent_k_218, error=replica_not_ready
W1008 08:14:34.563476 76615 master_service.cpp:4424] key=concurrent_k_218, error=replica_not_ready
W1008 08:14:34.563789 76614 master_service.cpp:4424] key=concurrent_k_219, error=replica_not_ready
W1008 08:14:34.563881 76615 master_service.cpp:4424] key=concurrent_k_219, error=replica_not_ready
W1008 08:14:34.564124 76614 master_service.cpp:4424] key=concurrent_k_219, error=replica_not_ready
W1008 08:14:34.564296 76615 master_service.cpp:4424] key=concurrent_k_220, error=replica_not_ready
W1008 08:14:34.564543 76614 master_service.cpp:4424] key=concurrent_k_220, error=replica_not_ready
W1008 08:14:34.564940 76615 master_service.cpp:4424] key=concurrent_k_221, error=replica_not_ready
W1008 08:14:34.565085 76614 master_service.cpp:4424] key=concurrent_k_221, error=replica_not_ready
W1008 08:14:34.565155 76615 master_service.cpp:4424] key=concurrent_k_221, error=replica_not_ready
W1008 08:14:34.565488 76614 master_service.cpp:4424] key=concurrent_k_222, error=replica_not_ready
W1008 08:14:34.565512 76615 master_service.cpp:4424] key=concurrent_k_222, error=replica_not_ready
W1008 08:14:34.565708 76615 master_service.cpp:4424] key=concurrent_k_222, error=replica_not_ready
W1008 08:14:34.565980 76615 master_service.cpp:4424] key=concurrent_k_223, error=replica_not_ready
W1008 08:14:34.566119 76615 master_service.cpp:4424] key=concurrent_k_223, error=replica_not_ready
W1008 08:14:34.566313 76615 master_service.cpp:4424] key=concurrent_k_223, error=replica_not_ready
W1008 08:14:34.566516 76615 master_service.cpp:4424] key=concurrent_k_224, error=replica_not_ready
W1008 08:14:34.566737 76615 master_service.cpp:4424] key=concurrent_k_224, error=replica_not_ready
W1008 08:14:34.566864 76615 master_service.cpp:4424] key=concurrent_k_224, error=replica_not_ready
W1008 08:14:34.567132 76615 master_service.cpp:4424] key=concurrent_k_225, error=replica_not_ready
W1008 08:14:34.567287 76615 master_service.cpp:4424] key=concurrent_k_225, error=replica_not_ready
W1008 08:14:34.567667 76615 master_service.cpp:4424] key=concurrent_k_226, error=replica_not_ready
W1008 08:14:34.567796 76615 master_service.cpp:4424] key=concurrent_k_226, error=replica_not_ready
W1008 08:14:34.567819 76614 master_service.cpp:4424] key=concurrent_k_226, error=replica_not_ready
W1008 08:14:34.568215 76614 master_service.cpp:4424] key=concurrent_k_227, error=replica_not_ready
W1008 08:14:34.568243 76615 master_service.cpp:4424] key=concurrent_k_227, error=replica_not_ready
W1008 08:14:34.568702 76615 master_service.cpp:4424] key=concurrent_k_228, error=replica_not_ready
W1008 08:14:34.569156 76612 master_service.cpp:4424] key=concurrent_k_228, error=replica_not_ready
W1008 08:14:34.569226 76615 master_service.cpp:4424] key=concurrent_k_228, error=replica_not_ready
W1008 08:14:34.569608 76615 master_service.cpp:4424] key=concurrent_k_229, error=replica_not_ready
W1008 08:14:34.569636 76614 master_service.cpp:4424] key=concurrent_k_229, error=replica_not_ready
W1008 08:14:34.570051 76614 master_service.cpp:4424] key=concurrent_k_230, error=replica_not_ready
W1008 08:14:34.570339 76615 master_service.cpp:4424] key=concurrent_k_230, error=replica_not_ready
W1008 08:14:34.570396 76613 master_service.cpp:4424] key=concurrent_k_230, error=replica_not_ready
W1008 08:14:34.570760 76613 master_service.cpp:4424] key=concurrent_k_231, error=replica_not_ready
W1008 08:14:34.570838 76614 master_service.cpp:4424] key=concurrent_k_231, error=replica_not_ready
W1008 08:14:34.571339 76614 master_service.cpp:4424] key=concurrent_k_232, error=replica_not_ready
W1008 08:14:34.571507 76615 master_service.cpp:4424] key=concurrent_k_232, error=replica_not_ready
W1008 08:14:34.571656 76615 master_service.cpp:4424] key=concurrent_k_232, error=replica_not_ready
W1008 08:14:34.571920 76615 master_service.cpp:4424] key=concurrent_k_233, error=replica_not_ready
W1008 08:14:34.572139 76615 master_service.cpp:4424] key=concurrent_k_233, error=replica_not_ready
W1008 08:14:34.572139 76614 master_service.cpp:4424] key=concurrent_k_233, error=replica_not_ready
W1008 08:14:34.572499 76615 master_service.cpp:4424] key=concurrent_k_234, error=replica_not_ready
W1008 08:14:34.572553 76614 master_service.cpp:4424] key=concurrent_k_234, error=replica_not_ready
W1008 08:14:34.572779 76615 master_service.cpp:4424] key=concurrent_k_234, error=replica_not_ready
W1008 08:14:34.572980 76615 master_service.cpp:4424] key=concurrent_k_235, error=replica_not_ready
W1008 08:14:34.573221 76615 master_service.cpp:4424] key=concurrent_k_235, error=replica_not_ready
W1008 08:14:34.573268 76614 master_service.cpp:4424] key=concurrent_k_235, error=replica_not_ready
W1008 08:14:34.573649 76614 master_service.cpp:4424] key=concurrent_k_236, error=replica_not_ready
W1008 08:14:34.573683 76613 master_service.cpp:4424] key=concurrent_k_236, error=replica_not_ready
W1008 08:14:34.574113 76615 master_service.cpp:4424] key=concurrent_k_237, error=replica_not_ready
W1008 08:14:34.574424 76615 master_service.cpp:4424] key=concurrent_k_237, error=replica_not_ready
W1008 08:14:34.574510 76614 master_service.cpp:4424] key=concurrent_k_237, error=replica_not_ready
W1008 08:14:34.574853 76615 master_service.cpp:4424] key=concurrent_k_238, error=replica_not_ready
W1008 08:14:34.574942 76614 master_service.cpp:4424] key=concurrent_k_238, error=replica_not_ready
W1008 08:14:34.575387 76614 master_service.cpp:4424] key=concurrent_k_239, error=replica_not_ready
W1008 08:14:34.575428 76615 master_service.cpp:4424] key=concurrent_k_239, error=replica_not_ready
W1008 08:14:34.575467 76613 master_service.cpp:4424] key=concurrent_k_239, error=replica_not_ready
W1008 08:14:34.575860 76614 master_service.cpp:4424] key=concurrent_k_240, error=replica_not_ready
W1008 08:14:34.575892 76613 master_service.cpp:4424] key=concurrent_k_240, error=replica_not_ready
W1008 08:14:34.576355 76614 master_service.cpp:4424] key=concurrent_k_241, error=replica_not_ready
W1008 08:14:34.576753 76614 master_service.cpp:4424] key=concurrent_k_241, error=replica_not_ready
W1008 08:14:34.576776 76615 master_service.cpp:4424] key=concurrent_k_241, error=replica_not_ready
W1008 08:14:34.577170 76615 master_service.cpp:4424] key=concurrent_k_242, error=replica_not_ready
W1008 08:14:34.577171 76614 master_service.cpp:4424] key=concurrent_k_242, error=replica_not_ready
W1008 08:14:34.577630 76615 master_service.cpp:4424] key=concurrent_k_243, error=replica_not_ready
W1008 08:14:34.577844 76614 master_service.cpp:4424] key=concurrent_k_243, error=replica_not_ready
W1008 08:14:34.577965 76615 master_service.cpp:4424] key=concurrent_k_243, error=replica_not_ready
W1008 08:14:34.578243 76615 master_service.cpp:4424] key=concurrent_k_244, error=replica_not_ready
W1008 08:14:34.578372 76615 master_service.cpp:4424] key=concurrent_k_244, error=replica_not_ready
W1008 08:14:34.578510 76615 master_service.cpp:4424] key=concurrent_k_244, error=replica_not_ready
W1008 08:14:34.578794 76615 master_service.cpp:4424] key=concurrent_k_245, error=replica_not_ready
W1008 08:14:34.578917 76615 master_service.cpp:4424] key=concurrent_k_245, error=replica_not_ready
W1008 08:14:34.579339 76614 master_service.cpp:4424] key=concurrent_k_245, error=replica_not_ready
W1008 08:14:34.579366 76615 master_service.cpp:4424] key=concurrent_k_246, error=replica_not_ready
W1008 08:14:34.579686 76614 master_service.cpp:4424] key=concurrent_k_246, error=replica_not_ready
W1008 08:14:34.580123 76614 master_service.cpp:4424] key=concurrent_k_247, error=replica_not_ready
W1008 08:14:34.580168 76615 master_service.cpp:4424] key=concurrent_k_247, error=replica_not_ready
W1008 08:14:34.580297 76615 master_service.cpp:4424] key=concurrent_k_247, error=replica_not_ready
W1008 08:14:34.580597 76615 master_service.cpp:4424] key=concurrent_k_248, error=replica_not_ready
W1008 08:14:34.580717 76615 master_service.cpp:4424] key=concurrent_k_248, error=replica_not_ready
W1008 08:14:34.581063 76615 master_service.cpp:4424] key=concurrent_k_248, error=replica_not_ready
W1008 08:14:34.581168 76614 master_service.cpp:4424] key=concurrent_k_249, error=replica_not_ready
W1008 08:14:34.581501 76614 master_service.cpp:4424] key=concurrent_k_249, error=replica_not_ready
W1008 08:14:34.581907 76612 master_service.cpp:4424] key=concurrent_k_250, error=replica_not_ready
W1008 08:14:34.581980 76615 master_service.cpp:4424] key=concurrent_k_250, error=replica_not_ready
W1008 08:14:34.582396 76615 master_service.cpp:4424] key=concurrent_k_251, error=replica_not_ready
W1008 08:14:34.582563 76615 master_service.cpp:4424] key=concurrent_k_251, error=replica_not_ready
W1008 08:14:34.582563 76614 master_service.cpp:4424] key=concurrent_k_251, error=replica_not_ready
W1008 08:14:34.583022 76614 master_service.cpp:4424] key=concurrent_k_252, error=replica_not_ready
W1008 08:14:34.583022 76615 master_service.cpp:4424] key=concurrent_k_252, error=replica_not_ready
W1008 08:14:34.583503 76615 master_service.cpp:4424] key=concurrent_k_253, error=replica_not_ready
W1008 08:14:34.583926 76615 master_service.cpp:4424] key=concurrent_k_253, error=replica_not_ready
W1008 08:14:34.584317 76615 master_service.cpp:4424] key=concurrent_k_254, error=replica_not_ready
W1008 08:14:34.584864 76613 master_service.cpp:4424] key=concurrent_k_255, error=replica_not_ready
W1008 08:14:34.584905 76615 master_service.cpp:4424] key=concurrent_k_255, error=replica_not_ready
W1008 08:14:34.584954 76614 master_service.cpp:4424] key=concurrent_k_255, error=replica_not_ready
W1008 08:14:34.585345 76615 master_service.cpp:4424] key=concurrent_k_256, error=replica_not_ready
W1008 08:14:34.585363 76613 master_service.cpp:4424] key=concurrent_k_256, error=replica_not_ready
W1008 08:14:34.585680 76613 master_service.cpp:4424] key=concurrent_k_256, error=replica_not_ready
W1008 08:14:34.585821 76615 master_service.cpp:4424] key=concurrent_k_257, error=replica_not_ready
W1008 08:14:34.586066 76615 master_service.cpp:4424] key=concurrent_k_257, error=replica_not_ready
W1008 08:14:34.586234 76615 master_service.cpp:4424] key=concurrent_k_257, error=replica_not_ready
W1008 08:14:34.586436 76615 master_service.cpp:4424] key=concurrent_k_258, error=replica_not_ready
W1008 08:14:34.586585 76615 master_service.cpp:4424] key=concurrent_k_258, error=replica_not_ready
W1008 08:14:34.586752 76615 master_service.cpp:4424] key=concurrent_k_258, error=replica_not_ready
W1008 08:14:34.587021 76615 master_service.cpp:4424] key=concurrent_k_259, error=replica_not_ready
W1008 08:14:34.587139 76615 master_service.cpp:4424] key=concurrent_k_259, error=replica_not_ready
W1008 08:14:34.587566 76615 master_service.cpp:4424] key=concurrent_k_259, error=replica_not_ready
W1008 08:14:34.587570 76614 master_service.cpp:4424] key=concurrent_k_260, error=replica_not_ready
W1008 08:14:34.588368 76614 master_service.cpp:4424] key=concurrent_k_261, error=replica_not_ready
W1008 08:14:34.588418 76615 master_service.cpp:4424] key=concurrent_k_261, error=replica_not_ready
W1008 08:14:34.588832 76614 master_service.cpp:4424] key=concurrent_k_262, error=replica_not_ready
W1008 08:14:34.588893 76613 master_service.cpp:4424] key=concurrent_k_262, error=replica_not_ready
W1008 08:14:34.588907 76612 master_service.cpp:4424] key=concurrent_k_262, error=replica_not_ready
W1008 08:14:34.589347 76615 master_service.cpp:4424] key=concurrent_k_263, error=replica_not_ready
W1008 08:14:34.589349 76614 master_service.cpp:4424] key=concurrent_k_263, error=replica_not_ready
W1008 08:14:34.589813 76615 master_service.cpp:4424] key=concurrent_k_263, error=replica_not_ready
W1008 08:14:34.589833 76614 master_service.cpp:4424] key=concurrent_k_264, error=replica_not_ready
W1008 08:14:34.590234 76615 master_service.cpp:4424] key=concurrent_k_264, error=replica_not_ready
W1008 08:14:34.590624 76615 master_service.cpp:4424] key=concurrent_k_264, error=replica_not_ready
W1008 08:14:34.590662 76613 master_service.cpp:4424] key=concurrent_k_265, error=replica_not_ready
W1008 08:14:34.591289 76615 master_service.cpp:4424] key=concurrent_k_266, error=replica_not_ready
W1008 08:14:34.591410 76614 master_service.cpp:4424] key=concurrent_k_266, error=replica_not_ready
W1008 08:14:34.591529 76615 master_service.cpp:4424] key=concurrent_k_266, error=replica_not_ready
W1008 08:14:34.591797 76615 master_service.cpp:4424] key=concurrent_k_267, error=replica_not_ready
W1008 08:14:34.591984 76615 master_service.cpp:4424] key=concurrent_k_267, error=replica_not_ready
W1008 08:14:34.592095 76615 master_service.cpp:4424] key=concurrent_k_267, error=replica_not_ready
W1008 08:14:34.592411 76615 master_service.cpp:4424] key=concurrent_k_268, error=replica_not_ready
W1008 08:14:34.592484 76614 master_service.cpp:4424] key=concurrent_k_268, error=replica_not_ready
W1008 08:14:34.592903 76615 master_service.cpp:4424] key=concurrent_k_269, error=replica_not_ready
W1008 08:14:34.593104 76615 master_service.cpp:4424] key=concurrent_k_269, error=replica_not_ready
W1008 08:14:34.593117 76614 master_service.cpp:4424] key=concurrent_k_269, error=replica_not_ready
W1008 08:14:34.593506 76615 master_service.cpp:4424] key=concurrent_k_270, error=replica_not_ready
W1008 08:14:34.593506 76614 master_service.cpp:4424] key=concurrent_k_270, error=replica_not_ready
W1008 08:14:34.593683 76615 master_service.cpp:4424] key=concurrent_k_270, error=replica_not_ready
W1008 08:14:34.593981 76615 master_service.cpp:4424] key=concurrent_k_271, error=replica_not_ready
W1008 08:14:34.594094 76615 master_service.cpp:4424] key=concurrent_k_271, error=replica_not_ready
W1008 08:14:34.594236 76615 master_service.cpp:4424] key=concurrent_k_271, error=replica_not_ready
W1008 08:14:34.594511 76614 master_service.cpp:4424] key=concurrent_k_272, error=replica_not_ready
W1008 08:14:34.594632 76615 master_service.cpp:4424] key=concurrent_k_272, error=replica_not_ready
W1008 08:14:34.594900 76615 master_service.cpp:4424] key=concurrent_k_272, error=replica_not_ready
W1008 08:14:34.595093 76615 master_service.cpp:4424] key=concurrent_k_273, error=replica_not_ready
W1008 08:14:34.595306 76615 master_service.cpp:4424] key=concurrent_k_273, error=replica_not_ready
W1008 08:14:34.595690 76615 master_service.cpp:4424] key=concurrent_k_274, error=replica_not_ready
W1008 08:14:34.595914 76615 master_service.cpp:4424] key=concurrent_k_274, error=replica_not_ready
W1008 08:14:34.596330 76615 master_service.cpp:4424] key=concurrent_k_275, error=replica_not_ready
W1008 08:14:34.596504 76615 master_service.cpp:4424] key=concurrent_k_275, error=replica_not_ready
W1008 08:14:34.596617 76615 master_service.cpp:4424] key=concurrent_k_275, error=replica_not_ready
W1008 08:14:34.596895 76615 master_service.cpp:4424] key=concurrent_k_276, error=replica_not_ready
W1008 08:14:34.597020 76615 master_service.cpp:4424] key=concurrent_k_276, error=replica_not_ready
W1008 08:14:34.597450 76615 master_service.cpp:4424] key=concurrent_k_277, error=replica_not_ready
W1008 08:14:34.597450 76614 master_service.cpp:4424] key=concurrent_k_276, error=replica_not_ready
W1008 08:14:34.597891 76614 master_service.cpp:4424] key=concurrent_k_277, error=replica_not_ready
W1008 08:14:34.598033 76615 master_service.cpp:4424] key=concurrent_k_277, error=replica_not_ready
W1008 08:14:34.598266 76614 master_service.cpp:4424] key=concurrent_k_278, error=replica_not_ready
W1008 08:14:34.598826 76615 master_service.cpp:4424] key=concurrent_k_279, error=replica_not_ready
W1008 08:14:34.598842 76614 master_service.cpp:4424] key=concurrent_k_279, error=replica_not_ready
W1008 08:14:34.598959 76615 master_service.cpp:4424] key=concurrent_k_279, error=replica_not_ready
W1008 08:14:34.599321 76615 master_service.cpp:4424] key=concurrent_k_280, error=replica_not_ready
W1008 08:14:34.599366 76614 master_service.cpp:4424] key=concurrent_k_280, error=replica_not_ready
W1008 08:14:34.599821 76615 master_service.cpp:4424] key=concurrent_k_281, error=replica_not_ready
W1008 08:14:34.600665 76614 master_service.cpp:4424] key=concurrent_k_282, error=replica_not_ready
W1008 08:14:34.600692 76613 master_service.cpp:4424] key=concurrent_k_282, error=replica_not_ready
W1008 08:14:34.600754 76615 master_service.cpp:4424] key=concurrent_k_282, error=replica_not_ready
W1008 08:14:34.601131 76615 master_service.cpp:4424] key=concurrent_k_283, error=replica_not_ready
W1008 08:14:34.601181 76614 master_service.cpp:4424] key=concurrent_k_283, error=replica_not_ready
W1008 08:14:34.601296 76615 master_service.cpp:4424] key=concurrent_k_283, error=replica_not_ready
W1008 08:14:34.601620 76615 master_service.cpp:4424] key=concurrent_k_284, error=replica_not_ready
W1008 08:14:34.601743 76615 master_service.cpp:4424] key=concurrent_k_284, error=replica_not_ready
W1008 08:14:34.602063 76615 master_service.cpp:4424] key=concurrent_k_284, error=replica_not_ready
W1008 08:14:34.602172 76614 master_service.cpp:4424] key=concurrent_k_285, error=replica_not_ready
W1008 08:14:34.602452 76614 master_service.cpp:4424] key=concurrent_k_285, error=replica_not_ready
W1008 08:14:34.602815 76613 master_service.cpp:4424] key=concurrent_k_286, error=replica_not_ready
W1008 08:14:34.602945 76614 master_service.cpp:4424] key=concurrent_k_286, error=replica_not_ready
W1008 08:14:34.602945 76615 master_service.cpp:4424] key=concurrent_k_286, error=replica_not_ready
W1008 08:14:34.603392 76615 master_service.cpp:4424] key=concurrent_k_287, error=replica_not_ready
W1008 08:14:34.603396 76614 master_service.cpp:4424] key=concurrent_k_287, error=replica_not_ready
W1008 08:14:34.603719 76615 master_service.cpp:4424] key=concurrent_k_287, error=replica_not_ready
W1008 08:14:34.603901 76614 master_service.cpp:4424] key=concurrent_k_288, error=replica_not_ready
W1008 08:14:34.604143 76615 master_service.cpp:4424] key=concurrent_k_288, error=replica_not_ready
W1008 08:14:34.604575 76614 master_service.cpp:4424] key=concurrent_k_289, error=replica_not_ready
W1008 08:14:34.605276 76615 master_service.cpp:4424] key=concurrent_k_290, error=replica_not_ready
W1008 08:14:34.605285 76614 master_service.cpp:4424] key=concurrent_k_290, error=replica_not_ready
W1008 08:14:34.605350 76613 master_service.cpp:4424] key=concurrent_k_290, error=replica_not_ready
W1008 08:14:34.605757 76615 master_service.cpp:4424] key=concurrent_k_291, error=replica_not_ready
W1008 08:14:34.605805 76614 master_service.cpp:4424] key=concurrent_k_291, error=replica_not_ready
W1008 08:14:34.606310 76614 master_service.cpp:4424] key=concurrent_k_292, error=replica_not_ready
W1008 08:14:34.606627 76615 master_service.cpp:4424] key=concurrent_k_292, error=replica_not_ready
W1008 08:14:34.606673 76614 master_service.cpp:4424] key=concurrent_k_292, error=replica_not_ready
W1008 08:14:34.607105 76614 master_service.cpp:4424] key=concurrent_k_293, error=replica_not_ready
W1008 08:14:34.607117 76613 master_service.cpp:4424] key=concurrent_k_293, error=replica_not_ready
W1008 08:14:34.607553 76614 master_service.cpp:4424] key=concurrent_k_294, error=replica_not_ready
W1008 08:14:34.607669 76615 master_service.cpp:4424] key=concurrent_k_294, error=replica_not_ready
W1008 08:14:34.607890 76615 master_service.cpp:4424] key=concurrent_k_294, error=replica_not_ready
W1008 08:14:34.608073 76615 master_service.cpp:4424] key=concurrent_k_295, error=replica_not_ready
W1008 08:14:34.608304 76615 master_service.cpp:4424] key=concurrent_k_295, error=replica_not_ready
W1008 08:14:34.608747 76614 master_service.cpp:4424] key=concurrent_k_296, error=replica_not_ready
W1008 08:14:34.609041 76615 master_service.cpp:4424] key=concurrent_k_296, error=replica_not_ready
W1008 08:14:34.609270 76615 master_service.cpp:4424] key=concurrent_k_296, error=replica_not_ready
W1008 08:14:34.609474 76615 master_service.cpp:4424] key=concurrent_k_297, error=replica_not_ready
W1008 08:14:34.609659 76615 master_service.cpp:4424] key=concurrent_k_297, error=replica_not_ready
W1008 08:14:34.610042 76615 master_service.cpp:4424] key=concurrent_k_298, error=replica_not_ready
W1008 08:14:34.610191 76615 master_service.cpp:4424] key=concurrent_k_298, error=replica_not_ready
W1008 08:14:34.610226 76614 master_service.cpp:4424] key=concurrent_k_298, error=replica_not_ready
W1008 08:14:34.610635 76614 master_service.cpp:4424] key=concurrent_k_299, error=replica_not_ready
W1008 08:14:34.610635 76615 master_service.cpp:4424] key=concurrent_k_299, error=replica_not_ready
W1008 08:14:34.610877 76615 master_service.cpp:4424] key=concurrent_k_299, error=replica_not_ready
W1008 08:14:34.611114 76615 master_service.cpp:4424] key=concurrent_k_300, error=replica_not_ready
W1008 08:14:34.611266 76615 master_service.cpp:4424] key=concurrent_k_300, error=replica_not_ready
W1008 08:14:34.611400 76615 master_service.cpp:4424] key=concurrent_k_300, error=replica_not_ready
W1008 08:14:34.611644 76615 master_service.cpp:4424] key=concurrent_k_301, error=replica_not_ready
W1008 08:14:34.611828 76615 master_service.cpp:4424] key=concurrent_k_301, error=replica_not_ready
W1008 08:14:34.612003 76614 master_service.cpp:4424] key=concurrent_k_301, error=replica_not_ready
W1008 08:14:34.612200 76615 master_service.cpp:4424] key=concurrent_k_302, error=replica_not_ready
W1008 08:14:34.612376 76615 master_service.cpp:4424] key=concurrent_k_302, error=replica_not_ready
W1008 08:14:34.612758 76615 master_service.cpp:4424] key=concurrent_k_303, error=replica_not_ready
W1008 08:14:34.612902 76614 master_service.cpp:4424] key=concurrent_k_303, error=replica_not_ready
W1008 08:14:34.612980 76615 master_service.cpp:4424] key=concurrent_k_303, error=replica_not_ready
W1008 08:14:34.613360 76615 master_service.cpp:4424] key=concurrent_k_304, error=replica_not_ready
W1008 08:14:34.613375 76614 master_service.cpp:4424] key=concurrent_k_304, error=replica_not_ready
W1008 08:14:34.613858 76614 master_service.cpp:4424] key=concurrent_k_305, error=replica_not_ready
W1008 08:14:34.614040 76615 master_service.cpp:4424] key=concurrent_k_305, error=replica_not_ready
W1008 08:14:34.614091 76614 master_service.cpp:4424] key=concurrent_k_305, error=replica_not_ready
W1008 08:14:34.614452 76614 master_service.cpp:4424] key=concurrent_k_306, error=replica_not_ready
W1008 08:14:34.614452 76615 master_service.cpp:4424] key=concurrent_k_306, error=replica_not_ready
W1008 08:14:34.614962 76615 master_service.cpp:4424] key=concurrent_k_307, error=replica_not_ready
W1008 08:14:34.615350 76613 master_service.cpp:4424] key=concurrent_k_307, error=replica_not_ready
W1008 08:14:34.615439 76614 master_service.cpp:4424] key=concurrent_k_307, error=replica_not_ready
W1008 08:14:34.615780 76614 master_service.cpp:4424] key=concurrent_k_308, error=replica_not_ready
W1008 08:14:34.615841 76615 master_service.cpp:4424] key=concurrent_k_308, error=replica_not_ready
W1008 08:14:34.616220 76615 master_service.cpp:4424] key=concurrent_k_308, error=replica_not_ready
W1008 08:14:34.616287 76613 master_service.cpp:4424] key=concurrent_k_309, error=replica_not_ready
W1008 08:14:34.616642 76615 master_service.cpp:4424] key=concurrent_k_309, error=replica_not_ready
W1008 08:14:34.617036 76613 master_service.cpp:4424] key=concurrent_k_310, error=replica_not_ready
W1008 08:14:34.617102 76614 master_service.cpp:4424] key=concurrent_k_310, error=replica_not_ready
W1008 08:14:34.617123 76615 master_service.cpp:4424] key=concurrent_k_310, error=replica_not_ready
W1008 08:14:34.617542 76614 master_service.cpp:4424] key=concurrent_k_311, error=replica_not_ready
W1008 08:14:34.617555 76613 master_service.cpp:4424] key=concurrent_k_311, error=replica_not_ready
W1008 08:14:34.617674 76615 master_service.cpp:4424] key=concurrent_k_311, error=replica_not_ready
W1008 08:14:34.618028 76615 master_service.cpp:4424] key=concurrent_k_312, error=replica_not_ready
W1008 08:14:34.618088 76613 master_service.cpp:4424] key=concurrent_k_312, error=replica_not_ready
W1008 08:14:34.618521 76615 master_service.cpp:4424] key=concurrent_k_313, error=replica_not_ready
W1008 08:14:34.619395 76615 master_service.cpp:4424] key=concurrent_k_314, error=replica_not_ready
W1008 08:14:34.619441 76614 master_service.cpp:4424] key=concurrent_k_314, error=replica_not_ready
W1008 08:14:34.619441 76613 master_service.cpp:4424] key=concurrent_k_314, error=replica_not_ready
W1008 08:14:34.619895 76614 master_service.cpp:4424] key=concurrent_k_315, error=replica_not_ready
W1008 08:14:34.619895 76615 master_service.cpp:4424] key=concurrent_k_315, error=replica_not_ready
W1008 08:14:34.620040 76615 master_service.cpp:4424] key=concurrent_k_315, error=replica_not_ready
W1008 08:14:34.620393 76615 master_service.cpp:4424] key=concurrent_k_316, error=replica_not_ready
W1008 08:14:34.620468 76614 master_service.cpp:4424] key=concurrent_k_316, error=replica_not_ready
W1008 08:14:34.620898 76615 master_service.cpp:4424] key=concurrent_k_317, error=replica_not_ready
W1008 08:14:34.621739 76614 master_service.cpp:4424] key=concurrent_k_318, error=replica_not_ready
W1008 08:14:34.622263 76615 master_service.cpp:4424] key=concurrent_k_319, error=replica_not_ready
W1008 08:14:34.622267 76614 master_service.cpp:4424] key=concurrent_k_319, error=replica_not_ready
W1008 08:14:34.622362 76615 master_service.cpp:4424] key=concurrent_k_319, error=replica_not_ready
W1008 08:14:34.622787 76614 master_service.cpp:4424] key=concurrent_k_320, error=replica_not_ready
W1008 08:14:34.622789 76615 master_service.cpp:4424] key=concurrent_k_320, error=replica_not_ready
W1008 08:14:34.623299 76615 master_service.cpp:4424] key=concurrent_k_321, error=replica_not_ready
W1008 08:14:34.624266 76614 master_service.cpp:4424] key=concurrent_k_322, error=replica_not_ready
W1008 08:14:34.624776 76615 master_service.cpp:4424] key=concurrent_k_323, error=replica_not_ready
W1008 08:14:34.624801 76614 master_service.cpp:4424] key=concurrent_k_323, error=replica_not_ready
W1008 08:14:34.624855 76613 master_service.cpp:4424] key=concurrent_k_323, error=replica_not_ready
W1008 08:14:34.625264 76615 master_service.cpp:4424] key=concurrent_k_324, error=replica_not_ready
W1008 08:14:34.625317 76614 master_service.cpp:4424] key=concurrent_k_324, error=replica_not_ready
W1008 08:14:34.625674 76615 master_service.cpp:4424] key=concurrent_k_324, error=replica_not_ready
W1008 08:14:34.625741 76614 master_service.cpp:4424] key=concurrent_k_325, error=replica_not_ready
W1008 08:14:34.626109 76615 master_service.cpp:4424] key=concurrent_k_325, error=replica_not_ready
W1008 08:14:34.626281 76615 master_service.cpp:4424] key=concurrent_k_325, error=replica_not_ready
W1008 08:14:34.626502 76614 master_service.cpp:4424] key=concurrent_k_326, error=replica_not_ready
W1008 08:14:34.626642 76615 master_service.cpp:4424] key=concurrent_k_326, error=replica_not_ready
W1008 08:14:34.627022 76615 master_service.cpp:4424] key=concurrent_k_327, error=replica_not_ready
W1008 08:14:34.627187 76615 master_service.cpp:4424] key=concurrent_k_327, error=replica_not_ready
W1008 08:14:34.627344 76615 master_service.cpp:4424] key=concurrent_k_327, error=replica_not_ready
W1008 08:14:34.627575 76615 master_service.cpp:4424] key=concurrent_k_328, error=replica_not_ready
W1008 08:14:34.627750 76615 master_service.cpp:4424] key=concurrent_k_328, error=replica_not_ready
W1008 08:14:34.627921 76613 master_service.cpp:4424] key=concurrent_k_328, error=replica_not_ready
W1008 08:14:34.628146 76615 master_service.cpp:4424] key=concurrent_k_329, error=replica_not_ready
W1008 08:14:34.628342 76614 master_service.cpp:4424] key=concurrent_k_329, error=replica_not_ready
W1008 08:14:34.628741 76615 master_service.cpp:4424] key=concurrent_k_330, error=replica_not_ready
W1008 08:14:34.628921 76615 master_service.cpp:4424] key=concurrent_k_330, error=replica_not_ready
W1008 08:14:34.629335 76615 master_service.cpp:4424] key=concurrent_k_331, error=replica_not_ready
W1008 08:14:34.629557 76615 master_service.cpp:4424] key=concurrent_k_331, error=replica_not_ready
W1008 08:14:34.629559 76614 master_service.cpp:4424] key=concurrent_k_331, error=replica_not_ready
W1008 08:14:34.629973 76614 master_service.cpp:4424] key=concurrent_k_332, error=replica_not_ready
W1008 08:14:34.630019 76613 master_service.cpp:4424] key=concurrent_k_332, error=replica_not_ready
W1008 08:14:34.630522 76615 master_service.cpp:4424] key=concurrent_k_333, error=replica_not_ready
W1008 08:14:34.630698 76615 master_service.cpp:4424] key=concurrent_k_333, error=replica_not_ready
W1008 08:14:34.630857 76614 master_service.cpp:4424] key=concurrent_k_333, error=replica_not_ready
W1008 08:14:34.631063 76615 master_service.cpp:4424] key=concurrent_k_334, error=replica_not_ready
W1008 08:14:34.631256 76614 master_service.cpp:4424] key=concurrent_k_334, error=replica_not_ready
W1008 08:14:34.631351 76615 master_service.cpp:4424] key=concurrent_k_334, error=replica_not_ready
W1008 08:14:34.631693 76615 master_service.cpp:4424] key=concurrent_k_335, error=replica_not_ready
W1008 08:14:34.631743 76614 master_service.cpp:4424] key=concurrent_k_335, error=replica_not_ready
W1008 08:14:34.631908 76615 master_service.cpp:4424] key=concurrent_k_335, error=replica_not_ready
W1008 08:14:34.632175 76615 master_service.cpp:4424] key=concurrent_k_336, error=replica_not_ready
W1008 08:14:34.632305 76614 master_service.cpp:4424] key=concurrent_k_336, error=replica_not_ready
W1008 08:14:34.632827 76614 master_service.cpp:4424] key=concurrent_k_337, error=replica_not_ready
W1008 08:14:34.633518 76615 master_service.cpp:4424] key=concurrent_k_338, error=replica_not_ready
W1008 08:14:34.633531 76614 master_service.cpp:4424] key=concurrent_k_338, error=replica_not_ready
W1008 08:14:34.633594 76613 master_service.cpp:4424] key=concurrent_k_338, error=replica_not_ready
W1008 08:14:34.634016 76615 master_service.cpp:4424] key=concurrent_k_339, error=replica_not_ready
W1008 08:14:34.634017 76614 master_service.cpp:4424] key=concurrent_k_339, error=replica_not_ready
W1008 08:14:34.634506 76615 master_service.cpp:4424] key=concurrent_k_340, error=replica_not_ready
W1008 08:14:34.634941 76615 master_service.cpp:4424] key=concurrent_k_340, error=replica_not_ready
W1008 08:14:34.635010 76614 master_service.cpp:4424] key=concurrent_k_340, error=replica_not_ready
W1008 08:14:34.635375 76615 master_service.cpp:4424] key=concurrent_k_341, error=replica_not_ready
W1008 08:14:34.635433 76613 master_service.cpp:4424] key=concurrent_k_341, error=replica_not_ready
W1008 08:14:34.635550 76614 master_service.cpp:4424] key=concurrent_k_341, error=replica_not_ready
W1008 08:14:34.635824 76615 master_service.cpp:4424] key=concurrent_k_342, error=replica_not_ready
W1008 08:14:34.635962 76615 master_service.cpp:4424] key=concurrent_k_342, error=replica_not_ready
W1008 08:14:34.636001 76614 master_service.cpp:4424] key=concurrent_k_342, error=replica_not_ready
W1008 08:14:34.636402 76614 master_service.cpp:4424] key=concurrent_k_343, error=replica_not_ready
W1008 08:14:34.636402 76615 master_service.cpp:4424] key=concurrent_k_343, error=replica_not_ready
W1008 08:14:34.636898 76614 master_service.cpp:4424] key=concurrent_k_344, error=replica_not_ready
W1008 08:14:34.637180 76615 master_service.cpp:4424] key=concurrent_k_344, error=replica_not_ready
W1008 08:14:34.637267 76613 master_service.cpp:4424] key=concurrent_k_344, error=replica_not_ready
W1008 08:14:34.637624 76615 master_service.cpp:4424] key=concurrent_k_345, error=replica_not_ready
W1008 08:14:34.637679 76614 master_service.cpp:4424] key=concurrent_k_345, error=replica_not_ready
W1008 08:14:34.638080 76615 master_service.cpp:4424] key=concurrent_k_346, error=replica_not_ready
W1008 08:14:34.638235 76615 master_service.cpp:4424] key=concurrent_k_346, error=replica_not_ready
W1008 08:14:34.638235 76614 master_service.cpp:4424] key=concurrent_k_346, error=replica_not_ready
W1008 08:14:34.638674 76615 master_service.cpp:4424] key=concurrent_k_347, error=replica_not_ready
W1008 08:14:34.638675 76614 master_service.cpp:4424] key=concurrent_k_347, error=replica_not_ready
W1008 08:14:34.639163 76615 master_service.cpp:4424] key=concurrent_k_348, error=replica_not_ready
W1008 08:14:34.639622 76614 master_service.cpp:4424] key=concurrent_k_348, error=replica_not_ready
W1008 08:14:34.639778 76615 master_service.cpp:4424] key=concurrent_k_348, error=replica_not_ready
W1008 08:14:34.640060 76615 master_service.cpp:4424] key=concurrent_k_349, error=replica_not_ready
W1008 08:14:34.640540 76615 master_service.cpp:4424] key=concurrent_k_350, error=replica_not_ready
W1008 08:14:34.640585 76614 master_service.cpp:4424] key=concurrent_k_350, error=replica_not_ready
W1008 08:14:34.640806 76615 master_service.cpp:4424] key=concurrent_k_350, error=replica_not_ready
W1008 08:14:34.641012 76615 master_service.cpp:4424] key=concurrent_k_351, error=replica_not_ready
W1008 08:14:34.641189 76615 master_service.cpp:4424] key=concurrent_k_351, error=replica_not_ready
W1008 08:14:34.641538 76614 master_service.cpp:4424] key=concurrent_k_351, error=replica_not_ready
W1008 08:14:34.641620 76615 master_service.cpp:4424] key=concurrent_k_352, error=replica_not_ready
W1008 08:14:34.641922 76615 master_service.cpp:4424] key=concurrent_k_352, error=replica_not_ready
W1008 08:14:34.642376 76613 master_service.cpp:4424] key=concurrent_k_353, error=replica_not_ready
W1008 08:14:34.642463 76615 master_service.cpp:4424] key=concurrent_k_353, error=replica_not_ready
W1008 08:14:34.642825 76615 master_service.cpp:4424] key=concurrent_k_354, error=replica_not_ready
W1008 08:14:34.643014 76615 master_service.cpp:4424] key=concurrent_k_354, error=replica_not_ready
W1008 08:14:34.643028 76614 master_service.cpp:4424] key=concurrent_k_354, error=replica_not_ready
W1008 08:14:34.643464 76614 master_service.cpp:4424] key=concurrent_k_355, error=replica_not_ready
W1008 08:14:34.643467 76613 master_service.cpp:4424] key=concurrent_k_355, error=replica_not_ready
W1008 08:14:34.643987 76615 master_service.cpp:4424] key=concurrent_k_356, error=replica_not_ready
W1008 08:14:34.644333 76615 master_service.cpp:4424] key=concurrent_k_356, error=replica_not_ready
W1008 08:14:34.644761 76615 master_service.cpp:4424] key=concurrent_k_357, error=replica_not_ready
W1008 08:14:34.644889 76614 master_service.cpp:4424] key=concurrent_k_357, error=replica_not_ready
W1008 08:14:34.645246 76613 master_service.cpp:4424] key=concurrent_k_358, error=replica_not_ready
W1008 08:14:34.645371 76615 master_service.cpp:4424] key=concurrent_k_358, error=replica_not_ready
W1008 08:14:34.645371 76614 master_service.cpp:4424] key=concurrent_k_358, error=replica_not_ready
W1008 08:14:34.645830 76614 master_service.cpp:4424] key=concurrent_k_359, error=replica_not_ready
W1008 08:14:34.645830 76615 master_service.cpp:4424] key=concurrent_k_359, error=replica_not_ready
W1008 08:14:34.646310 76615 master_service.cpp:4424] key=concurrent_k_360, error=replica_not_ready
W1008 08:14:34.646626 76615 master_service.cpp:4424] key=concurrent_k_360, error=replica_not_ready
W1008 08:14:34.646844 76615 master_service.cpp:4424] key=concurrent_k_360, error=replica_not_ready
W1008 08:14:34.647053 76615 master_service.cpp:4424] key=concurrent_k_361, error=replica_not_ready
W1008 08:14:34.647240 76615 master_service.cpp:4424] key=concurrent_k_361, error=replica_not_ready
W1008 08:14:34.647593 76615 master_service.cpp:4424] key=concurrent_k_362, error=replica_not_ready
W1008 08:14:34.648387 76615 master_service.cpp:4424] key=concurrent_k_363, error=replica_not_ready
W1008 08:14:34.648427 76614 master_service.cpp:4424] key=concurrent_k_363, error=replica_not_ready
W1008 08:14:34.648427 76613 master_service.cpp:4424] key=concurrent_k_363, error=replica_not_ready
W1008 08:14:34.648864 76615 master_service.cpp:4424] key=concurrent_k_364, error=replica_not_ready
W1008 08:14:34.648864 76614 master_service.cpp:4424] key=concurrent_k_364, error=replica_not_ready
W1008 08:14:34.649067 76615 master_service.cpp:4424] key=concurrent_k_364, error=replica_not_ready
W1008 08:14:34.649374 76615 master_service.cpp:4424] key=concurrent_k_365, error=replica_not_ready
W1008 08:14:34.649516 76614 master_service.cpp:4424] key=concurrent_k_365, error=replica_not_ready
W1008 08:14:34.649906 76614 master_service.cpp:4424] key=concurrent_k_366, error=replica_not_ready
W1008 08:14:34.650734 76614 master_service.cpp:4424] key=concurrent_k_367, error=replica_not_ready
W1008 08:14:34.650738 76613 master_service.cpp:4424] key=concurrent_k_367, error=replica_not_ready
W1008 08:14:34.651232 76614 master_service.cpp:4424] key=concurrent_k_368, error=replica_not_ready
W1008 08:14:34.651286 76615 master_service.cpp:4424] key=concurrent_k_368, error=replica_not_ready
W1008 08:14:34.651491 76615 master_service.cpp:4424] key=concurrent_k_368, error=replica_not_ready
W1008 08:14:34.651737 76615 master_service.cpp:4424] key=concurrent_k_369, error=replica_not_ready
W1008 08:14:34.651885 76615 master_service.cpp:4424] key=concurrent_k_369, error=replica_not_ready
W1008 08:14:34.652289 76614 master_service.cpp:4424] key=concurrent_k_370, error=replica_not_ready
W1008 08:14:34.652559 76615 master_service.cpp:4424] key=concurrent_k_370, error=replica_not_ready
W1008 08:14:34.652619 76613 master_service.cpp:4424] key=concurrent_k_370, error=replica_not_ready
W1008 08:14:34.652951 76615 master_service.cpp:4424] key=concurrent_k_371, error=replica_not_ready
W1008 08:14:34.653069 76614 master_service.cpp:4424] key=concurrent_k_371, error=replica_not_ready
W1008 08:14:34.653512 76615 master_service.cpp:4424] key=concurrent_k_372, error=replica_not_ready
W1008 08:14:34.653626 76615 master_service.cpp:4424] key=concurrent_k_372, error=replica_not_ready
W1008 08:14:34.653630 76614 master_service.cpp:4424] key=concurrent_k_372, error=replica_not_ready
W1008 08:14:34.654016 76614 master_service.cpp:4424] key=concurrent_k_373, error=replica_not_ready
W1008 08:14:34.654076 76615 master_service.cpp:4424] key=concurrent_k_373, error=replica_not_ready
W1008 08:14:34.654309 76615 master_service.cpp:4424] key=concurrent_k_373, error=replica_not_ready
W1008 08:14:34.654500 76615 master_service.cpp:4424] key=concurrent_k_374, error=replica_not_ready
W1008 08:14:34.654678 76615 master_service.cpp:4424] key=concurrent_k_374, error=replica_not_ready
W1008 08:14:34.655078 76614 master_service.cpp:4424] key=concurrent_k_375, error=replica_not_ready
W1008 08:14:34.655460 76615 master_service.cpp:4424] key=concurrent_k_375, error=replica_not_ready
W1008 08:14:34.655581 76615 master_service.cpp:4424] key=concurrent_k_375, error=replica_not_ready
W1008 08:14:34.655886 76612 master_service.cpp:4424] key=concurrent_k_376, error=replica_not_ready
W1008 08:14:34.655968 76615 master_service.cpp:4424] key=concurrent_k_376, error=replica_not_ready
W1008 08:14:34.656296 76614 master_service.cpp:4424] key=concurrent_k_376, error=replica_not_ready
W1008 08:14:34.656414 76615 master_service.cpp:4424] key=concurrent_k_377, error=replica_not_ready
W1008 08:14:34.656718 76614 master_service.cpp:4424] key=concurrent_k_377, error=replica_not_ready
W1008 08:14:34.656808 76615 master_service.cpp:4424] key=concurrent_k_377, error=replica_not_ready
W1008 08:14:34.657110 76614 master_service.cpp:4424] key=concurrent_k_378, error=replica_not_ready
W1008 08:14:34.657178 76615 master_service.cpp:4424] key=concurrent_k_378, error=replica_not_ready
W1008 08:14:34.657588 76615 master_service.cpp:4424] key=concurrent_k_379, error=replica_not_ready
W1008 08:14:34.657763 76614 master_service.cpp:4424] key=concurrent_k_379, error=replica_not_ready
W1008 08:14:34.657807 76615 master_service.cpp:4424] key=concurrent_k_379, error=replica_not_ready
W1008 08:14:34.658202 76614 master_service.cpp:4424] key=concurrent_k_380, error=replica_not_ready
W1008 08:14:34.658202 76615 master_service.cpp:4424] key=concurrent_k_380, error=replica_not_ready
W1008 08:14:34.658696 76615 master_service.cpp:4424] key=concurrent_k_381, error=replica_not_ready
W1008 08:14:34.658939 76615 master_service.cpp:4424] key=concurrent_k_381, error=replica_not_ready
W1008 08:14:34.658952 76614 master_service.cpp:4424] key=concurrent_k_381, error=replica_not_ready
W1008 08:14:34.659343 76614 master_service.cpp:4424] key=concurrent_k_382, error=replica_not_ready
W1008 08:14:34.659343 76615 master_service.cpp:4424] key=concurrent_k_382, error=replica_not_ready
W1008 08:14:34.659502 76615 master_service.cpp:4424] key=concurrent_k_382, error=replica_not_ready
W1008 08:14:34.659839 76615 master_service.cpp:4424] key=concurrent_k_383, error=replica_not_ready
W1008 08:14:34.659924 76613 master_service.cpp:4424] key=concurrent_k_383, error=replica_not_ready
W1008 08:14:34.660396 76614 master_service.cpp:4424] key=concurrent_k_384, error=replica_not_ready
W1008 08:14:34.660707 76615 master_service.cpp:4424] key=concurrent_k_384, error=replica_not_ready
W1008 08:14:34.661126 76615 master_service.cpp:4424] key=concurrent_k_385, error=replica_not_ready
W1008 08:14:34.661264 76614 master_service.cpp:4424] key=concurrent_k_385, error=replica_not_ready
W1008 08:14:34.661335 76615 master_service.cpp:4424] key=concurrent_k_385, error=replica_not_ready
W1008 08:14:34.661662 76614 master_service.cpp:4424] key=concurrent_k_386, error=replica_not_ready
W1008 08:14:34.661687 76615 master_service.cpp:4424] key=concurrent_k_386, error=replica_not_ready
W1008 08:14:34.661832 76615 master_service.cpp:4424] key=concurrent_k_386, error=replica_not_ready
W1008 08:14:34.662132 76614 master_service.cpp:4424] key=concurrent_k_387, error=replica_not_ready
W1008 08:14:34.662246 76615 master_service.cpp:4424] key=concurrent_k_387, error=replica_not_ready
W1008 08:14:34.662673 76614 master_service.cpp:4424] key=concurrent_k_388, error=replica_not_ready
W1008 08:14:34.662987 76615 master_service.cpp:4424] key=concurrent_k_388, error=replica_not_ready
W1008 08:14:34.663431 76614 master_service.cpp:4424] key=concurrent_k_389, error=replica_not_ready
W1008 08:14:34.663496 76615 master_service.cpp:4424] key=concurrent_k_389, error=replica_not_ready
W1008 08:14:34.663501 76613 master_service.cpp:4424] key=concurrent_k_389, error=replica_not_ready
W1008 08:14:34.663882 76615 master_service.cpp:4424] key=concurrent_k_390, error=replica_not_ready
W1008 08:14:34.663950 76614 master_service.cpp:4424] key=concurrent_k_390, error=replica_not_ready
W1008 08:14:34.664160 76615 master_service.cpp:4424] key=concurrent_k_390, error=replica_not_ready
W1008 08:14:34.664376 76615 master_service.cpp:4424] key=concurrent_k_391, error=replica_not_ready
W1008 08:14:34.664570 76615 master_service.cpp:4424] key=concurrent_k_391, error=replica_not_ready
W1008 08:14:34.664958 76615 master_service.cpp:4424] key=concurrent_k_392, error=replica_not_ready
W1008 08:14:34.665791 76615 master_service.cpp:4424] key=concurrent_k_393, error=replica_not_ready
W1008 08:14:34.666260 76613 master_service.cpp:4424] key=concurrent_k_394, error=replica_not_ready
W1008 08:14:34.666348 76614 master_service.cpp:4424] key=concurrent_k_394, error=replica_not_ready
W1008 08:14:34.666375 76615 master_service.cpp:4424] key=concurrent_k_394, error=replica_not_ready
W1008 08:14:34.666790 76615 master_service.cpp:4424] key=concurrent_k_395, error=replica_not_ready
W1008 08:14:34.666793 76614 master_service.cpp:4424] key=concurrent_k_395, error=replica_not_ready
W1008 08:14:34.667284 76615 master_service.cpp:4424] key=concurrent_k_396, error=replica_not_ready
W1008 08:14:34.668627 76615 master_service.cpp:4424] key=concurrent_k_398, error=replica_not_ready
W1008 08:14:34.668794 76614 master_service.cpp:4424] key=concurrent_k_398, error=replica_not_ready
W1008 08:14:34.668794 76615 master_service.cpp:4424] key=concurrent_k_398, error=replica_not_ready
W1008 08:14:34.669229 76614 master_service.cpp:4424] key=concurrent_k_399, error=replica_not_ready
W1008 08:14:34.669229 76615 master_service.cpp:4424] key=concurrent_k_399, error=replica_not_ready
W1008 08:14:34.669509 76615 master_service.cpp:4424] key=concurrent_k_399, error=replica_not_ready
W1008 08:14:34.669731 76615 master_service.cpp:4424] key=concurrent_k_400, error=replica_not_ready
W1008 08:14:34.669956 76615 master_service.cpp:4424] key=concurrent_k_400, error=replica_not_ready
W1008 08:14:34.669975 76614 master_service.cpp:4424] key=concurrent_k_400, error=replica_not_ready
W1008 08:14:34.670377 76615 master_service.cpp:4424] key=concurrent_k_401, error=replica_not_ready
W1008 08:14:34.670382 76614 master_service.cpp:4424] key=concurrent_k_401, error=replica_not_ready
W1008 08:14:34.670637 76615 master_service.cpp:4424] key=concurrent_k_401, error=replica_not_ready
W1008 08:14:34.670852 76614 master_service.cpp:4424] key=concurrent_k_402, error=replica_not_ready
W1008 08:14:34.671042 76615 master_service.cpp:4424] key=concurrent_k_402, error=replica_not_ready
W1008 08:14:34.671185 76614 master_service.cpp:4424] key=concurrent_k_402, error=replica_not_ready
W1008 08:14:34.671480 76615 master_service.cpp:4424] key=concurrent_k_403, error=replica_not_ready
W1008 08:14:34.671592 76615 master_service.cpp:4424] key=concurrent_k_403, error=replica_not_ready
W1008 08:14:34.672008 76614 master_service.cpp:4424] key=concurrent_k_403, error=replica_not_ready
W1008 08:14:34.672057 76615 master_service.cpp:4424] key=concurrent_k_404, error=replica_not_ready
W1008 08:14:34.672823 76615 master_service.cpp:4424] key=concurrent_k_405, error=replica_not_ready
W1008 08:14:34.672825 76614 master_service.cpp:4424] key=concurrent_k_405, error=replica_not_ready
W1008 08:14:34.673015 76615 master_service.cpp:4424] key=concurrent_k_405, error=replica_not_ready
W1008 08:14:34.673270 76614 master_service.cpp:4424] key=concurrent_k_406, error=replica_not_ready
W1008 08:14:34.673362 76615 master_service.cpp:4424] key=concurrent_k_406, error=replica_not_ready
W1008 08:14:34.673837 76615 master_service.cpp:4424] key=concurrent_k_407, error=replica_not_ready
W1008 08:14:34.674104 76615 master_service.cpp:4424] key=concurrent_k_407, error=replica_not_ready
W1008 08:14:34.674157 76614 master_service.cpp:4424] key=concurrent_k_407, error=replica_not_ready
W1008 08:14:34.674556 76615 master_service.cpp:4424] key=concurrent_k_408, error=replica_not_ready
W1008 08:14:34.674574 76614 master_service.cpp:4424] key=concurrent_k_408, error=replica_not_ready
W1008 08:14:34.675045 76615 master_service.cpp:4424] key=concurrent_k_409, error=replica_not_ready
W1008 08:14:34.675241 76615 master_service.cpp:4424] key=concurrent_k_409, error=replica_not_ready
W1008 08:14:34.675369 76614 master_service.cpp:4424] key=concurrent_k_409, error=replica_not_ready
W1008 08:14:34.675585 76615 master_service.cpp:4424] key=concurrent_k_410, error=replica_not_ready
W1008 08:14:34.675755 76615 master_service.cpp:4424] key=concurrent_k_410, error=replica_not_ready
W1008 08:14:34.676064 76614 master_service.cpp:4424] key=concurrent_k_410, error=replica_not_ready
W1008 08:14:34.676179 76615 master_service.cpp:4424] key=concurrent_k_411, error=replica_not_ready
W1008 08:14:34.676921 76615 master_service.cpp:4424] key=concurrent_k_412, error=replica_not_ready
W1008 08:14:34.676978 76614 master_service.cpp:4424] key=concurrent_k_412, error=replica_not_ready
W1008 08:14:34.677053 76615 master_service.cpp:4424] key=concurrent_k_412, error=replica_not_ready
W1008 08:14:34.677431 76615 master_service.cpp:4424] key=concurrent_k_413, error=replica_not_ready
W1008 08:14:34.677482 76614 master_service.cpp:4424] key=concurrent_k_413, error=replica_not_ready
W1008 08:14:34.677652 76615 master_service.cpp:4424] key=concurrent_k_413, error=replica_not_ready
W1008 08:14:34.677887 76615 master_service.cpp:4424] key=concurrent_k_414, error=replica_not_ready
W1008 08:14:34.678037 76615 master_service.cpp:4424] key=concurrent_k_414, error=replica_not_ready
W1008 08:14:34.678504 76614 master_service.cpp:4424] key=concurrent_k_415, error=replica_not_ready
W1008 08:14:34.678799 76615 master_service.cpp:4424] key=concurrent_k_415, error=replica_not_ready
W1008 08:14:34.678870 76612 master_service.cpp:4424] key=concurrent_k_415, error=replica_not_ready
W1008 08:14:34.679229 76615 master_service.cpp:4424] key=concurrent_k_416, error=replica_not_ready
W1008 08:14:34.679322 76614 master_service.cpp:4424] key=concurrent_k_416, error=replica_not_ready
W1008 08:14:34.679687 76615 master_service.cpp:4424] key=concurrent_k_416, error=replica_not_ready
W1008 08:14:34.679776 76614 master_service.cpp:4424] key=concurrent_k_417, error=replica_not_ready
W1008 08:14:34.680110 76615 master_service.cpp:4424] key=concurrent_k_417, error=replica_not_ready
W1008 08:14:34.680375 76614 master_service.cpp:4424] key=concurrent_k_417, error=replica_not_ready
W1008 08:14:34.680615 76615 master_service.cpp:4424] key=concurrent_k_418, error=replica_not_ready
W1008 08:14:34.680788 76615 master_service.cpp:4424] key=concurrent_k_418, error=replica_not_ready
W1008 08:14:34.681015 76615 master_service.cpp:4424] key=concurrent_k_418, error=replica_not_ready
W1008 08:14:34.681277 76615 master_service.cpp:4424] key=concurrent_k_419, error=replica_not_ready
W1008 08:14:34.681496 76615 master_service.cpp:4424] key=concurrent_k_419, error=replica_not_ready
W1008 08:14:34.681977 76615 master_service.cpp:4424] key=concurrent_k_420, error=replica_not_ready
W1008 08:14:34.682150 76615 master_service.cpp:4424] key=concurrent_k_420, error=replica_not_ready
W1008 08:14:34.682216 76614 master_service.cpp:4424] key=concurrent_k_420, error=replica_not_ready
W1008 08:14:34.682542 76614 master_service.cpp:4424] key=concurrent_k_421, error=replica_not_ready
W1008 08:14:34.682664 76615 master_service.cpp:4424] key=concurrent_k_421, error=replica_not_ready
W1008 08:14:34.683120 76615 master_service.cpp:4424] key=concurrent_k_422, error=replica_not_ready
W1008 08:14:34.683269 76614 master_service.cpp:4424] key=concurrent_k_422, error=replica_not_ready
W1008 08:14:34.683368 76615 master_service.cpp:4424] key=concurrent_k_422, error=replica_not_ready
W1008 08:14:34.683713 76615 master_service.cpp:4424] key=concurrent_k_423, error=replica_not_ready
W1008 08:14:34.683784 76614 master_service.cpp:4424] key=concurrent_k_423, error=replica_not_ready
W1008 08:14:34.684231 76615 master_service.cpp:4424] key=concurrent_k_424, error=replica_not_ready
W1008 08:14:34.684528 76614 master_service.cpp:4424] key=concurrent_k_424, error=replica_not_ready
W1008 08:14:34.684605 76613 master_service.cpp:4424] key=concurrent_k_424, error=replica_not_ready
W1008 08:14:34.684973 76614 master_service.cpp:4424] key=concurrent_k_425, error=replica_not_ready
W1008 08:14:34.685055 76615 master_service.cpp:4424] key=concurrent_k_425, error=replica_not_ready
W1008 08:14:34.685527 76614 master_service.cpp:4424] key=concurrent_k_426, error=replica_not_ready
W1008 08:14:34.685655 76615 master_service.cpp:4424] key=concurrent_k_426, error=replica_not_ready
W1008 08:14:34.685915 76615 master_service.cpp:4424] key=concurrent_k_426, error=replica_not_ready
W1008 08:14:34.686093 76613 master_service.cpp:4424] key=concurrent_k_427, error=replica_not_ready
W1008 08:14:34.686353 76615 master_service.cpp:4424] key=concurrent_k_427, error=replica_not_ready
W1008 08:14:34.686826 76615 master_service.cpp:4424] key=concurrent_k_428, error=replica_not_ready
W1008 08:14:34.687000 76615 master_service.cpp:4424] key=concurrent_k_428, error=replica_not_ready
W1008 08:14:34.687016 76614 master_service.cpp:4424] key=concurrent_k_428, error=replica_not_ready
W1008 08:14:34.687410 76615 master_service.cpp:4424] key=concurrent_k_429, error=replica_not_ready
W1008 08:14:34.687484 76614 master_service.cpp:4424] key=concurrent_k_429, error=replica_not_ready
W1008 08:14:34.687683 76615 master_service.cpp:4424] key=concurrent_k_429, error=replica_not_ready
W1008 08:14:34.687882 76613 master_service.cpp:4424] key=concurrent_k_430, error=replica_not_ready
W1008 08:14:34.688057 76615 master_service.cpp:4424] key=concurrent_k_430, error=replica_not_ready
W1008 08:14:34.688233 76614 master_service.cpp:4424] key=concurrent_k_430, error=replica_not_ready
W1008 08:14:34.688482 76615 master_service.cpp:4424] key=concurrent_k_431, error=replica_not_ready
W1008 08:14:34.688676 76614 master_service.cpp:4424] key=concurrent_k_431, error=replica_not_ready
W1008 08:14:34.689157 76615 master_service.cpp:4424] key=concurrent_k_432, error=replica_not_ready
W1008 08:14:34.689406 76615 master_service.cpp:4424] key=concurrent_k_432, error=replica_not_ready
W1008 08:14:34.689616 76614 master_service.cpp:4424] key=concurrent_k_432, error=replica_not_ready
W1008 08:14:34.689839 76615 master_service.cpp:4424] key=concurrent_k_433, error=replica_not_ready
W1008 08:14:34.690055 76615 master_service.cpp:4424] key=concurrent_k_433, error=replica_not_ready
W1008 08:14:34.690461 76615 master_service.cpp:4424] key=concurrent_k_434, error=replica_not_ready
W1008 08:14:34.690594 76614 master_service.cpp:4424] key=concurrent_k_434, error=replica_not_ready
W1008 08:14:34.690686 76615 master_service.cpp:4424] key=concurrent_k_434, error=replica_not_ready
W1008 08:14:34.691001 76613 master_service.cpp:4424] key=concurrent_k_435, error=replica_not_ready
W1008 08:14:34.691135 76615 master_service.cpp:4424] key=concurrent_k_435, error=replica_not_ready
W1008 08:14:34.691335 76615 master_service.cpp:4424] key=concurrent_k_435, error=replica_not_ready
W1008 08:14:34.691566 76615 master_service.cpp:4424] key=concurrent_k_436, error=replica_not_ready
W1008 08:14:34.691740 76615 master_service.cpp:4424] key=concurrent_k_436, error=replica_not_ready
W1008 08:14:34.691877 76615 master_service.cpp:4424] key=concurrent_k_436, error=replica_not_ready
W1008 08:14:34.692127 76615 master_service.cpp:4424] key=concurrent_k_437, error=replica_not_ready
W1008 08:14:34.692318 76614 master_service.cpp:4424] key=concurrent_k_437, error=replica_not_ready
W1008 08:14:34.692726 76615 master_service.cpp:4424] key=concurrent_k_438, error=replica_not_ready
W1008 08:14:34.692973 76615 master_service.cpp:4424] key=concurrent_k_438, error=replica_not_ready
W1008 08:14:34.693114 76614 master_service.cpp:4424] key=concurrent_k_438, error=replica_not_ready
W1008 08:14:34.693404 76613 master_service.cpp:4424] key=concurrent_k_439, error=replica_not_ready
W1008 08:14:34.693527 76615 master_service.cpp:4424] key=concurrent_k_439, error=replica_not_ready
W1008 08:14:34.693965 76615 master_service.cpp:4424] key=concurrent_k_440, error=replica_not_ready
W1008 08:14:34.694242 76615 master_service.cpp:4424] key=concurrent_k_440, error=replica_not_ready
W1008 08:14:34.694276 76614 master_service.cpp:4424] key=concurrent_k_440, error=replica_not_ready
W1008 08:14:34.694672 76615 master_service.cpp:4424] key=concurrent_k_441, error=replica_not_ready
W1008 08:14:34.694700 76614 master_service.cpp:4424] key=concurrent_k_441, error=replica_not_ready
W1008 08:14:34.695188 76615 master_service.cpp:4424] key=concurrent_k_442, error=replica_not_ready
W1008 08:14:34.695331 76615 master_service.cpp:4424] key=concurrent_k_442, error=replica_not_ready
W1008 08:14:34.695452 76615 master_service.cpp:4424] key=concurrent_k_442, error=replica_not_ready
W1008 08:14:34.695758 76613 master_service.cpp:4424] key=concurrent_k_443, error=replica_not_ready
W1008 08:14:34.695883 76615 master_service.cpp:4424] key=concurrent_k_443, error=replica_not_ready
W1008 08:14:34.696394 76615 master_service.cpp:4424] key=concurrent_k_444, error=replica_not_ready
W1008 08:14:34.696609 76615 master_service.cpp:4424] key=concurrent_k_444, error=replica_not_ready
W1008 08:14:34.696650 76614 master_service.cpp:4424] key=concurrent_k_444, error=replica_not_ready
W1008 08:14:34.696987 76614 master_service.cpp:4424] key=concurrent_k_445, error=replica_not_ready
W1008 08:14:34.697140 76614 master_service.cpp:4424] key=concurrent_k_445, error=replica_not_ready
W1008 08:14:34.697183 76615 master_service.cpp:4424] key=concurrent_k_445, error=replica_not_ready
W1008 08:14:34.697539 76615 master_service.cpp:4424] key=concurrent_k_446, error=replica_not_ready
W1008 08:14:34.697603 76614 master_service.cpp:4424] key=concurrent_k_446, error=replica_not_ready
W1008 08:14:34.697836 76615 master_service.cpp:4424] key=concurrent_k_446, error=replica_not_ready
W1008 08:14:34.698029 76614 master_service.cpp:4424] key=concurrent_k_447, error=replica_not_ready
W1008 08:14:34.698280 76615 master_service.cpp:4424] key=concurrent_k_447, error=replica_not_ready
W1008 08:14:34.698356 76614 master_service.cpp:4424] key=concurrent_k_447, error=replica_not_ready
W1008 08:14:34.698738 76615 master_service.cpp:4424] key=concurrent_k_448, error=replica_not_ready
W1008 08:14:34.698763 76614 master_service.cpp:4424] key=concurrent_k_448, error=replica_not_ready
W1008 08:14:34.699268 76614 master_service.cpp:4424] key=concurrent_k_449, error=replica_not_ready
W1008 08:14:34.699477 76615 master_service.cpp:4424] key=concurrent_k_449, error=replica_not_ready
W1008 08:14:34.699565 76614 master_service.cpp:4424] key=concurrent_k_449, error=replica_not_ready
W1008 08:14:34.699887 76615 master_service.cpp:4424] key=concurrent_k_450, error=replica_not_ready
W1008 08:14:34.699950 76614 master_service.cpp:4424] key=concurrent_k_450, error=replica_not_ready
W1008 08:14:34.700368 76615 master_service.cpp:4424] key=concurrent_k_451, error=replica_not_ready
W1008 08:14:34.700800 76615 master_service.cpp:4424] key=concurrent_k_451, error=replica_not_ready
W1008 08:14:34.700829 76613 master_service.cpp:4424] key=concurrent_k_451, error=replica_not_ready
W1008 08:14:34.701239 76615 master_service.cpp:4424] key=concurrent_k_452, error=replica_not_ready
W1008 08:14:34.701243 76614 master_service.cpp:4424] key=concurrent_k_452, error=replica_not_ready
W1008 08:14:34.701756 76615 master_service.cpp:4424] key=concurrent_k_453, error=replica_not_ready
W1008 08:14:34.701819 76614 master_service.cpp:4424] key=concurrent_k_453, error=replica_not_ready
W1008 08:14:34.702031 76615 master_service.cpp:4424] key=concurrent_k_453, error=replica_not_ready
W1008 08:14:34.702210 76614 master_service.cpp:4424] key=concurrent_k_454, error=replica_not_ready
W1008 08:14:34.702399 76615 master_service.cpp:4424] key=concurrent_k_454, error=replica_not_ready
W1008 08:14:34.702561 76614 master_service.cpp:4424] key=concurrent_k_454, error=replica_not_ready
W1008 08:14:34.702801 76615 master_service.cpp:4424] key=concurrent_k_455, error=replica_not_ready
W1008 08:14:34.703006 76614 master_service.cpp:4424] key=concurrent_k_455, error=replica_not_ready
W1008 08:14:34.703122 76615 master_service.cpp:4424] key=concurrent_k_455, error=replica_not_ready
W1008 08:14:34.703429 76614 master_service.cpp:4424] key=concurrent_k_456, error=replica_not_ready
W1008 08:14:34.703513 76615 master_service.cpp:4424] key=concurrent_k_456, error=replica_not_ready
W1008 08:14:34.704011 76615 master_service.cpp:4424] key=concurrent_k_457, error=replica_not_ready
W1008 08:14:34.704263 76614 master_service.cpp:4424] key=concurrent_k_457, error=replica_not_ready
W1008 08:14:34.704353 76615 master_service.cpp:4424] key=concurrent_k_457, error=replica_not_ready
W1008 08:14:34.704662 76615 master_service.cpp:4424] key=concurrent_k_458, error=replica_not_ready
W1008 08:14:34.704725 76613 master_service.cpp:4424] key=concurrent_k_458, error=replica_not_ready
W1008 08:14:34.705227 76615 master_service.cpp:4424] key=concurrent_k_459, error=replica_not_ready
W1008 08:14:34.705415 76614 master_service.cpp:4424] key=concurrent_k_459, error=replica_not_ready
W1008 08:14:34.705467 76615 master_service.cpp:4424] key=concurrent_k_459, error=replica_not_ready
W1008 08:14:34.705850 76615 master_service.cpp:4424] key=concurrent_k_460, error=replica_not_ready
W1008 08:14:34.705875 76613 master_service.cpp:4424] key=concurrent_k_460, error=replica_not_ready
W1008 08:14:34.706367 76615 master_service.cpp:4424] key=concurrent_k_461, error=replica_not_ready
W1008 08:14:34.706645 76615 master_service.cpp:4424] key=concurrent_k_461, error=replica_not_ready
W1008 08:14:34.706660 76614 master_service.cpp:4424] key=concurrent_k_461, error=replica_not_ready
W1008 08:14:34.707082 76614 master_service.cpp:4424] key=concurrent_k_462, error=replica_not_ready
W1008 08:14:34.707086 76613 master_service.cpp:4424] key=concurrent_k_462, error=replica_not_ready
W1008 08:14:34.707218 76615 master_service.cpp:4424] key=concurrent_k_462, error=replica_not_ready
W1008 08:14:34.707571 76614 master_service.cpp:4424] key=concurrent_k_463, error=replica_not_ready
W1008 08:14:34.707659 76615 master_service.cpp:4424] key=concurrent_k_463, error=replica_not_ready
W1008 08:14:34.707724 76614 master_service.cpp:4424] key=concurrent_k_463, error=replica_not_ready
W1008 08:14:34.708077 76614 master_service.cpp:4424] key=concurrent_k_464, error=replica_not_ready
I1008 08:14:34.708105 76596 master_service.cpp:10619] [EVICT-TRIGGER] memory_ratio=0.908203 high_watermark=0.9 need_mem_eviction=0 eviction_ratio=0.05
W1008 08:14:34.708138 76615 master_service.cpp:4424] key=concurrent_k_464, error=replica_not_ready
W1008 08:14:34.708462 76615 master_service.cpp:4424] key=concurrent_k_464, error=replica_not_ready
W1008 08:14:34.708560 76615 master_service.cpp:4424] key=concurrent_k_465, error=replica_not_ready
W1008 08:14:34.708889 76615 master_service.cpp:4424] key=concurrent_k_465, error=replica_not_ready
W1008 08:14:34.709286 76615 master_service.cpp:4424] key=concurrent_k_466, error=replica_not_ready
W1008 08:14:34.709532 76615 master_service.cpp:4424] key=concurrent_k_466, error=replica_not_ready
W1008 08:14:34.709718 76613 master_service.cpp:4424] key=concurrent_k_466, error=replica_not_ready
W1008 08:14:34.709941 76615 master_service.cpp:4424] key=concurrent_k_467, error=replica_not_ready
W1008 08:14:34.710196 76615 master_service.cpp:4424] key=concurrent_k_467, error=replica_not_ready
W1008 08:14:34.710299 76614 master_service.cpp:4424] key=concurrent_k_467, error=replica_not_ready
W1008 08:14:34.710678 76614 master_service.cpp:4424] key=concurrent_k_468, error=replica_not_ready
W1008 08:14:34.711005 76615 master_service.cpp:4424] key=concurrent_k_468, error=replica_not_ready
W1008 08:14:34.711184 76615 master_service.cpp:4424] key=concurrent_k_468, error=replica_not_ready
W1008 08:14:34.711469 76615 master_service.cpp:4424] key=concurrent_k_469, error=replica_not_ready
W1008 08:14:34.711606 76615 master_service.cpp:4424] key=concurrent_k_469, error=replica_not_ready
I1008 08:14:34.711619 76596 master_service.cpp:12526] [EVICT-RESULT] evicted_count=28, eviction_base=465, actual_evict_ratio=0.0602151, target_evict_ratio=0.0582031
I1008 08:14:34.711678 76596 master_service.cpp:10630] [EVICT-DONE] BatchEvict execution completed.
W1008 08:14:34.711973 76615 master_service.cpp:4424] key=concurrent_k_470, error=replica_not_ready
W1008 08:14:34.712137 76615 master_service.cpp:4424] key=concurrent_k_470, error=replica_not_ready
W1008 08:14:34.712549 76615 master_service.cpp:4424] key=concurrent_k_471, error=replica_not_ready
W1008 08:14:34.712803 76615 master_service.cpp:4424] key=concurrent_k_471, error=replica_not_ready
W1008 08:14:34.712846 76614 master_service.cpp:4424] key=concurrent_k_471, error=replica_not_ready
W1008 08:14:34.713244 76615 master_service.cpp:4424] key=concurrent_k_472, error=replica_not_ready
W1008 08:14:34.713270 76612 master_service.cpp:4424] key=concurrent_k_472, error=replica_not_ready
W1008 08:14:34.713394 76614 master_service.cpp:4424] key=concurrent_k_472, error=replica_not_ready
W1008 08:14:34.713738 76615 master_service.cpp:4424] key=concurrent_k_473, error=replica_not_ready
W1008 08:14:34.713830 76613 master_service.cpp:4424] key=concurrent_k_473, error=replica_not_ready
W1008 08:14:34.714223 76614 master_service.cpp:4424] key=concurrent_k_474, error=replica_not_ready
W1008 08:14:34.714591 76615 master_service.cpp:4424] key=concurrent_k_474, error=replica_not_ready
W1008 08:14:34.715061 76615 master_service.cpp:4424] key=concurrent_k_475, error=replica_not_ready
W1008 08:14:34.715094 76614 master_service.cpp:4424] key=concurrent_k_475, error=replica_not_ready
W1008 08:14:34.715142 76613 master_service.cpp:4424] key=concurrent_k_475, error=replica_not_ready
W1008 08:14:34.715553 76615 master_service.cpp:4424] key=concurrent_k_476, error=replica_not_ready
W1008 08:14:34.715561 76614 master_service.cpp:4424] key=concurrent_k_476, error=replica_not_ready
W1008 08:14:34.715689 76615 master_service.cpp:4424] key=concurrent_k_476, error=replica_not_ready
W1008 08:14:34.716041 76615 master_service.cpp:4424] key=concurrent_k_477, error=replica_not_ready
W1008 08:14:34.716078 76613 master_service.cpp:4424] key=concurrent_k_477, error=replica_not_ready
W1008 08:14:34.716560 76613 master_service.cpp:4424] key=concurrent_k_478, error=replica_not_ready
W1008 08:14:34.716859 76615 master_service.cpp:4424] key=concurrent_k_478, error=replica_not_ready
W1008 08:14:34.716899 76613 master_service.cpp:4424] key=concurrent_k_478, error=replica_not_ready
W1008 08:14:34.717284 76615 master_service.cpp:4424] key=concurrent_k_479, error=replica_not_ready
W1008 08:14:34.717329 76614 master_service.cpp:4424] key=concurrent_k_479, error=replica_not_ready
W1008 08:14:34.717772 76614 master_service.cpp:4424] key=concurrent_k_480, error=replica_not_ready
W1008 08:14:34.718065 76615 master_service.cpp:4424] key=concurrent_k_480, error=replica_not_ready
W1008 08:14:34.718248 76615 master_service.cpp:4424] key=concurrent_k_480, error=replica_not_ready
W1008 08:14:34.718459 76615 master_service.cpp:4424] key=concurrent_k_481, error=replica_not_ready
W1008 08:14:34.718657 76615 master_service.cpp:4424] key=concurrent_k_481, error=replica_not_ready
W1008 08:14:34.719054 76614 master_service.cpp:4424] key=concurrent_k_482, error=replica_not_ready
W1008 08:14:34.719178 76615 master_service.cpp:4424] key=concurrent_k_482, error=replica_not_ready
W1008 08:14:34.719390 76614 master_service.cpp:4424] key=concurrent_k_482, error=replica_not_ready
W1008 08:14:34.719594 76614 master_service.cpp:4424] key=concurrent_k_483, error=replica_not_ready
W1008 08:14:34.719802 76615 master_service.cpp:4424] key=concurrent_k_483, error=replica_not_ready
W1008 08:14:34.719921 76615 master_service.cpp:4424] key=concurrent_k_483, error=replica_not_ready
W1008 08:14:34.720223 76613 master_service.cpp:4424] key=concurrent_k_484, error=replica_not_ready
W1008 08:14:34.720342 76615 master_service.cpp:4424] key=concurrent_k_484, error=replica_not_ready
W1008 08:14:34.720479 76614 master_service.cpp:4424] key=concurrent_k_484, error=replica_not_ready
W1008 08:14:34.720736 76615 master_service.cpp:4424] key=concurrent_k_485, error=replica_not_ready
W1008 08:14:34.720873 76615 master_service.cpp:4424] key=concurrent_k_485, error=replica_not_ready
W1008 08:14:34.721009 76615 master_service.cpp:4424] key=concurrent_k_485, error=replica_not_ready
W1008 08:14:34.721271 76615 master_service.cpp:4424] key=concurrent_k_486, error=replica_not_ready
W1008 08:14:34.721352 76614 master_service.cpp:4424] key=concurrent_k_486, error=replica_not_ready
W1008 08:14:34.721654 76615 master_service.cpp:4424] key=concurrent_k_486, error=replica_not_ready
W1008 08:14:34.721792 76615 master_service.cpp:4424] key=concurrent_k_487, error=replica_not_ready
W1008 08:14:34.722043 76615 master_service.cpp:4424] key=concurrent_k_487, error=replica_not_ready
W1008 08:14:34.722462 76614 master_service.cpp:4424] key=concurrent_k_488, error=replica_not_ready
W1008 08:14:34.722635 76615 master_service.cpp:4424] key=concurrent_k_488, error=replica_not_ready
W1008 08:14:34.723029 76615 master_service.cpp:4424] key=concurrent_k_489, error=replica_not_ready
W1008 08:14:34.723201 76615 master_service.cpp:4424] key=concurrent_k_489, error=replica_not_ready
W1008 08:14:34.723202 76614 master_service.cpp:4424] key=concurrent_k_489, error=replica_not_ready
W1008 08:14:34.723615 76614 master_service.cpp:4424] key=concurrent_k_490, error=replica_not_ready
W1008 08:14:34.723616 76613 master_service.cpp:4424] key=concurrent_k_490, error=replica_not_ready
W1008 08:14:34.723773 76615 master_service.cpp:4424] key=concurrent_k_490, error=replica_not_ready
W1008 08:14:34.724093 76615 master_service.cpp:4424] key=concurrent_k_491, error=replica_not_ready
W1008 08:14:34.724208 76615 master_service.cpp:4424] key=concurrent_k_491, error=replica_not_ready
W1008 08:14:34.724699 76615 master_service.cpp:4424] key=concurrent_k_492, error=replica_not_ready
W1008 08:14:34.724956 76614 master_service.cpp:4424] key=concurrent_k_492, error=replica_not_ready
W1008 08:14:34.725045 76615 master_service.cpp:4424] key=concurrent_k_492, error=replica_not_ready
W1008 08:14:34.725384 76615 master_service.cpp:4424] key=concurrent_k_493, error=replica_not_ready
W1008 08:14:34.725461 76613 master_service.cpp:4424] key=concurrent_k_493, error=replica_not_ready
W1008 08:14:34.725876 76615 master_service.cpp:4424] key=concurrent_k_494, error=replica_not_ready
W1008 08:14:34.725993 76615 master_service.cpp:4424] key=concurrent_k_494, error=replica_not_ready
W1008 08:14:34.726259 76612 master_service.cpp:4424] key=concurrent_k_494, error=replica_not_ready
W1008 08:14:34.726348 76615 master_service.cpp:4424] key=concurrent_k_495, error=replica_not_ready
W1008 08:14:34.726735 76615 master_service.cpp:4424] key=concurrent_k_495, error=replica_not_ready
W1008 08:14:34.727180 76614 master_service.cpp:4424] key=concurrent_k_496, error=replica_not_ready
W1008 08:14:34.727298 76614 master_service.cpp:4424] key=concurrent_k_496, error=replica_not_ready
W1008 08:14:34.727413 76615 master_service.cpp:4424] key=concurrent_k_496, error=replica_not_ready
W1008 08:14:34.727685 76615 master_service.cpp:4424] key=concurrent_k_497, error=replica_not_ready
W1008 08:14:34.727823 76615 master_service.cpp:4424] key=concurrent_k_497, error=replica_not_ready
W1008 08:14:34.728082 76615 master_service.cpp:4424] key=concurrent_k_497, error=replica_not_ready
W1008 08:14:34.728214 76615 master_service.cpp:4424] key=concurrent_k_498, error=replica_not_ready
W1008 08:14:34.728461 76614 master_service.cpp:4424] key=concurrent_k_498, error=replica_not_ready
W1008 08:14:34.728554 76615 master_service.cpp:4424] key=concurrent_k_498, error=replica_not_ready
W1008 08:14:34.728843 76615 master_service.cpp:4424] key=concurrent_k_499, error=replica_not_ready
W1008 08:14:34.728960 76615 master_service.cpp:4424] key=concurrent_k_499, error=replica_not_ready
W1008 08:14:34.729369 76615 master_service.cpp:4424] key=concurrent_k_500, error=replica_not_ready
W1008 08:14:34.729643 76615 master_service.cpp:4424] key=concurrent_k_500, error=replica_not_ready
W1008 08:14:34.729656 76614 master_service.cpp:4424] key=concurrent_k_500, error=replica_not_ready
W1008 08:14:34.730052 76615 master_service.cpp:4424] key=concurrent_k_501, error=replica_not_ready
W1008 08:14:34.730118 76614 master_service.cpp:4424] key=concurrent_k_501, error=replica_not_ready
W1008 08:14:34.730517 76615 master_service.cpp:4424] key=concurrent_k_502, error=replica_not_ready
W1008 08:14:34.730675 76614 master_service.cpp:4424] key=concurrent_k_502, error=replica_not_ready
W1008 08:14:34.730815 76615 master_service.cpp:4424] key=concurrent_k_502, error=replica_not_ready
W1008 08:14:34.731076 76615 master_service.cpp:4424] key=concurrent_k_503, error=replica_not_ready
W1008 08:14:34.731228 76615 master_service.cpp:4424] key=concurrent_k_503, error=replica_not_ready
W1008 08:14:34.731698 76615 master_service.cpp:4424] key=concurrent_k_503, error=replica_not_ready
W1008 08:14:34.731725 76614 master_service.cpp:4424] key=concurrent_k_504, error=replica_not_ready
I1008 08:14:34.731799 76596 master_service.cpp:10619] [EVICT-TRIGGER] memory_ratio=0.931641 high_watermark=0.9 need_mem_eviction=0 eviction_ratio=0.05
W1008 08:14:34.732121 76615 master_service.cpp:4424] key=concurrent_k_504, error=replica_not_ready
W1008 08:14:34.732326 76615 master_service.cpp:4424] key=concurrent_k_504, error=replica_not_ready
W1008 08:14:34.732537 76615 master_service.cpp:4424] key=concurrent_k_505, error=replica_not_ready
W1008 08:14:34.732738 76615 master_service.cpp:4424] key=concurrent_k_505, error=replica_not_ready
W1008 08:14:34.733203 76615 master_service.cpp:4424] key=concurrent_k_506, error=replica_not_ready
W1008 08:14:34.733230 76614 master_service.cpp:4424] key=concurrent_k_506, error=replica_not_ready
W1008 08:14:34.733531 76615 master_service.cpp:4424] key=concurrent_k_506, error=replica_not_ready
W1008 08:14:34.733779 76615 master_service.cpp:4424] key=concurrent_k_507, error=replica_not_ready
W1008 08:14:34.733935 76615 master_service.cpp:4424] key=concurrent_k_507, error=replica_not_ready
W1008 08:14:34.734370 76615 master_service.cpp:4424] key=concurrent_k_508, error=replica_not_ready
W1008 08:14:34.734892 76615 master_service.cpp:4424] key=concurrent_k_508, error=replica_not_ready
I1008 08:14:34.734968 76596 master_service.cpp:12526] [EVICT-RESULT] evicted_count=39, eviction_base=477, actual_evict_ratio=0.081761, target_evict_ratio=0.0816406
W1008 08:14:34.734977 76614 master_service.cpp:4424] key=concurrent_k_508, error=replica_not_ready
I1008 08:14:34.735013 76596 master_service.cpp:10630] [EVICT-DONE] BatchEvict execution completed.
W1008 08:14:34.735770 76615 master_service.cpp:4424] key=concurrent_k_510, error=replica_not_ready
W1008 08:14:34.735814 76614 master_service.cpp:4424] key=concurrent_k_510, error=replica_not_ready
W1008 08:14:34.735894 76615 master_service.cpp:4424] key=concurrent_k_510, error=replica_not_ready
W1008 08:14:34.736259 76615 master_service.cpp:4424] key=concurrent_k_511, error=replica_not_ready
W1008 08:14:34.736313 76614 master_service.cpp:4424] key=concurrent_k_511, error=replica_not_ready
W1008 08:14:34.736677 76615 master_service.cpp:4424] key=concurrent_k_511, error=replica_not_ready
W1008 08:14:34.736757 76614 master_service.cpp:4424] key=concurrent_k_512, error=replica_not_ready
W1008 08:14:34.737076 76615 master_service.cpp:4424] key=concurrent_k_512, error=replica_not_ready
W1008 08:14:34.737519 76614 master_service.cpp:4424] key=concurrent_k_513, error=replica_not_ready
W1008 08:14:34.737803 76615 master_service.cpp:4424] key=concurrent_k_513, error=replica_not_ready
W1008 08:14:34.738220 76615 master_service.cpp:4424] key=concurrent_k_514, error=replica_not_ready
W1008 08:14:34.738251 76613 master_service.cpp:4424] key=concurrent_k_514, error=replica_not_ready
W1008 08:14:34.738336 76615 master_service.cpp:4424] key=concurrent_k_514, error=replica_not_ready
W1008 08:14:34.738741 76613 master_service.cpp:4424] key=concurrent_k_515, error=replica_not_ready
W1008 08:14:34.738745 76615 master_service.cpp:4424] key=concurrent_k_515, error=replica_not_ready
W1008 08:14:34.739212 76615 master_service.cpp:4424] key=concurrent_k_515, error=replica_not_ready
W1008 08:14:34.739244 76614 master_service.cpp:4424] key=concurrent_k_516, error=replica_not_ready
W1008 08:14:34.739678 76615 master_service.cpp:4424] key=concurrent_k_516, error=replica_not_ready
W1008 08:14:34.740103 76614 master_service.cpp:4424] key=concurrent_k_517, error=replica_not_ready
W1008 08:14:34.740641 76614 master_service.cpp:4424] key=concurrent_k_518, error=replica_not_ready
W1008 08:14:34.740666 76615 master_service.cpp:4424] key=concurrent_k_518, error=replica_not_ready
W1008 08:14:34.740870 76615 master_service.cpp:4424] key=concurrent_k_518, error=replica_not_ready
W1008 08:14:34.741119 76615 master_service.cpp:4424] key=concurrent_k_519, error=replica_not_ready
W1008 08:14:34.741299 76615 master_service.cpp:4424] key=concurrent_k_519, error=replica_not_ready
W1008 08:14:34.741508 76615 master_service.cpp:4424] key=concurrent_k_519, error=replica_not_ready
W1008 08:14:34.741717 76615 master_service.cpp:4424] key=concurrent_k_520, error=replica_not_ready
W1008 08:14:34.741935 76614 master_service.cpp:4424] key=concurrent_k_520, error=replica_not_ready
W1008 08:14:34.742311 76615 master_service.cpp:4424] key=concurrent_k_521, error=replica_not_ready
W1008 08:14:34.742431 76614 master_service.cpp:4424] key=concurrent_k_521, error=replica_not_ready
W1008 08:14:34.742514 76615 master_service.cpp:4424] key=concurrent_k_521, error=replica_not_ready
W1008 08:14:34.742832 76614 master_service.cpp:4424] key=concurrent_k_522, error=replica_not_ready
W1008 08:14:34.742890 76615 master_service.cpp:4424] key=concurrent_k_522, error=replica_not_ready
W1008 08:14:34.743026 76615 master_service.cpp:4424] key=concurrent_k_522, error=replica_not_ready
W1008 08:14:34.743340 76614 master_service.cpp:4424] key=concurrent_k_523, error=replica_not_ready
W1008 08:14:34.743461 76615 master_service.cpp:4424] key=concurrent_k_523, error=replica_not_ready
W1008 08:14:34.743896 76615 master_service.cpp:4424] key=concurrent_k_524, error=replica_not_ready
W1008 08:14:34.744006 76615 master_service.cpp:4424] key=concurrent_k_523, error=replica_not_ready
W1008 08:14:34.744808 76614 master_service.cpp:4424] key=concurrent_k_525, error=replica_not_ready
W1008 08:14:34.744868 76615 master_service.cpp:4424] key=concurrent_k_525, error=replica_not_ready
W1008 08:14:34.745280 76615 master_service.cpp:4424] key=concurrent_k_526, error=replica_not_ready
W1008 08:14:34.745311 76613 master_service.cpp:4424] key=concurrent_k_526, error=replica_not_ready
W1008 08:14:34.745431 76615 master_service.cpp:4424] key=concurrent_k_526, error=replica_not_ready
W1008 08:14:34.745756 76614 master_service.cpp:4424] key=concurrent_k_527, error=replica_not_ready
W1008 08:14:34.745820 76615 master_service.cpp:4424] key=concurrent_k_527, error=replica_not_ready
W1008 08:14:34.746152 76615 master_service.cpp:4424] key=concurrent_k_527, error=replica_not_ready
W1008 08:14:34.746223 76614 master_service.cpp:4424] key=concurrent_k_528, error=replica_not_ready
W1008 08:14:34.746598 76615 master_service.cpp:4424] key=concurrent_k_528, error=replica_not_ready
W1008 08:14:34.747061 76615 master_service.cpp:4424] key=concurrent_k_529, error=replica_not_ready
W1008 08:14:34.747118 76614 master_service.cpp:4424] key=concurrent_k_529, error=replica_not_ready
W1008 08:14:34.747182 76615 master_service.cpp:4424] key=concurrent_k_529, error=replica_not_ready
W1008 08:14:34.747536 76615 master_service.cpp:4424] key=concurrent_k_530, error=replica_not_ready
W1008 08:14:34.747548 76613 master_service.cpp:4424] key=concurrent_k_530, error=replica_not_ready
W1008 08:14:34.747668 76615 master_service.cpp:4424] key=concurrent_k_530, error=replica_not_ready
W1008 08:14:34.748023 76615 master_service.cpp:4424] key=concurrent_k_531, error=replica_not_ready
W1008 08:14:34.748083 76614 master_service.cpp:4424] key=concurrent_k_531, error=replica_not_ready
W1008 08:14:34.748416 76615 master_service.cpp:4424] key=concurrent_k_531, error=replica_not_ready
W1008 08:14:34.748513 76615 master_service.cpp:4424] key=concurrent_k_532, error=replica_not_ready
W1008 08:14:34.748791 76615 master_service.cpp:4424] key=concurrent_k_532, error=replica_not_ready
W1008 08:14:34.749241 76615 master_service.cpp:4424] key=concurrent_k_533, error=replica_not_ready
W1008 08:14:34.749971 76615 master_service.cpp:4424] key=concurrent_k_534, error=replica_not_ready
W1008 08:14:34.750496 76614 master_service.cpp:4424] key=concurrent_k_535, error=replica_not_ready
W1008 08:14:34.750545 76615 master_service.cpp:4424] key=concurrent_k_535, error=replica_not_ready
W1008 08:14:34.750560 76613 master_service.cpp:4424] key=concurrent_k_535, error=replica_not_ready
W1008 08:14:34.751005 76614 master_service.cpp:4424] key=concurrent_k_536, error=replica_not_ready
W1008 08:14:34.751008 76615 master_service.cpp:4424] key=concurrent_k_536, error=replica_not_ready
W1008 08:14:34.751492 76614 master_service.cpp:4424] key=concurrent_k_537, error=replica_not_ready
W1008 08:14:34.751972 76615 master_service.cpp:4424] key=concurrent_k_537, error=replica_not_ready
W1008 08:14:34.752374 76613 master_service.cpp:4424] key=concurrent_k_538, error=replica_not_ready
W1008 08:14:34.752447 76614 master_service.cpp:4424] key=concurrent_k_538, error=replica_not_ready
W1008 08:14:34.752491 76615 master_service.cpp:4424] key=concurrent_k_538, error=replica_not_ready
W1008 08:14:34.752873 76615 master_service.cpp:4424] key=concurrent_k_539, error=replica_not_ready
W1008 08:14:34.752903 76614 master_service.cpp:4424] key=concurrent_k_539, error=replica_not_ready
W1008 08:14:34.753257 76612 master_service.cpp:4424] key=concurrent_k_539, error=replica_not_ready
W1008 08:14:34.753351 76614 master_service.cpp:4424] key=concurrent_k_540, error=replica_not_ready
W1008 08:14:34.753702 76613 master_service.cpp:4424] key=concurrent_k_540, error=replica_not_ready
W1008 08:14:34.754105 76614 master_service.cpp:4424] key=concurrent_k_541, error=replica_not_ready
W1008 08:14:34.754236 76615 master_service.cpp:4424] key=concurrent_k_541, error=replica_not_ready
W1008 08:14:34.754647 76615 master_service.cpp:4424] key=concurrent_k_542, error=replica_not_ready
W1008 08:14:34.754657 76613 master_service.cpp:4424] key=concurrent_k_542, error=replica_not_ready
W1008 08:14:34.754794 76615 master_service.cpp:4424] key=concurrent_k_542, error=replica_not_ready
I1008 08:14:34.755147 76596 master_service.cpp:10619] [EVICT-TRIGGER] memory_ratio=0.931641 high_watermark=0.9 need_mem_eviction=0 eviction_ratio=0.05
W1008 08:14:34.755169 76615 master_service.cpp:4424] key=concurrent_k_543, error=replica_not_ready
W1008 08:14:34.755198 76614 master_service.cpp:4424] key=concurrent_k_543, error=replica_not_ready
W1008 08:14:34.755523 76613 master_service.cpp:4424] key=concurrent_k_543, error=replica_not_ready
W1008 08:14:34.755658 76615 master_service.cpp:4424] key=concurrent_k_544, error=replica_not_ready
W1008 08:14:34.755939 76614 master_service.cpp:4424] key=concurrent_k_544, error=replica_not_ready
W1008 08:14:34.756062 76614 master_service.cpp:4424] key=concurrent_k_544, error=replica_not_ready
W1008 08:14:34.756402 76615 master_service.cpp:4424] key=concurrent_k_545, error=replica_not_ready
W1008 08:14:34.756475 76614 master_service.cpp:4424] key=concurrent_k_545, error=replica_not_ready
W1008 08:14:34.756927 76614 master_service.cpp:4424] key=concurrent_k_546, error=replica_not_ready
W1008 08:14:34.757118 76615 master_service.cpp:4424] key=concurrent_k_546, error=replica_not_ready
W1008 08:14:34.757298 76614 master_service.cpp:4424] key=concurrent_k_546, error=replica_not_ready
W1008 08:14:34.757568 76615 master_service.cpp:4424] key=concurrent_k_547, error=replica_not_ready
W1008 08:14:34.757777 76615 master_service.cpp:4424] key=concurrent_k_547, error=replica_not_ready
W1008 08:14:34.757911 76615 master_service.cpp:4424] key=concurrent_k_547, error=replica_not_ready
W1008 08:14:34.758181 76615 master_service.cpp:4424] key=concurrent_k_548, error=replica_not_ready
W1008 08:14:34.758359 76615 master_service.cpp:4424] key=concurrent_k_548, error=replica_not_ready
I1008 08:14:34.758428 76596 master_service.cpp:12526] [EVICT-RESULT] evicted_count=39, eviction_base=476, actual_evict_ratio=0.0819328, target_evict_ratio=0.0816406
I1008 08:14:34.758484 76596 master_service.cpp:10630] [EVICT-DONE] BatchEvict execution completed.
W1008 08:14:34.758803 76615 master_service.cpp:4424] key=concurrent_k_549, error=replica_not_ready
W1008 08:14:34.759011 76614 master_service.cpp:4424] key=concurrent_k_549, error=replica_not_ready
W1008 08:14:34.759063 76615 master_service.cpp:4424] key=concurrent_k_549, error=replica_not_ready
W1008 08:14:34.759423 76615 master_service.cpp:4424] key=concurrent_k_550, error=replica_not_ready
W1008 08:14:34.759425 76614 master_service.cpp:4424] key=concurrent_k_550, error=replica_not_ready
W1008 08:14:34.759583 76615 master_service.cpp:4424] key=concurrent_k_550, error=replica_not_ready
W1008 08:14:34.759915 76615 master_service.cpp:4424] key=concurrent_k_551, error=replica_not_ready
W1008 08:14:34.759992 76614 master_service.cpp:4424] key=concurrent_k_551, error=replica_not_ready
W1008 08:14:34.760401 76614 master_service.cpp:4424] key=concurrent_k_552, error=replica_not_ready
W1008 08:14:34.760918 76615 master_service.cpp:4424] key=concurrent_k_552, error=replica_not_ready
W1008 08:14:34.760924 76614 master_service.cpp:4424] key=concurrent_k_552, error=replica_not_ready
W1008 08:14:34.761349 76614 master_service.cpp:4424] key=concurrent_k_553, error=replica_not_ready
W1008 08:14:34.761354 76613 master_service.cpp:4424] key=concurrent_k_553, error=replica_not_ready
W1008 08:14:34.761844 76615 master_service.cpp:4424] key=concurrent_k_554, error=replica_not_ready
W1008 08:14:34.761891 76613 master_service.cpp:4424] key=concurrent_k_554, error=replica_not_ready
W1008 08:14:34.761983 76615 master_service.cpp:4424] key=concurrent_k_554, error=replica_not_ready
W1008 08:14:34.762346 76615 master_service.cpp:4424] key=concurrent_k_555, error=replica_not_ready
W1008 08:14:34.762367 76614 master_service.cpp:4424] key=concurrent_k_555, error=replica_not_ready
W1008 08:14:34.762723 76615 master_service.cpp:4424] key=concurrent_k_555, error=replica_not_ready
W1008 08:14:34.762850 76615 master_service.cpp:4424] key=concurrent_k_556, error=replica_not_ready
W1008 08:14:34.763149 76614 master_service.cpp:4424] key=concurrent_k_556, error=replica_not_ready
W1008 08:14:34.763567 76615 master_service.cpp:4424] key=concurrent_k_557, error=replica_not_ready
W1008 08:14:34.763716 76615 master_service.cpp:4424] key=concurrent_k_557, error=replica_not_ready
W1008 08:14:34.763731 76614 master_service.cpp:4424] key=concurrent_k_557, error=replica_not_ready
W1008 08:14:34.764060 76614 master_service.cpp:4424] key=concurrent_k_558, error=replica_not_ready
W1008 08:14:34.764137 76615 master_service.cpp:4424] key=concurrent_k_558, error=replica_not_ready
W1008 08:14:34.764357 76615 master_service.cpp:4424] key=concurrent_k_558, error=replica_not_ready
W1008 08:14:34.764564 76615 master_service.cpp:4424] key=concurrent_k_559, error=replica_not_ready
W1008 08:14:34.764765 76615 master_service.cpp:4424] key=concurrent_k_559, error=replica_not_ready
W1008 08:14:34.765175 76614 master_service.cpp:4424] key=concurrent_k_560, error=replica_not_ready
W1008 08:14:34.765280 76615 master_service.cpp:4424] key=concurrent_k_559, error=replica_not_ready
W1008 08:14:34.765957 76615 master_service.cpp:4424] key=concurrent_k_561, error=replica_not_ready
W1008 08:14:34.766095 76614 master_service.cpp:4424] key=concurrent_k_561, error=replica_not_ready
W1008 08:14:34.766186 76615 master_service.cpp:4424] key=concurrent_k_561, error=replica_not_ready
W1008 08:14:34.766499 76614 master_service.cpp:4424] key=concurrent_k_562, error=replica_not_ready
W1008 08:14:34.766595 76615 master_service.cpp:4424] key=concurrent_k_562, error=replica_not_ready
W1008 08:14:34.766620 76614 master_service.cpp:4424] key=concurrent_k_562, error=replica_not_ready
W1008 08:14:34.767062 76615 master_service.cpp:4424] key=concurrent_k_563, error=replica_not_ready
W1008 08:14:34.767067 76614 master_service.cpp:4424] key=concurrent_k_563, error=replica_not_ready
W1008 08:14:34.767552 76615 master_service.cpp:4424] key=concurrent_k_564, error=replica_not_ready
W1008 08:14:34.767872 76615 master_service.cpp:4424] key=concurrent_k_564, error=replica_not_ready
W1008 08:14:34.768082 76615 master_service.cpp:4424] key=concurrent_k_564, error=replica_not_ready
W1008 08:14:34.768278 76615 master_service.cpp:4424] key=concurrent_k_565, error=replica_not_ready
W1008 08:14:34.768500 76615 master_service.cpp:4424] key=concurrent_k_565, error=replica_not_ready
W1008 08:14:34.768894 76615 master_service.cpp:4424] key=concurrent_k_566, error=replica_not_ready
W1008 08:14:34.768962 76614 master_service.cpp:4424] key=concurrent_k_566, error=replica_not_ready
W1008 08:14:34.769397 76615 master_service.cpp:4424] key=concurrent_k_567, error=replica_not_ready
W1008 08:14:34.769609 76615 master_service.cpp:4424] key=concurrent_k_567, error=replica_not_ready
W1008 08:14:34.769670 76614 master_service.cpp:4424] key=concurrent_k_567, error=replica_not_ready
W1008 08:14:34.770066 76615 master_service.cpp:4424] key=concurrent_k_568, error=replica_not_ready
W1008 08:14:34.770073 76614 master_service.cpp:4424] key=concurrent_k_568, error=replica_not_ready
W1008 08:14:34.770247 76615 master_service.cpp:4424] key=concurrent_k_568, error=replica_not_ready
W1008 08:14:34.770545 76614 master_service.cpp:4424] key=concurrent_k_569, error=replica_not_ready
W1008 08:14:34.770663 76615 master_service.cpp:4424] key=concurrent_k_569, error=replica_not_ready
W1008 08:14:34.770828 76615 master_service.cpp:4424] key=concurrent_k_569, error=replica_not_ready
W1008 08:14:34.771019 76614 master_service.cpp:4424] key=concurrent_k_570, error=replica_not_ready
W1008 08:14:34.771210 76615 master_service.cpp:4424] key=concurrent_k_570, error=replica_not_ready
W1008 08:14:34.771389 76614 master_service.cpp:4424] key=concurrent_k_570, error=replica_not_ready
W1008 08:14:34.771610 76615 master_service.cpp:4424] key=concurrent_k_571, error=replica_not_ready
W1008 08:14:34.771780 76615 master_service.cpp:4424] key=concurrent_k_571, error=replica_not_ready
W1008 08:14:34.772025 76615 master_service.cpp:4424] key=concurrent_k_571, error=replica_not_ready
W1008 08:14:34.772167 76615 master_service.cpp:4424] key=concurrent_k_572, error=replica_not_ready
W1008 08:14:34.772436 76615 master_service.cpp:4424] key=concurrent_k_572, error=replica_not_ready
W1008 08:14:34.772845 76615 master_service.cpp:4424] key=concurrent_k_573, error=replica_not_ready
W1008 08:14:34.773068 76614 master_service.cpp:4424] key=concurrent_k_573, error=replica_not_ready
W1008 08:14:34.773159 76615 master_service.cpp:4424] key=concurrent_k_573, error=replica_not_ready
W1008 08:14:34.773460 76615 master_service.cpp:4424] key=concurrent_k_574, error=replica_not_ready
W1008 08:14:34.773519 76614 master_service.cpp:4424] key=concurrent_k_574, error=replica_not_ready
W1008 08:14:34.773804 76615 master_service.cpp:4424] key=concurrent_k_574, error=replica_not_ready
W1008 08:14:34.773995 76615 master_service.cpp:4424] key=concurrent_k_575, error=replica_not_ready
W1008 08:14:34.774197 76615 master_service.cpp:4424] key=concurrent_k_575, error=replica_not_ready
W1008 08:14:34.774334 76614 master_service.cpp:4424] key=concurrent_k_575, error=replica_not_ready
W1008 08:14:34.774580 76615 master_service.cpp:4424] key=concurrent_k_576, error=replica_not_ready
W1008 08:14:34.774760 76615 master_service.cpp:4424] key=concurrent_k_576, error=replica_not_ready
W1008 08:14:34.775193 76615 master_service.cpp:4424] key=concurrent_k_577, error=replica_not_ready
W1008 08:14:34.775358 76614 master_service.cpp:4424] key=concurrent_k_577, error=replica_not_ready
W1008 08:14:34.775396 76615 master_service.cpp:4424] key=concurrent_k_577, error=replica_not_ready
W1008 08:14:34.775758 76615 master_service.cpp:4424] key=concurrent_k_578, error=replica_not_ready
W1008 08:14:34.775759 76614 master_service.cpp:4424] key=concurrent_k_578, error=replica_not_ready
W1008 08:14:34.775889 76615 master_service.cpp:4424] key=concurrent_k_578, error=replica_not_ready
W1008 08:14:34.776242 76614 master_service.cpp:4424] key=concurrent_k_579, error=replica_not_ready
W1008 08:14:34.776271 76615 master_service.cpp:4424] key=concurrent_k_579, error=replica_not_ready
W1008 08:14:34.776508 76615 master_service.cpp:4424] key=concurrent_k_579, error=replica_not_ready
W1008 08:14:34.776734 76615 master_service.cpp:4424] key=concurrent_k_580, error=replica_not_ready
W1008 08:14:34.776891 76615 master_service.cpp:4424] key=concurrent_k_580, error=replica_not_ready
W1008 08:14:34.777305 76615 master_service.cpp:4424] key=concurrent_k_581, error=replica_not_ready
W1008 08:14:34.778029 76615 master_service.cpp:4424] key=concurrent_k_582, error=replica_not_ready
W1008 08:14:34.778101 76614 master_service.cpp:4424] key=concurrent_k_582, error=replica_not_ready
W1008 08:14:34.778518 76614 master_service.cpp:4424] key=concurrent_k_583, error=replica_not_ready
W1008 08:14:34.778609 76615 master_service.cpp:4424] key=concurrent_k_583, error=replica_not_ready
I1008 08:14:34.778609 76596 master_service.cpp:10619] [EVICT-TRIGGER] memory_ratio=0.933594 high_watermark=0.9 need_mem_eviction=0 eviction_ratio=0.05
W1008 08:14:34.778636 76614 master_service.cpp:4424] key=concurrent_k_583, error=replica_not_ready
W1008 08:14:34.779152 76614 master_service.cpp:4424] key=concurrent_k_584, error=replica_not_ready
W1008 08:14:34.779151 76615 master_service.cpp:4424] key=concurrent_k_584, error=replica_not_ready
W1008 08:14:34.779665 76615 master_service.cpp:4424] key=concurrent_k_585, error=replica_not_ready
W1008 08:14:34.780227 76615 master_service.cpp:4424] key=concurrent_k_585, error=replica_not_ready
W1008 08:14:34.780233 76614 master_service.cpp:4424] key=concurrent_k_585, error=replica_not_ready
W1008 08:14:34.780645 76615 master_service.cpp:4424] key=concurrent_k_586, error=replica_not_ready
W1008 08:14:34.780668 76614 master_service.cpp:4424] key=concurrent_k_586, error=replica_not_ready
W1008 08:14:34.781169 76614 master_service.cpp:4424] key=concurrent_k_587, error=replica_not_ready
W1008 08:14:34.781172 76613 master_service.cpp:4424] key=concurrent_k_587, error=replica_not_ready
W1008 08:14:34.781225 76615 master_service.cpp:4424] key=concurrent_k_587, error=replica_not_ready
W1008 08:14:34.781715 76615 master_service.cpp:4424] key=concurrent_k_588, error=replica_not_ready
W1008 08:14:34.781749 76614 master_service.cpp:4424] key=concurrent_k_588, error=replica_not_ready
I1008 08:14:34.781920 76596 master_service.cpp:12526] [EVICT-RESULT] evicted_count=41, eviction_base=479, actual_evict_ratio=0.085595, target_evict_ratio=0.0835937
I1008 08:14:34.781955 76596 master_service.cpp:10630] [EVICT-DONE] BatchEvict execution completed.
W1008 08:14:34.782193 76615 master_service.cpp:4424] key=concurrent_k_589, error=replica_not_ready
W1008 08:14:34.783607 76614 master_service.cpp:4424] key=concurrent_k_591, error=replica_not_ready
W1008 08:14:34.783612 76615 master_service.cpp:4424] key=concurrent_k_591, error=replica_not_ready
W1008 08:14:34.783743 76615 master_service.cpp:4424] key=concurrent_k_591, error=replica_not_ready
W1008 08:14:34.784104 76615 master_service.cpp:4424] key=concurrent_k_592, error=replica_not_ready
W1008 08:14:34.784165 76614 master_service.cpp:4424] key=concurrent_k_592, error=replica_not_ready
W1008 08:14:34.784598 76615 master_service.cpp:4424] key=concurrent_k_593, error=replica_not_ready
W1008 08:14:34.785424 76613 master_service.cpp:4424] key=concurrent_k_594, error=replica_not_ready
W1008 08:14:34.785488 76614 master_service.cpp:4424] key=concurrent_k_594, error=replica_not_ready
W1008 08:14:34.785914 76615 master_service.cpp:4424] key=concurrent_k_595, error=replica_not_ready
W1008 08:14:34.785981 76614 master_service.cpp:4424] key=concurrent_k_595, error=replica_not_ready
W1008 08:14:34.786099 76615 master_service.cpp:4424] key=concurrent_k_595, error=replica_not_ready
W1008 08:14:34.786408 76615 master_service.cpp:4424] key=concurrent_k_596, error=replica_not_ready
W1008 08:14:34.786525 76615 master_service.cpp:4424] key=concurrent_k_596, error=replica_not_ready
W1008 08:14:34.786939 76615 master_service.cpp:4424] key=concurrent_k_597, error=replica_not_ready
W1008 08:14:34.787763 76614 master_service.cpp:4424] key=concurrent_k_598, error=replica_not_ready
W1008 08:14:34.788398 76615 master_service.cpp:4424] key=concurrent_k_599, error=replica_not_ready
W1008 08:14:34.788439 76614 master_service.cpp:4424] key=concurrent_k_599, error=replica_not_ready
W1008 08:14:34.788445 76613 master_service.cpp:4424] key=concurrent_k_599, error=replica_not_ready
W1008 08:14:34.788884 76614 master_service.cpp:4424] key=concurrent_k_600, error=replica_not_ready
W1008 08:14:34.788887 76615 master_service.cpp:4424] key=concurrent_k_600, error=replica_not_ready
W1008 08:14:34.789312 76615 master_service.cpp:4424] key=concurrent_k_600, error=replica_not_ready
W1008 08:14:34.789377 76614 master_service.cpp:4424] key=concurrent_k_601, error=replica_not_ready
W1008 08:14:34.789736 76614 master_service.cpp:4424] key=concurrent_k_601, error=replica_not_ready
W1008 08:14:34.790114 76614 master_service.cpp:4424] key=concurrent_k_602, error=replica_not_ready
W1008 08:14:34.790205 76614 master_service.cpp:4424] key=concurrent_k_602, error=replica_not_ready
W1008 08:14:34.790318 76615 master_service.cpp:4424] key=concurrent_k_602, error=replica_not_ready
W1008 08:14:34.790585 76615 master_service.cpp:4424] key=concurrent_k_603, error=replica_not_ready
W1008 08:14:34.790748 76615 master_service.cpp:4424] key=concurrent_k_603, error=replica_not_ready
W1008 08:14:34.790890 76614 master_service.cpp:4424] key=concurrent_k_603, error=replica_not_ready
W1008 08:14:34.791206 76615 master_service.cpp:4424] key=concurrent_k_604, error=replica_not_ready
W1008 08:14:34.791280 76614 master_service.cpp:4424] key=concurrent_k_604, error=replica_not_ready
W1008 08:14:34.791685 76615 master_service.cpp:4424] key=concurrent_k_605, error=replica_not_ready
W1008 08:14:34.792025 76614 master_service.cpp:4424] key=concurrent_k_605, error=replica_not_ready
W1008 08:14:34.792219 76615 master_service.cpp:4424] key=concurrent_k_605, error=replica_not_ready
W1008 08:14:34.792409 76614 master_service.cpp:4424] key=concurrent_k_606, error=replica_not_ready
W1008 08:14:34.792963 76615 master_service.cpp:4424] key=concurrent_k_607, error=replica_not_ready
W1008 08:14:34.793035 76614 master_service.cpp:4424] key=concurrent_k_607, error=replica_not_ready
W1008 08:14:34.793042 76613 master_service.cpp:4424] key=concurrent_k_607, error=replica_not_ready
W1008 08:14:34.793457 76615 master_service.cpp:4424] key=concurrent_k_608, error=replica_not_ready
W1008 08:14:34.793459 76614 master_service.cpp:4424] key=concurrent_k_608, error=replica_not_ready
W1008 08:14:34.793929 76614 master_service.cpp:4424] key=concurrent_k_609, error=replica_not_ready
W1008 08:14:34.794272 76615 master_service.cpp:4424] key=concurrent_k_609, error=replica_not_ready
W1008 08:14:34.794277 76614 master_service.cpp:4424] key=concurrent_k_609, error=replica_not_ready
W1008 08:14:34.794703 76615 master_service.cpp:4424] key=concurrent_k_610, error=replica_not_ready
W1008 08:14:34.794721 76614 master_service.cpp:4424] key=concurrent_k_610, error=replica_not_ready
W1008 08:14:34.794759 76613 master_service.cpp:4424] key=concurrent_k_610, error=replica_not_ready
W1008 08:14:34.795197 76614 master_service.cpp:4424] key=concurrent_k_611, error=replica_not_ready
W1008 08:14:34.795199 76615 master_service.cpp:4424] key=concurrent_k_611, error=replica_not_ready
W1008 08:14:34.795408 76615 master_service.cpp:4424] key=concurrent_k_611, error=replica_not_ready
W1008 08:14:34.795687 76615 master_service.cpp:4424] key=concurrent_k_612, error=replica_not_ready
W1008 08:14:34.795802 76615 master_service.cpp:4424] key=concurrent_k_612, error=replica_not_ready
W1008 08:14:34.796182 76615 master_service.cpp:4424] key=concurrent_k_613, error=replica_not_ready
W1008 08:14:34.796619 76615 master_service.cpp:4424] key=concurrent_k_613, error=replica_not_ready
W1008 08:14:34.797008 76614 master_service.cpp:4424] key=concurrent_k_614, error=replica_not_ready
W1008 08:14:34.797124 76615 master_service.cpp:4424] key=concurrent_k_614, error=replica_not_ready
W1008 08:14:34.797276 76615 master_service.cpp:4424] key=concurrent_k_614, error=replica_not_ready
W1008 08:14:34.797559 76615 master_service.cpp:4424] key=concurrent_k_615, error=replica_not_ready
W1008 08:14:34.797678 76615 master_service.cpp:4424] key=concurrent_k_615, error=replica_not_ready
W1008 08:14:34.797941 76615 master_service.cpp:4424] key=concurrent_k_615, error=replica_not_ready
W1008 08:14:34.798094 76615 master_service.cpp:4424] key=concurrent_k_616, error=replica_not_ready
W1008 08:14:34.798332 76615 master_service.cpp:4424] key=concurrent_k_616, error=replica_not_ready
W1008 08:14:34.798486 76615 master_service.cpp:4424] key=concurrent_k_616, error=replica_not_ready
W1008 08:14:34.798777 76615 master_service.cpp:4424] key=concurrent_k_617, error=replica_not_ready
W1008 08:14:34.798913 76615 master_service.cpp:4424] key=concurrent_k_617, error=replica_not_ready
W1008 08:14:34.799325 76614 master_service.cpp:4424] key=concurrent_k_618, error=replica_not_ready
W1008 08:14:34.799448 76614 master_service.cpp:4424] key=concurrent_k_618, error=replica_not_ready
W1008 08:14:34.799563 76615 master_service.cpp:4424] key=concurrent_k_618, error=replica_not_ready
W1008 08:14:34.799823 76615 master_service.cpp:4424] key=concurrent_k_619, error=replica_not_ready
W1008 08:14:34.799968 76615 master_service.cpp:4424] key=concurrent_k_619, error=replica_not_ready
W1008 08:14:34.800226 76615 master_service.cpp:4424] key=concurrent_k_619, error=replica_not_ready
W1008 08:14:34.800374 76615 master_service.cpp:4424] key=concurrent_k_620, error=replica_not_ready
W1008 08:14:34.800649 76615 master_service.cpp:4424] key=concurrent_k_620, error=replica_not_ready
W1008 08:14:34.801060 76615 master_service.cpp:4424] key=concurrent_k_621, error=replica_not_ready
W1008 08:14:34.801213 76615 master_service.cpp:4424] key=concurrent_k_621, error=replica_not_ready
W1008 08:14:34.801600 76615 master_service.cpp:4424] key=concurrent_k_622, error=replica_not_ready
W1008 08:14:34.801736 76615 master_service.cpp:4424] key=concurrent_k_622, error=replica_not_ready
W1008 08:14:34.801739 76614 master_service.cpp:4424] key=concurrent_k_622, error=replica_not_ready
I1008 08:14:34.802074 76596 master_service.cpp:10619] [EVICT-TRIGGER] memory_ratio=0.931641 high_watermark=0.9 need_mem_eviction=0 eviction_ratio=0.05
W1008 08:14:34.802155 76615 master_service.cpp:4424] key=concurrent_k_623, error=replica_not_ready
W1008 08:14:34.802162 76614 master_service.cpp:4424] key=concurrent_k_623, error=replica_not_ready
W1008 08:14:34.802542 76612 master_service.cpp:4424] key=concurrent_k_623, error=replica_not_ready
W1008 08:14:34.802642 76615 master_service.cpp:4424] key=concurrent_k_624, error=replica_not_ready
W1008 08:14:34.802996 76614 master_service.cpp:4424] key=concurrent_k_624, error=replica_not_ready
W1008 08:14:34.803404 76615 master_service.cpp:4424] key=concurrent_k_624, error=replica_not_ready
W1008 08:14:34.803458 76613 master_service.cpp:4424] key=concurrent_k_625, error=replica_not_ready
W1008 08:14:34.804107 76615 master_service.cpp:4424] key=concurrent_k_626, error=replica_not_ready
W1008 08:14:34.804221 76614 master_service.cpp:4424] key=concurrent_k_626, error=replica_not_ready
W1008 08:14:34.804344 76615 master_service.cpp:4424] key=concurrent_k_626, error=replica_not_ready
W1008 08:14:34.804618 76615 master_service.cpp:4424] key=concurrent_k_627, error=replica_not_ready
W1008 08:14:34.804776 76614 master_service.cpp:4424] key=concurrent_k_627, error=replica_not_ready
I1008 08:14:34.805286 76596 master_service.cpp:12526] [EVICT-RESULT] evicted_count=39, eviction_base=476, actual_evict_ratio=0.0819328, target_evict_ratio=0.0816406
I1008 08:14:34.805325 76596 master_service.cpp:10630] [EVICT-DONE] BatchEvict execution completed.
W1008 08:14:34.805330 76615 master_service.cpp:4424] key=concurrent_k_628, error=replica_not_ready
W1008 08:14:34.805579 76615 master_service.cpp:4424] key=concurrent_k_628, error=replica_not_ready
W1008 08:14:34.806008 76615 master_service.cpp:4424] key=concurrent_k_629, error=replica_not_ready
W1008 08:14:34.806128 76615 master_service.cpp:4424] key=concurrent_k_629, error=replica_not_ready
W1008 08:14:34.806155 76614 master_service.cpp:4424] key=concurrent_k_629, error=replica_not_ready
W1008 08:14:34.806510 76615 master_service.cpp:4424] key=concurrent_k_630, error=replica_not_ready
W1008 08:14:34.806571 76614 master_service.cpp:4424] key=concurrent_k_630, error=replica_not_ready
W1008 08:14:34.806653 76615 master_service.cpp:4424] key=concurrent_k_630, error=replica_not_ready
W1008 08:14:34.807024 76615 master_service.cpp:4424] key=concurrent_k_631, error=replica_not_ready
W1008 08:14:34.807054 76614 master_service.cpp:4424] key=concurrent_k_631, error=replica_not_ready
W1008 08:14:34.807509 76615 master_service.cpp:4424] key=concurrent_k_632, error=replica_not_ready
W1008 08:14:34.807948 76615 master_service.cpp:4424] key=concurrent_k_632, error=replica_not_ready
W1008 08:14:34.808384 76615 master_service.cpp:4424] key=concurrent_k_633, error=replica_not_ready
W1008 08:14:34.808873 76615 master_service.cpp:4424] key=concurrent_k_634, error=replica_not_ready
W1008 08:14:34.808883 76614 master_service.cpp:4424] key=concurrent_k_634, error=replica_not_ready
W1008 08:14:34.808900 76613 master_service.cpp:4424] key=concurrent_k_634, error=replica_not_ready
W1008 08:14:34.809348 76615 master_service.cpp:4424] key=concurrent_k_635, error=replica_not_ready
W1008 08:14:34.809351 76614 master_service.cpp:4424] key=concurrent_k_635, error=replica_not_ready
W1008 08:14:34.809827 76614 master_service.cpp:4424] key=concurrent_k_636, error=replica_not_ready
W1008 08:14:34.811259 76614 master_service.cpp:4424] key=concurrent_k_638, error=replica_not_ready
W1008 08:14:34.811380 76615 master_service.cpp:4424] key=concurrent_k_638, error=replica_not_ready
W1008 08:14:34.811388 76614 master_service.cpp:4424] key=concurrent_k_638, error=replica_not_ready
W1008 08:14:34.811792 76615 master_service.cpp:4424] key=concurrent_k_639, error=replica_not_ready
W1008 08:14:34.811857 76614 master_service.cpp:4424] key=concurrent_k_639, error=replica_not_ready
W1008 08:14:34.812279 76615 master_service.cpp:4424] key=concurrent_k_640, error=replica_not_ready
W1008 08:14:34.812636 76615 master_service.cpp:4424] key=concurrent_k_640, error=replica_not_ready
W1008 08:14:34.813076 76614 master_service.cpp:4424] key=concurrent_k_641, error=replica_not_ready
W1008 08:14:34.813131 76615 master_service.cpp:4424] key=concurrent_k_641, error=replica_not_ready
W1008 08:14:34.813292 76615 master_service.cpp:4424] key=concurrent_k_641, error=replica_not_ready
W1008 08:14:34.813534 76615 master_service.cpp:4424] key=concurrent_k_642, error=replica_not_ready
W1008 08:14:34.813676 76613 master_service.cpp:4424] key=concurrent_k_642, error=replica_not_ready
W1008 08:14:34.813767 76615 master_service.cpp:4424] key=concurrent_k_642, error=replica_not_ready
W1008 08:14:34.814132 76615 master_service.cpp:4424] key=concurrent_k_643, error=replica_not_ready
W1008 08:14:34.814179 76614 master_service.cpp:4424] key=concurrent_k_643, error=replica_not_ready
W1008 08:14:34.814613 76615 master_service.cpp:4424] key=concurrent_k_644, error=replica_not_ready
W1008 08:14:34.815533 76615 master_service.cpp:4424] key=concurrent_k_645, error=replica_not_ready
W1008 08:14:34.815552 76614 master_service.cpp:4424] key=concurrent_k_645, error=replica_not_ready
W1008 08:14:34.815593 76613 master_service.cpp:4424] key=concurrent_k_645, error=replica_not_ready
W1008 08:14:34.816000 76614 master_service.cpp:4424] key=concurrent_k_646, error=replica_not_ready
W1008 08:14:34.816004 76613 master_service.cpp:4424] key=concurrent_k_646, error=replica_not_ready
W1008 08:14:34.816095 76615 master_service.cpp:4424] key=concurrent_k_646, error=replica_not_ready
W1008 08:14:34.816488 76614 master_service.cpp:4424] key=concurrent_k_647, error=replica_not_ready
W1008 08:14:34.816486 76615 master_service.cpp:4424] key=concurrent_k_647, error=replica_not_ready
W1008 08:14:34.816859 76614 master_service.cpp:4424] key=concurrent_k_647, error=replica_not_ready
W1008 08:14:34.816996 76615 master_service.cpp:4424] key=concurrent_k_648, error=replica_not_ready
W1008 08:14:34.817273 76614 master_service.cpp:4424] key=concurrent_k_648, error=replica_not_ready
W1008 08:14:34.817780 76615 master_service.cpp:4424] key=concurrent_k_649, error=replica_not_ready
W1008 08:14:34.817938 76614 master_service.cpp:4424] key=concurrent_k_649, error=replica_not_ready
W1008 08:14:34.818361 76614 master_service.cpp:4424] key=concurrent_k_650, error=replica_not_ready
W1008 08:14:34.818360 76615 master_service.cpp:4424] key=concurrent_k_650, error=replica_not_ready
W1008 08:14:34.818413 76613 master_service.cpp:4424] key=concurrent_k_650, error=replica_not_ready
W1008 08:14:34.818856 76615 master_service.cpp:4424] key=concurrent_k_651, error=replica_not_ready
W1008 08:14:34.818892 76614 master_service.cpp:4424] key=concurrent_k_651, error=replica_not_ready
W1008 08:14:34.819278 76615 master_service.cpp:4424] key=concurrent_k_651, error=replica_not_ready
W1008 08:14:34.819350 76614 master_service.cpp:4424] key=concurrent_k_652, error=replica_not_ready
W1008 08:14:34.819723 76615 master_service.cpp:4424] key=concurrent_k_652, error=replica_not_ready
W1008 08:14:34.820163 76615 master_service.cpp:4424] key=concurrent_k_653, error=replica_not_ready
W1008 08:14:34.820217 76614 master_service.cpp:4424] key=concurrent_k_653, error=replica_not_ready
W1008 08:14:34.820622 76614 master_service.cpp:4424] key=concurrent_k_654, error=replica_not_ready
W1008 08:14:34.820683 76613 master_service.cpp:4424] key=concurrent_k_654, error=replica_not_ready
W1008 08:14:34.820716 76615 master_service.cpp:4424] key=concurrent_k_654, error=replica_not_ready
W1008 08:14:34.821120 76615 master_service.cpp:4424] key=concurrent_k_655, error=replica_not_ready
W1008 08:14:34.821121 76614 master_service.cpp:4424] key=concurrent_k_655, error=replica_not_ready
W1008 08:14:34.821610 76615 master_service.cpp:4424] key=concurrent_k_656, error=replica_not_ready
W1008 08:14:34.821988 76613 master_service.cpp:4424] key=concurrent_k_656, error=replica_not_ready
W1008 08:14:34.822072 76614 master_service.cpp:4424] key=concurrent_k_656, error=replica_not_ready
W1008 08:14:34.822435 76615 master_service.cpp:4424] key=concurrent_k_657, error=replica_not_ready
W1008 08:14:34.822464 76614 master_service.cpp:4424] key=concurrent_k_657, error=replica_not_ready
W1008 08:14:34.822922 76612 master_service.cpp:4424] key=concurrent_k_658, error=replica_not_ready
W1008 08:14:34.823060 76615 master_service.cpp:4424] key=concurrent_k_658, error=replica_not_ready
W1008 08:14:34.823235 76615 master_service.cpp:4424] key=concurrent_k_658, error=replica_not_ready
W1008 08:14:34.823491 76615 master_service.cpp:4424] key=concurrent_k_659, error=replica_not_ready
W1008 08:14:34.823632 76615 master_service.cpp:4424] key=concurrent_k_659, error=replica_not_ready
W1008 08:14:34.824026 76615 master_service.cpp:4424] key=concurrent_k_660, error=replica_not_ready
W1008 08:14:34.825011 76615 master_service.cpp:4424] key=concurrent_k_661, error=replica_not_ready
W1008 08:14:34.825012 76614 master_service.cpp:4424] key=concurrent_k_661, error=replica_not_ready
I1008 08:14:34.825444 76596 master_service.cpp:10619] [EVICT-TRIGGER] memory_ratio=0.931641 high_watermark=0.9 need_mem_eviction=0 eviction_ratio=0.05
W1008 08:14:34.825490 76615 master_service.cpp:4424] key=concurrent_k_662, error=replica_not_ready
W1008 08:14:34.825503 76614 master_service.cpp:4424] key=concurrent_k_662, error=replica_not_ready
W1008 08:14:34.825512 76613 master_service.cpp:4424] key=concurrent_k_662, error=replica_not_ready
W1008 08:14:34.825995 76614 master_service.cpp:4424] key=concurrent_k_663, error=replica_not_ready
W1008 08:14:34.825995 76615 master_service.cpp:4424] key=concurrent_k_663, error=replica_not_ready
W1008 08:14:34.826547 76614 master_service.cpp:4424] key=concurrent_k_664, error=replica_not_ready
W1008 08:14:34.826925 76614 master_service.cpp:4424] key=concurrent_k_664, error=replica_not_ready
W1008 08:14:34.826925 76615 master_service.cpp:4424] key=concurrent_k_664, error=replica_not_ready
W1008 08:14:34.827386 76615 master_service.cpp:4424] key=concurrent_k_665, error=replica_not_ready
W1008 08:14:34.827389 76614 master_service.cpp:4424] key=concurrent_k_665, error=replica_not_ready
W1008 08:14:34.827880 76615 master_service.cpp:4424] key=concurrent_k_666, error=replica_not_ready
W1008 08:14:34.828028 76614 master_service.cpp:4424] key=concurrent_k_666, error=replica_not_ready
W1008 08:14:34.828127 76615 master_service.cpp:4424] key=concurrent_k_666, error=replica_not_ready
W1008 08:14:34.828495 76615 master_service.cpp:4424] key=concurrent_k_667, error=replica_not_ready
I1008 08:14:34.828529 76596 master_service.cpp:12526] [EVICT-RESULT] evicted_count=39, eviction_base=477, actual_evict_ratio=0.081761, target_evict_ratio=0.0816406
W1008 08:14:34.828536 76614 master_service.cpp:4424] key=concurrent_k_667, error=replica_not_ready
I1008 08:14:34.828572 76596 master_service.cpp:10630] [EVICT-DONE] BatchEvict execution completed.
W1008 08:14:34.828761 76615 master_service.cpp:4424] key=concurrent_k_667, error=replica_not_ready
W1008 08:14:34.829032 76614 master_service.cpp:4424] key=concurrent_k_668, error=replica_not_ready
W1008 08:14:34.829200 76614 master_service.cpp:4424] key=concurrent_k_668, error=replica_not_ready
W1008 08:14:34.829592 76614 master_service.cpp:4424] key=concurrent_k_668, error=replica_not_ready
W1008 08:14:34.829692 76615 master_service.cpp:4424] key=concurrent_k_669, error=replica_not_ready
W1008 08:14:34.830395 76615 master_service.cpp:4424] key=concurrent_k_670, error=replica_not_ready
W1008 08:14:34.830427 76614 master_service.cpp:4424] key=concurrent_k_670, error=replica_not_ready
W1008 08:14:34.830874 76615 master_service.cpp:4424] key=concurrent_k_671, error=replica_not_ready
W1008 08:14:34.831023 76615 master_service.cpp:4424] key=concurrent_k_671, error=replica_not_ready
W1008 08:14:34.831048 76614 master_service.cpp:4424] key=concurrent_k_671, error=replica_not_ready
W1008 08:14:34.831398 76614 master_service.cpp:4424] key=concurrent_k_672, error=replica_not_ready
W1008 08:14:34.831472 76615 master_service.cpp:4424] key=concurrent_k_672, error=replica_not_ready
W1008 08:14:34.831887 76615 master_service.cpp:4424] key=concurrent_k_673, error=replica_not_ready
W1008 08:14:34.832680 76614 master_service.cpp:4424] key=concurrent_k_674, error=replica_not_ready
W1008 08:14:34.832686 76613 master_service.cpp:4424] key=concurrent_k_674, error=replica_not_ready
W1008 08:14:34.832845 76616 master_service.cpp:4424] key=concurrent_k_674, error=replica_not_ready
W1008 08:14:34.833169 76616 master_service.cpp:4424] key=concurrent_k_675, error=replica_not_ready
W1008 08:14:34.833292 76616 master_service.cpp:4424] key=concurrent_k_675, error=replica_not_ready
W1008 08:14:34.833364 76615 master_service.cpp:4424] key=concurrent_k_675, error=replica_not_ready
W1008 08:14:34.833702 76615 master_service.cpp:4424] key=concurrent_k_676, error=replica_not_ready
W1008 08:14:34.833766 76616 master_service.cpp:4424] key=concurrent_k_676, error=replica_not_ready
W1008 08:14:34.834055 76616 master_service.cpp:4424] key=concurrent_k_676, error=replica_not_ready
W1008 08:14:34.834193 76616 master_service.cpp:4424] key=concurrent_k_677, error=replica_not_ready
W1008 08:14:34.834511 76615 master_service.cpp:4424] key=concurrent_k_677, error=replica_not_ready
W1008 08:14:34.834931 76616 master_service.cpp:4424] key=concurrent_k_678, error=replica_not_ready
W1008 08:14:34.835005 76614 master_service.cpp:4424] key=concurrent_k_678, error=replica_not_ready
W1008 08:14:34.835440 76616 master_service.cpp:4424] key=concurrent_k_679, error=replica_not_ready
W1008 08:14:34.835698 76616 master_service.cpp:4424] key=concurrent_k_679, error=replica_not_ready
W1008 08:14:34.835700 76615 master_service.cpp:4424] key=concurrent_k_679, error=replica_not_ready
W1008 08:14:34.836145 76615 master_service.cpp:4424] key=concurrent_k_680, error=replica_not_ready
W1008 08:14:34.836148 76616 master_service.cpp:4424] key=concurrent_k_680, error=replica_not_ready
W1008 08:14:34.836663 76616 master_service.cpp:4424] key=concurrent_k_681, error=replica_not_ready
W1008 08:14:34.837065 76615 master_service.cpp:4424] key=concurrent_k_681, error=replica_not_ready
W1008 08:14:34.837504 76615 master_service.cpp:4424] key=concurrent_k_682, error=replica_not_ready
W1008 08:14:34.837508 76616 master_service.cpp:4424] key=concurrent_k_682, error=replica_not_ready
W1008 08:14:34.837577 76613 master_service.cpp:4424] key=concurrent_k_682, error=replica_not_ready
W1008 08:14:34.837970 76616 master_service.cpp:4424] key=concurrent_k_683, error=replica_not_ready
W1008 08:14:34.838056 76615 master_service.cpp:4424] key=concurrent_k_683, error=replica_not_ready
W1008 08:14:34.838090 76616 master_service.cpp:4424] key=concurrent_k_683, error=replica_not_ready
W1008 08:14:34.838495 76616 master_service.cpp:4424] key=concurrent_k_684, error=replica_not_ready
W1008 08:14:34.838497 76615 master_service.cpp:4424] key=concurrent_k_684, error=replica_not_ready
W1008 08:14:34.839006 76616 master_service.cpp:4424] key=concurrent_k_685, error=replica_not_ready
W1008 08:14:34.840387 76616 master_service.cpp:4424] key=concurrent_k_687, error=replica_not_ready
W1008 08:14:34.840449 76615 master_service.cpp:4424] key=concurrent_k_687, error=replica_not_ready
W1008 08:14:34.840451 76614 master_service.cpp:4424] key=concurrent_k_687, error=replica_not_ready
W1008 08:14:34.840886 76615 master_service.cpp:4424] key=concurrent_k_688, error=replica_not_ready
W1008 08:14:34.840894 76616 master_service.cpp:4424] key=concurrent_k_688, error=replica_not_ready
W1008 08:14:34.841246 76613 master_service.cpp:4424] key=concurrent_k_688, error=replica_not_ready
W1008 08:14:34.841373 76616 master_service.cpp:4424] key=concurrent_k_689, error=replica_not_ready
W1008 08:14:34.841739 76616 master_service.cpp:4424] key=concurrent_k_689, error=replica_not_ready
W1008 08:14:34.841781 76615 master_service.cpp:4424] key=concurrent_k_689, error=replica_not_ready
W1008 08:14:34.842164 76615 master_service.cpp:4424] key=concurrent_k_690, error=replica_not_ready
W1008 08:14:34.842168 76616 master_service.cpp:4424] key=concurrent_k_690, error=replica_not_ready
W1008 08:14:34.842232 76614 master_service.cpp:4424] key=concurrent_k_690, error=replica_not_ready
W1008 08:14:34.842646 76616 master_service.cpp:4424] key=concurrent_k_691, error=replica_not_ready
W1008 08:14:34.842659 76615 master_service.cpp:4424] key=concurrent_k_691, error=replica_not_ready
W1008 08:14:34.842844 76616 master_service.cpp:4424] key=concurrent_k_691, error=replica_not_ready
W1008 08:14:34.843154 76616 master_service.cpp:4424] key=concurrent_k_692, error=replica_not_ready
W1008 08:14:34.843266 76616 master_service.cpp:4424] key=concurrent_k_692, error=replica_not_ready
W1008 08:14:34.843698 76616 master_service.cpp:4424] key=concurrent_k_693, error=replica_not_ready
W1008 08:14:34.844439 76616 master_service.cpp:4424] key=concurrent_k_694, error=replica_not_ready
W1008 08:14:34.844480 76615 master_service.cpp:4424] key=concurrent_k_694, error=replica_not_ready
W1008 08:14:34.844655 76616 master_service.cpp:4424] key=concurrent_k_694, error=replica_not_ready
W1008 08:14:34.844921 76616 master_service.cpp:4424] key=concurrent_k_695, error=replica_not_ready
W1008 08:14:34.845062 76616 master_service.cpp:4424] key=concurrent_k_695, error=replica_not_ready
W1008 08:14:34.845359 76614 master_service.cpp:4424] key=concurrent_k_695, error=replica_not_ready
W1008 08:14:34.845474 76616 master_service.cpp:4424] key=concurrent_k_696, error=replica_not_ready
W1008 08:14:34.845757 76616 master_service.cpp:4424] key=concurrent_k_696, error=replica_not_ready
W1008 08:14:34.846190 76616 master_service.cpp:4424] key=concurrent_k_696, error=replica_not_ready
W1008 08:14:34.846194 76615 master_service.cpp:4424] key=concurrent_k_697, error=replica_not_ready
W1008 08:14:34.846900 76615 master_service.cpp:4424] key=concurrent_k_698, error=replica_not_ready
W1008 08:14:34.846997 76616 master_service.cpp:4424] key=concurrent_k_698, error=replica_not_ready
W1008 08:14:34.847138 76615 master_service.cpp:4424] key=concurrent_k_698, error=replica_not_ready
W1008 08:14:34.847429 76616 master_service.cpp:4424] key=concurrent_k_699, error=replica_not_ready
W1008 08:14:34.847584 76616 master_service.cpp:4424] key=concurrent_k_699, error=replica_not_ready
W1008 08:14:34.847621 76615 master_service.cpp:4424] key=concurrent_k_699, error=replica_not_ready
W1008 08:14:34.847980 76615 master_service.cpp:4424] key=concurrent_k_700, error=replica_not_ready
W1008 08:14:34.848059 76616 master_service.cpp:4424] key=concurrent_k_700, error=replica_not_ready
W1008 08:14:34.848495 76616 master_service.cpp:4424] key=concurrent_k_701, error=replica_not_ready
I1008 08:14:34.848691 76596 master_service.cpp:10619] [EVICT-TRIGGER] memory_ratio=0.931641 high_watermark=0.9 need_mem_eviction=0 eviction_ratio=0.05
W1008 08:14:34.848783 76616 master_service.cpp:4424] key=concurrent_k_701, error=replica_not_ready
W1008 08:14:34.848793 76615 master_service.cpp:4424] key=concurrent_k_701, error=replica_not_ready
W1008 08:14:34.849166 76616 master_service.cpp:4424] key=concurrent_k_702, error=replica_not_ready
W1008 08:14:34.849242 76615 master_service.cpp:4424] key=concurrent_k_702, error=replica_not_ready
W1008 08:14:34.849329 76614 master_service.cpp:4424] key=concurrent_k_702, error=replica_not_ready
W1008 08:14:34.849704 76616 master_service.cpp:4424] key=concurrent_k_703, error=replica_not_ready
W1008 08:14:34.849728 76615 master_service.cpp:4424] key=concurrent_k_703, error=replica_not_ready
W1008 08:14:34.849857 76615 master_service.cpp:4424] key=concurrent_k_703, error=replica_not_ready
W1008 08:14:34.850258 76616 master_service.cpp:4424] key=concurrent_k_704, error=replica_not_ready
W1008 08:14:34.850289 76615 master_service.cpp:4424] key=concurrent_k_704, error=replica_not_ready
W1008 08:14:34.850943 76616 master_service.cpp:4424] key=concurrent_k_705, error=replica_not_ready
W1008 08:14:34.851140 76615 master_service.cpp:4424] key=concurrent_k_705, error=replica_not_ready
W1008 08:14:34.851192 76616 master_service.cpp:4424] key=concurrent_k_705, error=replica_not_ready
W1008 08:14:34.851554 76616 master_service.cpp:4424] key=concurrent_k_706, error=replica_not_ready
W1008 08:14:34.851649 76615 master_service.cpp:4424] key=concurrent_k_706, error=replica_not_ready
I1008 08:14:34.851853 76596 master_service.cpp:12526] [EVICT-RESULT] evicted_count=39, eviction_base=477, actual_evict_ratio=0.081761, target_evict_ratio=0.0816406
I1008 08:14:34.851891 76596 master_service.cpp:10630] [EVICT-DONE] BatchEvict execution completed.
W1008 08:14:34.852126 76615 master_service.cpp:4424] key=concurrent_k_707, error=replica_not_ready
W1008 08:14:34.852406 76616 master_service.cpp:4424] key=concurrent_k_707, error=replica_not_ready
W1008 08:14:34.852612 76615 master_service.cpp:4424] key=concurrent_k_707, error=replica_not_ready
W1008 08:14:34.852813 76616 master_service.cpp:4424] key=concurrent_k_708, error=replica_not_ready
W1008 08:14:34.853003 76616 master_service.cpp:4424] key=concurrent_k_708, error=replica_not_ready
W1008 08:14:34.853147 76615 master_service.cpp:4424] key=concurrent_k_708, error=replica_not_ready
W1008 08:14:34.853461 76614 master_service.cpp:4424] key=concurrent_k_709, error=replica_not_ready
W1008 08:14:34.853549 76616 master_service.cpp:4424] key=concurrent_k_709, error=replica_not_ready
W1008 08:14:34.853891 76616 master_service.cpp:4424] key=concurrent_k_709, error=replica_not_ready
W1008 08:14:34.853968 76615 master_service.cpp:4424] key=concurrent_k_710, error=replica_not_ready
W1008 08:14:34.854257 76616 master_service.cpp:4424] key=concurrent_k_710, error=replica_not_ready
W1008 08:14:34.854450 76616 master_service.cpp:4424] key=concurrent_k_710, error=replica_not_ready
W1008 08:14:34.854679 76616 master_service.cpp:4424] key=concurrent_k_711, error=replica_not_ready
W1008 08:14:34.854853 76616 master_service.cpp:4424] key=concurrent_k_711, error=replica_not_ready
W1008 08:14:34.855013 76615 master_service.cpp:4424] key=concurrent_k_711, error=replica_not_ready
W1008 08:14:34.855280 76616 master_service.cpp:4424] key=concurrent_k_712, error=replica_not_ready
W1008 08:14:34.855429 76616 master_service.cpp:4424] key=concurrent_k_712, error=replica_not_ready
W1008 08:14:34.855885 76616 master_service.cpp:4424] key=concurrent_k_713, error=replica_not_ready
W1008 08:14:34.856029 76616 master_service.cpp:4424] key=concurrent_k_713, error=replica_not_ready
W1008 08:14:34.856084 76615 master_service.cpp:4424] key=concurrent_k_713, error=replica_not_ready
W1008 08:14:34.856385 76615 master_service.cpp:4424] key=concurrent_k_714, error=replica_not_ready
W1008 08:14:34.856472 76616 master_service.cpp:4424] key=concurrent_k_714, error=replica_not_ready
W1008 08:14:34.856743 76615 master_service.cpp:4424] key=concurrent_k_714, error=replica_not_ready
W1008 08:14:34.856926 76616 master_service.cpp:4424] key=concurrent_k_715, error=replica_not_ready
W1008 08:14:34.857195 76616 master_service.cpp:4424] key=concurrent_k_715, error=replica_not_ready
W1008 08:14:34.857244 76615 master_service.cpp:4424] key=concurrent_k_715, error=replica_not_ready
W1008 08:14:34.857628 76616 master_service.cpp:4424] key=concurrent_k_716, error=replica_not_ready
W1008 08:14:34.857632 76615 master_service.cpp:4424] key=concurrent_k_716, error=replica_not_ready
W1008 08:14:34.857785 76616 master_service.cpp:4424] key=concurrent_k_716, error=replica_not_ready
W1008 08:14:34.858110 76616 master_service.cpp:4424] key=concurrent_k_717, error=replica_not_ready
W1008 08:14:34.858191 76615 master_service.cpp:4424] key=concurrent_k_717, error=replica_not_ready
W1008 08:14:34.858376 76616 master_service.cpp:4424] key=concurrent_k_717, error=replica_not_ready
W1008 08:14:34.858572 76614 master_service.cpp:4424] key=concurrent_k_718, error=replica_not_ready
W1008 08:14:34.858745 76616 master_service.cpp:4424] key=concurrent_k_718, error=replica_not_ready
W1008 08:14:34.858973 76614 master_service.cpp:4424] key=concurrent_k_718, error=replica_not_ready
W1008 08:14:34.859163 76616 master_service.cpp:4424] key=concurrent_k_719, error=replica_not_ready
W1008 08:14:34.859372 76616 master_service.cpp:4424] key=concurrent_k_719, error=replica_not_ready
W1008 08:14:34.859508 76615 master_service.cpp:4424] key=concurrent_k_719, error=replica_not_ready
W1008 08:14:34.859808 76614 master_service.cpp:4424] key=concurrent_k_720, error=replica_not_ready
W1008 08:14:34.859902 76616 master_service.cpp:4424] key=concurrent_k_720, error=replica_not_ready
W1008 08:14:34.860232 76615 master_service.cpp:4424] key=concurrent_k_720, error=replica_not_ready
W1008 08:14:34.860384 76616 master_service.cpp:4424] key=concurrent_k_721, error=replica_not_ready
W1008 08:14:34.860637 76616 master_service.cpp:4424] key=concurrent_k_721, error=replica_not_ready
W1008 08:14:34.861003 76616 master_service.cpp:4424] key=concurrent_k_722, error=replica_not_ready
W1008 08:14:34.861213 76616 master_service.cpp:4424] key=concurrent_k_722, error=replica_not_ready
W1008 08:14:34.861292 76615 master_service.cpp:4424] key=concurrent_k_722, error=replica_not_ready
W1008 08:14:34.861639 76616 master_service.cpp:4424] key=concurrent_k_723, error=replica_not_ready
W1008 08:14:34.861709 76615 master_service.cpp:4424] key=concurrent_k_723, error=replica_not_ready
W1008 08:14:34.861877 76616 master_service.cpp:4424] key=concurrent_k_723, error=replica_not_ready
W1008 08:14:34.862126 76616 master_service.cpp:4424] key=concurrent_k_724, error=replica_not_ready
W1008 08:14:34.862284 76616 master_service.cpp:4424] key=concurrent_k_724, error=replica_not_ready
W1008 08:14:34.862524 76616 master_service.cpp:4424] key=concurrent_k_724, error=replica_not_ready
W1008 08:14:34.862725 76616 master_service.cpp:4424] key=concurrent_k_725, error=replica_not_ready
W1008 08:14:34.862974 76616 master_service.cpp:4424] key=concurrent_k_725, error=replica_not_ready
W1008 08:14:34.863056 76615 master_service.cpp:4424] key=concurrent_k_725, error=replica_not_ready
W1008 08:14:34.863394 76616 master_service.cpp:4424] key=concurrent_k_726, error=replica_not_ready
W1008 08:14:34.863428 76615 master_service.cpp:4424] key=concurrent_k_726, error=replica_not_ready
W1008 08:14:34.863955 76615 master_service.cpp:4424] key=concurrent_k_727, error=replica_not_ready
W1008 08:14:34.864249 76616 master_service.cpp:4424] key=concurrent_k_727, error=replica_not_ready
W1008 08:14:34.864261 76615 master_service.cpp:4424] key=concurrent_k_727, error=replica_not_ready
W1008 08:14:34.864703 76616 master_service.cpp:4424] key=concurrent_k_728, error=replica_not_ready
W1008 08:14:34.864744 76615 master_service.cpp:4424] key=concurrent_k_728, error=replica_not_ready
W1008 08:14:34.865198 76616 master_service.cpp:4424] key=concurrent_k_729, error=replica_not_ready
W1008 08:14:34.865254 76614 master_service.cpp:4424] key=concurrent_k_729, error=replica_not_ready
W1008 08:14:34.865315 76616 master_service.cpp:4424] key=concurrent_k_729, error=replica_not_ready
W1008 08:14:34.865666 76616 master_service.cpp:4424] key=concurrent_k_730, error=replica_not_ready
W1008 08:14:34.865676 76615 master_service.cpp:4424] key=concurrent_k_730, error=replica_not_ready
W1008 08:14:34.866065 76616 master_service.cpp:4424] key=concurrent_k_730, error=replica_not_ready
W1008 08:14:34.866159 76615 master_service.cpp:4424] key=concurrent_k_731, error=replica_not_ready
W1008 08:14:34.866482 76616 master_service.cpp:4424] key=concurrent_k_731, error=replica_not_ready
W1008 08:14:34.866600 76616 master_service.cpp:4424] key=concurrent_k_731, error=replica_not_ready
W1008 08:14:34.866950 76616 master_service.cpp:4424] key=concurrent_k_732, error=replica_not_ready
W1008 08:14:34.867012 76615 master_service.cpp:4424] key=concurrent_k_732, error=replica_not_ready
W1008 08:14:34.867449 76615 master_service.cpp:4424] key=concurrent_k_733, error=replica_not_ready
W1008 08:14:34.867712 76615 master_service.cpp:4424] key=concurrent_k_733, error=replica_not_ready
W1008 08:14:34.867832 76616 master_service.cpp:4424] key=concurrent_k_733, error=replica_not_ready
W1008 08:14:34.868069 76616 master_service.cpp:4424] key=concurrent_k_734, error=replica_not_ready
W1008 08:14:34.868225 76615 master_service.cpp:4424] key=concurrent_k_734, error=replica_not_ready
W1008 08:14:34.868736 76616 master_service.cpp:4424] key=concurrent_k_735, error=replica_not_ready
W1008 08:14:34.868920 76614 master_service.cpp:4424] key=concurrent_k_735, error=replica_not_ready
W1008 08:14:34.869057 76616 master_service.cpp:4424] key=concurrent_k_735, error=replica_not_ready
W1008 08:14:34.869370 76614 master_service.cpp:4424] key=concurrent_k_736, error=replica_not_ready
W1008 08:14:34.869458 76616 master_service.cpp:4424] key=concurrent_k_736, error=replica_not_ready
W1008 08:14:34.869903 76615 master_service.cpp:4424] key=concurrent_k_737, error=replica_not_ready
W1008 08:14:34.870328 76616 master_service.cpp:4424] key=concurrent_k_737, error=replica_not_ready
W1008 08:14:34.870332 76615 master_service.cpp:4424] key=concurrent_k_737, error=replica_not_ready
W1008 08:14:34.870728 76614 master_service.cpp:4424] key=concurrent_k_738, error=replica_not_ready
W1008 08:14:34.871232 76616 master_service.cpp:4424] key=concurrent_k_739, error=replica_not_ready
W1008 08:14:34.871238 76615 master_service.cpp:4424] key=concurrent_k_739, error=replica_not_ready
W1008 08:14:34.871372 76616 master_service.cpp:4424] key=concurrent_k_739, error=replica_not_ready
W1008 08:14:34.871722 76616 master_service.cpp:4424] key=concurrent_k_740, error=replica_not_ready
W1008 08:14:34.871797 76614 master_service.cpp:4424] key=concurrent_k_740, error=replica_not_ready
I1008 08:14:34.872012 76596 master_service.cpp:10619] [EVICT-TRIGGER] memory_ratio=0.931641 high_watermark=0.9 need_mem_eviction=0 eviction_ratio=0.05
W1008 08:14:34.872207 76615 master_service.cpp:4424] key=concurrent_k_740, error=replica_not_ready
W1008 08:14:34.872308 76615 master_service.cpp:4424] key=concurrent_k_741, error=replica_not_ready
W1008 08:14:34.872640 76616 master_service.cpp:4424] key=concurrent_k_741, error=replica_not_ready
W1008 08:14:34.873056 76616 master_service.cpp:4424] key=concurrent_k_742, error=replica_not_ready
W1008 08:14:34.873237 76616 master_service.cpp:4424] key=concurrent_k_742, error=replica_not_ready
W1008 08:14:34.873739 76616 master_service.cpp:4424] key=concurrent_k_743, error=replica_not_ready
W1008 08:14:34.873768 76614 master_service.cpp:4424] key=concurrent_k_743, error=replica_not_ready
W1008 08:14:34.873941 76616 master_service.cpp:4424] key=concurrent_k_743, error=replica_not_ready
W1008 08:14:34.874338 76616 master_service.cpp:4424] key=concurrent_k_744, error=replica_not_ready
W1008 08:14:34.874405 76615 master_service.cpp:4424] key=concurrent_k_744, error=replica_not_ready
W1008 08:14:34.874734 76616 master_service.cpp:4424] key=concurrent_k_744, error=replica_not_ready
W1008 08:14:34.874905 76616 master_service.cpp:4424] key=concurrent_k_745, error=replica_not_ready
W1008 08:14:34.875190 76616 master_service.cpp:4424] key=concurrent_k_745, error=replica_not_ready
I1008 08:14:34.875191 76596 master_service.cpp:12526] [EVICT-RESULT] evicted_count=39, eviction_base=477, actual_evict_ratio=0.081761, target_evict_ratio=0.0816406
I1008 08:14:34.875234 76596 master_service.cpp:10630] [EVICT-DONE] BatchEvict execution completed.
W1008 08:14:34.875588 76616 master_service.cpp:4424] key=concurrent_k_746, error=replica_not_ready
W1008 08:14:34.876299 76616 master_service.cpp:4424] key=concurrent_k_747, error=replica_not_ready
W1008 08:14:34.876320 76615 master_service.cpp:4424] key=concurrent_k_747, error=replica_not_ready
W1008 08:14:34.876420 76616 master_service.cpp:4424] key=concurrent_k_747, error=replica_not_ready
W1008 08:14:34.876792 76615 master_service.cpp:4424] key=concurrent_k_748, error=replica_not_ready
W1008 08:14:34.876854 76616 master_service.cpp:4424] key=concurrent_k_748, error=replica_not_ready
W1008 08:14:34.877138 76616 master_service.cpp:4424] key=concurrent_k_748, error=replica_not_ready
W1008 08:14:34.877282 76616 master_service.cpp:4424] key=concurrent_k_749, error=replica_not_ready
W1008 08:14:34.877555 76616 master_service.cpp:4424] key=concurrent_k_749, error=replica_not_ready
W1008 08:14:34.877926 76616 master_service.cpp:4424] key=concurrent_k_750, error=replica_not_ready
W1008 08:14:34.878636 76616 master_service.cpp:4424] key=concurrent_k_751, error=replica_not_ready
W1008 08:14:34.878640 76615 master_service.cpp:4424] key=concurrent_k_751, error=replica_not_ready
W1008 08:14:34.878819 76616 master_service.cpp:4424] key=concurrent_k_751, error=replica_not_ready
W1008 08:14:34.879169 76616 master_service.cpp:4424] key=concurrent_k_752, error=replica_not_ready
W1008 08:14:34.879243 76614 master_service.cpp:4424] key=concurrent_k_752, error=replica_not_ready
W1008 08:14:34.879675 76616 master_service.cpp:4424] key=concurrent_k_753, error=replica_not_ready
W1008 08:14:34.880082 76614 master_service.cpp:4424] key=concurrent_k_753, error=replica_not_ready
W1008 08:14:34.880198 76616 master_service.cpp:4424] key=concurrent_k_753, error=replica_not_ready
W1008 08:14:34.880498 76614 master_service.cpp:4424] key=concurrent_k_754, error=replica_not_ready
W1008 08:14:34.880563 76615 master_service.cpp:4424] key=concurrent_k_754, error=replica_not_ready
W1008 08:14:34.881045 76616 master_service.cpp:4424] key=concurrent_k_755, error=replica_not_ready
W1008 08:14:34.881234 76616 master_service.cpp:4424] key=concurrent_k_755, error=replica_not_ready
W1008 08:14:34.881247 76615 master_service.cpp:4424] key=concurrent_k_755, error=replica_not_ready
W1008 08:14:34.881671 76616 master_service.cpp:4424] key=concurrent_k_756, error=replica_not_ready
W1008 08:14:34.881673 76615 master_service.cpp:4424] key=concurrent_k_756, error=replica_not_ready
W1008 08:14:34.882002 76616 master_service.cpp:4424] key=concurrent_k_756, error=replica_not_ready
W1008 08:14:34.882153 76616 master_service.cpp:4424] key=concurrent_k_757, error=replica_not_ready
W1008 08:14:34.882455 76616 master_service.cpp:4424] key=concurrent_k_757, error=replica_not_ready
W1008 08:14:34.882614 76616 master_service.cpp:4424] key=concurrent_k_757, error=replica_not_ready
W1008 08:14:34.882853 76616 master_service.cpp:4424] key=concurrent_k_758, error=replica_not_ready
W1008 08:14:34.882997 76616 master_service.cpp:4424] key=concurrent_k_758, error=replica_not_ready
W1008 08:14:34.883116 76616 master_service.cpp:4424] key=concurrent_k_758, error=replica_not_ready
W1008 08:14:34.883379 76616 master_service.cpp:4424] key=concurrent_k_759, error=replica_not_ready
W1008 08:14:34.883543 76615 master_service.cpp:4424] key=concurrent_k_759, error=replica_not_ready
W1008 08:14:34.883661 76616 master_service.cpp:4424] key=concurrent_k_759, error=replica_not_ready
W1008 08:14:34.883980 76615 master_service.cpp:4424] key=concurrent_k_760, error=replica_not_ready
W1008 08:14:34.884064 76616 master_service.cpp:4424] key=concurrent_k_760, error=replica_not_ready
W1008 08:14:34.884279 76615 master_service.cpp:4424] key=concurrent_k_760, error=replica_not_ready
W1008 08:14:34.884516 76616 master_service.cpp:4424] key=concurrent_k_761, error=replica_not_ready
W1008 08:14:34.884745 76616 master_service.cpp:4424] key=concurrent_k_761, error=replica_not_ready
W1008 08:14:34.885138 76616 master_service.cpp:4424] key=concurrent_k_762, error=replica_not_ready
W1008 08:14:34.885831 76616 master_service.cpp:4424] key=concurrent_k_763, error=replica_not_ready
W1008 08:14:34.885854 76614 master_service.cpp:4424] key=concurrent_k_763, error=replica_not_ready
W1008 08:14:34.885977 76616 master_service.cpp:4424] key=concurrent_k_763, error=replica_not_ready
W1008 08:14:34.886319 76616 master_service.cpp:4424] key=concurrent_k_764, error=replica_not_ready
W1008 08:14:34.886413 76615 master_service.cpp:4424] key=concurrent_k_764, error=replica_not_ready
W1008 08:14:34.886981 76616 master_service.cpp:4424] key=concurrent_k_765, error=replica_not_ready
W1008 08:14:34.887231 76615 master_service.cpp:4424] key=concurrent_k_765, error=replica_not_ready
W1008 08:14:34.887655 76614 master_service.cpp:4424] key=concurrent_k_766, error=replica_not_ready
W1008 08:14:34.887730 76616 master_service.cpp:4424] key=concurrent_k_766, error=replica_not_ready
W1008 08:14:34.887738 76615 master_service.cpp:4424] key=concurrent_k_766, error=replica_not_ready
W1008 08:14:34.888160 76616 master_service.cpp:4424] key=concurrent_k_767, error=replica_not_ready
W1008 08:14:34.888178 76615 master_service.cpp:4424] key=concurrent_k_767, error=replica_not_ready
W1008 08:14:34.888478 76616 master_service.cpp:4424] key=concurrent_k_767, error=replica_not_ready
W1008 08:14:34.888670 76616 master_service.cpp:4424] key=concurrent_k_768, error=replica_not_ready
W1008 08:14:34.888903 76616 master_service.cpp:4424] key=concurrent_k_768, error=replica_not_ready
W1008 08:14:34.889341 76615 master_service.cpp:4424] key=concurrent_k_769, error=replica_not_ready
W1008 08:14:34.889695 76614 master_service.cpp:4424] key=concurrent_k_769, error=replica_not_ready
W1008 08:14:34.890148 76614 master_service.cpp:4424] key=concurrent_k_770, error=replica_not_ready
W1008 08:14:34.890153 76615 master_service.cpp:4424] key=concurrent_k_770, error=replica_not_ready
W1008 08:14:34.890239 76616 master_service.cpp:4424] key=concurrent_k_770, error=replica_not_ready
W1008 08:14:34.890650 76614 master_service.cpp:4424] key=concurrent_k_771, error=replica_not_ready
W1008 08:14:34.890654 76615 master_service.cpp:4424] key=concurrent_k_771, error=replica_not_ready
W1008 08:14:34.891141 76614 master_service.cpp:4424] key=concurrent_k_771, error=replica_not_ready
W1008 08:14:34.891170 76616 master_service.cpp:4424] key=concurrent_k_772, error=replica_not_ready
W1008 08:14:34.891595 76615 master_service.cpp:4424] key=concurrent_k_772, error=replica_not_ready
W1008 08:14:34.892033 76616 master_service.cpp:4424] key=concurrent_k_773, error=replica_not_ready
W1008 08:14:34.892525 76615 master_service.cpp:4424] key=concurrent_k_774, error=replica_not_ready
W1008 08:14:34.892553 76614 master_service.cpp:4424] key=concurrent_k_774, error=replica_not_ready
W1008 08:14:34.892668 76616 master_service.cpp:4424] key=concurrent_k_774, error=replica_not_ready
W1008 08:14:34.893066 76616 master_service.cpp:4424] key=concurrent_k_775, error=replica_not_ready
W1008 08:14:34.893071 76615 master_service.cpp:4424] key=concurrent_k_775, error=replica_not_ready
W1008 08:14:34.893489 76613 master_service.cpp:4424] key=concurrent_k_775, error=replica_not_ready
W1008 08:14:34.893530 76614 master_service.cpp:4424] key=concurrent_k_776, error=replica_not_ready
W1008 08:14:34.893909 76616 master_service.cpp:4424] key=concurrent_k_776, error=replica_not_ready
W1008 08:14:34.893939 76615 master_service.cpp:4424] key=concurrent_k_776, error=replica_not_ready
W1008 08:14:34.894336 76616 master_service.cpp:4424] key=concurrent_k_777, error=replica_not_ready
W1008 08:14:34.894363 76615 master_service.cpp:4424] key=concurrent_k_777, error=replica_not_ready
W1008 08:14:34.895051 76616 master_service.cpp:4424] key=concurrent_k_778, error=replica_not_ready
W1008 08:14:34.895105 76615 master_service.cpp:4424] key=concurrent_k_778, error=replica_not_ready
W1008 08:14:34.895115 76613 master_service.cpp:4424] key=concurrent_k_778, error=replica_not_ready
I1008 08:14:34.895356 76596 master_service.cpp:10619] [EVICT-TRIGGER] memory_ratio=0.929688 high_watermark=0.9 need_mem_eviction=0 eviction_ratio=0.05
W1008 08:14:34.895560 76615 master_service.cpp:4424] key=concurrent_k_779, error=replica_not_ready
W1008 08:14:34.895560 76616 master_service.cpp:4424] key=concurrent_k_779, error=replica_not_ready
W1008 08:14:34.896091 76616 master_service.cpp:4424] key=concurrent_k_780, error=replica_not_ready
W1008 08:14:34.896200 76615 master_service.cpp:4424] key=concurrent_k_779, error=replica_not_ready
W1008 08:14:34.897142 76616 master_service.cpp:4424] key=concurrent_k_781, error=replica_not_ready
W1008 08:14:34.897192 76615 master_service.cpp:4424] key=concurrent_k_781, error=replica_not_ready
W1008 08:14:34.897666 76616 master_service.cpp:4424] key=concurrent_k_782, error=replica_not_ready
W1008 08:14:34.897789 76615 master_service.cpp:4424] key=concurrent_k_782, error=replica_not_ready
W1008 08:14:34.897796 76616 master_service.cpp:4424] key=concurrent_k_782, error=replica_not_ready
W1008 08:14:34.898316 76616 master_service.cpp:4424] key=concurrent_k_783, error=replica_not_ready
W1008 08:14:34.898324 76615 master_service.cpp:4424] key=concurrent_k_783, error=replica_not_ready
I1008 08:14:34.898561 76596 master_service.cpp:12526] [EVICT-RESULT] evicted_count=38, eviction_base=476, actual_evict_ratio=0.0798319, target_evict_ratio=0.0796875
I1008 08:14:34.898597 76596 master_service.cpp:10630] [EVICT-DONE] BatchEvict execution completed.
W1008 08:14:34.898622 76616 master_service.cpp:4424] key=concurrent_k_783, error=replica_not_ready
W1008 08:14:34.898854 76615 master_service.cpp:4424] key=concurrent_k_784, error=replica_not_ready
W1008 08:14:34.899032 76616 master_service.cpp:4424] key=concurrent_k_784, error=replica_not_ready
W1008 08:14:34.899209 76616 master_service.cpp:4424] key=concurrent_k_784, error=replica_not_ready
W1008 08:14:34.899448 76616 master_service.cpp:4424] key=concurrent_k_785, error=replica_not_ready
W1008 08:14:34.899612 76616 master_service.cpp:4424] key=concurrent_k_785, error=replica_not_ready
W1008 08:14:34.899874 76616 master_service.cpp:4424] key=concurrent_k_785, error=replica_not_ready
W1008 08:14:34.900003 76616 master_service.cpp:4424] key=concurrent_k_786, error=replica_not_ready
W1008 08:14:34.900230 76616 master_service.cpp:4424] key=concurrent_k_786, error=replica_not_ready
W1008 08:14:34.900362 76615 master_service.cpp:4424] key=concurrent_k_786, error=replica_not_ready
W1008 08:14:34.900679 76616 master_service.cpp:4424] key=concurrent_k_787, error=replica_not_ready
W1008 08:14:34.900796 76616 master_service.cpp:4424] key=concurrent_k_787, error=replica_not_ready
W1008 08:14:34.901214 76615 master_service.cpp:4424] key=concurrent_k_788, error=replica_not_ready
W1008 08:14:34.901397 76616 master_service.cpp:4424] key=concurrent_k_788, error=replica_not_ready
W1008 08:14:34.901612 76616 master_service.cpp:4424] key=concurrent_k_788, error=replica_not_ready
W1008 08:14:34.901780 76616 master_service.cpp:4424] key=concurrent_k_789, error=replica_not_ready
W1008 08:14:34.902045 76616 master_service.cpp:4424] key=concurrent_k_789, error=replica_not_ready
W1008 08:14:34.902426 76616 master_service.cpp:4424] key=concurrent_k_790, error=replica_not_ready
W1008 08:14:34.902536 76615 master_service.cpp:4424] key=concurrent_k_790, error=replica_not_ready
W1008 08:14:34.902671 76616 master_service.cpp:4424] key=concurrent_k_790, error=replica_not_ready
W1008 08:14:34.902999 76615 master_service.cpp:4424] key=concurrent_k_791, error=replica_not_ready
W1008 08:14:34.903119 76616 master_service.cpp:4424] key=concurrent_k_791, error=replica_not_ready
W1008 08:14:34.903561 76615 master_service.cpp:4424] key=concurrent_k_792, error=replica_not_ready
W1008 08:14:34.903806 76616 master_service.cpp:4424] key=concurrent_k_792, error=replica_not_ready
W1008 08:14:34.903887 76615 master_service.cpp:4424] key=concurrent_k_792, error=replica_not_ready
W1008 08:14:34.904217 76615 master_service.cpp:4424] key=concurrent_k_793, error=replica_not_ready
W1008 08:14:34.904305 76616 master_service.cpp:4424] key=concurrent_k_793, error=replica_not_ready
W1008 08:14:34.904699 76616 master_service.cpp:4424] key=concurrent_k_794, error=replica_not_ready
W1008 08:14:34.904902 76616 master_service.cpp:4424] key=concurrent_k_794, error=replica_not_ready
W1008 08:14:34.905313 76616 master_service.cpp:4424] key=concurrent_k_795, error=replica_not_ready
W1008 08:14:34.905509 76616 master_service.cpp:4424] key=concurrent_k_795, error=replica_not_ready
W1008 08:14:34.905515 76615 master_service.cpp:4424] key=concurrent_k_795, error=replica_not_ready
W1008 08:14:34.905956 76616 master_service.cpp:4424] key=concurrent_k_796, error=replica_not_ready
W1008 08:14:34.905972 76615 master_service.cpp:4424] key=concurrent_k_796, error=replica_not_ready
W1008 08:14:34.906034 76614 master_service.cpp:4424] key=concurrent_k_796, error=replica_not_ready
W1008 08:14:34.906440 76615 master_service.cpp:4424] key=concurrent_k_797, error=replica_not_ready
W1008 08:14:34.906483 76616 master_service.cpp:4424] key=concurrent_k_797, error=replica_not_ready
W1008 08:14:34.906916 76616 master_service.cpp:4424] key=concurrent_k_798, error=replica_not_ready
W1008 08:14:34.907250 76616 master_service.cpp:4424] key=concurrent_k_798, error=replica_not_ready
W1008 08:14:34.907660 76616 master_service.cpp:4424] key=concurrent_k_799, error=replica_not_ready
W1008 08:14:34.907846 76616 master_service.cpp:4424] key=concurrent_k_799, error=replica_not_ready
W1008 08:14:34.907846 76615 master_service.cpp:4424] key=concurrent_k_799, error=replica_not_ready
W1008 08:14:34.908272 76616 master_service.cpp:4424] key=concurrent_k_800, error=replica_not_ready
W1008 08:14:34.908272 76615 master_service.cpp:4424] key=concurrent_k_800, error=replica_not_ready
W1008 08:14:34.908450 76616 master_service.cpp:4424] key=concurrent_k_800, error=replica_not_ready
I1008 08:14:34.908659 76596 master_service.cpp:10619] [EVICT-TRIGGER] memory_ratio=0.900391 high_watermark=0.9 need_mem_eviction=0 eviction_ratio=0.05
W1008 08:14:34.908771 76615 master_service.cpp:4424] key=concurrent_k_801, error=replica_not_ready
W1008 08:14:34.908882 76616 master_service.cpp:4424] key=concurrent_k_801, error=replica_not_ready
W1008 08:14:34.909149 76616 master_service.cpp:4424] key=concurrent_k_801, error=replica_not_ready
W1008 08:14:34.909243 76616 master_service.cpp:4424] key=concurrent_k_802, error=replica_not_ready
W1008 08:14:34.909543 76616 master_service.cpp:4424] key=concurrent_k_802, error=replica_not_ready
W1008 08:14:34.909652 76615 master_service.cpp:4424] key=concurrent_k_802, error=replica_not_ready
W1008 08:14:34.909969 76616 master_service.cpp:4424] key=concurrent_k_803, error=replica_not_ready
W1008 08:14:34.910079 76615 master_service.cpp:4424] key=concurrent_k_803, error=replica_not_ready
W1008 08:14:34.910197 76616 master_service.cpp:4424] key=concurrent_k_803, error=replica_not_ready
W1008 08:14:34.910457 76616 master_service.cpp:4424] key=concurrent_k_804, error=replica_not_ready
W1008 08:14:34.910634 76615 master_service.cpp:4424] key=concurrent_k_804, error=replica_not_ready
W1008 08:14:34.910683 76616 master_service.cpp:4424] key=concurrent_k_804, error=replica_not_ready
W1008 08:14:34.911069 76615 master_service.cpp:4424] key=concurrent_k_805, error=replica_not_ready
W1008 08:14:34.911134 76616 master_service.cpp:4424] key=concurrent_k_805, error=replica_not_ready
W1008 08:14:34.911336 76616 master_service.cpp:4424] key=concurrent_k_805, error=replica_not_ready
W1008 08:14:34.911526 76616 master_service.cpp:4424] key=concurrent_k_806, error=replica_not_ready
W1008 08:14:34.911715 76616 master_service.cpp:4424] key=concurrent_k_806, error=replica_not_ready
W1008 08:14:34.912153 76616 master_service.cpp:4424] key=concurrent_k_807, error=replica_not_ready
W1008 08:14:34.912173 76615 master_service.cpp:4424] key=concurrent_k_806, error=replica_not_ready
W1008 08:14:34.912958 76616 master_service.cpp:4424] key=concurrent_k_808, error=replica_not_ready
W1008 08:14:34.912983 76615 master_service.cpp:4424] key=concurrent_k_808, error=replica_not_ready
W1008 08:14:34.913164 76616 master_service.cpp:4424] key=concurrent_k_808, error=replica_not_ready
W1008 08:14:34.913430 76616 master_service.cpp:4424] key=concurrent_k_809, error=replica_not_ready
W1008 08:14:34.913546 76616 master_service.cpp:4424] key=concurrent_k_809, error=replica_not_ready
W1008 08:14:34.913913 76616 master_service.cpp:4424] key=concurrent_k_809, error=replica_not_ready
W1008 08:14:34.913961 76615 master_service.cpp:4424] key=concurrent_k_810, error=replica_not_ready
W1008 08:14:34.914269 76616 master_service.cpp:4424] key=concurrent_k_810, error=replica_not_ready
W1008 08:14:34.914716 76615 master_service.cpp:4424] key=concurrent_k_811, error=replica_not_ready
W1008 08:14:34.915351 76615 master_service.cpp:4424] key=concurrent_k_812, error=replica_not_ready
W1008 08:14:34.915366 76614 master_service.cpp:4424] key=concurrent_k_812, error=replica_not_ready
W1008 08:14:34.915493 76616 master_service.cpp:4424] key=concurrent_k_812, error=replica_not_ready
W1008 08:14:34.915808 76615 master_service.cpp:4424] key=concurrent_k_813, error=replica_not_ready
W1008 08:14:34.915925 76616 master_service.cpp:4424] key=concurrent_k_813, error=replica_not_ready
W1008 08:14:34.916218 76616 master_service.cpp:4424] key=concurrent_k_813, error=replica_not_ready
W1008 08:14:34.916285 76614 master_service.cpp:4424] key=concurrent_k_814, error=replica_not_ready
W1008 08:14:34.916641 76616 master_service.cpp:4424] key=concurrent_k_814, error=replica_not_ready
W1008 08:14:34.916646 76614 master_service.cpp:4424] key=concurrent_k_814, error=replica_not_ready
W1008 08:14:34.917083 76615 master_service.cpp:4424] key=concurrent_k_815, error=replica_not_ready
W1008 08:14:34.917085 76616 master_service.cpp:4424] key=concurrent_k_815, error=replica_not_ready
W1008 08:14:34.917289 76616 master_service.cpp:4424] key=concurrent_k_815, error=replica_not_ready
W1008 08:14:34.917570 76616 master_service.cpp:4424] key=concurrent_k_816, error=replica_not_ready
W1008 08:14:34.917702 76615 master_service.cpp:4424] key=concurrent_k_816, error=replica_not_ready
W1008 08:14:34.917820 76615 master_service.cpp:4424] key=concurrent_k_816, error=replica_not_ready
W1008 08:14:34.918133 76616 master_service.cpp:4424] key=concurrent_k_817, error=replica_not_ready
W1008 08:14:34.918258 76616 master_service.cpp:4424] key=concurrent_k_817, error=replica_not_ready
W1008 08:14:34.918606 76616 master_service.cpp:4424] key=concurrent_k_818, error=replica_not_ready
W1008 08:14:34.918849 76615 master_service.cpp:4424] key=concurrent_k_818, error=replica_not_ready
W1008 08:14:34.918852 76616 master_service.cpp:4424] key=concurrent_k_818, error=replica_not_ready
W1008 08:14:34.919306 76616 master_service.cpp:4424] key=concurrent_k_819, error=replica_not_ready
W1008 08:14:34.919307 76615 master_service.cpp:4424] key=concurrent_k_819, error=replica_not_ready
W1008 08:14:34.919799 76616 master_service.cpp:4424] key=concurrent_k_820, error=replica_not_ready
W1008 08:14:34.920061 76616 master_service.cpp:4424] key=concurrent_k_820, error=replica_not_ready
W1008 08:14:34.920469 76616 master_service.cpp:4424] key=concurrent_k_821, error=replica_not_ready
W1008 08:14:34.920666 76615 master_service.cpp:4424] key=concurrent_k_821, error=replica_not_ready
W1008 08:14:34.920696 76616 master_service.cpp:4424] key=concurrent_k_821, error=replica_not_ready
W1008 08:14:34.921015 76616 master_service.cpp:4424] key=concurrent_k_822, error=replica_not_ready
W1008 08:14:34.921095 76615 master_service.cpp:4424] key=concurrent_k_822, error=replica_not_ready
W1008 08:14:34.921520 76616 master_service.cpp:4424] key=concurrent_k_823, error=replica_not_ready
W1008 08:14:34.921799 76616 master_service.cpp:4424] key=concurrent_k_823, error=replica_not_ready
W1008 08:14:34.921831 76615 master_service.cpp:4424] key=concurrent_k_823, error=replica_not_ready
W1008 08:14:34.922230 76615 master_service.cpp:4424] key=concurrent_k_824, error=replica_not_ready
W1008 08:14:34.922231 76616 master_service.cpp:4424] key=concurrent_k_824, error=replica_not_ready
W1008 08:14:34.922597 76614 master_service.cpp:4424] key=concurrent_k_824, error=replica_not_ready
W1008 08:14:34.922748 76616 master_service.cpp:4424] key=concurrent_k_825, error=replica_not_ready
W1008 08:14:34.923029 76616 master_service.cpp:4424] key=concurrent_k_825, error=replica_not_ready
W1008 08:14:34.923224 76615 master_service.cpp:4424] key=concurrent_k_825, error=replica_not_ready
W1008 08:14:34.923379 76616 master_service.cpp:4424] key=concurrent_k_826, error=replica_not_ready
W1008 08:14:34.923594 76616 master_service.cpp:4424] key=concurrent_k_826, error=replica_not_ready
W1008 08:14:34.923921 76616 master_service.cpp:4424] key=concurrent_k_826, error=replica_not_ready
W1008 08:14:34.924024 76616 master_service.cpp:4424] key=concurrent_k_827, error=replica_not_ready
W1008 08:14:34.924345 76616 master_service.cpp:4424] key=concurrent_k_827, error=replica_not_ready
W1008 08:14:34.924741 76616 master_service.cpp:4424] key=concurrent_k_828, error=replica_not_ready
W1008 08:14:34.924928 76614 master_service.cpp:4424] key=concurrent_k_828, error=replica_not_ready
W1008 08:14:34.924975 76616 master_service.cpp:4424] key=concurrent_k_828, error=replica_not_ready
W1008 08:14:34.925376 76616 master_service.cpp:4424] key=concurrent_k_829, error=replica_not_ready
W1008 08:14:34.925379 76615 master_service.cpp:4424] key=concurrent_k_829, error=replica_not_ready
W1008 08:14:34.925519 76616 master_service.cpp:4424] key=concurrent_k_829, error=replica_not_ready
W1008 08:14:34.925854 76616 master_service.cpp:4424] key=concurrent_k_830, error=replica_not_ready
W1008 08:14:34.925913 76615 master_service.cpp:4424] key=concurrent_k_830, error=replica_not_ready
W1008 08:14:34.926353 76616 master_service.cpp:4424] key=concurrent_k_831, error=replica_not_ready
W1008 08:14:34.926736 76616 master_service.cpp:4424] key=concurrent_k_831, error=replica_not_ready
W1008 08:14:34.926877 76616 master_service.cpp:4424] key=concurrent_k_831, error=replica_not_ready
W1008 08:14:34.927176 76615 master_service.cpp:4424] key=concurrent_k_832, error=replica_not_ready
W1008 08:14:34.927258 76616 master_service.cpp:4424] key=concurrent_k_832, error=replica_not_ready
W1008 08:14:34.927682 76616 master_service.cpp:4424] key=concurrent_k_833, error=replica_not_ready
W1008 08:14:34.928002 76615 master_service.cpp:4424] key=concurrent_k_833, error=replica_not_ready
W1008 08:14:34.928211 76616 master_service.cpp:4424] key=concurrent_k_833, error=replica_not_ready
W1008 08:14:34.928362 76615 master_service.cpp:4424] key=concurrent_k_834, error=replica_not_ready
W1008 08:14:34.929055 76615 master_service.cpp:4424] key=concurrent_k_835, error=replica_not_ready
W1008 08:14:34.929056 76616 master_service.cpp:4424] key=concurrent_k_835, error=replica_not_ready
W1008 08:14:34.929188 76616 master_service.cpp:4424] key=concurrent_k_835, error=replica_not_ready
W1008 08:14:34.929543 76616 master_service.cpp:4424] key=concurrent_k_836, error=replica_not_ready
W1008 08:14:34.929601 76615 master_service.cpp:4424] key=concurrent_k_836, error=replica_not_ready
W1008 08:14:34.930022 76616 master_service.cpp:4424] key=concurrent_k_837, error=replica_not_ready
W1008 08:14:34.930297 76616 master_service.cpp:4424] key=concurrent_k_836, error=replica_not_ready
W1008 08:14:34.930722 76616 master_service.cpp:4424] key=concurrent_k_837, error=replica_not_ready
W1008 08:14:34.931552 76616 master_service.cpp:4424] key=concurrent_k_839, error=replica_not_ready
W1008 08:14:34.931588 76615 master_service.cpp:4424] key=concurrent_k_839, error=replica_not_ready
W1008 08:14:34.931645 76614 master_service.cpp:4424] key=concurrent_k_839, error=replica_not_ready
W1008 08:14:34.932063 76616 master_service.cpp:4424] key=concurrent_k_840, error=replica_not_ready
W1008 08:14:34.932098 76615 master_service.cpp:4424] key=concurrent_k_840, error=replica_not_ready
W1008 08:14:34.932574 76616 master_service.cpp:4424] key=concurrent_k_841, error=replica_not_ready
W1008 08:14:34.932687 76616 master_service.cpp:4424] key=concurrent_k_840, error=replica_not_ready
W1008 08:14:34.933094 76616 master_service.cpp:4424] key=concurrent_k_841, error=replica_not_ready
W1008 08:14:34.933470 76615 master_service.cpp:4424] key=concurrent_k_842, error=replica_not_ready
W1008 08:14:34.933967 76615 master_service.cpp:4424] key=concurrent_k_843, error=replica_not_ready
W1008 08:14:34.934082 76616 master_service.cpp:4424] key=concurrent_k_843, error=replica_not_ready
W1008 08:14:34.934114 76615 master_service.cpp:4424] key=concurrent_k_843, error=replica_not_ready
W1008 08:14:34.934470 76615 master_service.cpp:4424] key=concurrent_k_844, error=replica_not_ready
W1008 08:14:34.934545 76616 master_service.cpp:4424] key=concurrent_k_844, error=replica_not_ready
W1008 08:14:34.935078 76616 master_service.cpp:4424] key=concurrent_k_845, error=replica_not_ready
W1008 08:14:34.935456 76615 master_service.cpp:4424] key=concurrent_k_845, error=replica_not_ready
W1008 08:14:34.935511 76616 master_service.cpp:4424] key=concurrent_k_845, error=replica_not_ready
W1008 08:14:34.935829 76615 master_service.cpp:4424] key=concurrent_k_846, error=replica_not_ready
W1008 08:14:34.935927 76616 master_service.cpp:4424] key=concurrent_k_846, error=replica_not_ready
W1008 08:14:34.935957 76615 master_service.cpp:4424] key=concurrent_k_846, error=replica_not_ready
W1008 08:14:34.936355 76616 master_service.cpp:4424] key=concurrent_k_847, error=replica_not_ready
W1008 08:14:34.936355 76615 master_service.cpp:4424] key=concurrent_k_847, error=replica_not_ready
W1008 08:14:34.936554 76616 master_service.cpp:4424] key=concurrent_k_847, error=replica_not_ready
W1008 08:14:34.936834 76616 master_service.cpp:4424] key=concurrent_k_848, error=replica_not_ready
W1008 08:14:34.936985 76616 master_service.cpp:4424] key=concurrent_k_848, error=replica_not_ready
W1008 08:14:34.937414 76615 master_service.cpp:4424] key=concurrent_k_849, error=replica_not_ready
W1008 08:14:34.937783 76615 master_service.cpp:4424] key=concurrent_k_849, error=replica_not_ready
W1008 08:14:34.938184 76616 master_service.cpp:4424] key=concurrent_k_850, error=replica_not_ready
W1008 08:14:34.938369 76613 master_service.cpp:4424] key=concurrent_k_850, error=replica_not_ready
W1008 08:14:34.938860 76613 master_service.cpp:4424] key=concurrent_k_851, error=replica_not_ready
W1008 08:14:34.938880 76615 master_service.cpp:4424] key=concurrent_k_851, error=replica_not_ready
W1008 08:14:34.938882 76614 master_service.cpp:4424] key=concurrent_k_851, error=replica_not_ready
W1008 08:14:34.939373 76615 master_service.cpp:4424] key=concurrent_k_852, error=replica_not_ready
W1008 08:14:34.939371 76616 master_service.cpp:4424] key=concurrent_k_852, error=replica_not_ready
I1008 08:14:34.958065 76596 master_service.cpp:12526] [EVICT-RESULT] evicted_count=26, eviction_base=512, actual_evict_ratio=0.0507812, target_evict_ratio=0.0503906
I1008 08:14:34.958122 76596 master_service.cpp:10630] [EVICT-DONE] BatchEvict execution completed.
W1008 08:14:34.960996 76616 master_service.cpp:4424] key=concurrent_k_853, error=replica_not_ready
W1008 08:14:34.961179 76616 master_service.cpp:4424] key=concurrent_k_853, error=replica_not_ready
W1008 08:14:34.961591 76616 master_service.cpp:4424] key=concurrent_k_854, error=replica_not_ready
W1008 08:14:34.961882 76616 master_service.cpp:4424] key=concurrent_k_854, error=replica_not_ready
W1008 08:14:34.961949 76615 master_service.cpp:4424] key=concurrent_k_854, error=replica_not_ready
W1008 08:14:34.962348 76616 master_service.cpp:4424] key=concurrent_k_855, error=replica_not_ready
W1008 08:14:34.962374 76615 master_service.cpp:4424] key=concurrent_k_855, error=replica_not_ready
W1008 08:14:34.962553 76616 master_service.cpp:4424] key=concurrent_k_855, error=replica_not_ready
W1008 08:14:34.963034 76616 master_service.cpp:4424] key=concurrent_k_856, error=replica_not_ready
W1008 08:14:34.963047 76615 master_service.cpp:4424] key=concurrent_k_856, error=replica_not_ready
W1008 08:14:34.963186 76616 master_service.cpp:4424] key=concurrent_k_856, error=replica_not_ready
W1008 08:14:34.963613 76616 master_service.cpp:4424] key=concurrent_k_857, error=replica_not_ready
W1008 08:14:34.963666 76615 master_service.cpp:4424] key=concurrent_k_857, error=replica_not_ready
W1008 08:14:34.963986 76614 master_service.cpp:4424] key=concurrent_k_857, error=replica_not_ready
W1008 08:14:34.964094 76616 master_service.cpp:4424] key=concurrent_k_858, error=replica_not_ready
W1008 08:14:34.964387 76616 master_service.cpp:4424] key=concurrent_k_858, error=replica_not_ready
W1008 08:14:34.964536 76616 master_service.cpp:4424] key=concurrent_k_858, error=replica_not_ready
W1008 08:14:34.964828 76616 master_service.cpp:4424] key=concurrent_k_859, error=replica_not_ready
W1008 08:14:34.964969 76616 master_service.cpp:4424] key=concurrent_k_859, error=replica_not_ready
W1008 08:14:34.965426 76614 master_service.cpp:4424] key=concurrent_k_860, error=replica_not_ready
W1008 08:14:34.965480 76615 master_service.cpp:4424] key=concurrent_k_860, error=replica_not_ready
W1008 08:14:34.965523 76616 master_service.cpp:4424] key=concurrent_k_860, error=replica_not_ready
W1008 08:14:34.965927 76615 master_service.cpp:4424] key=concurrent_k_861, error=replica_not_ready
W1008 08:14:34.965971 76616 master_service.cpp:4424] key=concurrent_k_861, error=replica_not_ready
W1008 08:14:34.966248 76616 master_service.cpp:4424] key=concurrent_k_861, error=replica_not_ready
W1008 08:14:34.966403 76614 master_service.cpp:4424] key=concurrent_k_862, error=replica_not_ready
W1008 08:14:34.966657 76616 master_service.cpp:4424] key=concurrent_k_862, error=replica_not_ready
W1008 08:14:34.966795 76615 master_service.cpp:4424] key=concurrent_k_862, error=replica_not_ready
W1008 08:14:34.967116 76614 master_service.cpp:4424] key=concurrent_k_863, error=replica_not_ready
W1008 08:14:34.967213 76616 master_service.cpp:4424] key=concurrent_k_863, error=replica_not_ready
W1008 08:14:34.967362 76616 master_service.cpp:4424] key=concurrent_k_863, error=replica_not_ready
W1008 08:14:34.967669 76615 master_service.cpp:4424] key=concurrent_k_864, error=replica_not_ready
W1008 08:14:34.967831 76616 master_service.cpp:4424] key=concurrent_k_864, error=replica_not_ready
W1008 08:14:34.967988 76616 master_service.cpp:4424] key=concurrent_k_864, error=replica_not_ready
I1008 08:14:34.968189 76596 master_service.cpp:10619] [EVICT-TRIGGER] memory_ratio=0.974609 high_watermark=0.9 need_mem_eviction=1 eviction_ratio=0.05
W1008 08:14:34.968321 76616 master_service.cpp:4424] key=concurrent_k_865, error=replica_not_ready
W1008 08:14:34.968444 76616 master_service.cpp:4424] key=concurrent_k_865, error=replica_not_ready
W1008 08:14:34.968571 76616 master_service.cpp:4424] key=concurrent_k_865, error=replica_not_ready
W1008 08:14:34.968851 76616 master_service.cpp:4424] key=concurrent_k_866, error=replica_not_ready
W1008 08:14:34.968918 76615 master_service.cpp:4424] key=concurrent_k_866, error=replica_not_ready
W1008 08:14:34.969041 76616 master_service.cpp:4424] key=concurrent_k_866, error=replica_not_ready
W1008 08:14:34.969352 76616 master_service.cpp:4424] key=concurrent_k_867, error=replica_not_ready
W1008 08:14:34.969483 76616 master_service.cpp:4424] key=concurrent_k_867, error=replica_not_ready
W1008 08:14:34.969712 76615 master_service.cpp:4424] key=concurrent_k_867, error=replica_not_ready
W1008 08:14:34.969949 76616 master_service.cpp:4424] key=concurrent_k_868, error=replica_not_ready
W1008 08:14:34.970191 76616 master_service.cpp:4424] key=concurrent_k_868, error=replica_not_ready
W1008 08:14:34.970676 76616 master_service.cpp:4424] key=concurrent_k_869, error=replica_not_ready
W1008 08:14:34.970918 76614 master_service.cpp:4424] key=concurrent_k_869, error=replica_not_ready
W1008 08:14:34.970918 76615 master_service.cpp:4424] key=concurrent_k_869, error=replica_not_ready
W1008 08:14:34.971438 76615 master_service.cpp:4424] key=concurrent_k_870, error=replica_not_ready
W1008 08:14:34.971453 76614 master_service.cpp:4424] key=concurrent_k_870, error=replica_not_ready
W1008 08:14:34.971536 76616 master_service.cpp:4424] key=concurrent_k_870, error=replica_not_ready
W1008 08:14:34.971997 76616 master_service.cpp:4424] key=concurrent_k_871, error=replica_not_ready
W1008 08:14:34.972005 76615 master_service.cpp:4424] key=concurrent_k_871, error=replica_not_ready
W1008 08:14:34.972182 76616 master_service.cpp:4424] key=concurrent_k_871, error=replica_not_ready
I1008 08:14:34.972276 76596 master_service.cpp:12526] [EVICT-RESULT] evicted_count=63, eviction_base=500, actual_evict_ratio=0.126, target_evict_ratio=0.124609
I1008 08:14:34.972319 76596 master_service.cpp:10630] [EVICT-DONE] BatchEvict execution completed.
W1008 08:14:34.972566 76616 master_service.cpp:4424] key=concurrent_k_872, error=replica_not_ready
W1008 08:14:34.972643 76615 master_service.cpp:4424] key=concurrent_k_872, error=replica_not_ready
W1008 08:14:34.972930 76616 master_service.cpp:4424] key=concurrent_k_872, error=replica_not_ready
W1008 08:14:34.973120 76616 master_service.cpp:4424] key=concurrent_k_873, error=replica_not_ready
W1008 08:14:34.973381 76616 master_service.cpp:4424] key=concurrent_k_873, error=replica_not_ready
W1008 08:14:34.973737 76615 master_service.cpp:4424] key=concurrent_k_874, error=replica_not_ready
W1008 08:14:34.974025 76616 master_service.cpp:4424] key=concurrent_k_874, error=replica_not_ready
W1008 08:14:34.974494 76616 master_service.cpp:4424] key=concurrent_k_875, error=replica_not_ready
W1008 08:14:34.974527 76615 master_service.cpp:4424] key=concurrent_k_875, error=replica_not_ready
W1008 08:14:34.974556 76614 master_service.cpp:4424] key=concurrent_k_875, error=replica_not_ready
W1008 08:14:34.975016 76616 master_service.cpp:4424] key=concurrent_k_876, error=replica_not_ready
W1008 08:14:34.975020 76615 master_service.cpp:4424] key=concurrent_k_876, error=replica_not_ready
W1008 08:14:34.975157 76616 master_service.cpp:4424] key=concurrent_k_876, error=replica_not_ready
W1008 08:14:34.975529 76616 master_service.cpp:4424] key=concurrent_k_877, error=replica_not_ready
W1008 08:14:34.975566 76615 master_service.cpp:4424] key=concurrent_k_877, error=replica_not_ready
W1008 08:14:34.975991 76614 master_service.cpp:4424] key=concurrent_k_878, error=replica_not_ready
W1008 08:14:34.976873 76616 master_service.cpp:4424] key=concurrent_k_879, error=replica_not_ready
W1008 08:14:34.976918 76615 master_service.cpp:4424] key=concurrent_k_879, error=replica_not_ready
W1008 08:14:34.977365 76616 master_service.cpp:4424] key=concurrent_k_880, error=replica_not_ready
W1008 08:14:34.977391 76614 master_service.cpp:4424] key=concurrent_k_880, error=replica_not_ready
W1008 08:14:34.977407 76613 master_service.cpp:4424] key=concurrent_k_880, error=replica_not_ready
W1008 08:14:34.977880 76615 master_service.cpp:4424] key=concurrent_k_881, error=replica_not_ready
W1008 08:14:34.977880 76616 master_service.cpp:4424] key=concurrent_k_881, error=replica_not_ready
W1008 08:14:34.978368 76615 master_service.cpp:4424] key=concurrent_k_882, error=replica_not_ready
W1008 08:14:34.978744 76615 master_service.cpp:4424] key=concurrent_k_882, error=replica_not_ready
W1008 08:14:34.978754 76614 master_service.cpp:4424] key=concurrent_k_882, error=replica_not_ready
W1008 08:14:34.979218 76615 master_service.cpp:4424] key=concurrent_k_883, error=replica_not_ready
W1008 08:14:34.979219 76616 master_service.cpp:4424] key=concurrent_k_883, error=replica_not_ready
W1008 08:14:34.979727 76616 master_service.cpp:4424] key=concurrent_k_884, error=replica_not_ready
W1008 08:14:34.979851 76616 master_service.cpp:4424] key=concurrent_k_884, error=replica_not_ready
W1008 08:14:34.979851 76615 master_service.cpp:4424] key=concurrent_k_884, error=replica_not_ready
W1008 08:14:34.980316 76615 master_service.cpp:4424] key=concurrent_k_885, error=replica_not_ready
W1008 08:14:34.980319 76616 master_service.cpp:4424] key=concurrent_k_885, error=replica_not_ready
W1008 08:14:34.980803 76616 master_service.cpp:4424] key=concurrent_k_886, error=replica_not_ready
W1008 08:14:34.981065 76616 master_service.cpp:4424] key=concurrent_k_886, error=replica_not_ready
W1008 08:14:34.981065 76615 master_service.cpp:4424] key=concurrent_k_886, error=replica_not_ready
W1008 08:14:34.981513 76615 master_service.cpp:4424] key=concurrent_k_887, error=replica_not_ready
W1008 08:14:34.981513 76616 master_service.cpp:4424] key=concurrent_k_887, error=replica_not_ready
W1008 08:14:34.981724 76616 master_service.cpp:4424] key=concurrent_k_887, error=replica_not_ready
W1008 08:14:34.982012 76616 master_service.cpp:4424] key=concurrent_k_888, error=replica_not_ready
W1008 08:14:34.982156 76615 master_service.cpp:4424] key=concurrent_k_888, error=replica_not_ready
W1008 08:14:34.982277 76616 master_service.cpp:4424] key=concurrent_k_888, error=replica_not_ready
W1008 08:14:34.982579 76615 master_service.cpp:4424] key=concurrent_k_889, error=replica_not_ready
W1008 08:14:34.982671 76616 master_service.cpp:4424] key=concurrent_k_889, error=replica_not_ready
W1008 08:14:34.982923 76616 master_service.cpp:4424] key=concurrent_k_889, error=replica_not_ready
W1008 08:14:34.983055 76616 master_service.cpp:4424] key=concurrent_k_890, error=replica_not_ready
W1008 08:14:34.983341 76616 master_service.cpp:4424] key=concurrent_k_890, error=replica_not_ready
W1008 08:14:34.983777 76615 master_service.cpp:4424] key=concurrent_k_891, error=replica_not_ready
W1008 08:14:34.983877 76615 master_service.cpp:4424] key=concurrent_k_891, error=replica_not_ready
W1008 08:14:34.983996 76616 master_service.cpp:4424] key=concurrent_k_891, error=replica_not_ready
W1008 08:14:34.984313 76615 master_service.cpp:4424] key=concurrent_k_892, error=replica_not_ready
W1008 08:14:34.984433 76615 master_service.cpp:4424] key=concurrent_k_892, error=replica_not_ready
W1008 08:14:34.984555 76616 master_service.cpp:4424] key=concurrent_k_892, error=replica_not_ready
W1008 08:14:34.984856 76615 master_service.cpp:4424] key=concurrent_k_893, error=replica_not_ready
W1008 08:14:34.984953 76616 master_service.cpp:4424] key=concurrent_k_893, error=replica_not_ready
W1008 08:14:34.985234 76616 master_service.cpp:4424] key=concurrent_k_893, error=replica_not_ready
W1008 08:14:34.985353 76615 master_service.cpp:4424] key=concurrent_k_894, error=replica_not_ready
W1008 08:14:34.985612 76616 master_service.cpp:4424] key=concurrent_k_894, error=replica_not_ready
W1008 08:14:34.986042 76616 master_service.cpp:4424] key=concurrent_k_895, error=replica_not_ready
W1008 08:14:34.986209 76616 master_service.cpp:4424] key=concurrent_k_895, error=replica_not_ready
W1008 08:14:34.986249 76615 master_service.cpp:4424] key=concurrent_k_895, error=replica_not_ready
W1008 08:14:34.986667 76616 master_service.cpp:4424] key=concurrent_k_896, error=replica_not_ready
W1008 08:14:34.986799 76616 master_service.cpp:4424] key=concurrent_k_896, error=replica_not_ready
W1008 08:14:34.987249 76616 master_service.cpp:4424] key=concurrent_k_897, error=replica_not_ready
W1008 08:14:34.987421 76616 master_service.cpp:4424] key=concurrent_k_897, error=replica_not_ready
W1008 08:14:34.987419 76615 master_service.cpp:4424] key=concurrent_k_897, error=replica_not_ready
W1008 08:14:34.987829 76616 master_service.cpp:4424] key=concurrent_k_898, error=replica_not_ready
W1008 08:14:34.987915 76615 master_service.cpp:4424] key=concurrent_k_898, error=replica_not_ready
W1008 08:14:34.988149 76616 master_service.cpp:4424] key=concurrent_k_898, error=replica_not_ready
W1008 08:14:34.988371 76616 master_service.cpp:4424] key=concurrent_k_899, error=replica_not_ready
W1008 08:14:34.988600 76616 master_service.cpp:4424] key=concurrent_k_899, error=replica_not_ready
W1008 08:14:34.988686 76615 master_service.cpp:4424] key=concurrent_k_899, error=replica_not_ready
W1008 08:14:34.989035 76615 master_service.cpp:4424] key=concurrent_k_900, error=replica_not_ready
W1008 08:14:34.989156 76616 master_service.cpp:4424] key=concurrent_k_900, error=replica_not_ready
W1008 08:14:34.989567 76616 master_service.cpp:4424] key=concurrent_k_901, error=replica_not_ready
W1008 08:14:34.989699 76616 master_service.cpp:4424] key=concurrent_k_901, error=replica_not_ready
W1008 08:14:34.989790 76615 master_service.cpp:4424] key=concurrent_k_901, error=replica_not_ready
W1008 08:14:34.990113 76614 master_service.cpp:4424] key=concurrent_k_902, error=replica_not_ready
W1008 08:14:34.990175 76616 master_service.cpp:4424] key=concurrent_k_902, error=replica_not_ready
W1008 08:14:34.990355 76616 master_service.cpp:4424] key=concurrent_k_902, error=replica_not_ready
W1008 08:14:34.990634 76616 master_service.cpp:4424] key=concurrent_k_903, error=replica_not_ready
W1008 08:14:34.990813 76616 master_service.cpp:4424] key=concurrent_k_903, error=replica_not_ready
W1008 08:14:34.990990 76616 master_service.cpp:4424] key=concurrent_k_903, error=replica_not_ready
W1008 08:14:34.991273 76616 master_service.cpp:4424] key=concurrent_k_904, error=replica_not_ready
W1008 08:14:34.991451 76615 master_service.cpp:4424] key=concurrent_k_904, error=replica_not_ready
W1008 08:14:34.991876 76616 master_service.cpp:4424] key=concurrent_k_905, error=replica_not_ready
W1008 08:14:34.992120 76615 master_service.cpp:4424] key=concurrent_k_905, error=replica_not_ready
W1008 08:14:34.992161 76616 master_service.cpp:4424] key=concurrent_k_905, error=replica_not_ready
I1008 08:14:34.992442 76596 master_service.cpp:10619] [EVICT-TRIGGER] memory_ratio=0.931641 high_watermark=0.9 need_mem_eviction=0 eviction_ratio=0.05
W1008 08:14:34.992550 76615 master_service.cpp:4424] key=concurrent_k_906, error=replica_not_ready
W1008 08:14:34.992553 76616 master_service.cpp:4424] key=concurrent_k_906, error=replica_not_ready
W1008 08:14:34.992733 76616 master_service.cpp:4424] key=concurrent_k_906, error=replica_not_ready
W1008 08:14:34.993116 76616 master_service.cpp:4424] key=concurrent_k_907, error=replica_not_ready
W1008 08:14:34.993278 76616 master_service.cpp:4424] key=concurrent_k_907, error=replica_not_ready
W1008 08:14:34.993568 76616 master_service.cpp:4424] key=concurrent_k_907, error=replica_not_ready
W1008 08:14:34.993849 76616 master_service.cpp:4424] key=concurrent_k_908, error=replica_not_ready
W1008 08:14:34.994035 76616 master_service.cpp:4424] key=concurrent_k_908, error=replica_not_ready
W1008 08:14:34.994284 76616 master_service.cpp:4424] key=concurrent_k_908, error=replica_not_ready
W1008 08:14:34.994503 76616 master_service.cpp:4424] key=concurrent_k_909, error=replica_not_ready
W1008 08:14:34.994741 76616 master_service.cpp:4424] key=concurrent_k_909, error=replica_not_ready
W1008 08:14:34.995157 76614 master_service.cpp:4424] key=concurrent_k_910, error=replica_not_ready
W1008 08:14:34.995287 76616 master_service.cpp:4424] key=concurrent_k_910, error=replica_not_ready
W1008 08:14:34.995299 76615 master_service.cpp:4424] key=concurrent_k_910, error=replica_not_ready
W1008 08:14:34.995750 76616 master_service.cpp:4424] key=concurrent_k_911, error=replica_not_ready
W1008 08:14:34.995756 76615 master_service.cpp:4424] key=concurrent_k_911, error=replica_not_ready
W1008 08:14:34.995997 76616 master_service.cpp:4424] key=concurrent_k_911, error=replica_not_ready
I1008 08:14:34.996027 76596 master_service.cpp:12526] [EVICT-RESULT] evicted_count=39, eviction_base=477, actual_evict_ratio=0.081761, target_evict_ratio=0.0816406
I1008 08:14:34.996061 76596 master_service.cpp:10630] [EVICT-DONE] BatchEvict execution completed.
W1008 08:14:34.996244 76616 master_service.cpp:4424] key=concurrent_k_912, error=replica_not_ready
W1008 08:14:34.996410 76616 master_service.cpp:4424] key=concurrent_k_912, error=replica_not_ready
W1008 08:14:34.996641 76615 master_service.cpp:4424] key=concurrent_k_912, error=replica_not_ready
W1008 08:14:34.996892 76615 master_service.cpp:4424] key=concurrent_k_913, error=replica_not_ready
W1008 08:14:34.997080 76616 master_service.cpp:4424] key=concurrent_k_913, error=replica_not_ready
W1008 08:14:34.997503 76616 master_service.cpp:4424] key=concurrent_k_914, error=replica_not_ready
W1008 08:14:34.997645 76616 master_service.cpp:4424] key=concurrent_k_914, error=replica_not_ready
W1008 08:14:34.997649 76615 master_service.cpp:4424] key=concurrent_k_914, error=replica_not_ready
W1008 08:14:34.998078 76616 master_service.cpp:4424] key=concurrent_k_915, error=replica_not_ready
W1008 08:14:34.998155 76615 master_service.cpp:4424] key=concurrent_k_915, error=replica_not_ready
W1008 08:14:34.998340 76616 master_service.cpp:4424] key=concurrent_k_915, error=replica_not_ready
W1008 08:14:34.998626 76616 master_service.cpp:4424] key=concurrent_k_916, error=replica_not_ready
W1008 08:14:34.998767 76615 master_service.cpp:4424] key=concurrent_k_916, error=replica_not_ready
W1008 08:14:34.998986 76615 master_service.cpp:4424] key=concurrent_k_916, error=replica_not_ready
W1008 08:14:34.999200 76616 master_service.cpp:4424] key=concurrent_k_917, error=replica_not_ready
W1008 08:14:34.999435 76616 master_service.cpp:4424] key=concurrent_k_917, error=replica_not_ready
W1008 08:14:34.999519 76615 master_service.cpp:4424] key=concurrent_k_917, error=replica_not_ready
W1008 08:14:34.999835 76615 master_service.cpp:4424] key=concurrent_k_918, error=replica_not_ready
W1008 08:14:34.999897 76616 master_service.cpp:4424] key=concurrent_k_918, error=replica_not_ready
W1008 08:14:35.000069 76616 master_service.cpp:4424] key=concurrent_k_918, error=replica_not_ready
W1008 08:14:35.000361 76616 master_service.cpp:4424] key=concurrent_k_919, error=replica_not_ready
W1008 08:14:35.000527 76616 master_service.cpp:4424] key=concurrent_k_919, error=replica_not_ready
W1008 08:14:35.000649 76616 master_service.cpp:4424] key=concurrent_k_919, error=replica_not_ready
W1008 08:14:35.000975 76615 master_service.cpp:4424] key=concurrent_k_920, error=replica_not_ready
W1008 08:14:35.001070 76616 master_service.cpp:4424] key=concurrent_k_920, error=replica_not_ready
W1008 08:14:35.001300 76616 master_service.cpp:4424] key=concurrent_k_920, error=replica_not_ready
W1008 08:14:35.001493 76616 master_service.cpp:4424] key=concurrent_k_921, error=replica_not_ready
W1008 08:14:35.001755 76616 master_service.cpp:4424] key=concurrent_k_921, error=replica_not_ready
W1008 08:14:35.001835 76615 master_service.cpp:4424] key=concurrent_k_921, error=replica_not_ready
W1008 08:14:35.002187 76616 master_service.cpp:4424] key=concurrent_k_922, error=replica_not_ready
W1008 08:14:35.002218 76615 master_service.cpp:4424] key=concurrent_k_922, error=replica_not_ready
W1008 08:14:35.002390 76616 master_service.cpp:4424] key=concurrent_k_922, error=replica_not_ready
W1008 08:14:35.002663 76616 master_service.cpp:4424] key=concurrent_k_923, error=replica_not_ready
W1008 08:14:35.002843 76615 master_service.cpp:4424] key=concurrent_k_923, error=replica_not_ready
W1008 08:14:35.002936 76616 master_service.cpp:4424] key=concurrent_k_923, error=replica_not_ready
W1008 08:14:35.003331 76616 master_service.cpp:4424] key=concurrent_k_924, error=replica_not_ready
W1008 08:14:35.003352 76615 master_service.cpp:4424] key=concurrent_k_924, error=replica_not_ready
W1008 08:14:35.003602 76616 master_service.cpp:4424] key=concurrent_k_924, error=replica_not_ready
W1008 08:14:35.003818 76616 master_service.cpp:4424] key=concurrent_k_925, error=replica_not_ready
W1008 08:14:35.004040 76615 master_service.cpp:4424] key=concurrent_k_925, error=replica_not_ready
W1008 08:14:35.004133 76616 master_service.cpp:4424] key=concurrent_k_925, error=replica_not_ready
W1008 08:14:35.004451 76616 master_service.cpp:4424] key=concurrent_k_926, error=replica_not_ready
W1008 08:14:35.004508 76615 master_service.cpp:4424] key=concurrent_k_926, error=replica_not_ready
W1008 08:14:35.004772 76616 master_service.cpp:4424] key=concurrent_k_926, error=replica_not_ready
W1008 08:14:35.004935 76616 master_service.cpp:4424] key=concurrent_k_927, error=replica_not_ready
W1008 08:14:35.005218 76616 master_service.cpp:4424] key=concurrent_k_927, error=replica_not_ready
W1008 08:14:35.005339 76616 master_service.cpp:4424] key=concurrent_k_927, error=replica_not_ready
W1008 08:14:35.005663 76616 master_service.cpp:4424] key=concurrent_k_928, error=replica_not_ready
W1008 08:14:35.005770 76615 master_service.cpp:4424] key=concurrent_k_928, error=replica_not_ready
W1008 08:14:35.005897 76615 master_service.cpp:4424] key=concurrent_k_928, error=replica_not_ready
I1008 08:14:35.006131 76596 master_service.cpp:10619] [EVICT-TRIGGER] memory_ratio=0.900391 high_watermark=0.9 need_mem_eviction=0 eviction_ratio=0.05
W1008 08:14:35.006181 76616 master_service.cpp:4424] key=concurrent_k_929, error=replica_not_ready
W1008 08:14:35.006341 76615 master_service.cpp:4424] key=concurrent_k_929, error=replica_not_ready
W1008 08:14:35.006417 76616 master_service.cpp:4424] key=concurrent_k_929, error=replica_not_ready
W1008 08:14:35.006764 76615 master_service.cpp:4424] key=concurrent_k_930, error=replica_not_ready
W1008 08:14:35.006806 76616 master_service.cpp:4424] key=concurrent_k_930, error=replica_not_ready
W1008 08:14:35.007007 76616 master_service.cpp:4424] key=concurrent_k_930, error=replica_not_ready
W1008 08:14:35.007264 76616 master_service.cpp:4424] key=concurrent_k_931, error=replica_not_ready
W1008 08:14:35.007431 76616 master_service.cpp:4424] key=concurrent_k_931, error=replica_not_ready
W1008 08:14:35.007917 76616 master_service.cpp:4424] key=concurrent_k_932, error=replica_not_ready
W1008 08:14:35.008239 76616 master_service.cpp:4424] key=concurrent_k_932, error=replica_not_ready
W1008 08:14:35.008266 76614 master_service.cpp:4424] key=concurrent_k_932, error=replica_not_ready
W1008 08:14:35.008694 76616 master_service.cpp:4424] key=concurrent_k_933, error=replica_not_ready
W1008 08:14:35.008754 76615 master_service.cpp:4424] key=concurrent_k_933, error=replica_not_ready
W1008 08:14:35.009218 76615 master_service.cpp:4424] key=concurrent_k_934, error=replica_not_ready
W1008 08:14:35.009291 76616 master_service.cpp:4424] key=concurrent_k_934, error=replica_not_ready
W1008 08:14:35.009366 76615 master_service.cpp:4424] key=concurrent_k_934, error=replica_not_ready
W1008 08:14:35.009804 76615 master_service.cpp:4424] key=concurrent_k_935, error=replica_not_ready
W1008 08:14:35.009824 76616 master_service.cpp:4424] key=concurrent_k_935, error=replica_not_ready
I1008 08:14:35.009819 76596 master_service.cpp:12526] [EVICT-RESULT] evicted_count=24, eviction_base=462, actual_evict_ratio=0.0519481, target_evict_ratio=0.0503906
I1008 08:14:35.009866 76596 master_service.cpp:10630] [EVICT-DONE] BatchEvict execution completed.
W1008 08:14:35.010105 76616 master_service.cpp:4424] key=concurrent_k_935, error=replica_not_ready
W1008 08:14:35.010309 76616 master_service.cpp:4424] key=concurrent_k_936, error=replica_not_ready
W1008 08:14:35.010515 76616 master_service.cpp:4424] key=concurrent_k_936, error=replica_not_ready
W1008 08:14:35.010947 76616 master_service.cpp:4424] key=concurrent_k_937, error=replica_not_ready
W1008 08:14:35.011250 76616 master_service.cpp:4424] key=concurrent_k_937, error=replica_not_ready
W1008 08:14:35.011626 76615 master_service.cpp:4424] key=concurrent_k_938, error=replica_not_ready
W1008 08:14:35.011745 76616 master_service.cpp:4424] key=concurrent_k_938, error=replica_not_ready
W1008 08:14:35.011750 76615 master_service.cpp:4424] key=concurrent_k_938, error=replica_not_ready
W1008 08:14:35.012212 76615 master_service.cpp:4424] key=concurrent_k_939, error=replica_not_ready
W1008 08:14:35.012212 76616 master_service.cpp:4424] key=concurrent_k_939, error=replica_not_ready
W1008 08:14:35.012305 76614 master_service.cpp:4424] key=concurrent_k_939, error=replica_not_ready
W1008 08:14:35.012732 76615 master_service.cpp:4424] key=concurrent_k_940, error=replica_not_ready
W1008 08:14:35.012774 76616 master_service.cpp:4424] key=concurrent_k_940, error=replica_not_ready
W1008 08:14:35.013027 76616 master_service.cpp:4424] key=concurrent_k_940, error=replica_not_ready
W1008 08:14:35.013279 76616 master_service.cpp:4424] key=concurrent_k_941, error=replica_not_ready
W1008 08:14:35.013480 76616 master_service.cpp:4424] key=concurrent_k_941, error=replica_not_ready
W1008 08:14:35.013671 76615 master_service.cpp:4424] key=concurrent_k_941, error=replica_not_ready
W1008 08:14:35.013863 76616 master_service.cpp:4424] key=concurrent_k_942, error=replica_not_ready
W1008 08:14:35.014024 76616 master_service.cpp:4424] key=concurrent_k_942, error=replica_not_ready
W1008 08:14:35.014168 76616 master_service.cpp:4424] key=concurrent_k_942, error=replica_not_ready
W1008 08:14:35.014451 76615 master_service.cpp:4424] key=concurrent_k_943, error=replica_not_ready
W1008 08:14:35.014567 76616 master_service.cpp:4424] key=concurrent_k_943, error=replica_not_ready
W1008 08:14:35.014820 76615 master_service.cpp:4424] key=concurrent_k_943, error=replica_not_ready
W1008 08:14:35.015024 76616 master_service.cpp:4424] key=concurrent_k_944, error=replica_not_ready
W1008 08:14:35.015242 76616 master_service.cpp:4424] key=concurrent_k_944, error=replica_not_ready
W1008 08:14:35.015681 76615 master_service.cpp:4424] key=concurrent_k_945, error=replica_not_ready
W1008 08:14:35.015880 76616 master_service.cpp:4424] key=concurrent_k_945, error=replica_not_ready
W1008 08:14:35.016230 76616 master_service.cpp:4424] key=concurrent_k_946, error=replica_not_ready
W1008 08:14:35.016376 76616 master_service.cpp:4424] key=concurrent_k_946, error=replica_not_ready
W1008 08:14:35.016402 76615 master_service.cpp:4424] key=concurrent_k_946, error=replica_not_ready
W1008 08:14:35.016815 76616 master_service.cpp:4424] key=concurrent_k_947, error=replica_not_ready
W1008 08:14:35.016815 76615 master_service.cpp:4424] key=concurrent_k_947, error=replica_not_ready
W1008 08:14:35.017303 76616 master_service.cpp:4424] key=concurrent_k_948, error=replica_not_ready
W1008 08:14:35.017747 76616 master_service.cpp:4424] key=concurrent_k_948, error=replica_not_ready
W1008 08:14:35.017863 76615 master_service.cpp:4424] key=concurrent_k_948, error=replica_not_ready
W1008 08:14:35.018189 76614 master_service.cpp:4424] key=concurrent_k_949, error=replica_not_ready
W1008 08:14:35.018688 76615 master_service.cpp:4424] key=concurrent_k_950, error=replica_not_ready
W1008 08:14:35.018695 76614 master_service.cpp:4424] key=concurrent_k_950, error=replica_not_ready
W1008 08:14:35.018747 76613 master_service.cpp:4424] key=concurrent_k_950, error=replica_not_ready
W1008 08:14:35.019232 76616 master_service.cpp:4424] key=concurrent_k_951, error=replica_not_ready
W1008 08:14:35.019248 76615 master_service.cpp:4424] key=concurrent_k_951, error=replica_not_ready
W1008 08:14:35.019727 76615 master_service.cpp:4424] key=concurrent_k_952, error=replica_not_ready
W1008 08:14:35.020233 76615 master_service.cpp:4424] key=concurrent_k_952, error=replica_not_ready
W1008 08:14:35.020651 76616 master_service.cpp:4424] key=concurrent_k_953, error=replica_not_ready
W1008 08:14:35.021152 76615 master_service.cpp:4424] key=concurrent_k_954, error=replica_not_ready
W1008 08:14:35.021186 76616 master_service.cpp:4424] key=concurrent_k_954, error=replica_not_ready
W1008 08:14:35.021216 76614 master_service.cpp:4424] key=concurrent_k_954, error=replica_not_ready
W1008 08:14:35.021692 76616 master_service.cpp:4424] key=concurrent_k_955, error=replica_not_ready
W1008 08:14:35.021692 76615 master_service.cpp:4424] key=concurrent_k_955, error=replica_not_ready
W1008 08:14:35.022224 76616 master_service.cpp:4424] key=concurrent_k_956, error=replica_not_ready
W1008 08:14:35.022619 76616 master_service.cpp:4424] key=concurrent_k_956, error=replica_not_ready
W1008 08:14:35.023064 76615 master_service.cpp:4424] key=concurrent_k_957, error=replica_not_ready
W1008 08:14:35.023152 76616 master_service.cpp:4424] key=concurrent_k_957, error=replica_not_ready
W1008 08:14:35.023557 76615 master_service.cpp:4424] key=concurrent_k_958, error=replica_not_ready
W1008 08:14:35.023610 76613 master_service.cpp:4424] key=concurrent_k_958, error=replica_not_ready
W1008 08:14:35.023686 76616 master_service.cpp:4424] key=concurrent_k_958, error=replica_not_ready
W1008 08:14:35.024055 76616 master_service.cpp:4424] key=concurrent_k_959, error=replica_not_ready
W1008 08:14:35.024137 76615 master_service.cpp:4424] key=concurrent_k_959, error=replica_not_ready
W1008 08:14:35.024452 76616 master_service.cpp:4424] key=concurrent_k_959, error=replica_not_ready
W1008 08:14:35.024583 76616 master_service.cpp:4424] key=concurrent_k_960, error=replica_not_ready
W1008 08:14:35.024866 76616 master_service.cpp:4424] key=concurrent_k_960, error=replica_not_ready
W1008 08:14:35.025013 76616 master_service.cpp:4424] key=concurrent_k_960, error=replica_not_ready
W1008 08:14:35.025288 76616 master_service.cpp:4424] key=concurrent_k_961, error=replica_not_ready
W1008 08:14:35.025439 76616 master_service.cpp:4424] key=concurrent_k_961, error=replica_not_ready
W1008 08:14:35.025795 76616 master_service.cpp:4424] key=concurrent_k_962, error=replica_not_ready
W1008 08:14:35.025919 76616 master_service.cpp:4424] key=concurrent_k_962, error=replica_not_ready
W1008 08:14:35.025924 76615 master_service.cpp:4424] key=concurrent_k_962, error=replica_not_ready
W1008 08:14:35.026340 76615 master_service.cpp:4424] key=concurrent_k_963, error=replica_not_ready
W1008 08:14:35.026404 76616 master_service.cpp:4424] key=concurrent_k_963, error=replica_not_ready
W1008 08:14:35.026851 76615 master_service.cpp:4424] key=concurrent_k_964, error=replica_not_ready
W1008 08:14:35.027245 76616 master_service.cpp:4424] key=concurrent_k_964, error=replica_not_ready
W1008 08:14:35.027675 76615 master_service.cpp:4424] key=concurrent_k_965, error=replica_not_ready
W1008 08:14:35.027792 76616 master_service.cpp:4424] key=concurrent_k_965, error=replica_not_ready
W1008 08:14:35.028152 76616 master_service.cpp:4424] key=concurrent_k_966, error=replica_not_ready
W1008 08:14:35.028311 76615 master_service.cpp:4424] key=concurrent_k_966, error=replica_not_ready
W1008 08:14:35.028359 76616 master_service.cpp:4424] key=concurrent_k_966, error=replica_not_ready
W1008 08:14:35.028754 76616 master_service.cpp:4424] key=concurrent_k_967, error=replica_not_ready
W1008 08:14:35.028774 76615 master_service.cpp:4424] key=concurrent_k_967, error=replica_not_ready
W1008 08:14:35.029263 76616 master_service.cpp:4424] key=concurrent_k_968, error=replica_not_ready
W1008 08:14:35.029469 76616 master_service.cpp:4424] key=concurrent_k_967, error=replica_not_ready
I1008 08:14:35.029985 76596 master_service.cpp:10619] [EVICT-TRIGGER] memory_ratio=0.931641 high_watermark=0.9 need_mem_eviction=0 eviction_ratio=0.05
W1008 08:14:35.030753 76616 master_service.cpp:4424] key=concurrent_k_970, error=replica_not_ready
W1008 08:14:35.030762 76615 master_service.cpp:4424] key=concurrent_k_970, error=replica_not_ready
W1008 08:14:35.030776 76614 master_service.cpp:4424] key=concurrent_k_970, error=replica_not_ready
W1008 08:14:35.031286 76616 master_service.cpp:4424] key=concurrent_k_971, error=replica_not_ready
W1008 08:14:35.031287 76615 master_service.cpp:4424] key=concurrent_k_971, error=replica_not_ready
W1008 08:14:35.031806 76616 master_service.cpp:4424] key=concurrent_k_972, error=replica_not_ready
W1008 08:14:35.032712 76614 master_service.cpp:4424] key=concurrent_k_973, error=replica_not_ready
W1008 08:14:35.032848 76616 master_service.cpp:4424] key=concurrent_k_973, error=replica_not_ready
W1008 08:14:35.033246 76614 master_service.cpp:4424] key=concurrent_k_974, error=replica_not_ready
W1008 08:14:35.033342 76615 master_service.cpp:4424] key=concurrent_k_974, error=replica_not_ready
W1008 08:14:35.033366 76616 master_service.cpp:4424] key=concurrent_k_974, error=replica_not_ready
I1008 08:14:35.033468 76596 master_service.cpp:12526] [EVICT-RESULT] evicted_count=39, eviction_base=477, actual_evict_ratio=0.081761, target_evict_ratio=0.0816406
I1008 08:14:35.033502 76596 master_service.cpp:10630] [EVICT-DONE] BatchEvict execution completed.
W1008 08:14:35.033806 76614 master_service.cpp:4424] key=concurrent_k_975, error=replica_not_ready
W1008 08:14:35.033808 76615 master_service.cpp:4424] key=concurrent_k_975, error=replica_not_ready
W1008 08:14:35.034279 76616 master_service.cpp:4424] key=concurrent_k_975, error=replica_not_ready
W1008 08:14:35.034308 76614 master_service.cpp:4424] key=concurrent_k_976, error=replica_not_ready
W1008 08:14:35.035234 76616 master_service.cpp:4424] key=concurrent_k_977, error=replica_not_ready
W1008 08:14:35.035260 76615 master_service.cpp:4424] key=concurrent_k_977, error=replica_not_ready
W1008 08:14:35.035701 76615 master_service.cpp:4424] key=concurrent_k_978, error=replica_not_ready
W1008 08:14:35.035758 76614 master_service.cpp:4424] key=concurrent_k_978, error=replica_not_ready
W1008 08:14:35.035791 76616 master_service.cpp:4424] key=concurrent_k_978, error=replica_not_ready
W1008 08:14:35.036213 76616 master_service.cpp:4424] key=concurrent_k_979, error=replica_not_ready
W1008 08:14:35.036214 76615 master_service.cpp:4424] key=concurrent_k_979, error=replica_not_ready
W1008 08:14:35.036737 76616 master_service.cpp:4424] key=concurrent_k_980, error=replica_not_ready
W1008 08:14:35.037608 76616 master_service.cpp:4424] key=concurrent_k_981, error=replica_not_ready
W1008 08:14:35.037642 76614 master_service.cpp:4424] key=concurrent_k_981, error=replica_not_ready
W1008 08:14:35.037761 76615 master_service.cpp:4424] key=concurrent_k_981, error=replica_not_ready
W1008 08:14:35.038079 76615 master_service.cpp:4424] key=concurrent_k_982, error=replica_not_ready
W1008 08:14:35.038192 76616 master_service.cpp:4424] key=concurrent_k_982, error=replica_not_ready
W1008 08:14:35.038218 76615 master_service.cpp:4424] key=concurrent_k_982, error=replica_not_ready
W1008 08:14:35.038610 76616 master_service.cpp:4424] key=concurrent_k_983, error=replica_not_ready
W1008 08:14:35.038676 76615 master_service.cpp:4424] key=concurrent_k_983, error=replica_not_ready
W1008 08:14:35.039144 76616 master_service.cpp:4424] key=concurrent_k_984, error=replica_not_ready
W1008 08:14:35.040513 76616 master_service.cpp:4424] key=concurrent_k_986, error=replica_not_ready
W1008 08:14:35.040634 76616 master_service.cpp:4424] key=concurrent_k_986, error=replica_not_ready
W1008 08:14:35.040634 76615 master_service.cpp:4424] key=concurrent_k_986, error=replica_not_ready
W1008 08:14:35.041061 76615 master_service.cpp:4424] key=concurrent_k_987, error=replica_not_ready
W1008 08:14:35.041087 76614 master_service.cpp:4424] key=concurrent_k_987, error=replica_not_ready
W1008 08:14:35.041465 76614 master_service.cpp:4424] key=concurrent_k_987, error=replica_not_ready
W1008 08:14:35.041590 76616 master_service.cpp:4424] key=concurrent_k_988, error=replica_not_ready
W1008 08:14:35.041867 76616 master_service.cpp:4424] key=concurrent_k_988, error=replica_not_ready
W1008 08:14:35.042307 76615 master_service.cpp:4424] key=concurrent_k_989, error=replica_not_ready
W1008 08:14:35.042997 76616 master_service.cpp:4424] key=concurrent_k_990, error=replica_not_ready
W1008 08:14:35.043059 76615 master_service.cpp:4424] key=concurrent_k_990, error=replica_not_ready
W1008 08:14:35.043069 76614 master_service.cpp:4424] key=concurrent_k_990, error=replica_not_ready
W1008 08:14:35.043524 76614 master_service.cpp:4424] key=concurrent_k_991, error=replica_not_ready
W1008 08:14:35.043524 76615 master_service.cpp:4424] key=concurrent_k_991, error=replica_not_ready
W1008 08:14:35.043960 76614 master_service.cpp:4424] key=concurrent_k_991, error=replica_not_ready
W1008 08:14:35.044255 76616 master_service.cpp:4424] key=concurrent_k_992, error=replica_not_ready
W1008 08:14:35.044441 76615 master_service.cpp:4424] key=concurrent_k_992, error=replica_not_ready
W1008 08:14:35.044482 76616 master_service.cpp:4424] key=concurrent_k_992, error=replica_not_ready
W1008 08:14:35.044854 76616 master_service.cpp:4424] key=concurrent_k_993, error=replica_not_ready
W1008 08:14:35.044914 76614 master_service.cpp:4424] key=concurrent_k_993, error=replica_not_ready
W1008 08:14:35.045035 76616 master_service.cpp:4424] key=concurrent_k_993, error=replica_not_ready
W1008 08:14:35.045311 76616 master_service.cpp:4424] key=concurrent_k_994, error=replica_not_ready
W1008 08:14:35.045401 76614 master_service.cpp:4424] key=concurrent_k_994, error=replica_not_ready
W1008 08:14:35.045683 76614 master_service.cpp:4424] key=concurrent_k_994, error=replica_not_ready
W1008 08:14:35.045847 76616 master_service.cpp:4424] key=concurrent_k_995, error=replica_not_ready
W1008 08:14:35.046100 76615 master_service.cpp:4424] key=concurrent_k_995, error=replica_not_ready
W1008 08:14:35.046617 76615 master_service.cpp:4424] key=concurrent_k_996, error=replica_not_ready
W1008 08:14:35.047179 76616 master_service.cpp:4424] key=concurrent_k_997, error=replica_not_ready
W1008 08:14:35.047308 76616 master_service.cpp:4424] key=concurrent_k_997, error=replica_not_ready
W1008 08:14:35.047381 76615 master_service.cpp:4424] key=concurrent_k_997, error=replica_not_ready
W1008 08:14:35.047693 76615 master_service.cpp:4424] key=concurrent_k_998, error=replica_not_ready
W1008 08:14:35.047741 76616 master_service.cpp:4424] key=concurrent_k_998, error=replica_not_ready
W1008 08:14:35.047951 76616 master_service.cpp:4424] key=concurrent_k_998, error=replica_not_ready
W1008 08:14:35.048170 76616 master_service.cpp:4424] key=concurrent_k_999, error=replica_not_ready
W1008 08:14:35.048362 76616 master_service.cpp:4424] key=concurrent_k_999, error=replica_not_ready
I1008 08:14:35.053620 76596 master_service.cpp:10619] [EVICT-TRIGGER] memory_ratio=0.914062 high_watermark=0.9 need_mem_eviction=0 eviction_ratio=0.05
I1008 08:14:35.056792 76596 master_service.cpp:12526] [EVICT-RESULT] evicted_count=30, eviction_base=468, actual_evict_ratio=0.0641026, target_evict_ratio=0.0640625
I1008 08:14:35.056833 76596 master_service.cpp:10630] [EVICT-DONE] BatchEvict execution completed.
I1008 08:14:35.522192 76604 master_admin_service.cpp:315] Master Admin Metrics: role=leader, state=serving, service_ready=true, master={Mem Storage: 438.00 MB / 512.00 MB (85.5%) | NVMe-oF SSD: 0 B / 0 B | SSD Storage: 1000.00 MB / infinite | Keys: 1000 (soft-pinned: 0) | Clients: 1 | Requests (Success/Total per sec): PutStart=100.00/400.79, PutEnd=199.99/199.99, PutRevoke=0.00/0.00, Get=49.10/299.99, Exist=0.00/0.00, Del=100.00/100.00, DelAll=0.00/0.00, Ping=1.00/1.00, CopyStart=0.00/0.00, CopyEnd=0.00/0.00, CopyRevoke=0.00/0.00, MoveStart=0.00/0.00, MoveEnd=0.00/0.00, MoveRevoke=0.00/0.00, EvictDiskReplica=0.00/0.00 | Batch Requests (per sec, Req=Success/PartialSuccess/Total, Item=Success/Total): PutStart:(Req=0.00/0.00/0.00, Item=0.00/0.00), PutEnd:(Req=0.00/0.00/0.00, Item=0.00/0.00), PutRevoke:(Req=0.00/0.00/0.00, Item=0.00/0.00), Get:(Req=3.00/0.00/3.00, Item=12.00/12.00), ExistKey:(Req=0.00/0.00/0.00, Item=0.00/0.00), QueryIp:(Req=0.00/0.00/0.00, Item=0.00/0.00), Clear:(Req=0.00/0.00/0.00, Item=0.00/0.00), CreateMoveTask:(Req=0.00/0.00), CreateCopyTask:(Req=0.00/0.00), QueryTask:(Req=0.00/0.00), FetchTasks:(Req=1.00/1.00), MarkTaskToComplete:(Req=0.00/0.00) | Eviction: Success/Attempts=38/38, AllocFail=8, PartialAlloc=0, keys=1121, size=1.09 GB | Mem Eviction: Success/Attempts=38/38, keys=1121, size=1.09 GB | NoF Eviction: Success/Attempts=0/0, keys=0, size=0 B | Discard: Released/Total=0/0, StagingSize=0 B | Promotion: in_flight=0, admitted=0, completed=0, failed=0, cancelled=0, expired=0, bytes=0 B, rejected(freq/wm/cap)=0/0/0 | Snapshots: Success=0, Fail=0}, ha={HA Metrics Summary: last_seq=0, applied_seq=0, lag=0, pending=0, mutation_queue=0, batch_commits=0, sync_commits=0, skipped=0, checksum_fail=0, etcd_fail=0, watch_disconn=0, state=0, writer_accepting=false, writer_retry_count=0, writer_retry_delay_ms=0, writer_waiting_slots=0, writer_committed_queue=0, writer_callback_queue=0, writer_durable_batch=0, writer_durable_seq=0, writer_last_error=0}
I1008 08:14:45.141865 76596 master_service.cpp:10619] [EVICT-TRIGGER] memory_ratio=0.902344 high_watermark=0.9 need_mem_eviction=0 eviction_ratio=0.05
I1008 08:14:45.145160 76596 master_service.cpp:12526] [EVICT-RESULT] evicted_count=25, eviction_base=462, actual_evict_ratio=0.0541126, target_evict_ratio=0.0523437
I1008 08:14:45.145200 76596 master_service.cpp:10630] [EVICT-DONE] BatchEvict execution completed.
I1008 08:14:45.265888 76596 master_service.cpp:10619] [EVICT-TRIGGER] memory_ratio=0.900391 high_watermark=0.9 need_mem_eviction=0 eviction_ratio=0.05
I1008 08:14:45.268921 76596 master_service.cpp:12526] [EVICT-RESULT] evicted_count=24, eviction_base=461, actual_evict_ratio=0.0520607, target_evict_ratio=0.0503906
I1008 08:14:45.268954 76596 master_service.cpp:10630] [EVICT-DONE] BatchEvict execution completed.
I1008 08:14:45.389626 76596 master_service.cpp:10619] [EVICT-TRIGGER] memory_ratio=0.900391 high_watermark=0.9 need_mem_eviction=0 eviction_ratio=0.05
I1008 08:14:45.392760 76596 master_service.cpp:12526] [EVICT-RESULT] evicted_count=24, eviction_base=461, actual_evict_ratio=0.0520607, target_evict_ratio=0.0503906
I1008 08:14:45.392797 76596 master_service.cpp:10630] [EVICT-DONE] BatchEvict execution completed.
I1008 08:14:45.513473 76596 master_service.cpp:10619] [EVICT-TRIGGER] memory_ratio=0.900391 high_watermark=0.9 need_mem_eviction=0 eviction_ratio=0.05
I1008 08:14:45.516538 76596 master_service.cpp:12526] [EVICT-RESULT] evicted_count=24, eviction_base=461, actual_evict_ratio=0.0520607, target_evict_ratio=0.0503906
I1008 08:14:45.516570 76596 master_service.cpp:10630] [EVICT-DONE] BatchEvict execution completed.
I1008 08:14:45.522487 76604 master_admin_service.cpp:315] Master Admin Metrics: role=leader, state=serving, service_ready=true, master={Mem Storage: 439.00 MB / 512.00 MB (85.7%) | NVMe-oF SSD: 0 B / 0 B | SSD Storage: 536.00 MB / infinite | Keys: 536 (soft-pinned: 0) | Clients: 1 | Requests (Success/Total per sec): PutStart=53.60/53.60, PutEnd=107.20/107.20, PutRevoke=0.00/0.00, Get=399.99/399.99, Exist=0.00/0.00, Del=100.00/100.00, DelAll=0.00/0.00, Ping=1.00/1.00, CopyStart=0.00/0.00, CopyEnd=0.00/0.00, CopyRevoke=0.00/0.00, MoveStart=0.00/0.00, MoveEnd=0.00/0.00, MoveRevoke=0.00/0.00, EvictDiskReplica=0.00/0.00 | Batch Requests (per sec, Req=Success/PartialSuccess/Total, Item=Success/Total): PutStart:(Req=0.00/0.00/0.00, Item=0.00/0.00), PutEnd:(Req=0.00/0.00/0.00, Item=0.00/0.00), PutRevoke:(Req=0.00/0.00/0.00, Item=0.00/0.00), Get:(Req=0.00/0.00/0.00, Item=0.00/0.00), ExistKey:(Req=0.00/0.00/0.00, Item=0.00/0.00), QueryIp:(Req=0.00/0.00/0.00, Item=0.00/0.00), Clear:(Req=0.00/0.00/0.00, Item=0.00/0.00), CreateMoveTask:(Req=0.00/0.00), CreateCopyTask:(Req=0.00/0.00), QueryTask:(Req=0.00/0.00), FetchTasks:(Req=1.00/1.00), MarkTaskToComplete:(Req=0.00/0.00) | Eviction: Success/Attempts=42/42, AllocFail=0, PartialAlloc=0, keys=1218, size=1.19 GB | Mem Eviction: Success/Attempts=42/42, keys=1218, size=1.19 GB | NoF Eviction: Success/Attempts=0/0, keys=0, size=0 B | Discard: Released/Total=0/0, StagingSize=0 B | Promotion: in_flight=0, admitted=0, completed=0, failed=0, cancelled=0, expired=0, bytes=0 B, rejected(freq/wm/cap)=0/0/0 | Snapshots: Success=0, Fail=0}, ha={HA Metrics Summary: last_seq=0, applied_seq=0, lag=0, pending=0, mutation_queue=0, batch_commits=0, sync_commits=0, skipped=0, checksum_fail=0, etcd_fail=0, watch_disconn=0, state=0, writer_accepting=false, writer_retry_count=0, writer_retry_delay_ms=0, writer_waiting_slots=0, writer_committed_queue=0, writer_callback_queue=0, writer_durable_batch=0, writer_durable_seq=0, writer_last_error=0}
I1008 08:14:45.637231 76596 master_service.cpp:10619] [EVICT-TRIGGER] memory_ratio=0.900391 high_watermark=0.9 need_mem_eviction=0 eviction_ratio=0.05
I1008 08:14:45.640424 76596 master_service.cpp:12526] [EVICT-RESULT] evicted_count=24, eviction_base=461, actual_evict_ratio=0.0520607, target_evict_ratio=0.0503906
I1008 08:14:45.640461 76596 master_service.cpp:10630] [EVICT-DONE] BatchEvict execution completed.
I1008 08:14:45.761117 76596 master_service.cpp:10619] [EVICT-TRIGGER] memory_ratio=0.900391 high_watermark=0.9 need_mem_eviction=0 eviction_ratio=0.05
I1008 08:14:45.764478 76596 master_service.cpp:12526] [EVICT-RESULT] evicted_count=24, eviction_base=461, actual_evict_ratio=0.0520607, target_evict_ratio=0.0503906
I1008 08:14:45.764513 76596 master_service.cpp:10630] [EVICT-DONE] BatchEvict execution completed.
I1008 08:14:45.895254 76596 master_service.cpp:10619] [EVICT-TRIGGER] memory_ratio=0.902344 high_watermark=0.9 need_mem_eviction=0 eviction_ratio=0.05
I1008 08:14:45.898187 76596 master_service.cpp:12526] [EVICT-RESULT] evicted_count=25, eviction_base=462, actual_evict_ratio=0.0541126, target_evict_ratio=0.0523437
I1008 08:14:45.898221 76596 master_service.cpp:10630] [EVICT-DONE] BatchEvict execution completed.
I1008 08:14:46.018896 76596 master_service.cpp:10619] [EVICT-TRIGGER] memory_ratio=0.900391 high_watermark=0.9 need_mem_eviction=0 eviction_ratio=0.05
I1008 08:14:46.021903 76596 master_service.cpp:12526] [EVICT-RESULT] evicted_count=24, eviction_base=461, actual_evict_ratio=0.0520607, target_evict_ratio=0.0503906
I1008 08:14:46.021937 76596 master_service.cpp:10630] [EVICT-DONE] BatchEvict execution completed.
I1008 08:14:46.142609 76596 master_service.cpp:10619] [EVICT-TRIGGER] memory_ratio=0.900391 high_watermark=0.9 need_mem_eviction=0 eviction_ratio=0.05
I1008 08:14:46.145617 76596 master_service.cpp:12526] [EVICT-RESULT] evicted_count=24, eviction_base=461, actual_evict_ratio=0.0520607, target_evict_ratio=0.0503906
I1008 08:14:46.145651 76596 master_service.cpp:10630] [EVICT-DONE] BatchEvict execution completed.
I1008 08:14:46.276384 76596 master_service.cpp:10619] [EVICT-TRIGGER] memory_ratio=0.902344 high_watermark=0.9 need_mem_eviction=0 eviction_ratio=0.05
I1008 08:14:46.279560 76596 master_service.cpp:12526] [EVICT-RESULT] evicted_count=25, eviction_base=462, actual_evict_ratio=0.0541126, target_evict_ratio=0.0523437
I1008 08:14:46.279594 76596 master_service.cpp:10630] [EVICT-DONE] BatchEvict execution completed.
I1008 08:14:46.400272 76596 master_service.cpp:10619] [EVICT-TRIGGER] memory_ratio=0.900391 high_watermark=0.9 need_mem_eviction=0 eviction_ratio=0.05
I1008 08:14:46.403332 76596 master_service.cpp:12526] [EVICT-RESULT] evicted_count=24, eviction_base=461, actual_evict_ratio=0.0520607, target_evict_ratio=0.0503906
I1008 08:14:46.403367 76596 master_service.cpp:10630] [EVICT-DONE] BatchEvict execution completed.
I1008 08:14:46.524040 76596 master_service.cpp:10619] [EVICT-TRIGGER] memory_ratio=0.900391 high_watermark=0.9 need_mem_eviction=0 eviction_ratio=0.05
I1008 08:14:46.527050 76596 master_service.cpp:12526] [EVICT-RESULT] evicted_count=24, eviction_base=461, actual_evict_ratio=0.0520607, target_evict_ratio=0.0503906
I1008 08:14:46.527084 76596 master_service.cpp:10630] [EVICT-DONE] BatchEvict execution completed.
I1008 08:14:46.647756 76596 master_service.cpp:10619] [EVICT-TRIGGER] memory_ratio=0.900391 high_watermark=0.9 need_mem_eviction=0 eviction_ratio=0.05
I1008 08:14:46.650724 76596 master_service.cpp:12526] [EVICT-RESULT] evicted_count=24, eviction_base=461, actual_evict_ratio=0.0520607, target_evict_ratio=0.0503906
I1008 08:14:46.650760 76596 master_service.cpp:10630] [EVICT-DONE] BatchEvict execution completed.
I1008 08:14:46.771436 76596 master_service.cpp:10619] [EVICT-TRIGGER] memory_ratio=0.900391 high_watermark=0.9 need_mem_eviction=0 eviction_ratio=0.05
I1008 08:14:46.774405 76596 master_service.cpp:12526] [EVICT-RESULT] evicted_count=24, eviction_base=461, actual_evict_ratio=0.0520607, target_evict_ratio=0.0503906
I1008 08:14:46.774435 76596 master_service.cpp:10630] [EVICT-DONE] BatchEvict execution completed.
I1008 08:14:46.895098 76596 master_service.cpp:10619] [EVICT-TRIGGER] memory_ratio=0.900391 high_watermark=0.9 need_mem_eviction=0 eviction_ratio=0.05
I1008 08:14:46.898100 76596 master_service.cpp:12526] [EVICT-RESULT] evicted_count=24, eviction_base=461, actual_evict_ratio=0.0520607, target_evict_ratio=0.0503906
I1008 08:14:46.898136 76596 master_service.cpp:10630] [EVICT-DONE] BatchEvict execution completed.
I1008 08:14:47.018800 76596 master_service.cpp:10619] [EVICT-TRIGGER] memory_ratio=0.900391 high_watermark=0.9 need_mem_eviction=0 eviction_ratio=0.05
I1008 08:14:47.021770 76596 master_service.cpp:12526] [EVICT-RESULT] evicted_count=24, eviction_base=461, actual_evict_ratio=0.0520607, target_evict_ratio=0.0503906
I1008 08:14:47.021801 76596 master_service.cpp:10630] [EVICT-DONE] BatchEvict execution completed.
I1008 08:14:47.142473 76596 master_service.cpp:10619] [EVICT-TRIGGER] memory_ratio=0.900391 high_watermark=0.9 need_mem_eviction=0 eviction_ratio=0.05
I1008 08:14:47.145419 76596 master_service.cpp:12526] [EVICT-RESULT] evicted_count=24, eviction_base=461, actual_evict_ratio=0.0520607, target_evict_ratio=0.0503906
I1008 08:14:47.145452 76596 master_service.cpp:10630] [EVICT-DONE] BatchEvict execution completed.
I1008 08:14:47.266111 76596 master_service.cpp:10619] [EVICT-TRIGGER] memory_ratio=0.900391 high_watermark=0.9 need_mem_eviction=0 eviction_ratio=0.05
I1008 08:14:47.269073 76596 master_service.cpp:12526] [EVICT-RESULT] evicted_count=24, eviction_base=462, actual_evict_ratio=0.0519481, target_evict_ratio=0.0503906
I1008 08:14:47.269106 76596 master_service.cpp:10630] [EVICT-DONE] BatchEvict execution completed.
I1008 08:14:47.389765 76596 master_service.cpp:10619] [EVICT-TRIGGER] memory_ratio=0.902344 high_watermark=0.9 need_mem_eviction=0 eviction_ratio=0.05
I1008 08:14:47.392692 76596 master_service.cpp:12526] [EVICT-RESULT] evicted_count=25, eviction_base=462, actual_evict_ratio=0.0541126, target_evict_ratio=0.0523437
I1008 08:14:47.392725 76596 master_service.cpp:10630] [EVICT-DONE] BatchEvict execution completed.
I1008 08:14:47.513386 76596 master_service.cpp:10619] [EVICT-TRIGGER] memory_ratio=0.900391 high_watermark=0.9 need_mem_eviction=0 eviction_ratio=0.05
I1008 08:14:47.516366 76596 master_service.cpp:12526] [EVICT-RESULT] evicted_count=24, eviction_base=461, actual_evict_ratio=0.0520607, target_evict_ratio=0.0503906
I1008 08:14:47.516399 76596 master_service.cpp:10630] [EVICT-DONE] BatchEvict execution completed.
I1008 08:14:47.637060 76596 master_service.cpp:10619] [EVICT-TRIGGER] memory_ratio=0.900391 high_watermark=0.9 need_mem_eviction=0 eviction_ratio=0.05
I1008 08:14:47.640034 76596 master_service.cpp:12526] [EVICT-RESULT] evicted_count=24, eviction_base=461, actual_evict_ratio=0.0520607, target_evict_ratio=0.0503906
I1008 08:14:47.640071 76596 master_service.cpp:10630] [EVICT-DONE] BatchEvict execution completed.
I1008 08:14:47.760735 76596 master_service.cpp:10619] [EVICT-TRIGGER] memory_ratio=0.900391 high_watermark=0.9 need_mem_eviction=0 eviction_ratio=0.05
I1008 08:14:47.763747 76596 master_service.cpp:12526] [EVICT-RESULT] evicted_count=24, eviction_base=461, actual_evict_ratio=0.0520607, target_evict_ratio=0.0503906
I1008 08:14:47.763782 76596 master_service.cpp:10630] [EVICT-DONE] BatchEvict execution completed.
I1008 08:14:47.884444 76596 master_service.cpp:10619] [EVICT-TRIGGER] memory_ratio=0.900391 high_watermark=0.9 need_mem_eviction=0 eviction_ratio=0.05
I1008 08:14:47.887506 76596 master_service.cpp:12526] [EVICT-RESULT] evicted_count=24, eviction_base=461, actual_evict_ratio=0.0520607, target_evict_ratio=0.0503906
I1008 08:14:47.887540 76596 master_service.cpp:10630] [EVICT-DONE] BatchEvict execution completed.
I1008 08:14:55.522842 76604 master_admin_service.cpp:315] Master Admin Metrics: role=leader, state=serving, service_ready=true, master={Mem Storage: 0 B / 512.00 MB (0.0%) | NVMe-oF SSD: 0 B / 0 B | SSD Storage: 0 B / infinite | Keys: 0 (soft-pinned: 0) | Clients: 1 | Requests (Success/Total per sec): PutStart=46.40/46.40, PutEnd=92.80/92.80, PutRevoke=0.00/0.00, Get=100.00/100.00, Exist=0.00/0.00, Del=100.00/100.00, DelAll=0.00/0.00, Ping=1.00/1.00, CopyStart=0.00/0.00, CopyEnd=0.00/0.00, CopyRevoke=0.00/0.00, MoveStart=0.00/0.00, MoveEnd=0.00/0.00, MoveRevoke=0.00/0.00, EvictDiskReplica=0.00/0.00 | Batch Requests (per sec, Req=Success/PartialSuccess/Total, Item=Success/Total): PutStart:(Req=0.00/0.00/0.00, Item=0.00/0.00), PutEnd:(Req=0.00/0.00/0.00, Item=0.00/0.00), PutRevoke:(Req=0.00/0.00/0.00, Item=0.00/0.00), Get:(Req=0.00/0.00/0.00, Item=0.00/0.00), ExistKey:(Req=0.00/0.00/0.00, Item=0.00/0.00), QueryIp:(Req=0.00/0.00/0.00, Item=0.00/0.00), Clear:(Req=0.00/0.00/0.00, Item=0.00/0.00), CreateMoveTask:(Req=0.00/0.00), CreateCopyTask:(Req=0.00/0.00), QueryTask:(Req=0.00/0.00), FetchTasks:(Req=1.00/1.00), MarkTaskToComplete:(Req=0.00/0.00) | Eviction: Success/Attempts=61/61, AllocFail=0, PartialAlloc=0, keys=1677, size=1.64 GB | Mem Eviction: Success/Attempts=61/61, keys=1677, size=1.64 GB | NoF Eviction: Success/Attempts=0/0, keys=0, size=0 B | Discard: Released/Total=0/0, StagingSize=0 B | Promotion: in_flight=0, admitted=0, completed=0, failed=0, cancelled=0, expired=0, bytes=0 B, rejected(freq/wm/cap)=0/0/0 | Snapshots: Success=0, Fail=0}, ha={HA Metrics Summary: last_seq=0, applied_seq=0, lag=0, pending=0, mutation_queue=0, batch_commits=0, sync_commits=0, skipped=0, checksum_fail=0, etcd_fail=0, watch_disconn=0, state=0, writer_accepting=false, writer_retry_count=0, writer_retry_delay_ms=0, writer_waiting_slots=0, writer_committed_queue=0, writer_callback_queue=0, writer_durable_batch=0, writer_durable_seq=0, writer_last_error=0}
I1008 08:14:56.563630 76592 master.cpp:1857] Shutdown signal received, exiting gracefully
I1008 08:14:56.564111 76598 master_service.cpp:3119] Task cleanup thread stopped
I1008 08:14:57.522256 76595 client_offboarding.cpp:163] Client offboarding worker stopped
=== promotion ===
WARNING: Logging before InitGoogleLogging() is written to STDERR
I1008 08:14:57.543781 78817 master.cpp:1548] Mooncake master version: 0.3.13 (git: af797e8e9)
I1008 08:14:57.544009 78817 master.cpp:1683] Master service started on port 50051, max_threads=16, enable_metric_reporting=1, metrics_port=9003, metrics_host=<ip>, default_kv_lease_ttl=500, default_kv_soft_pin_ttl=1800000, max_kv_soft_pin_ttl=86400000, allow_evict_soft_pinned_objects=1, eviction_ratio=0.05, eviction_high_watermark_ratio=0.9, tenant_eviction_high_watermark_ratio=0.9, enable_ha=0, enable_oplog=0, weight_management_oplog_capability_confirmed=0, enable_oplog_snapshot=0, snapshot_chunk_object_count=1000000, enable_offload=1, enable_kv_events=0, kv_events_bind_endpoint=, kv_events_backend_id=, offload_on_evict=1, offload_force_evict=0, offloading_queue_limit=50000, offload_cap_ratio=0.5, ha_backend_type=etcd, ha_backend_connstring=, etcd_endpoints=, client_active_ttl_sec=10, client_suspicion_ttl_sec=20, rpc_thread_num=16, rpc_port=50051, rpc_address=<ip>, rpc_interface=, rpc_conn_timeout_seconds=0, rpc_enable_tcp_no_delay=1, rpc protocol=tcp, cluster_id=mooncake_cluster, root_fs_dir=/tmp/mooncake_ci_promotion, global_file_segment_size=9223372036854775807, memory_allocator=offset, enable_http_metadata_server=0, http_metadata_server_port=8080, http_metadata_server_host=<ip>, enable_metadata_cleanup_on_timeout=0, put_start_discard_timeout_sec=30, put_start_release_timeout_sec=600, max_total_finished_tasks=10000, max_total_pending_tasks=10000, max_total_processing_tasks=10000, pending_task_timeout_sec=300, processing_task_timeout_sec=300, enable_snapshot=0, enable_snapshot_restore=0, snapshot_interval_seconds=600, snapshot_backup_dir=, snapshot_object_store_type=, snapshot_catalog_store_type=, snapshot_retention_count=2, max_retry_attempts=10, enable_cxl=0, cxl_path=/dev/dax0.0, cxl_size=8589934592
I1008 08:14:57.544446 78817 master_service.cpp:381] Offload-on-evict mode enabled: DRAM offload to LOCAL_DISK will occur at eviction time instead of PutEnd
I1008 08:14:57.544472 78817 master_service.cpp:422] Promotion-on-hit mode enabled: LOCAL_DISK-only Gets will queue async promotion to MEMORY (threshold=1, queue_limit=50000, max_per_heartbeat=16)
I1008 08:14:57.544622 78820 client_offboarding.cpp:94] Client offboarding worker started
I1008 08:14:57.544842 78823 master_service.cpp:3096] Task cleanup thread started
I1008 08:14:57.547299 78817 master_admin_service.cpp:324] Master admin server started on port 9003
I1008 08:14:57.547686 78829 master_admin_service.cpp:315] Master Admin Metrics: role=leader, state=serving, service_ready=false, master={Mem Storage: 0 B / 0 B | NVMe-oF SSD: 0 B / 0 B | SSD Storage: 0 B / infinite | Keys: 0 (soft-pinned: 0) | Clients: 0 | Requests (Success/Total per sec): PutStart=0.00/0.00, PutEnd=0.00/0.00, PutRevoke=0.00/0.00, Get=0.00/0.00, Exist=0.00/0.00, Del=0.00/0.00, DelAll=0.00/0.00, Ping=0.00/0.00, CopyStart=0.00/0.00, CopyEnd=0.00/0.00, CopyRevoke=0.00/0.00, MoveStart=0.00/0.00, MoveEnd=0.00/0.00, MoveRevoke=0.00/0.00, EvictDiskReplica=0.00/0.00 | Batch Requests (per sec, Req=Success/PartialSuccess/Total, Item=Success/Total): PutStart:(Req=0.00/0.00/0.00, Item=0.00/0.00), PutEnd:(Req=0.00/0.00/0.00, Item=0.00/0.00), PutRevoke:(Req=0.00/0.00/0.00, Item=0.00/0.00), Get:(Req=0.00/0.00/0.00, Item=0.00/0.00), ExistKey:(Req=0.00/0.00/0.00, Item=0.00/0.00), QueryIp:(Req=0.00/0.00/0.00, Item=0.00/0.00), Clear:(Req=0.00/0.00/0.00, Item=0.00/0.00), CreateMoveTask:(Req=0.00/0.00), CreateCopyTask:(Req=0.00/0.00), QueryTask:(Req=0.00/0.00), FetchTasks:(Req=0.00/0.00), MarkTaskToComplete:(Req=0.00/0.00) | Eviction: Success/Attempts=0/0, AllocFail=0, PartialAlloc=0, keys=0, size=0 B | Mem Eviction: Success/Attempts=0/0, keys=0, size=0 B | NoF Eviction: Success/Attempts=0/0, keys=0, size=0 B | Discard: Released/Total=0/0, StagingSize=0 B | Promotion: in_flight=0, admitted=0, completed=0, failed=0, cancelled=0, expired=0, bytes=0 B, rejected(freq/wm/cap)=0/0/0 | Snapshots: Success=0, Fail=0}, ha={HA Metrics Summary: last_seq=0, applied_seq=0, lag=0, pending=0, mutation_queue=0, batch_commits=0, sync_commits=0, skipped=0, checksum_fail=0, etcd_fail=0, watch_disconn=0, state=0, writer_accepting=false, writer_retry_count=0, writer_retry_delay_ms=0, writer_waiting_slots=0, writer_committed_queue=0, writer_callback_queue=0, writer_durable_batch=0, writer_durable_seq=0, writer_last_error=0}
I1008 08:14:57.760092 78836 master_service.cpp:914] client_id=11623063803435626847-2189448205983922054, action=mount_segment, segment_name=localhost:12845
W1008 08:14:57.761241 78836 segment.cpp:333] segment_name=localhost:12845, warn=segment_already_exists
I1008 08:14:57.944108 78837 rpc_service.cpp:1613] Mount local disk segment with client id is : 11623063803435626847-2189448205983922054, enable offloading is: 1
I1008 08:15:07.548004 78829 master_admin_service.cpp:315] Master Admin Metrics: role=leader, state=serving, service_ready=true, master={Mem Storage: 16.00 KB / 32.00 MB (0.0%) | NVMe-oF SSD: 0 B / 0 B | SSD Storage: 16.00 KB / 2.00 TB | Keys: 16 (soft-pinned: 0) | Clients: 1 | Requests (Success/Total per sec): PutStart=1.60/1.60, PutEnd=3.20/3.20, PutRevoke=0.00/0.00, Get=0.00/0.00, Exist=0.00/0.00, Del=0.00/0.00, DelAll=0.00/0.00, Ping=1.00/1.00, CopyStart=0.00/0.00, CopyEnd=0.00/0.00, CopyRevoke=0.00/0.00, MoveStart=0.00/0.00, MoveEnd=0.00/0.00, MoveRevoke=0.00/0.00, EvictDiskReplica=0.00/0.00 | Batch Requests (per sec, Req=Success/PartialSuccess/Total, Item=Success/Total): PutStart:(Req=0.00/0.00/0.00, Item=0.00/0.00), PutEnd:(Req=0.00/0.00/0.00, Item=0.00/0.00), PutRevoke:(Req=0.00/0.00/0.00, Item=0.00/0.00), Get:(Req=0.00/0.00/0.00, Item=0.00/0.00), ExistKey:(Req=0.00/0.00/0.00, Item=0.00/0.00), QueryIp:(Req=0.00/0.00/0.00, Item=0.00/0.00), Clear:(Req=0.00/0.00/0.00, Item=0.00/0.00), CreateMoveTask:(Req=0.00/0.00), CreateCopyTask:(Req=0.00/0.00), QueryTask:(Req=0.00/0.00), FetchTasks:(Req=1.00/1.00), MarkTaskToComplete:(Req=0.00/0.00) | Eviction: Success/Attempts=0/0, AllocFail=0, PartialAlloc=0, keys=0, size=0 B | Mem Eviction: Success/Attempts=0/0, keys=0, size=0 B | NoF Eviction: Success/Attempts=0/0, keys=0, size=0 B | Discard: Released/Total=0/0, StagingSize=0 B | Promotion: in_flight=0, admitted=0, completed=0, failed=0, cancelled=0, expired=0, bytes=0 B, rejected(freq/wm/cap)=0/0/0 | Snapshots: Success=0, Fail=0}, ha={HA Metrics Summary: last_seq=0, applied_seq=0, lag=0, pending=0, mutation_queue=0, batch_commits=0, sync_commits=0, skipped=0, checksum_fail=0, etcd_fail=0, watch_disconn=0, state=0, writer_accepting=false, writer_retry_count=0, writer_retry_delay_ms=0, writer_waiting_slots=0, writer_committed_queue=0, writer_callback_queue=0, writer_durable_batch=0, writer_durable_seq=0, writer_last_error=0}
I1008 08:15:17.548352 78829 master_admin_service.cpp:315] Master Admin Metrics: role=leader, state=serving, service_ready=true, master={Mem Storage: 16.00 KB / 32.00 MB (0.0%) | NVMe-oF SSD: 0 B / 0 B | SSD Storage: 16.00 KB / 2.00 TB | Keys: 16 (soft-pinned: 0) | Clients: 1 | Requests (Success/Total per sec): PutStart=0.00/0.00, PutEnd=0.00/0.00, PutRevoke=0.00/0.00, Get=0.00/0.00, Exist=0.00/0.00, Del=0.00/0.00, DelAll=0.00/0.00, Ping=1.00/1.00, CopyStart=0.00/0.00, CopyEnd=0.00/0.00, CopyRevoke=0.00/0.00, MoveStart=0.00/0.00, MoveEnd=0.00/0.00, MoveRevoke=0.00/0.00, EvictDiskReplica=0.00/0.00 | Batch Requests (per sec, Req=Success/PartialSuccess/Total, Item=Success/Total): PutStart:(Req=0.00/0.00/0.00, Item=0.00/0.00), PutEnd:(Req=0.00/0.00/0.00, Item=0.00/0.00), PutRevoke:(Req=0.00/0.00/0.00, Item=0.00/0.00), Get:(Req=0.00/0.00/0.00, Item=0.00/0.00), ExistKey:(Req=0.00/0.00/0.00, Item=0.00/0.00), QueryIp:(Req=0.00/0.00/0.00, Item=0.00/0.00), Clear:(Req=0.00/0.00/0.00, Item=0.00/0.00), CreateMoveTask:(Req=0.00/0.00), CreateCopyTask:(Req=0.00/0.00), QueryTask:(Req=0.00/0.00), FetchTasks:(Req=1.00/1.00), MarkTaskToComplete:(Req=0.00/0.00) | Eviction: Success/Attempts=0/0, AllocFail=0, PartialAlloc=0, keys=0, size=0 B | Mem Eviction: Success/Attempts=0/0, keys=0, size=0 B | NoF Eviction: Success/Attempts=0/0, keys=0, size=0 B | Discard: Released/Total=0/0, StagingSize=0 B | Promotion: in_flight=0, admitted=0, completed=0, failed=0, cancelled=0, expired=0, bytes=0 B, rejected(freq/wm/cap)=0/0/0 | Snapshots: Success=0, Fail=0}, ha={HA Metrics Summary: last_seq=0, applied_seq=0, lag=0, pending=0, mutation_queue=0, batch_commits=0, sync_commits=0, skipped=0, checksum_fail=0, etcd_fail=0, watch_disconn=0, state=0, writer_accepting=false, writer_retry_count=0, writer_retry_delay_ms=0, writer_waiting_slots=0, writer_committed_queue=0, writer_callback_queue=0, writer_durable_batch=0, writer_durable_seq=0, writer_last_error=0}
I1008 08:15:27.548722 78829 master_admin_service.cpp:315] Master Admin Metrics: role=leader, state=serving, service_ready=true, master={Mem Storage: 16.00 KB / 32.00 MB (0.0%) | NVMe-oF SSD: 0 B / 0 B | SSD Storage: 16.00 KB / 2.00 TB | Keys: 16 (soft-pinned: 0) | Clients: 1 | Requests (Success/Total per sec): PutStart=0.00/0.00, PutEnd=0.00/0.00, PutRevoke=0.00/0.00, Get=0.00/0.00, Exist=0.00/0.00, Del=0.00/1.60, DelAll=0.00/0.00, Ping=1.00/1.00, CopyStart=0.00/0.00, CopyEnd=0.00/0.00, CopyRevoke=0.00/0.00, MoveStart=0.00/0.00, MoveEnd=0.00/0.00, MoveRevoke=0.00/0.00, EvictDiskReplica=0.00/0.00 | Batch Requests (per sec, Req=Success/PartialSuccess/Total, Item=Success/Total): PutStart:(Req=0.00/0.00/0.00, Item=0.00/0.00), PutEnd:(Req=0.00/0.00/0.00, Item=0.00/0.00), PutRevoke:(Req=0.00/0.00/0.00, Item=0.00/0.00), Get:(Req=0.10/0.00/0.10, Item=1.60/1.60), ExistKey:(Req=0.00/0.00/0.00, Item=0.00/0.00), QueryIp:(Req=0.00/0.00/0.00, Item=0.00/0.00), Clear:(Req=0.00/0.00/0.00, Item=0.00/0.00), CreateMoveTask:(Req=0.00/0.00), CreateCopyTask:(Req=0.00/0.00), QueryTask:(Req=0.00/0.00), FetchTasks:(Req=1.00/1.00), MarkTaskToComplete:(Req=0.00/0.00) | Eviction: Success/Attempts=0/0, AllocFail=0, PartialAlloc=0, keys=0, size=0 B | Mem Eviction: Success/Attempts=0/0, keys=0, size=0 B | NoF Eviction: Success/Attempts=0/0, keys=0, size=0 B | Discard: Released/Total=0/0, StagingSize=0 B | Promotion: in_flight=0, admitted=0, completed=0, failed=0, cancelled=0, expired=0, bytes=0 B, rejected(freq/wm/cap)=0/0/0 | Snapshots: Success=0, Fail=0}, ha={HA Metrics Summary: last_seq=0, applied_seq=0, lag=0, pending=0, mutation_queue=0, batch_commits=0, sync_commits=0, skipped=0, checksum_fail=0, etcd_fail=0, watch_disconn=0, state=0, writer_accepting=false, writer_retry_count=0, writer_retry_delay_ms=0, writer_waiting_slots=0, writer_committed_queue=0, writer_callback_queue=0, writer_durable_batch=0, writer_durable_seq=0, writer_last_error=0}
I1008 08:15:29.505865 78838 master_service.cpp:914] client_id=1821915812687701243-8753362617381302697, action=mount_segment, segment_name=localhost:14036
W1008 08:15:29.506618 78837 segment.cpp:333] segment_name=localhost:14036, warn=segment_already_exists
I1008 08:15:29.690222 78837 rpc_service.cpp:1613] Mount local disk segment with client id is : 1821915812687701243-8753362617381302697, enable offloading is: 1
I1008 08:15:29.841328 78821 master_service.cpp:10619] [EVICT-TRIGGER] memory_ratio=0.9375 high_watermark=0.9 need_mem_eviction=0 eviction_ratio=0.05
I1008 08:15:29.846640 78821 master_service.cpp:12526] [EVICT-RESULT] evicted_count=0, eviction_base=30, actual_evict_ratio=0, target_evict_ratio=0.0875
W1008 08:15:29.846676 78821 master_service.cpp:12534] [EVICT] No memory freed this cycle; 30 objects deferred for disk offload. Consider lowering eviction_high_watermark_ratio.
I1008 08:15:29.846689 78821 master_service.cpp:10630] [EVICT-DONE] BatchEvict execution completed.
I1008 08:15:29.856751 78821 master_service.cpp:10619] [EVICT-TRIGGER] memory_ratio=1 high_watermark=0.9 need_mem_eviction=1 eviction_ratio=0.05
I1008 08:15:29.860795 78821 master_service.cpp:12526] [EVICT-RESULT] evicted_count=0, eviction_base=2, actual_evict_ratio=0, target_evict_ratio=0.15
W1008 08:15:29.860824 78821 master_service.cpp:12534] [EVICT] No memory freed this cycle; 2 objects deferred for disk offload. Consider lowering eviction_high_watermark_ratio.
I1008 08:15:29.860831 78821 master_service.cpp:10630] [EVICT-DONE] BatchEvict execution completed.
I1008 08:15:29.870911 78821 master_service.cpp:10619] [EVICT-TRIGGER] memory_ratio=1 high_watermark=0.9 need_mem_eviction=1 eviction_ratio=0.05
I1008 08:15:29.872265 78821 master_service.cpp:10630] [EVICT-DONE] BatchEvict execution completed.
I1008 08:15:29.882340 78821 master_service.cpp:10619] [EVICT-TRIGGER] memory_ratio=1 high_watermark=0.9 need_mem_eviction=1 eviction_ratio=0.05
I1008 08:15:29.883790 78821 master_service.cpp:10630] [EVICT-DONE] BatchEvict execution completed.
I1008 08:15:29.893865 78821 master_service.cpp:10619] [EVICT-TRIGGER] memory_ratio=1 high_watermark=0.9 need_mem_eviction=1 eviction_ratio=0.05
I1008 08:15:29.895264 78821 master_service.cpp:10630] [EVICT-DONE] BatchEvict execution completed.
I1008 08:15:29.905346 78821 master_service.cpp:10619] [EVICT-TRIGGER] memory_ratio=1 high_watermark=0.9 need_mem_eviction=1 eviction_ratio=0.05
I1008 08:15:29.906807 78821 master_service.cpp:10630] [EVICT-DONE] BatchEvict execution completed.
I1008 08:15:29.916893 78821 master_service.cpp:10619] [EVICT-TRIGGER] memory_ratio=1 high_watermark=0.9 need_mem_eviction=1 eviction_ratio=0.05
I1008 08:15:29.918808 78821 master_service.cpp:10630] [EVICT-DONE] BatchEvict execution completed.
I1008 08:15:29.928889 78821 master_service.cpp:10619] [EVICT-TRIGGER] memory_ratio=1 high_watermark=0.9 need_mem_eviction=1 eviction_ratio=0.05
I1008 08:15:29.930222 78821 master_service.cpp:10630] [EVICT-DONE] BatchEvict execution completed.
I1008 08:15:29.940297 78821 master_service.cpp:10619] [EVICT-TRIGGER] memory_ratio=1 high_watermark=0.9 need_mem_eviction=1 eviction_ratio=0.05
I1008 08:15:29.941627 78821 master_service.cpp:10630] [EVICT-DONE] BatchEvict execution completed.
I1008 08:15:29.951702 78821 master_service.cpp:10619] [EVICT-TRIGGER] memory_ratio=1 high_watermark=0.9 need_mem_eviction=1 eviction_ratio=0.05
I1008 08:15:29.953035 78821 master_service.cpp:10630] [EVICT-DONE] BatchEvict execution completed.
I1008 08:15:29.963109 78821 master_service.cpp:10619] [EVICT-TRIGGER] memory_ratio=1 high_watermark=0.9 need_mem_eviction=1 eviction_ratio=0.05
I1008 08:15:29.964453 78821 master_service.cpp:10630] [EVICT-DONE] BatchEvict execution completed.
I1008 08:15:29.974529 78821 master_service.cpp:10619] [EVICT-TRIGGER] memory_ratio=1 high_watermark=0.9 need_mem_eviction=1 eviction_ratio=0.05
I1008 08:15:29.975965 78821 master_service.cpp:10630] [EVICT-DONE] BatchEvict execution completed.
I1008 08:15:29.986042 78821 master_service.cpp:10619] [EVICT-TRIGGER] memory_ratio=1 high_watermark=0.9 need_mem_eviction=1 eviction_ratio=0.05
I1008 08:15:29.987465 78821 master_service.cpp:10630] [EVICT-DONE] BatchEvict execution completed.
I1008 08:15:29.997541 78821 master_service.cpp:10619] [EVICT-TRIGGER] memory_ratio=1 high_watermark=0.9 need_mem_eviction=1 eviction_ratio=0.05
I1008 08:15:29.998924 78821 master_service.cpp:10630] [EVICT-DONE] BatchEvict execution completed.
I1008 08:15:30.009001 78821 master_service.cpp:10619] [EVICT-TRIGGER] memory_ratio=1 high_watermark=0.9 need_mem_eviction=1 eviction_ratio=0.05
I1008 08:15:30.010380 78821 master_service.cpp:10630] [EVICT-DONE] BatchEvict execution completed.
I1008 08:15:30.020454 78821 master_service.cpp:10619] [EVICT-TRIGGER] memory_ratio=1 high_watermark=0.9 need_mem_eviction=1 eviction_ratio=0.05
I1008 08:15:30.021829 78821 master_service.cpp:10630] [EVICT-DONE] BatchEvict execution completed.
I1008 08:15:30.031903 78821 master_service.cpp:10619] [EVICT-TRIGGER] memory_ratio=1 high_watermark=0.9 need_mem_eviction=1 eviction_ratio=0.05
I1008 08:15:30.033272 78821 master_service.cpp:10630] [EVICT-DONE] BatchEvict execution completed.
I1008 08:15:30.043347 78821 master_service.cpp:10619] [EVICT-TRIGGER] memory_ratio=1 high_watermark=0.9 need_mem_eviction=1 eviction_ratio=0.05
I1008 08:15:30.044754 78821 master_service.cpp:10630] [EVICT-DONE] BatchEvict execution completed.
I1008 08:15:30.054828 78821 master_service.cpp:10619] [EVICT-TRIGGER] memory_ratio=1 high_watermark=0.9 need_mem_eviction=1 eviction_ratio=0.05
I1008 08:15:30.056371 78821 master_service.cpp:10630] [EVICT-DONE] BatchEvict execution completed.
I1008 08:15:30.066462 78821 master_service.cpp:10619] [EVICT-TRIGGER] memory_ratio=1 high_watermark=0.9 need_mem_eviction=1 eviction_ratio=0.05
I1008 08:15:30.067889 78821 master_service.cpp:10630] [EVICT-DONE] BatchEvict execution completed.
I1008 08:15:30.077963 78821 master_service.cpp:10619] [EVICT-TRIGGER] memory_ratio=1 high_watermark=0.9 need_mem_eviction=1 eviction_ratio=0.05
I1008 08:15:30.079356 78821 master_service.cpp:10630] [EVICT-DONE] BatchEvict execution completed.
I1008 08:15:30.089433 78821 master_service.cpp:10619] [EVICT-TRIGGER] memory_ratio=1 high_watermark=0.9 need_mem_eviction=1 eviction_ratio=0.05
I1008 08:15:30.090804 78821 master_service.cpp:10630] [EVICT-DONE] BatchEvict execution completed.
I1008 08:15:30.106269 78821 master_service.cpp:10619] [EVICT-TRIGGER] memory_ratio=1 high_watermark=0.9 need_mem_eviction=1 eviction_ratio=0.05
I1008 08:15:30.108419 78821 master_service.cpp:10630] [EVICT-DONE] BatchEvict execution completed.
I1008 08:15:30.118500 78821 master_service.cpp:10619] [EVICT-TRIGGER] memory_ratio=1 high_watermark=0.9 need_mem_eviction=1 eviction_ratio=0.05
I1008 08:15:30.120183 78821 master_service.cpp:10630] [EVICT-DONE] BatchEvict execution completed.
I1008 08:15:30.130268 78821 master_service.cpp:10619] [EVICT-TRIGGER] memory_ratio=1 high_watermark=0.9 need_mem_eviction=0 eviction_ratio=0.05
I1008 08:15:30.131686 78821 master_service.cpp:10630] [EVICT-DONE] BatchEvict execution completed.
I1008 08:15:30.141762 78821 master_service.cpp:10619] [EVICT-TRIGGER] memory_ratio=1 high_watermark=0.9 need_mem_eviction=0 eviction_ratio=0.05
I1008 08:15:30.143188 78821 master_service.cpp:10630] [EVICT-DONE] BatchEvict execution completed.
I1008 08:15:30.153266 78821 master_service.cpp:10619] [EVICT-TRIGGER] memory_ratio=1 high_watermark=0.9 need_mem_eviction=0 eviction_ratio=0.05
I1008 08:15:30.154675 78821 master_service.cpp:10630] [EVICT-DONE] BatchEvict execution completed.
I1008 08:15:30.164752 78821 master_service.cpp:10619] [EVICT-TRIGGER] memory_ratio=1 high_watermark=0.9 need_mem_eviction=0 eviction_ratio=0.05
I1008 08:15:30.166163 78821 master_service.cpp:10630] [EVICT-DONE] BatchEvict execution completed.
I1008 08:15:30.176239 78821 master_service.cpp:10619] [EVICT-TRIGGER] memory_ratio=1 high_watermark=0.9 need_mem_eviction=0 eviction_ratio=0.05
I1008 08:15:30.177619 78821 master_service.cpp:10630] [EVICT-DONE] BatchEvict execution completed.
I1008 08:15:30.187693 78821 master_service.cpp:10619] [EVICT-TRIGGER] memory_ratio=1 high_watermark=0.9 need_mem_eviction=0 eviction_ratio=0.05
I1008 08:15:30.189541 78821 master_service.cpp:10630] [EVICT-DONE] BatchEvict execution completed.
I1008 08:15:30.199617 78821 master_service.cpp:10619] [EVICT-TRIGGER] memory_ratio=1 high_watermark=0.9 need_mem_eviction=0 eviction_ratio=0.05
I1008 08:15:30.200997 78821 master_service.cpp:10630] [EVICT-DONE] BatchEvict execution completed.
I1008 08:15:30.211071 78821 master_service.cpp:10619] [EVICT-TRIGGER] memory_ratio=1 high_watermark=0.9 need_mem_eviction=0 eviction_ratio=0.05
I1008 08:15:30.212443 78821 master_service.cpp:10630] [EVICT-DONE] BatchEvict execution completed.
I1008 08:15:30.222517 78821 master_service.cpp:10619] [EVICT-TRIGGER] memory_ratio=1 high_watermark=0.9 need_mem_eviction=0 eviction_ratio=0.05
I1008 08:15:30.223882 78821 master_service.cpp:10630] [EVICT-DONE] BatchEvict execution completed.
I1008 08:15:30.233958 78821 master_service.cpp:10619] [EVICT-TRIGGER] memory_ratio=1 high_watermark=0.9 need_mem_eviction=0 eviction_ratio=0.05
I1008 08:15:30.235355 78821 master_service.cpp:10630] [EVICT-DONE] BatchEvict execution completed.
I1008 08:15:30.245429 78821 master_service.cpp:10619] [EVICT-TRIGGER] memory_ratio=1 high_watermark=0.9 need_mem_eviction=0 eviction_ratio=0.05
I1008 08:15:30.246801 78821 master_service.cpp:10630] [EVICT-DONE] BatchEvict execution completed.
I1008 08:15:30.256875 78821 master_service.cpp:10619] [EVICT-TRIGGER] memory_ratio=1 high_watermark=0.9 need_mem_eviction=0 eviction_ratio=0.05
I1008 08:15:30.258245 78821 master_service.cpp:10630] [EVICT-DONE] BatchEvict execution completed.
I1008 08:15:30.268340 78821 master_service.cpp:10619] [EVICT-TRIGGER] memory_ratio=1 high_watermark=0.9 need_mem_eviction=0 eviction_ratio=0.05
I1008 08:15:30.269691 78821 master_service.cpp:10630] [EVICT-DONE] BatchEvict execution completed.
I1008 08:15:30.279764 78821 master_service.cpp:10619] [EVICT-TRIGGER] memory_ratio=1 high_watermark=0.9 need_mem_eviction=0 eviction_ratio=0.05
I1008 08:15:30.281098 78821 master_service.cpp:10630] [EVICT-DONE] BatchEvict execution completed.
I1008 08:15:30.291172 78821 master_service.cpp:10619] [EVICT-TRIGGER] memory_ratio=1 high_watermark=0.9 need_mem_eviction=0 eviction_ratio=0.05
I1008 08:15:30.292524 78821 master_service.cpp:10630] [EVICT-DONE] BatchEvict execution completed.
I1008 08:15:30.302599 78821 master_service.cpp:10619] [EVICT-TRIGGER] memory_ratio=1 high_watermark=0.9 need_mem_eviction=0 eviction_ratio=0.05
I1008 08:15:30.304318 78821 master_service.cpp:10630] [EVICT-DONE] BatchEvict execution completed.
I1008 08:15:30.314397 78821 master_service.cpp:10619] [EVICT-TRIGGER] memory_ratio=1 high_watermark=0.9 need_mem_eviction=0 eviction_ratio=0.05
I1008 08:15:30.315874 78821 master_service.cpp:10630] [EVICT-DONE] BatchEvict execution completed.
I1008 08:15:30.325949 78821 master_service.cpp:10619] [EVICT-TRIGGER] memory_ratio=1 high_watermark=0.9 need_mem_eviction=0 eviction_ratio=0.05
I1008 08:15:30.327322 78821 master_service.cpp:10630] [EVICT-DONE] BatchEvict execution completed.
I1008 08:15:30.337396 78821 master_service.cpp:10619] [EVICT-TRIGGER] memory_ratio=1 high_watermark=0.9 need_mem_eviction=0 eviction_ratio=0.05
I1008 08:15:30.338759 78821 master_service.cpp:10630] [EVICT-DONE] BatchEvict execution completed.
I1008 08:15:30.348834 78821 master_service.cpp:10619] [EVICT-TRIGGER] memory_ratio=1 high_watermark=0.9 need_mem_eviction=0 eviction_ratio=0.05
I1008 08:15:30.350203 78821 master_service.cpp:10630] [EVICT-DONE] BatchEvict execution completed.
I1008 08:15:30.360276 78821 master_service.cpp:10619] [EVICT-TRIGGER] memory_ratio=1 high_watermark=0.9 need_mem_eviction=0 eviction_ratio=0.05
I1008 08:15:30.361582 78821 master_service.cpp:10630] [EVICT-DONE] BatchEvict execution completed.
I1008 08:15:30.371656 78821 master_service.cpp:10619] [EVICT-TRIGGER] memory_ratio=1 high_watermark=0.9 need_mem_eviction=0 eviction_ratio=0.05
I1008 08:15:30.373009 78821 master_service.cpp:10630] [EVICT-DONE] BatchEvict execution completed.
I1008 08:15:30.383085 78821 master_service.cpp:10619] [EVICT-TRIGGER] memory_ratio=1 high_watermark=0.9 need_mem_eviction=0 eviction_ratio=0.05
I1008 08:15:30.384399 78821 master_service.cpp:10630] [EVICT-DONE] BatchEvict execution completed.
I1008 08:15:30.394472 78821 master_service.cpp:10619] [EVICT-TRIGGER] memory_ratio=1 high_watermark=0.9 need_mem_eviction=0 eviction_ratio=0.05
I1008 08:15:30.395844 78821 master_service.cpp:10630] [EVICT-DONE] BatchEvict execution completed.
I1008 08:15:30.405920 78821 master_service.cpp:10619] [EVICT-TRIGGER] memory_ratio=1 high_watermark=0.9 need_mem_eviction=0 eviction_ratio=0.05
I1008 08:15:30.407234 78821 master_service.cpp:10630] [EVICT-DONE] BatchEvict execution completed.
I1008 08:15:30.417307 78821 master_service.cpp:10619] [EVICT-TRIGGER] memory_ratio=1 high_watermark=0.9 need_mem_eviction=0 eviction_ratio=0.05
I1008 08:15:30.418655 78821 master_service.cpp:10630] [EVICT-DONE] BatchEvict execution completed.
I1008 08:15:30.428728 78821 master_service.cpp:10619] [EVICT-TRIGGER] memory_ratio=1 high_watermark=0.9 need_mem_eviction=0 eviction_ratio=0.05
I1008 08:15:30.430068 78821 master_service.cpp:10630] [EVICT-DONE] BatchEvict execution completed.
I1008 08:15:30.440141 78821 master_service.cpp:10619] [EVICT-TRIGGER] memory_ratio=1 high_watermark=0.9 need_mem_eviction=0 eviction_ratio=0.05
I1008 08:15:30.441465 78821 master_service.cpp:10630] [EVICT-DONE] BatchEvict execution completed.
I1008 08:15:30.451538 78821 master_service.cpp:10619] [EVICT-TRIGGER] memory_ratio=1 high_watermark=0.9 need_mem_eviction=0 eviction_ratio=0.05
I1008 08:15:30.452863 78821 master_service.cpp:10630] [EVICT-DONE] BatchEvict execution completed.
I1008 08:15:30.462937 78821 master_service.cpp:10619] [EVICT-TRIGGER] memory_ratio=1 high_watermark=0.9 need_mem_eviction=0 eviction_ratio=0.05
I1008 08:15:30.464234 78821 master_service.cpp:10630] [EVICT-DONE] BatchEvict execution completed.
I1008 08:15:30.474308 78821 master_service.cpp:10619] [EVICT-TRIGGER] memory_ratio=1 high_watermark=0.9 need_mem_eviction=0 eviction_ratio=0.05
I1008 08:15:30.475654 78821 master_service.cpp:10630] [EVICT-DONE] BatchEvict execution completed.
I1008 08:15:30.485728 78821 master_service.cpp:10619] [EVICT-TRIGGER] memory_ratio=1 high_watermark=0.9 need_mem_eviction=0 eviction_ratio=0.05
I1008 08:15:30.487088 78821 master_service.cpp:10630] [EVICT-DONE] BatchEvict execution completed.
I1008 08:15:30.497162 78821 master_service.cpp:10619] [EVICT-TRIGGER] memory_ratio=1 high_watermark=0.9 need_mem_eviction=0 eviction_ratio=0.05
I1008 08:15:30.498435 78821 master_service.cpp:10630] [EVICT-DONE] BatchEvict execution completed.
I1008 08:15:30.508507 78821 master_service.cpp:10619] [EVICT-TRIGGER] memory_ratio=1 high_watermark=0.9 need_mem_eviction=0 eviction_ratio=0.05
I1008 08:15:30.509806 78821 master_service.cpp:10630] [EVICT-DONE] BatchEvict execution completed.
I1008 08:15:30.519881 78821 master_service.cpp:10619] [EVICT-TRIGGER] memory_ratio=1 high_watermark=0.9 need_mem_eviction=0 eviction_ratio=0.05
I1008 08:15:30.521155 78821 master_service.cpp:10630] [EVICT-DONE] BatchEvict execution completed.
I1008 08:15:30.531229 78821 master_service.cpp:10619] [EVICT-TRIGGER] memory_ratio=1 high_watermark=0.9 need_mem_eviction=0 eviction_ratio=0.05
I1008 08:15:30.532536 78821 master_service.cpp:10630] [EVICT-DONE] BatchEvict execution completed.
I1008 08:15:30.542608 78821 master_service.cpp:10619] [EVICT-TRIGGER] memory_ratio=1 high_watermark=0.9 need_mem_eviction=0 eviction_ratio=0.05
I1008 08:15:30.543955 78821 master_service.cpp:10630] [EVICT-DONE] BatchEvict execution completed.
I1008 08:15:30.554029 78821 master_service.cpp:10619] [EVICT-TRIGGER] memory_ratio=1 high_watermark=0.9 need_mem_eviction=0 eviction_ratio=0.05
I1008 08:15:30.555380 78821 master_service.cpp:10630] [EVICT-DONE] BatchEvict execution completed.
I1008 08:15:30.565454 78821 master_service.cpp:10619] [EVICT-TRIGGER] memory_ratio=1 high_watermark=0.9 need_mem_eviction=0 eviction_ratio=0.05
I1008 08:15:30.566780 78821 master_service.cpp:10630] [EVICT-DONE] BatchEvict execution completed.
I1008 08:15:30.576854 78821 master_service.cpp:10619] [EVICT-TRIGGER] memory_ratio=1 high_watermark=0.9 need_mem_eviction=0 eviction_ratio=0.05
I1008 08:15:30.578538 78821 master_service.cpp:10630] [EVICT-DONE] BatchEvict execution completed.
I1008 08:15:30.588613 78821 master_service.cpp:10619] [EVICT-TRIGGER] memory_ratio=1 high_watermark=0.9 need_mem_eviction=0 eviction_ratio=0.05
I1008 08:15:30.589936 78821 master_service.cpp:10630] [EVICT-DONE] BatchEvict execution completed.
I1008 08:15:30.600009 78821 master_service.cpp:10619] [EVICT-TRIGGER] memory_ratio=1 high_watermark=0.9 need_mem_eviction=0 eviction_ratio=0.05
I1008 08:15:30.601332 78821 master_service.cpp:10630] [EVICT-DONE] BatchEvict execution completed.
I1008 08:15:30.611406 78821 master_service.cpp:10619] [EVICT-TRIGGER] memory_ratio=1 high_watermark=0.9 need_mem_eviction=0 eviction_ratio=0.05
I1008 08:15:30.612756 78821 master_service.cpp:10630] [EVICT-DONE] BatchEvict execution completed.
I1008 08:15:30.622831 78821 master_service.cpp:10619] [EVICT-TRIGGER] memory_ratio=1 high_watermark=0.9 need_mem_eviction=0 eviction_ratio=0.05
I1008 08:15:30.624150 78821 master_service.cpp:10630] [EVICT-DONE] BatchEvict execution completed.
I1008 08:15:30.634222 78821 master_service.cpp:10619] [EVICT-TRIGGER] memory_ratio=1 high_watermark=0.9 need_mem_eviction=0 eviction_ratio=0.05
I1008 08:15:30.635576 78821 master_service.cpp:10630] [EVICT-DONE] BatchEvict execution completed.
I1008 08:15:30.645649 78821 master_service.cpp:10619] [EVICT-TRIGGER] memory_ratio=1 high_watermark=0.9 need_mem_eviction=0 eviction_ratio=0.05
I1008 08:15:30.647006 78821 master_service.cpp:10630] [EVICT-DONE] BatchEvict execution completed.
I1008 08:15:30.657080 78821 master_service.cpp:10619] [EVICT-TRIGGER] memory_ratio=1 high_watermark=0.9 need_mem_eviction=0 eviction_ratio=0.05
I1008 08:15:30.658411 78821 master_service.cpp:10630] [EVICT-DONE] BatchEvict execution completed.
I1008 08:15:30.668484 78821 master_service.cpp:10619] [EVICT-TRIGGER] memory_ratio=1 high_watermark=0.9 need_mem_eviction=0 eviction_ratio=0.05
I1008 08:15:30.669831 78821 master_service.cpp:10630] [EVICT-DONE] BatchEvict execution completed.
I1008 08:15:30.679906 78821 master_service.cpp:10619] [EVICT-TRIGGER] memory_ratio=1 high_watermark=0.9 need_mem_eviction=0 eviction_ratio=0.05
I1008 08:15:30.681249 78821 master_service.cpp:10630] [EVICT-DONE] BatchEvict execution completed.
I1008 08:15:30.691323 78821 master_service.cpp:10619] [EVICT-TRIGGER] memory_ratio=1 high_watermark=0.9 need_mem_eviction=0 eviction_ratio=0.05
I1008 08:15:30.692698 78821 master_service.cpp:10630] [EVICT-DONE] BatchEvict execution completed.
I1008 08:15:30.702771 78821 master_service.cpp:10619] [EVICT-TRIGGER] memory_ratio=1 high_watermark=0.9 need_mem_eviction=0 eviction_ratio=0.05
I1008 08:15:30.704173 78821 master_service.cpp:10630] [EVICT-DONE] BatchEvict execution completed.
I1008 08:15:30.714246 78821 master_service.cpp:10619] [EVICT-TRIGGER] memory_ratio=1 high_watermark=0.9 need_mem_eviction=0 eviction_ratio=0.05
I1008 08:15:30.715608 78821 master_service.cpp:10630] [EVICT-DONE] BatchEvict execution completed.
I1008 08:15:30.725682 78821 master_service.cpp:10619] [EVICT-TRIGGER] memory_ratio=1 high_watermark=0.9 need_mem_eviction=0 eviction_ratio=0.05
I1008 08:15:30.727044 78821 master_service.cpp:10630] [EVICT-DONE] BatchEvict execution completed.
I1008 08:15:30.737119 78821 master_service.cpp:10619] [EVICT-TRIGGER] memory_ratio=1 high_watermark=0.9 need_mem_eviction=0 eviction_ratio=0.05
I1008 08:15:30.738494 78821 master_service.cpp:10630] [EVICT-DONE] BatchEvict execution completed.
I1008 08:15:30.748566 78821 master_service.cpp:10619] [EVICT-TRIGGER] memory_ratio=1 high_watermark=0.9 need_mem_eviction=0 eviction_ratio=0.05
I1008 08:15:30.749876 78821 master_service.cpp:10630] [EVICT-DONE] BatchEvict execution completed.
I1008 08:15:30.759949 78821 master_service.cpp:10619] [EVICT-TRIGGER] memory_ratio=1 high_watermark=0.9 need_mem_eviction=0 eviction_ratio=0.05
I1008 08:15:30.761289 78821 master_service.cpp:10630] [EVICT-DONE] BatchEvict execution completed.
I1008 08:15:30.771363 78821 master_service.cpp:10619] [EVICT-TRIGGER] memory_ratio=1 high_watermark=0.9 need_mem_eviction=0 eviction_ratio=0.05
I1008 08:15:30.773034 78821 master_service.cpp:10630] [EVICT-DONE] BatchEvict execution completed.
I1008 08:15:30.783108 78821 master_service.cpp:10619] [EVICT-TRIGGER] memory_ratio=1 high_watermark=0.9 need_mem_eviction=0 eviction_ratio=0.05
I1008 08:15:30.784472 78821 master_service.cpp:10630] [EVICT-DONE] BatchEvict execution completed.
I1008 08:15:30.794546 78821 master_service.cpp:10619] [EVICT-TRIGGER] memory_ratio=1 high_watermark=0.9 need_mem_eviction=0 eviction_ratio=0.05
I1008 08:15:30.795872 78821 master_service.cpp:10630] [EVICT-DONE] BatchEvict execution completed.
I1008 08:15:30.805945 78821 master_service.cpp:10619] [EVICT-TRIGGER] memory_ratio=1 high_watermark=0.9 need_mem_eviction=0 eviction_ratio=0.05
I1008 08:15:30.807508 78821 master_service.cpp:10630] [EVICT-DONE] BatchEvict execution completed.
I1008 08:15:30.817584 78821 master_service.cpp:10619] [EVICT-TRIGGER] memory_ratio=1 high_watermark=0.9 need_mem_eviction=0 eviction_ratio=0.05
I1008 08:15:30.819003 78821 master_service.cpp:10630] [EVICT-DONE] BatchEvict execution completed.
I1008 08:15:30.829077 78821 master_service.cpp:10619] [EVICT-TRIGGER] memory_ratio=1 high_watermark=0.9 need_mem_eviction=0 eviction_ratio=0.05
I1008 08:15:30.830418 78821 master_service.cpp:10630] [EVICT-DONE] BatchEvict execution completed.
I1008 08:15:30.840492 78821 master_service.cpp:10619] [EVICT-TRIGGER] memory_ratio=1 high_watermark=0.9 need_mem_eviction=0 eviction_ratio=0.05
I1008 08:15:30.841912 78821 master_service.cpp:10630] [EVICT-DONE] BatchEvict execution completed.
I1008 08:15:30.851984 78821 master_service.cpp:10619] [EVICT-TRIGGER] memory_ratio=1 high_watermark=0.9 need_mem_eviction=0 eviction_ratio=0.05
I1008 08:15:30.853319 78821 master_service.cpp:10630] [EVICT-DONE] BatchEvict execution completed.
I1008 08:15:30.863392 78821 master_service.cpp:10619] [EVICT-TRIGGER] memory_ratio=1 high_watermark=0.9 need_mem_eviction=0 eviction_ratio=0.05
I1008 08:15:30.864734 78821 master_service.cpp:10630] [EVICT-DONE] BatchEvict execution completed.
I1008 08:15:30.874809 78821 master_service.cpp:10619] [EVICT-TRIGGER] memory_ratio=1 high_watermark=0.9 need_mem_eviction=0 eviction_ratio=0.05
I1008 08:15:30.876112 78821 master_service.cpp:10630] [EVICT-DONE] BatchEvict execution completed.
I1008 08:15:30.886185 78821 master_service.cpp:10619] [EVICT-TRIGGER] memory_ratio=1 high_watermark=0.9 need_mem_eviction=0 eviction_ratio=0.05
I1008 08:15:30.887521 78821 master_service.cpp:10630] [EVICT-DONE] BatchEvict execution completed.
I1008 08:15:30.897595 78821 master_service.cpp:10619] [EVICT-TRIGGER] memory_ratio=1 high_watermark=0.9 need_mem_eviction=0 eviction_ratio=0.05
I1008 08:15:30.898921 78821 master_service.cpp:10630] [EVICT-DONE] BatchEvict execution completed.
I1008 08:15:30.908995 78821 master_service.cpp:10619] [EVICT-TRIGGER] memory_ratio=1 high_watermark=0.9 need_mem_eviction=0 eviction_ratio=0.05
I1008 08:15:30.910320 78821 master_service.cpp:10630] [EVICT-DONE] BatchEvict execution completed.
I1008 08:15:30.920393 78821 master_service.cpp:10619] [EVICT-TRIGGER] memory_ratio=1 high_watermark=0.9 need_mem_eviction=0 eviction_ratio=0.05
I1008 08:15:30.921725 78821 master_service.cpp:10630] [EVICT-DONE] BatchEvict execution completed.
I1008 08:15:30.931797 78821 master_service.cpp:10619] [EVICT-TRIGGER] memory_ratio=1 high_watermark=0.9 need_mem_eviction=0 eviction_ratio=0.05
I1008 08:15:30.933118 78821 master_service.cpp:10630] [EVICT-DONE] BatchEvict execution completed.
I1008 08:15:30.943192 78821 master_service.cpp:10619] [EVICT-TRIGGER] memory_ratio=1 high_watermark=0.9 need_mem_eviction=0 eviction_ratio=0.05
I1008 08:15:30.944571 78821 master_service.cpp:10630] [EVICT-DONE] BatchEvict execution completed.
I1008 08:15:30.954644 78821 master_service.cpp:10619] [EVICT-TRIGGER] memory_ratio=1 high_watermark=0.9 need_mem_eviction=0 eviction_ratio=0.05
I1008 08:15:30.956024 78821 master_service.cpp:10630] [EVICT-DONE] BatchEvict execution completed.
I1008 08:15:30.966099 78821 master_service.cpp:10619] [EVICT-TRIGGER] memory_ratio=1 high_watermark=0.9 need_mem_eviction=0 eviction_ratio=0.05
I1008 08:15:30.967963 78821 master_service.cpp:10630] [EVICT-DONE] BatchEvict execution completed.
I1008 08:15:30.978039 78821 master_service.cpp:10619] [EVICT-TRIGGER] memory_ratio=1 high_watermark=0.9 need_mem_eviction=0 eviction_ratio=0.05
I1008 08:15:30.979398 78821 master_service.cpp:10630] [EVICT-DONE] BatchEvict execution completed.
I1008 08:15:30.989473 78821 master_service.cpp:10619] [EVICT-TRIGGER] memory_ratio=1 high_watermark=0.9 need_mem_eviction=0 eviction_ratio=0.05
I1008 08:15:30.990846 78821 master_service.cpp:10630] [EVICT-DONE] BatchEvict execution completed.
I1008 08:15:31.000921 78821 master_service.cpp:10619] [EVICT-TRIGGER] memory_ratio=1 high_watermark=0.9 need_mem_eviction=0 eviction_ratio=0.05
I1008 08:15:31.002243 78821 master_service.cpp:10630] [EVICT-DONE] BatchEvict execution completed.
I1008 08:15:31.012316 78821 master_service.cpp:10619] [EVICT-TRIGGER] memory_ratio=1 high_watermark=0.9 need_mem_eviction=0 eviction_ratio=0.05
I1008 08:15:31.013687 78821 master_service.cpp:10630] [EVICT-DONE] BatchEvict execution completed.
I1008 08:15:31.023761 78821 master_service.cpp:10619] [EVICT-TRIGGER] memory_ratio=1 high_watermark=0.9 need_mem_eviction=0 eviction_ratio=0.05
I1008 08:15:31.025131 78821 master_service.cpp:10630] [EVICT-DONE] BatchEvict execution completed.
I1008 08:15:31.035204 78821 master_service.cpp:10619] [EVICT-TRIGGER] memory_ratio=1 high_watermark=0.9 need_mem_eviction=0 eviction_ratio=0.05
I1008 08:15:31.036592 78821 master_service.cpp:10630] [EVICT-DONE] BatchEvict execution completed.
I1008 08:15:31.046666 78821 master_service.cpp:10619] [EVICT-TRIGGER] memory_ratio=1 high_watermark=0.9 need_mem_eviction=0 eviction_ratio=0.05
I1008 08:15:31.096892 78821 master_service.cpp:10630] [EVICT-DONE] BatchEvict execution completed.
I1008 08:15:31.106972 78821 master_service.cpp:10619] [EVICT-TRIGGER] memory_ratio=1 high_watermark=0.9 need_mem_eviction=0 eviction_ratio=0.05
I1008 08:15:31.108387 78821 master_service.cpp:10630] [EVICT-DONE] BatchEvict execution completed.
I1008 08:15:31.118462 78821 master_service.cpp:10619] [EVICT-TRIGGER] memory_ratio=1 high_watermark=0.9 need_mem_eviction=0 eviction_ratio=0.05
I1008 08:15:31.119835 78821 master_service.cpp:10630] [EVICT-DONE] BatchEvict execution completed.
I1008 08:15:31.129909 78821 master_service.cpp:10619] [EVICT-TRIGGER] memory_ratio=1 high_watermark=0.9 need_mem_eviction=0 eviction_ratio=0.05
I1008 08:15:31.131305 78821 master_service.cpp:10630] [EVICT-DONE] BatchEvict execution completed.
I1008 08:15:31.141379 78821 master_service.cpp:10619] [EVICT-TRIGGER] memory_ratio=1 high_watermark=0.9 need_mem_eviction=0 eviction_ratio=0.05
I1008 08:15:31.143610 78821 master_service.cpp:10630] [EVICT-DONE] BatchEvict execution completed.
I1008 08:15:31.153683 78821 master_service.cpp:10619] [EVICT-TRIGGER] memory_ratio=1 high_watermark=0.9 need_mem_eviction=0 eviction_ratio=0.05
I1008 08:15:31.155052 78821 master_service.cpp:10630] [EVICT-DONE] BatchEvict execution completed.
I1008 08:15:31.165126 78821 master_service.cpp:10619] [EVICT-TRIGGER] memory_ratio=1 high_watermark=0.9 need_mem_eviction=0 eviction_ratio=0.05
I1008 08:15:31.166904 78821 master_service.cpp:10630] [EVICT-DONE] BatchEvict execution completed.
I1008 08:15:31.176980 78821 master_service.cpp:10619] [EVICT-TRIGGER] memory_ratio=1 high_watermark=0.9 need_mem_eviction=0 eviction_ratio=0.05
I1008 08:15:31.178346 78821 master_service.cpp:10630] [EVICT-DONE] BatchEvict execution completed.
I1008 08:15:31.188421 78821 master_service.cpp:10619] [EVICT-TRIGGER] memory_ratio=1 high_watermark=0.9 need_mem_eviction=0 eviction_ratio=0.05
I1008 08:15:31.189749 78821 master_service.cpp:10630] [EVICT-DONE] BatchEvict execution completed.
I1008 08:15:31.199821 78821 master_service.cpp:10619] [EVICT-TRIGGER] memory_ratio=1 high_watermark=0.9 need_mem_eviction=0 eviction_ratio=0.05
I1008 08:15:31.201196 78821 master_service.cpp:10630] [EVICT-DONE] BatchEvict execution completed.
I1008 08:15:31.211269 78821 master_service.cpp:10619] [EVICT-TRIGGER] memory_ratio=1 high_watermark=0.9 need_mem_eviction=0 eviction_ratio=0.05
I1008 08:15:31.212615 78821 master_service.cpp:10630] [EVICT-DONE] BatchEvict execution completed.
I1008 08:15:31.222687 78821 master_service.cpp:10619] [EVICT-TRIGGER] memory_ratio=1 high_watermark=0.9 need_mem_eviction=0 eviction_ratio=0.05
I1008 08:15:31.224087 78821 master_service.cpp:10630] [EVICT-DONE] BatchEvict execution completed.
I1008 08:15:31.234161 78821 master_service.cpp:10619] [EVICT-TRIGGER] memory_ratio=1 high_watermark=0.9 need_mem_eviction=0 eviction_ratio=0.05
I1008 08:15:31.235502 78821 master_service.cpp:10630] [EVICT-DONE] BatchEvict execution completed.
I1008 08:15:31.245575 78821 master_service.cpp:10619] [EVICT-TRIGGER] memory_ratio=1 high_watermark=0.9 need_mem_eviction=0 eviction_ratio=0.05
I1008 08:15:31.246927 78821 master_service.cpp:10630] [EVICT-DONE] BatchEvict execution completed.
I1008 08:15:31.257000 78821 master_service.cpp:10619] [EVICT-TRIGGER] memory_ratio=1 high_watermark=0.9 need_mem_eviction=0 eviction_ratio=0.05
I1008 08:15:31.258647 78821 master_service.cpp:10630] [EVICT-DONE] BatchEvict execution completed.
I1008 08:15:31.268721 78821 master_service.cpp:10619] [EVICT-TRIGGER] memory_ratio=1 high_watermark=0.9 need_mem_eviction=0 eviction_ratio=0.05
I1008 08:15:31.270066 78821 master_service.cpp:10630] [EVICT-DONE] BatchEvict execution completed.
I1008 08:15:31.280148 78821 master_service.cpp:10619] [EVICT-TRIGGER] memory_ratio=1 high_watermark=0.9 need_mem_eviction=0 eviction_ratio=0.05
I1008 08:15:31.281486 78821 master_service.cpp:10630] [EVICT-DONE] BatchEvict execution completed.
I1008 08:15:31.291559 78821 master_service.cpp:10619] [EVICT-TRIGGER] memory_ratio=1 high_watermark=0.9 need_mem_eviction=0 eviction_ratio=0.05
I1008 08:15:31.292862 78821 master_service.cpp:10630] [EVICT-DONE] BatchEvict execution completed.
I1008 08:15:31.302934 78821 master_service.cpp:10619] [EVICT-TRIGGER] memory_ratio=1 high_watermark=0.9 need_mem_eviction=0 eviction_ratio=0.05
I1008 08:15:31.304258 78821 master_service.cpp:10630] [EVICT-DONE] BatchEvict execution completed.
I1008 08:15:31.314332 78821 master_service.cpp:10619] [EVICT-TRIGGER] memory_ratio=1 high_watermark=0.9 need_mem_eviction=0 eviction_ratio=0.05
I1008 08:15:31.315706 78821 master_service.cpp:10630] [EVICT-DONE] BatchEvict execution completed.
I1008 08:15:31.325778 78821 master_service.cpp:10619] [EVICT-TRIGGER] memory_ratio=1 high_watermark=0.9 need_mem_eviction=0 eviction_ratio=0.05
I1008 08:15:31.327119 78821 master_service.cpp:10630] [EVICT-DONE] BatchEvict execution completed.
I1008 08:15:31.337191 78821 master_service.cpp:10619] [EVICT-TRIGGER] memory_ratio=1 high_watermark=0.9 need_mem_eviction=0 eviction_ratio=0.05
I1008 08:15:31.338500 78821 master_service.cpp:10630] [EVICT-DONE] BatchEvict execution completed.
I1008 08:15:31.348573 78821 master_service.cpp:10619] [EVICT-TRIGGER] memory_ratio=1 high_watermark=0.9 need_mem_eviction=0 eviction_ratio=0.05
I1008 08:15:31.349969 78821 master_service.cpp:10630] [EVICT-DONE] BatchEvict execution completed.
I1008 08:15:31.360041 78821 master_service.cpp:10619] [EVICT-TRIGGER] memory_ratio=1 high_watermark=0.9 need_mem_eviction=0 eviction_ratio=0.05
I1008 08:15:31.361357 78821 master_service.cpp:10630] [EVICT-DONE] BatchEvict execution completed.
I1008 08:15:31.371428 78821 master_service.cpp:10619] [EVICT-TRIGGER] memory_ratio=1 high_watermark=0.9 need_mem_eviction=0 eviction_ratio=0.05
I1008 08:15:31.372720 78821 master_service.cpp:10630] [EVICT-DONE] BatchEvict execution completed.
I1008 08:15:31.382791 78821 master_service.cpp:10619] [EVICT-TRIGGER] memory_ratio=1 high_watermark=0.9 need_mem_eviction=0 eviction_ratio=0.05
I1008 08:15:31.384111 78821 master_service.cpp:10630] [EVICT-DONE] BatchEvict execution completed.
I1008 08:15:31.394184 78821 master_service.cpp:10619] [EVICT-TRIGGER] memory_ratio=1 high_watermark=0.9 need_mem_eviction=0 eviction_ratio=0.05
I1008 08:15:31.395536 78821 master_service.cpp:10630] [EVICT-DONE] BatchEvict execution completed.
I1008 08:15:31.405610 78821 master_service.cpp:10619] [EVICT-TRIGGER] memory_ratio=1 high_watermark=0.9 need_mem_eviction=0 eviction_ratio=0.05
I1008 08:15:31.406953 78821 master_service.cpp:10630] [EVICT-DONE] BatchEvict execution completed.
I1008 08:15:31.417026 78821 master_service.cpp:10619] [EVICT-TRIGGER] memory_ratio=1 high_watermark=0.9 need_mem_eviction=0 eviction_ratio=0.05
I1008 08:15:31.418398 78821 master_service.cpp:10630] [EVICT-DONE] BatchEvict execution completed.
I1008 08:15:31.428472 78821 master_service.cpp:10619] [EVICT-TRIGGER] memory_ratio=1 high_watermark=0.9 need_mem_eviction=0 eviction_ratio=0.05
I1008 08:15:31.430124 78821 master_service.cpp:10630] [EVICT-DONE] BatchEvict execution completed.
I1008 08:15:31.440198 78821 master_service.cpp:10619] [EVICT-TRIGGER] memory_ratio=1 high_watermark=0.9 need_mem_eviction=0 eviction_ratio=0.05
I1008 08:15:31.441489 78821 master_service.cpp:10630] [EVICT-DONE] BatchEvict execution completed.
I1008 08:15:31.451561 78821 master_service.cpp:10619] [EVICT-TRIGGER] memory_ratio=1 high_watermark=0.9 need_mem_eviction=0 eviction_ratio=0.05
I1008 08:15:31.452895 78821 master_service.cpp:10630] [EVICT-DONE] BatchEvict execution completed.
I1008 08:15:31.462968 78821 master_service.cpp:10619] [EVICT-TRIGGER] memory_ratio=1 high_watermark=0.9 need_mem_eviction=0 eviction_ratio=0.05
I1008 08:15:31.464267 78821 master_service.cpp:10630] [EVICT-DONE] BatchEvict execution completed.
I1008 08:15:31.474350 78821 master_service.cpp:10619] [EVICT-TRIGGER] memory_ratio=1 high_watermark=0.9 need_mem_eviction=0 eviction_ratio=0.05
I1008 08:15:31.475706 78821 master_service.cpp:10630] [EVICT-DONE] BatchEvict execution completed.
I1008 08:15:31.485780 78821 master_service.cpp:10619] [EVICT-TRIGGER] memory_ratio=1 high_watermark=0.9 need_mem_eviction=0 eviction_ratio=0.05
I1008 08:15:31.487211 78821 master_service.cpp:10630] [EVICT-DONE] BatchEvict execution completed.
I1008 08:15:31.497285 78821 master_service.cpp:10619] [EVICT-TRIGGER] memory_ratio=1 high_watermark=0.9 need_mem_eviction=0 eviction_ratio=0.05
I1008 08:15:31.498610 78821 master_service.cpp:10630] [EVICT-DONE] BatchEvict execution completed.
I1008 08:15:31.508684 78821 master_service.cpp:10619] [EVICT-TRIGGER] memory_ratio=1 high_watermark=0.9 need_mem_eviction=0 eviction_ratio=0.05
I1008 08:15:31.510046 78821 master_service.cpp:10630] [EVICT-DONE] BatchEvict execution completed.
I1008 08:15:31.520118 78821 master_service.cpp:10619] [EVICT-TRIGGER] memory_ratio=1 high_watermark=0.9 need_mem_eviction=0 eviction_ratio=0.05
I1008 08:15:31.521504 78821 master_service.cpp:10630] [EVICT-DONE] BatchEvict execution completed.
I1008 08:15:31.531576 78821 master_service.cpp:10619] [EVICT-TRIGGER] memory_ratio=1 high_watermark=0.9 need_mem_eviction=0 eviction_ratio=0.05
I1008 08:15:31.532884 78821 master_service.cpp:10630] [EVICT-DONE] BatchEvict execution completed.
I1008 08:15:31.542956 78821 master_service.cpp:10619] [EVICT-TRIGGER] memory_ratio=1 high_watermark=0.9 need_mem_eviction=0 eviction_ratio=0.05
I1008 08:15:31.544289 78821 master_service.cpp:10630] [EVICT-DONE] BatchEvict execution completed.
I1008 08:15:31.554363 78821 master_service.cpp:10619] [EVICT-TRIGGER] memory_ratio=1 high_watermark=0.9 need_mem_eviction=0 eviction_ratio=0.05
I1008 08:15:31.555766 78821 master_service.cpp:10630] [EVICT-DONE] BatchEvict execution completed.
I1008 08:15:31.565841 78821 master_service.cpp:10619] [EVICT-TRIGGER] memory_ratio=1 high_watermark=0.9 need_mem_eviction=0 eviction_ratio=0.05
I1008 08:15:31.567185 78821 master_service.cpp:10630] [EVICT-DONE] BatchEvict execution completed.
I1008 08:15:31.577258 78821 master_service.cpp:10619] [EVICT-TRIGGER] memory_ratio=1 high_watermark=0.9 need_mem_eviction=0 eviction_ratio=0.05
I1008 08:15:31.578622 78821 master_service.cpp:10630] [EVICT-DONE] BatchEvict execution completed.
I1008 08:15:31.588696 78821 master_service.cpp:10619] [EVICT-TRIGGER] memory_ratio=1 high_watermark=0.9 need_mem_eviction=0 eviction_ratio=0.05
I1008 08:15:31.590413 78821 master_service.cpp:10630] [EVICT-DONE] BatchEvict execution completed.
I1008 08:15:31.600486 78821 master_service.cpp:10619] [EVICT-TRIGGER] memory_ratio=1 high_watermark=0.9 need_mem_eviction=0 eviction_ratio=0.05
I1008 08:15:31.601837 78821 master_service.cpp:10630] [EVICT-DONE] BatchEvict execution completed.
I1008 08:15:31.611909 78821 master_service.cpp:10619] [EVICT-TRIGGER] memory_ratio=1 high_watermark=0.9 need_mem_eviction=0 eviction_ratio=0.05
I1008 08:15:31.613336 78821 master_service.cpp:10630] [EVICT-DONE] BatchEvict execution completed.
I1008 08:15:31.623409 78821 master_service.cpp:10619] [EVICT-TRIGGER] memory_ratio=1 high_watermark=0.9 need_mem_eviction=0 eviction_ratio=0.05
I1008 08:15:31.624742 78821 master_service.cpp:10630] [EVICT-DONE] BatchEvict execution completed.
I1008 08:15:31.634815 78821 master_service.cpp:10619] [EVICT-TRIGGER] memory_ratio=1 high_watermark=0.9 need_mem_eviction=0 eviction_ratio=0.05
I1008 08:15:31.636128 78821 master_service.cpp:10630] [EVICT-DONE] BatchEvict execution completed.
I1008 08:15:31.646202 78821 master_service.cpp:10619] [EVICT-TRIGGER] memory_ratio=1 high_watermark=0.9 need_mem_eviction=0 eviction_ratio=0.05
I1008 08:15:31.647557 78821 master_service.cpp:10630] [EVICT-DONE] BatchEvict execution completed.
I1008 08:15:31.657630 78821 master_service.cpp:10619] [EVICT-TRIGGER] memory_ratio=1 high_watermark=0.9 need_mem_eviction=0 eviction_ratio=0.05
I1008 08:15:31.658944 78821 master_service.cpp:10630] [EVICT-DONE] BatchEvict execution completed.
I1008 08:15:31.669030 78821 master_service.cpp:10619] [EVICT-TRIGGER] memory_ratio=1 high_watermark=0.9 need_mem_eviction=0 eviction_ratio=0.05
I1008 08:15:31.670341 78821 master_service.cpp:10630] [EVICT-DONE] BatchEvict execution completed.
I1008 08:15:31.680413 78821 master_service.cpp:10619] [EVICT-TRIGGER] memory_ratio=1 high_watermark=0.9 need_mem_eviction=0 eviction_ratio=0.05
I1008 08:15:31.681758 78821 master_service.cpp:10630] [EVICT-DONE] BatchEvict execution completed.
I1008 08:15:31.691830 78821 master_service.cpp:10619] [EVICT-TRIGGER] memory_ratio=1 high_watermark=0.9 need_mem_eviction=0 eviction_ratio=0.05
I1008 08:15:31.693203 78821 master_service.cpp:10630] [EVICT-DONE] BatchEvict execution completed.
I1008 08:15:31.703279 78821 master_service.cpp:10619] [EVICT-TRIGGER] memory_ratio=1 high_watermark=0.9 need_mem_eviction=0 eviction_ratio=0.05
I1008 08:15:31.704591 78821 master_service.cpp:10630] [EVICT-DONE] BatchEvict execution completed.
I1008 08:15:31.714665 78821 master_service.cpp:10619] [EVICT-TRIGGER] memory_ratio=1 high_watermark=0.9 need_mem_eviction=0 eviction_ratio=0.05
I1008 08:15:31.716464 78821 master_service.cpp:10630] [EVICT-DONE] BatchEvict execution completed.
I1008 08:15:31.726538 78821 master_service.cpp:10619] [EVICT-TRIGGER] memory_ratio=1 high_watermark=0.9 need_mem_eviction=0 eviction_ratio=0.05
I1008 08:15:31.727995 78821 master_service.cpp:12526] [EVICT-RESULT] evicted_count=0, eviction_base=10, actual_evict_ratio=0, target_evict_ratio=0.15
I1008 08:15:31.728025 78821 master_service.cpp:10630] [EVICT-DONE] BatchEvict execution completed.
I1008 08:15:31.738089 78821 master_service.cpp:10619] [EVICT-TRIGGER] memory_ratio=1 high_watermark=0.9 need_mem_eviction=0 eviction_ratio=0.05
I1008 08:15:31.739470 78821 master_service.cpp:12526] [EVICT-RESULT] evicted_count=0, eviction_base=10, actual_evict_ratio=0, target_evict_ratio=0.15
I1008 08:15:31.739494 78821 master_service.cpp:10630] [EVICT-DONE] BatchEvict execution completed.
I1008 08:15:31.749555 78821 master_service.cpp:10619] [EVICT-TRIGGER] memory_ratio=1 high_watermark=0.9 need_mem_eviction=0 eviction_ratio=0.05
I1008 08:15:31.751006 78821 master_service.cpp:12526] [EVICT-RESULT] evicted_count=0, eviction_base=10, actual_evict_ratio=0, target_evict_ratio=0.15
I1008 08:15:31.751032 78821 master_service.cpp:10630] [EVICT-DONE] BatchEvict execution completed.
I1008 08:15:31.761094 78821 master_service.cpp:10619] [EVICT-TRIGGER] memory_ratio=1 high_watermark=0.9 need_mem_eviction=0 eviction_ratio=0.05
I1008 08:15:31.762782 78821 master_service.cpp:12526] [EVICT-RESULT] evicted_count=0, eviction_base=20, actual_evict_ratio=0, target_evict_ratio=0.15
I1008 08:15:31.762808 78821 master_service.cpp:10630] [EVICT-DONE] BatchEvict execution completed.
I1008 08:15:31.772869 78821 master_service.cpp:10619] [EVICT-TRIGGER] memory_ratio=1 high_watermark=0.9 need_mem_eviction=0 eviction_ratio=0.05
I1008 08:15:31.774587 78821 master_service.cpp:12526] [EVICT-RESULT] evicted_count=0, eviction_base=20, actual_evict_ratio=0, target_evict_ratio=0.15
I1008 08:15:31.774611 78821 master_service.cpp:10630] [EVICT-DONE] BatchEvict execution completed.
I1008 08:15:31.784674 78821 master_service.cpp:10619] [EVICT-TRIGGER] memory_ratio=1 high_watermark=0.9 need_mem_eviction=0 eviction_ratio=0.05
I1008 08:15:31.786051 78821 master_service.cpp:12526] [EVICT-RESULT] evicted_count=0, eviction_base=22, actual_evict_ratio=0, target_evict_ratio=0.15
I1008 08:15:31.786078 78821 master_service.cpp:10630] [EVICT-DONE] BatchEvict execution completed.
I1008 08:15:31.796141 78821 master_service.cpp:10619] [EVICT-TRIGGER] memory_ratio=1 high_watermark=0.9 need_mem_eviction=0 eviction_ratio=0.05
I1008 08:15:31.806452 78821 master_service.cpp:12526] [EVICT-RESULT] evicted_count=0, eviction_base=32, actual_evict_ratio=0, target_evict_ratio=0.15
W1008 08:15:31.806483 78821 master_service.cpp:12534] [EVICT] No memory freed this cycle; 2 objects deferred for disk offload. Consider lowering eviction_high_watermark_ratio.
I1008 08:15:31.806505 78821 master_service.cpp:10630] [EVICT-DONE] BatchEvict execution completed.
I1008 08:15:31.816570 78821 master_service.cpp:10619] [EVICT-TRIGGER] memory_ratio=1 high_watermark=0.9 need_mem_eviction=0 eviction_ratio=0.05
I1008 08:15:31.818338 78821 master_service.cpp:12526] [EVICT-RESULT] evicted_count=0, eviction_base=30, actual_evict_ratio=0, target_evict_ratio=0.15
I1008 08:15:31.818363 78821 master_service.cpp:10630] [EVICT-DONE] BatchEvict execution completed.
I1008 08:15:31.828425 78821 master_service.cpp:10619] [EVICT-TRIGGER] memory_ratio=1 high_watermark=0.9 need_mem_eviction=0 eviction_ratio=0.05
I1008 08:15:31.829828 78821 master_service.cpp:12526] [EVICT-RESULT] evicted_count=0, eviction_base=30, actual_evict_ratio=0, target_evict_ratio=0.15
I1008 08:15:31.829852 78821 master_service.cpp:10630] [EVICT-DONE] BatchEvict execution completed.
I1008 08:15:31.839915 78821 master_service.cpp:10619] [EVICT-TRIGGER] memory_ratio=1 high_watermark=0.9 need_mem_eviction=0 eviction_ratio=0.05
I1008 08:15:31.841259 78821 master_service.cpp:12526] [EVICT-RESULT] evicted_count=0, eviction_base=30, actual_evict_ratio=0, target_evict_ratio=0.15
I1008 08:15:31.841281 78821 master_service.cpp:10630] [EVICT-DONE] BatchEvict execution completed.
I1008 08:15:31.851343 78821 master_service.cpp:10619] [EVICT-TRIGGER] memory_ratio=1 high_watermark=0.9 need_mem_eviction=0 eviction_ratio=0.05
I1008 08:15:31.852703 78821 master_service.cpp:12526] [EVICT-RESULT] evicted_count=0, eviction_base=30, actual_evict_ratio=0, target_evict_ratio=0.15
I1008 08:15:31.852727 78821 master_service.cpp:10630] [EVICT-DONE] BatchEvict execution completed.
I1008 08:15:31.862787 78821 master_service.cpp:10619] [EVICT-TRIGGER] memory_ratio=1 high_watermark=0.9 need_mem_eviction=0 eviction_ratio=0.05
I1008 08:15:31.864135 78821 master_service.cpp:12526] [EVICT-RESULT] evicted_count=0, eviction_base=30, actual_evict_ratio=0, target_evict_ratio=0.15
I1008 08:15:31.864158 78821 master_service.cpp:10630] [EVICT-DONE] BatchEvict execution completed.
I1008 08:15:31.874219 78821 master_service.cpp:10619] [EVICT-TRIGGER] memory_ratio=1 high_watermark=0.9 need_mem_eviction=0 eviction_ratio=0.05
I1008 08:15:31.875574 78821 master_service.cpp:12526] [EVICT-RESULT] evicted_count=0, eviction_base=30, actual_evict_ratio=0, target_evict_ratio=0.15
I1008 08:15:31.875598 78821 master_service.cpp:10630] [EVICT-DONE] BatchEvict execution completed.
I1008 08:15:31.885659 78821 master_service.cpp:10619] [EVICT-TRIGGER] memory_ratio=1 high_watermark=0.9 need_mem_eviction=0 eviction_ratio=0.05
I1008 08:15:31.887027 78821 master_service.cpp:12526] [EVICT-RESULT] evicted_count=0, eviction_base=30, actual_evict_ratio=0, target_evict_ratio=0.15
I1008 08:15:31.887053 78821 master_service.cpp:10630] [EVICT-DONE] BatchEvict execution completed.
I1008 08:15:31.897113 78821 master_service.cpp:10619] [EVICT-TRIGGER] memory_ratio=1 high_watermark=0.9 need_mem_eviction=0 eviction_ratio=0.05
I1008 08:15:31.898427 78821 master_service.cpp:12526] [EVICT-RESULT] evicted_count=0, eviction_base=30, actual_evict_ratio=0, target_evict_ratio=0.15
I1008 08:15:31.898450 78821 master_service.cpp:10630] [EVICT-DONE] BatchEvict execution completed.
I1008 08:15:31.908511 78821 master_service.cpp:10619] [EVICT-TRIGGER] memory_ratio=1 high_watermark=0.9 need_mem_eviction=0 eviction_ratio=0.05
I1008 08:15:31.909864 78821 master_service.cpp:12526] [EVICT-RESULT] evicted_count=0, eviction_base=30, actual_evict_ratio=0, target_evict_ratio=0.15
I1008 08:15:31.909888 78821 master_service.cpp:10630] [EVICT-DONE] BatchEvict execution completed.
I1008 08:15:31.919950 78821 master_service.cpp:10619] [EVICT-TRIGGER] memory_ratio=1 high_watermark=0.9 need_mem_eviction=0 eviction_ratio=0.05
I1008 08:15:31.921320 78821 master_service.cpp:12526] [EVICT-RESULT] evicted_count=0, eviction_base=30, actual_evict_ratio=0, target_evict_ratio=0.15
I1008 08:15:31.921344 78821 master_service.cpp:10630] [EVICT-DONE] BatchEvict execution completed.
I1008 08:15:31.931406 78821 master_service.cpp:10619] [EVICT-TRIGGER] memory_ratio=1 high_watermark=0.9 need_mem_eviction=0 eviction_ratio=0.05
I1008 08:15:31.932756 78821 master_service.cpp:12526] [EVICT-RESULT] evicted_count=0, eviction_base=30, actual_evict_ratio=0, target_evict_ratio=0.15
I1008 08:15:31.932780 78821 master_service.cpp:10630] [EVICT-DONE] BatchEvict execution completed.
I1008 08:15:31.942844 78821 master_service.cpp:10619] [EVICT-TRIGGER] memory_ratio=1 high_watermark=0.9 need_mem_eviction=0 eviction_ratio=0.05
I1008 08:15:31.944193 78821 master_service.cpp:12526] [EVICT-RESULT] evicted_count=0, eviction_base=30, actual_evict_ratio=0, target_evict_ratio=0.15
I1008 08:15:31.944216 78821 master_service.cpp:10630] [EVICT-DONE] BatchEvict execution completed.
I1008 08:15:31.954279 78821 master_service.cpp:10619] [EVICT-TRIGGER] memory_ratio=1 high_watermark=0.9 need_mem_eviction=0 eviction_ratio=0.05
I1008 08:15:31.955632 78821 master_service.cpp:12526] [EVICT-RESULT] evicted_count=0, eviction_base=30, actual_evict_ratio=0, target_evict_ratio=0.15
I1008 08:15:31.955657 78821 master_service.cpp:10630] [EVICT-DONE] BatchEvict execution completed.
I1008 08:15:31.965718 78821 master_service.cpp:10619] [EVICT-TRIGGER] memory_ratio=1 high_watermark=0.9 need_mem_eviction=0 eviction_ratio=0.05
I1008 08:15:31.967114 78821 master_service.cpp:12526] [EVICT-RESULT] evicted_count=0, eviction_base=30, actual_evict_ratio=0, target_evict_ratio=0.15
I1008 08:15:31.967140 78821 master_service.cpp:10630] [EVICT-DONE] BatchEvict execution completed.
I1008 08:15:31.977201 78821 master_service.cpp:10619] [EVICT-TRIGGER] memory_ratio=1 high_watermark=0.9 need_mem_eviction=0 eviction_ratio=0.05
I1008 08:15:31.978542 78821 master_service.cpp:12526] [EVICT-RESULT] evicted_count=0, eviction_base=30, actual_evict_ratio=0, target_evict_ratio=0.15
I1008 08:15:31.978565 78821 master_service.cpp:10630] [EVICT-DONE] BatchEvict execution completed.
I1008 08:15:31.988628 78821 master_service.cpp:10619] [EVICT-TRIGGER] memory_ratio=1 high_watermark=0.9 need_mem_eviction=0 eviction_ratio=0.05
I1008 08:15:31.989921 78821 master_service.cpp:12526] [EVICT-RESULT] evicted_count=0, eviction_base=30, actual_evict_ratio=0, target_evict_ratio=0.15
I1008 08:15:31.989945 78821 master_service.cpp:10630] [EVICT-DONE] BatchEvict execution completed.
I1008 08:15:32.000007 78821 master_service.cpp:10619] [EVICT-TRIGGER] memory_ratio=1 high_watermark=0.9 need_mem_eviction=0 eviction_ratio=0.05
I1008 08:15:32.001339 78821 master_service.cpp:12526] [EVICT-RESULT] evicted_count=0, eviction_base=30, actual_evict_ratio=0, target_evict_ratio=0.15
I1008 08:15:32.001362 78821 master_service.cpp:10630] [EVICT-DONE] BatchEvict execution completed.
I1008 08:15:32.011423 78821 master_service.cpp:10619] [EVICT-TRIGGER] memory_ratio=1 high_watermark=0.9 need_mem_eviction=0 eviction_ratio=0.05
I1008 08:15:32.012735 78821 master_service.cpp:12526] [EVICT-RESULT] evicted_count=0, eviction_base=30, actual_evict_ratio=0, target_evict_ratio=0.15
I1008 08:15:32.012759 78821 master_service.cpp:10630] [EVICT-DONE] BatchEvict execution completed.
I1008 08:15:32.022819 78821 master_service.cpp:10619] [EVICT-TRIGGER] memory_ratio=1 high_watermark=0.9 need_mem_eviction=0 eviction_ratio=0.05
I1008 08:15:32.024127 78821 master_service.cpp:12526] [EVICT-RESULT] evicted_count=0, eviction_base=30, actual_evict_ratio=0, target_evict_ratio=0.15
I1008 08:15:32.024151 78821 master_service.cpp:10630] [EVICT-DONE] BatchEvict execution completed.
I1008 08:15:32.034212 78821 master_service.cpp:10619] [EVICT-TRIGGER] memory_ratio=1 high_watermark=0.9 need_mem_eviction=0 eviction_ratio=0.05
I1008 08:15:32.035689 78821 master_service.cpp:12526] [EVICT-RESULT] evicted_count=0, eviction_base=30, actual_evict_ratio=0, target_evict_ratio=0.15
I1008 08:15:32.035714 78821 master_service.cpp:10630] [EVICT-DONE] BatchEvict execution completed.
I1008 08:15:32.045775 78821 master_service.cpp:10619] [EVICT-TRIGGER] memory_ratio=1 high_watermark=0.9 need_mem_eviction=0 eviction_ratio=0.05
I1008 08:15:32.047135 78821 master_service.cpp:12526] [EVICT-RESULT] evicted_count=0, eviction_base=30, actual_evict_ratio=0, target_evict_ratio=0.15
I1008 08:15:32.047169 78821 master_service.cpp:10630] [EVICT-DONE] BatchEvict execution completed.
I1008 08:15:32.057232 78821 master_service.cpp:10619] [EVICT-TRIGGER] memory_ratio=1 high_watermark=0.9 need_mem_eviction=0 eviction_ratio=0.05
I1008 08:15:32.058588 78821 master_service.cpp:12526] [EVICT-RESULT] evicted_count=0, eviction_base=30, actual_evict_ratio=0, target_evict_ratio=0.15
I1008 08:15:32.058610 78821 master_service.cpp:10630] [EVICT-DONE] BatchEvict execution completed.
I1008 08:15:32.068672 78821 master_service.cpp:10619] [EVICT-TRIGGER] memory_ratio=1 high_watermark=0.9 need_mem_eviction=0 eviction_ratio=0.05
I1008 08:15:32.070043 78821 master_service.cpp:12526] [EVICT-RESULT] evicted_count=0, eviction_base=30, actual_evict_ratio=0, target_evict_ratio=0.15
I1008 08:15:32.070067 78821 master_service.cpp:10630] [EVICT-DONE] BatchEvict execution completed.
I1008 08:15:32.080129 78821 master_service.cpp:10619] [EVICT-TRIGGER] memory_ratio=1 high_watermark=0.9 need_mem_eviction=0 eviction_ratio=0.05
I1008 08:15:32.081451 78821 master_service.cpp:12526] [EVICT-RESULT] evicted_count=0, eviction_base=30, actual_evict_ratio=0, target_evict_ratio=0.15
I1008 08:15:32.081475 78821 master_service.cpp:10630] [EVICT-DONE] BatchEvict execution completed.
I1008 08:15:32.091535 78821 master_service.cpp:10619] [EVICT-TRIGGER] memory_ratio=1 high_watermark=0.9 need_mem_eviction=0 eviction_ratio=0.05
I1008 08:15:32.092856 78821 master_service.cpp:12526] [EVICT-RESULT] evicted_count=0, eviction_base=30, actual_evict_ratio=0, target_evict_ratio=0.15
I1008 08:15:32.092880 78821 master_service.cpp:10630] [EVICT-DONE] BatchEvict execution completed.
I1008 08:15:32.102941 78821 master_service.cpp:10619] [EVICT-TRIGGER] memory_ratio=1 high_watermark=0.9 need_mem_eviction=0 eviction_ratio=0.05
I1008 08:15:32.104286 78821 master_service.cpp:12526] [EVICT-RESULT] evicted_count=0, eviction_base=30, actual_evict_ratio=0, target_evict_ratio=0.15
I1008 08:15:32.104310 78821 master_service.cpp:10630] [EVICT-DONE] BatchEvict execution completed.
I1008 08:15:32.114372 78821 master_service.cpp:10619] [EVICT-TRIGGER] memory_ratio=1 high_watermark=0.9 need_mem_eviction=0 eviction_ratio=0.05
I1008 08:15:32.115736 78821 master_service.cpp:12526] [EVICT-RESULT] evicted_count=0, eviction_base=30, actual_evict_ratio=0, target_evict_ratio=0.15
I1008 08:15:32.115759 78821 master_service.cpp:10630] [EVICT-DONE] BatchEvict execution completed.
I1008 08:15:32.125820 78821 master_service.cpp:10619] [EVICT-TRIGGER] memory_ratio=1 high_watermark=0.9 need_mem_eviction=0 eviction_ratio=0.05
I1008 08:15:32.127187 78821 master_service.cpp:12526] [EVICT-RESULT] evicted_count=0, eviction_base=30, actual_evict_ratio=0, target_evict_ratio=0.15
I1008 08:15:32.127210 78821 master_service.cpp:10630] [EVICT-DONE] BatchEvict execution completed.
I1008 08:15:32.137274 78821 master_service.cpp:10619] [EVICT-TRIGGER] memory_ratio=1 high_watermark=0.9 need_mem_eviction=0 eviction_ratio=0.05
I1008 08:15:32.138639 78821 master_service.cpp:12526] [EVICT-RESULT] evicted_count=0, eviction_base=30, actual_evict_ratio=0, target_evict_ratio=0.15
I1008 08:15:32.138664 78821 master_service.cpp:10630] [EVICT-DONE] BatchEvict execution completed.
I1008 08:15:32.148725 78821 master_service.cpp:10619] [EVICT-TRIGGER] memory_ratio=1 high_watermark=0.9 need_mem_eviction=0 eviction_ratio=0.05
I1008 08:15:32.150048 78821 master_service.cpp:12526] [EVICT-RESULT] evicted_count=0, eviction_base=30, actual_evict_ratio=0, target_evict_ratio=0.15
I1008 08:15:32.150071 78821 master_service.cpp:10630] [EVICT-DONE] BatchEvict execution completed.
I1008 08:15:32.160132 78821 master_service.cpp:10619] [EVICT-TRIGGER] memory_ratio=1 high_watermark=0.9 need_mem_eviction=0 eviction_ratio=0.05
I1008 08:15:32.161473 78821 master_service.cpp:12526] [EVICT-RESULT] evicted_count=0, eviction_base=30, actual_evict_ratio=0, target_evict_ratio=0.15
I1008 08:15:32.161495 78821 master_service.cpp:10630] [EVICT-DONE] BatchEvict execution completed.
I1008 08:15:32.171567 78821 master_service.cpp:10619] [EVICT-TRIGGER] memory_ratio=1 high_watermark=0.9 need_mem_eviction=0 eviction_ratio=0.05
I1008 08:15:32.172896 78821 master_service.cpp:12526] [EVICT-RESULT] evicted_count=0, eviction_base=30, actual_evict_ratio=0, target_evict_ratio=0.15
I1008 08:15:32.172920 78821 master_service.cpp:10630] [EVICT-DONE] BatchEvict execution completed.
I1008 08:15:32.182981 78821 master_service.cpp:10619] [EVICT-TRIGGER] memory_ratio=1 high_watermark=0.9 need_mem_eviction=0 eviction_ratio=0.05
I1008 08:15:32.184353 78821 master_service.cpp:12526] [EVICT-RESULT] evicted_count=0, eviction_base=30, actual_evict_ratio=0, target_evict_ratio=0.15
I1008 08:15:32.184377 78821 master_service.cpp:10630] [EVICT-DONE] BatchEvict execution completed.
I1008 08:15:32.194439 78821 master_service.cpp:10619] [EVICT-TRIGGER] memory_ratio=1 high_watermark=0.9 need_mem_eviction=0 eviction_ratio=0.05
I1008 08:15:32.195755 78821 master_service.cpp:12526] [EVICT-RESULT] evicted_count=0, eviction_base=30, actual_evict_ratio=0, target_evict_ratio=0.15
I1008 08:15:32.195779 78821 master_service.cpp:10630] [EVICT-DONE] BatchEvict execution completed.
I1008 08:15:32.205840 78821 master_service.cpp:10619] [EVICT-TRIGGER] memory_ratio=1 high_watermark=0.9 need_mem_eviction=0 eviction_ratio=0.05
I1008 08:15:32.207216 78821 master_service.cpp:12526] [EVICT-RESULT] evicted_count=0, eviction_base=30, actual_evict_ratio=0, target_evict_ratio=0.15
I1008 08:15:32.207242 78821 master_service.cpp:10630] [EVICT-DONE] BatchEvict execution completed.
I1008 08:15:32.217304 78821 master_service.cpp:10619] [EVICT-TRIGGER] memory_ratio=1 high_watermark=0.9 need_mem_eviction=0 eviction_ratio=0.05
I1008 08:15:32.218758 78821 master_service.cpp:12526] [EVICT-RESULT] evicted_count=0, eviction_base=30, actual_evict_ratio=0, target_evict_ratio=0.15
I1008 08:15:32.218786 78821 master_service.cpp:10630] [EVICT-DONE] BatchEvict execution completed.
I1008 08:15:32.228849 78821 master_service.cpp:10619] [EVICT-TRIGGER] memory_ratio=1 high_watermark=0.9 need_mem_eviction=0 eviction_ratio=0.05
I1008 08:15:32.230175 78821 master_service.cpp:12526] [EVICT-RESULT] evicted_count=0, eviction_base=30, actual_evict_ratio=0, target_evict_ratio=0.15
I1008 08:15:32.230199 78821 master_service.cpp:10630] [EVICT-DONE] BatchEvict execution completed.
I1008 08:15:32.240260 78821 master_service.cpp:10619] [EVICT-TRIGGER] memory_ratio=1 high_watermark=0.9 need_mem_eviction=0 eviction_ratio=0.05
I1008 08:15:32.241641 78821 master_service.cpp:12526] [EVICT-RESULT] evicted_count=0, eviction_base=30, actual_evict_ratio=0, target_evict_ratio=0.15
I1008 08:15:32.241664 78821 master_service.cpp:10630] [EVICT-DONE] BatchEvict execution completed.
I1008 08:15:32.251725 78821 master_service.cpp:10619] [EVICT-TRIGGER] memory_ratio=1 high_watermark=0.9 need_mem_eviction=0 eviction_ratio=0.05
I1008 08:15:32.253118 78821 master_service.cpp:12526] [EVICT-RESULT] evicted_count=0, eviction_base=30, actual_evict_ratio=0, target_evict_ratio=0.15
I1008 08:15:32.253142 78821 master_service.cpp:10630] [EVICT-DONE] BatchEvict execution completed.
I1008 08:15:32.263203 78821 master_service.cpp:10619] [EVICT-TRIGGER] memory_ratio=1 high_watermark=0.9 need_mem_eviction=0 eviction_ratio=0.05
I1008 08:15:32.264577 78821 master_service.cpp:12526] [EVICT-RESULT] evicted_count=0, eviction_base=30, actual_evict_ratio=0, target_evict_ratio=0.15
I1008 08:15:32.264601 78821 master_service.cpp:10630] [EVICT-DONE] BatchEvict execution completed.
I1008 08:15:32.274662 78821 master_service.cpp:10619] [EVICT-TRIGGER] memory_ratio=1 high_watermark=0.9 need_mem_eviction=0 eviction_ratio=0.05
I1008 08:15:32.276041 78821 master_service.cpp:12526] [EVICT-RESULT] evicted_count=0, eviction_base=30, actual_evict_ratio=0, target_evict_ratio=0.15
I1008 08:15:32.276064 78821 master_service.cpp:10630] [EVICT-DONE] BatchEvict execution completed.
I1008 08:15:32.286125 78821 master_service.cpp:10619] [EVICT-TRIGGER] memory_ratio=1 high_watermark=0.9 need_mem_eviction=0 eviction_ratio=0.05
I1008 08:15:32.287487 78821 master_service.cpp:12526] [EVICT-RESULT] evicted_count=0, eviction_base=30, actual_evict_ratio=0, target_evict_ratio=0.15
I1008 08:15:32.287521 78821 master_service.cpp:10630] [EVICT-DONE] BatchEvict execution completed.
I1008 08:15:32.297583 78821 master_service.cpp:10619] [EVICT-TRIGGER] memory_ratio=1 high_watermark=0.9 need_mem_eviction=0 eviction_ratio=0.05
I1008 08:15:32.298965 78821 master_service.cpp:12526] [EVICT-RESULT] evicted_count=0, eviction_base=30, actual_evict_ratio=0, target_evict_ratio=0.15
I1008 08:15:32.298996 78821 master_service.cpp:10630] [EVICT-DONE] BatchEvict execution completed.
I1008 08:15:32.309057 78821 master_service.cpp:10619] [EVICT-TRIGGER] memory_ratio=1 high_watermark=0.9 need_mem_eviction=0 eviction_ratio=0.05
I1008 08:15:32.310393 78821 master_service.cpp:12526] [EVICT-RESULT] evicted_count=0, eviction_base=30, actual_evict_ratio=0, target_evict_ratio=0.15
I1008 08:15:32.310416 78821 master_service.cpp:10630] [EVICT-DONE] BatchEvict execution completed.
I1008 08:15:32.320477 78821 master_service.cpp:10619] [EVICT-TRIGGER] memory_ratio=1 high_watermark=0.9 need_mem_eviction=0 eviction_ratio=0.05
I1008 08:15:32.321825 78821 master_service.cpp:12526] [EVICT-RESULT] evicted_count=0, eviction_base=30, actual_evict_ratio=0, target_evict_ratio=0.15
I1008 08:15:32.321848 78821 master_service.cpp:10630] [EVICT-DONE] BatchEvict execution completed.
I1008 08:15:32.331909 78821 master_service.cpp:10619] [EVICT-TRIGGER] memory_ratio=1 high_watermark=0.9 need_mem_eviction=0 eviction_ratio=0.05
I1008 08:15:32.333272 78821 master_service.cpp:12526] [EVICT-RESULT] evicted_count=0, eviction_base=30, actual_evict_ratio=0, target_evict_ratio=0.15
I1008 08:15:32.333295 78821 master_service.cpp:10630] [EVICT-DONE] BatchEvict execution completed.
I1008 08:15:32.343356 78821 master_service.cpp:10619] [EVICT-TRIGGER] memory_ratio=1 high_watermark=0.9 need_mem_eviction=0 eviction_ratio=0.05
I1008 08:15:32.344684 78821 master_service.cpp:12526] [EVICT-RESULT] evicted_count=0, eviction_base=30, actual_evict_ratio=0, target_evict_ratio=0.15
I1008 08:15:32.344707 78821 master_service.cpp:10630] [EVICT-DONE] BatchEvict execution completed.
I1008 08:15:32.354768 78821 master_service.cpp:10619] [EVICT-TRIGGER] memory_ratio=1 high_watermark=0.9 need_mem_eviction=0 eviction_ratio=0.05
I1008 08:15:32.356086 78821 master_service.cpp:12526] [EVICT-RESULT] evicted_count=0, eviction_base=30, actual_evict_ratio=0, target_evict_ratio=0.15
I1008 08:15:32.356108 78821 master_service.cpp:10630] [EVICT-DONE] BatchEvict execution completed.
I1008 08:15:32.366170 78821 master_service.cpp:10619] [EVICT-TRIGGER] memory_ratio=1 high_watermark=0.9 need_mem_eviction=0 eviction_ratio=0.05
I1008 08:15:32.367547 78821 master_service.cpp:12526] [EVICT-RESULT] evicted_count=0, eviction_base=30, actual_evict_ratio=0, target_evict_ratio=0.15
I1008 08:15:32.367573 78821 master_service.cpp:10630] [EVICT-DONE] BatchEvict execution completed.
I1008 08:15:32.377633 78821 master_service.cpp:10619] [EVICT-TRIGGER] memory_ratio=1 high_watermark=0.9 need_mem_eviction=0 eviction_ratio=0.05
I1008 08:15:32.379000 78821 master_service.cpp:12526] [EVICT-RESULT] evicted_count=0, eviction_base=30, actual_evict_ratio=0, target_evict_ratio=0.15
I1008 08:15:32.379024 78821 master_service.cpp:10630] [EVICT-DONE] BatchEvict execution completed.
I1008 08:15:32.389086 78821 master_service.cpp:10619] [EVICT-TRIGGER] memory_ratio=1 high_watermark=0.9 need_mem_eviction=0 eviction_ratio=0.05
I1008 08:15:32.390403 78821 master_service.cpp:12526] [EVICT-RESULT] evicted_count=0, eviction_base=30, actual_evict_ratio=0, target_evict_ratio=0.15
I1008 08:15:32.390427 78821 master_service.cpp:10630] [EVICT-DONE] BatchEvict execution completed.
I1008 08:15:32.400488 78821 master_service.cpp:10619] [EVICT-TRIGGER] memory_ratio=1 high_watermark=0.9 need_mem_eviction=0 eviction_ratio=0.05
I1008 08:15:32.401829 78821 master_service.cpp:12526] [EVICT-RESULT] evicted_count=0, eviction_base=30, actual_evict_ratio=0, target_evict_ratio=0.15
I1008 08:15:32.401853 78821 master_service.cpp:10630] [EVICT-DONE] BatchEvict execution completed.
I1008 08:15:32.411924 78821 master_service.cpp:10619] [EVICT-TRIGGER] memory_ratio=1 high_watermark=0.9 need_mem_eviction=0 eviction_ratio=0.05
I1008 08:15:32.413286 78821 master_service.cpp:12526] [EVICT-RESULT] evicted_count=0, eviction_base=30, actual_evict_ratio=0, target_evict_ratio=0.15
I1008 08:15:32.413311 78821 master_service.cpp:10630] [EVICT-DONE] BatchEvict execution completed.
I1008 08:15:32.423372 78821 master_service.cpp:10619] [EVICT-TRIGGER] memory_ratio=1 high_watermark=0.9 need_mem_eviction=0 eviction_ratio=0.05
I1008 08:15:32.424679 78821 master_service.cpp:12526] [EVICT-RESULT] evicted_count=0, eviction_base=30, actual_evict_ratio=0, target_evict_ratio=0.15
I1008 08:15:32.424702 78821 master_service.cpp:10630] [EVICT-DONE] BatchEvict execution completed.
I1008 08:15:32.434764 78821 master_service.cpp:10619] [EVICT-TRIGGER] memory_ratio=1 high_watermark=0.9 need_mem_eviction=0 eviction_ratio=0.05
I1008 08:15:32.436088 78821 master_service.cpp:12526] [EVICT-RESULT] evicted_count=0, eviction_base=30, actual_evict_ratio=0, target_evict_ratio=0.15
I1008 08:15:32.436112 78821 master_service.cpp:10630] [EVICT-DONE] BatchEvict execution completed.
I1008 08:15:32.446173 78821 master_service.cpp:10619] [EVICT-TRIGGER] memory_ratio=1 high_watermark=0.9 need_mem_eviction=0 eviction_ratio=0.05
I1008 08:15:32.447568 78821 master_service.cpp:12526] [EVICT-RESULT] evicted_count=0, eviction_base=30, actual_evict_ratio=0, target_evict_ratio=0.15
I1008 08:15:32.447593 78821 master_service.cpp:10630] [EVICT-DONE] BatchEvict execution completed.
I1008 08:15:32.457655 78821 master_service.cpp:10619] [EVICT-TRIGGER] memory_ratio=1 high_watermark=0.9 need_mem_eviction=0 eviction_ratio=0.05
I1008 08:15:32.459350 78821 master_service.cpp:12526] [EVICT-RESULT] evicted_count=0, eviction_base=30, actual_evict_ratio=0, target_evict_ratio=0.15
I1008 08:15:32.459378 78821 master_service.cpp:10630] [EVICT-DONE] BatchEvict execution completed.
I1008 08:15:32.469439 78821 master_service.cpp:10619] [EVICT-TRIGGER] memory_ratio=1 high_watermark=0.9 need_mem_eviction=0 eviction_ratio=0.05
I1008 08:15:32.471123 78821 master_service.cpp:12526] [EVICT-RESULT] evicted_count=0, eviction_base=30, actual_evict_ratio=0, target_evict_ratio=0.15
I1008 08:15:32.471148 78821 master_service.cpp:10630] [EVICT-DONE] BatchEvict execution completed.
I1008 08:15:32.481209 78821 master_service.cpp:10619] [EVICT-TRIGGER] memory_ratio=1 high_watermark=0.9 need_mem_eviction=0 eviction_ratio=0.05
I1008 08:15:32.482545 78821 master_service.cpp:12526] [EVICT-RESULT] evicted_count=0, eviction_base=30, actual_evict_ratio=0, target_evict_ratio=0.15
I1008 08:15:32.482568 78821 master_service.cpp:10630] [EVICT-DONE] BatchEvict execution completed.
I1008 08:15:32.492630 78821 master_service.cpp:10619] [EVICT-TRIGGER] memory_ratio=1 high_watermark=0.9 need_mem_eviction=0 eviction_ratio=0.05
I1008 08:15:32.493948 78821 master_service.cpp:12526] [EVICT-RESULT] evicted_count=0, eviction_base=30, actual_evict_ratio=0, target_evict_ratio=0.15
I1008 08:15:32.493971 78821 master_service.cpp:10630] [EVICT-DONE] BatchEvict execution completed.
I1008 08:15:32.504032 78821 master_service.cpp:10619] [EVICT-TRIGGER] memory_ratio=1 high_watermark=0.9 need_mem_eviction=0 eviction_ratio=0.05
I1008 08:15:32.505399 78821 master_service.cpp:12526] [EVICT-RESULT] evicted_count=0, eviction_base=30, actual_evict_ratio=0, target_evict_ratio=0.15
I1008 08:15:32.505424 78821 master_service.cpp:10630] [EVICT-DONE] BatchEvict execution completed.
I1008 08:15:32.515484 78821 master_service.cpp:10619] [EVICT-TRIGGER] memory_ratio=1 high_watermark=0.9 need_mem_eviction=0 eviction_ratio=0.05
I1008 08:15:32.516813 78821 master_service.cpp:12526] [EVICT-RESULT] evicted_count=0, eviction_base=30, actual_evict_ratio=0, target_evict_ratio=0.15
I1008 08:15:32.516836 78821 master_service.cpp:10630] [EVICT-DONE] BatchEvict execution completed.
I1008 08:15:32.526897 78821 master_service.cpp:10619] [EVICT-TRIGGER] memory_ratio=1 high_watermark=0.9 need_mem_eviction=0 eviction_ratio=0.05
I1008 08:15:32.528232 78821 master_service.cpp:12526] [EVICT-RESULT] evicted_count=0, eviction_base=30, actual_evict_ratio=0, target_evict_ratio=0.15
I1008 08:15:32.528256 78821 master_service.cpp:10630] [EVICT-DONE] BatchEvict execution completed.
I1008 08:15:32.538316 78821 master_service.cpp:10619] [EVICT-TRIGGER] memory_ratio=1 high_watermark=0.9 need_mem_eviction=0 eviction_ratio=0.05
I1008 08:15:32.539710 78821 master_service.cpp:12526] [EVICT-RESULT] evicted_count=0, eviction_base=30, actual_evict_ratio=0, target_evict_ratio=0.15
I1008 08:15:32.539736 78821 master_service.cpp:10630] [EVICT-DONE] BatchEvict execution completed.
I1008 08:15:32.549798 78821 master_service.cpp:10619] [EVICT-TRIGGER] memory_ratio=1 high_watermark=0.9 need_mem_eviction=0 eviction_ratio=0.05
I1008 08:15:32.551213 78821 master_service.cpp:12526] [EVICT-RESULT] evicted_count=0, eviction_base=30, actual_evict_ratio=0, target_evict_ratio=0.15
I1008 08:15:32.551239 78821 master_service.cpp:10630] [EVICT-DONE] BatchEvict execution completed.
I1008 08:15:32.561299 78821 master_service.cpp:10619] [EVICT-TRIGGER] memory_ratio=1 high_watermark=0.9 need_mem_eviction=0 eviction_ratio=0.05
I1008 08:15:32.562654 78821 master_service.cpp:12526] [EVICT-RESULT] evicted_count=0, eviction_base=30, actual_evict_ratio=0, target_evict_ratio=0.15
I1008 08:15:32.562678 78821 master_service.cpp:10630] [EVICT-DONE] BatchEvict execution completed.
I1008 08:15:32.572739 78821 master_service.cpp:10619] [EVICT-TRIGGER] memory_ratio=1 high_watermark=0.9 need_mem_eviction=0 eviction_ratio=0.05
I1008 08:15:32.574070 78821 master_service.cpp:12526] [EVICT-RESULT] evicted_count=0, eviction_base=30, actual_evict_ratio=0, target_evict_ratio=0.15
I1008 08:15:32.574095 78821 master_service.cpp:10630] [EVICT-DONE] BatchEvict execution completed.
I1008 08:15:32.584156 78821 master_service.cpp:10619] [EVICT-TRIGGER] memory_ratio=1 high_watermark=0.9 need_mem_eviction=0 eviction_ratio=0.05
I1008 08:15:32.585556 78821 master_service.cpp:12526] [EVICT-RESULT] evicted_count=0, eviction_base=30, actual_evict_ratio=0, target_evict_ratio=0.15
I1008 08:15:32.585580 78821 master_service.cpp:10630] [EVICT-DONE] BatchEvict execution completed.
I1008 08:15:32.595641 78821 master_service.cpp:10619] [EVICT-TRIGGER] memory_ratio=1 high_watermark=0.9 need_mem_eviction=0 eviction_ratio=0.05
I1008 08:15:32.597024 78821 master_service.cpp:12526] [EVICT-RESULT] evicted_count=0, eviction_base=30, actual_evict_ratio=0, target_evict_ratio=0.15
I1008 08:15:32.597047 78821 master_service.cpp:10630] [EVICT-DONE] BatchEvict execution completed.
I1008 08:15:32.607110 78821 master_service.cpp:10619] [EVICT-TRIGGER] memory_ratio=1 high_watermark=0.9 need_mem_eviction=0 eviction_ratio=0.05
I1008 08:15:32.608481 78821 master_service.cpp:12526] [EVICT-RESULT] evicted_count=0, eviction_base=30, actual_evict_ratio=0, target_evict_ratio=0.15
I1008 08:15:32.608505 78821 master_service.cpp:10630] [EVICT-DONE] BatchEvict execution completed.
I1008 08:15:32.618566 78821 master_service.cpp:10619] [EVICT-TRIGGER] memory_ratio=1 high_watermark=0.9 need_mem_eviction=0 eviction_ratio=0.05
I1008 08:15:32.621392 78821 master_service.cpp:12526] [EVICT-RESULT] evicted_count=5, eviction_base=30, actual_evict_ratio=0.166667, target_evict_ratio=0.15
I1008 08:15:32.621421 78821 master_service.cpp:10630] [EVICT-DONE] BatchEvict execution completed.
I1008 08:15:33.787709 78821 master_service.cpp:10619] [EVICT-TRIGGER] memory_ratio=0.90625 high_watermark=0.9 need_mem_eviction=0 eviction_ratio=0.05
I1008 08:15:33.790666 78821 master_service.cpp:12526] [EVICT-RESULT] evicted_count=2, eviction_base=30, actual_evict_ratio=0.0666667, target_evict_ratio=0.05625
I1008 08:15:33.790716 78821 master_service.cpp:10630] [EVICT-DONE] BatchEvict execution completed.
I1008 08:15:33.800781 78821 master_service.cpp:10619] [EVICT-TRIGGER] memory_ratio=0.9375 high_watermark=0.9 need_mem_eviction=0 eviction_ratio=0.05
I1008 08:15:33.803525 78821 master_service.cpp:12526] [EVICT-RESULT] evicted_count=3, eviction_base=30, actual_evict_ratio=0.1, target_evict_ratio=0.0875
I1008 08:15:33.803575 78821 master_service.cpp:10630] [EVICT-DONE] BatchEvict execution completed.
I1008 08:15:37.549057 78829 master_admin_service.cpp:315] Master Admin Metrics: role=leader, state=serving, service_ready=true, master={Mem Storage: 1.00 MB / 32.00 MB (3.1%) | NVMe-oF SSD: 0 B / 0 B | SSD Storage: 2.02 MB / 4.00 TB | Keys: 17 (soft-pinned: 0) | Clients: 2 | Requests (Success/Total per sec): PutStart=3.20/9.60, PutEnd=6.40/6.40, PutRevoke=0.00/0.00, Get=0.50/0.50, Exist=0.00/0.00, Del=3.10/9.60, DelAll=0.00/0.00, Ping=1.00/1.00, CopyStart=0.00/0.00, CopyEnd=0.00/0.00, CopyRevoke=0.00/0.00, MoveStart=0.00/0.00, MoveEnd=0.00/0.00, MoveRevoke=0.00/0.00, EvictDiskReplica=0.00/0.00 | Batch Requests (per sec, Req=Success/PartialSuccess/Total, Item=Success/Total): PutStart:(Req=0.00/0.00/0.00, Item=0.00/0.00), PutEnd:(Req=0.00/0.00/0.00, Item=0.00/0.00), PutRevoke:(Req=0.00/0.00/0.00, Item=0.00/0.00), Get:(Req=0.90/0.00/0.90, Item=16.00/16.00), ExistKey:(Req=0.00/0.00/0.00, Item=0.00/0.00), QueryIp:(Req=0.00/0.00/0.00, Item=0.00/0.00), Clear:(Req=0.00/0.00/0.00, Item=0.00/0.00), CreateMoveTask:(Req=0.00/0.00), CreateCopyTask:(Req=0.00/0.00), QueryTask:(Req=0.00/0.00), FetchTasks:(Req=0.80/0.80), MarkTaskToComplete:(Req=0.00/0.00) | Eviction: Success/Attempts=6/82, AllocFail=64, PartialAlloc=0, keys=10, size=10.00 MB | Mem Eviction: Success/Attempts=6/82, keys=10, size=10.00 MB | NoF Eviction: Success/Attempts=0/0, keys=0, size=0 B | Discard: Released/Total=0/0, StagingSize=0 B | Promotion: in_flight=0, admitted=5, completed=5, failed=0, cancelled=0, expired=0, bytes=5.00 MB, rejected(freq/wm/cap)=0/0/0 | Snapshots: Success=0, Fail=0}, ha={HA Metrics Summary: last_seq=0, applied_seq=0, lag=0, pending=0, mutation_queue=0, batch_commits=0, sync_commits=0, skipped=0, checksum_fail=0, etcd_fail=0, watch_disconn=0, state=0, writer_accepting=false, writer_retry_count=0, writer_retry_delay_ms=0, writer_waiting_slots=0, writer_committed_queue=0, writer_callback_queue=0, writer_durable_batch=0, writer_durable_seq=0, writer_last_error=0}
I1008 08:15:38.547613 78822 master_service.cpp:12856] client_id=11623063803435626847-2189448205983922054, action=client_liveness_suspected
I1008 08:15:38.779772 78817 master.cpp:1857] Shutdown signal received, exiting gracefully
I1008 08:15:38.780318 78823 master_service.cpp:3119] Task cleanup thread stopped
I1008 08:15:39.547833 78820 client_offboarding.cpp:163] Client offboarding worker stopped
=== prefetch ===
WARNING: Logging before InitGoogleLogging() is written to STDERR
I1008 08:15:39.569021 83279 master.cpp:1548] Mooncake master version: 0.3.13 (git: af797e8e9)
I1008 08:15:39.569262 83279 master.cpp:1683] Master service started on port 50051, max_threads=16, enable_metric_reporting=1, metrics_port=9003, metrics_host=<ip>, default_kv_lease_ttl=500, default_kv_soft_pin_ttl=1800000, max_kv_soft_pin_ttl=86400000, allow_evict_soft_pinned_objects=1, eviction_ratio=0.05, eviction_high_watermark_ratio=0.9, tenant_eviction_high_watermark_ratio=0.9, enable_ha=0, enable_oplog=0, weight_management_oplog_capability_confirmed=0, enable_oplog_snapshot=0, snapshot_chunk_object_count=1000000, enable_offload=1, enable_kv_events=0, kv_events_bind_endpoint=, kv_events_backend_id=, offload_on_evict=1, offload_force_evict=0, offloading_queue_limit=50000, offload_cap_ratio=0.5, ha_backend_type=etcd, ha_backend_connstring=, etcd_endpoints=, client_active_ttl_sec=10, client_suspicion_ttl_sec=20, rpc_thread_num=16, rpc_port=50051, rpc_address=<ip>, rpc_interface=, rpc_conn_timeout_seconds=0, rpc_enable_tcp_no_delay=1, rpc protocol=tcp, cluster_id=mooncake_cluster, root_fs_dir=/tmp/mooncake_ci_prefetch, global_file_segment_size=9223372036854775807, memory_allocator=offset, enable_http_metadata_server=0, http_metadata_server_port=8080, http_metadata_server_host=<ip>, enable_metadata_cleanup_on_timeout=0, put_start_discard_timeout_sec=30, put_start_release_timeout_sec=600, max_total_finished_tasks=10000, max_total_pending_tasks=10000, max_total_processing_tasks=10000, pending_task_timeout_sec=300, processing_task_timeout_sec=300, enable_snapshot=0, enable_snapshot_restore=0, snapshot_interval_seconds=600, snapshot_backup_dir=, snapshot_object_store_type=, snapshot_catalog_store_type=, snapshot_retention_count=2, max_retry_attempts=10, enable_cxl=0, cxl_path=/dev/dax0.0, cxl_size=8589934592
I1008 08:15:39.569777 83279 master_service.cpp:381] Offload-on-evict mode enabled: DRAM offload to LOCAL_DISK will occur at eviction time instead of PutEnd
I1008 08:15:39.569988 83282 client_offboarding.cpp:94] Client offboarding worker started
I1008 08:15:39.570284 83285 master_service.cpp:3096] Task cleanup thread started
I1008 08:15:39.572789 83279 master_admin_service.cpp:324] Master admin server started on port 9003
I1008 08:15:39.573467 83290 master_admin_service.cpp:315] Master Admin Metrics: role=leader, state=serving, service_ready=false, master={Mem Storage: 0 B / 0 B | NVMe-oF SSD: 0 B / 0 B | SSD Storage: 0 B / infinite | Keys: 0 (soft-pinned: 0) | Clients: 0 | Requests (Success/Total per sec): PutStart=0.00/0.00, PutEnd=0.00/0.00, PutRevoke=0.00/0.00, Get=0.00/0.00, Exist=0.00/0.00, Del=0.00/0.00, DelAll=0.00/0.00, Ping=0.00/0.00, CopyStart=0.00/0.00, CopyEnd=0.00/0.00, CopyRevoke=0.00/0.00, MoveStart=0.00/0.00, MoveEnd=0.00/0.00, MoveRevoke=0.00/0.00, EvictDiskReplica=0.00/0.00 | Batch Requests (per sec, Req=Success/PartialSuccess/Total, Item=Success/Total): PutStart:(Req=0.00/0.00/0.00, Item=0.00/0.00), PutEnd:(Req=0.00/0.00/0.00, Item=0.00/0.00), PutRevoke:(Req=0.00/0.00/0.00, Item=0.00/0.00), Get:(Req=0.00/0.00/0.00, Item=0.00/0.00), ExistKey:(Req=0.00/0.00/0.00, Item=0.00/0.00), QueryIp:(Req=0.00/0.00/0.00, Item=0.00/0.00), Clear:(Req=0.00/0.00/0.00, Item=0.00/0.00), CreateMoveTask:(Req=0.00/0.00), CreateCopyTask:(Req=0.00/0.00), QueryTask:(Req=0.00/0.00), FetchTasks:(Req=0.00/0.00), MarkTaskToComplete:(Req=0.00/0.00) | Eviction: Success/Attempts=0/0, AllocFail=0, PartialAlloc=0, keys=0, size=0 B | Mem Eviction: Success/Attempts=0/0, keys=0, size=0 B | NoF Eviction: Success/Attempts=0/0, keys=0, size=0 B | Discard: Released/Total=0/0, StagingSize=0 B | Promotion: in_flight=0, admitted=0, completed=0, failed=0, cancelled=0, expired=0, bytes=0 B, rejected(freq/wm/cap)=0/0/0 | Snapshots: Success=0, Fail=0}, ha={HA Metrics Summary: last_seq=0, applied_seq=0, lag=0, pending=0, mutation_queue=0, batch_commits=0, sync_commits=0, skipped=0, checksum_fail=0, etcd_fail=0, watch_disconn=0, state=0, writer_accepting=false, writer_retry_count=0, writer_retry_delay_ms=0, writer_waiting_slots=0, writer_committed_queue=0, writer_callback_queue=0, writer_durable_batch=0, writer_durable_seq=0, writer_last_error=0}
I1008 08:15:39.773610 83298 master_service.cpp:914] client_id=5352016811908088053-17275209461551025582, action=mount_segment, segment_name=<ip>:12694
W1008 08:15:39.775350 83299 segment.cpp:333] segment_name=<ip>:12694, warn=segment_already_exists
I1008 08:15:39.958098 83299 rpc_service.cpp:1613] Mount local disk segment with client id is : 5352016811908088053-17275209461551025582, enable offloading is: 1
I1008 08:15:40.113353 83283 master_service.cpp:10619] [EVICT-TRIGGER] memory_ratio=0.90625 high_watermark=0.9 need_mem_eviction=0 eviction_ratio=0.05
I1008 08:15:40.118232 83283 master_service.cpp:12526] [EVICT-RESULT] evicted_count=0, eviction_base=29, actual_evict_ratio=0, target_evict_ratio=0.05625
W1008 08:15:40.118268 83283 master_service.cpp:12534] [EVICT] No memory freed this cycle; 29 objects deferred for disk offload. Consider lowering eviction_high_watermark_ratio.
I1008 08:15:40.118280 83283 master_service.cpp:10630] [EVICT-DONE] BatchEvict execution completed.
I1008 08:15:40.128342 83283 master_service.cpp:10619] [EVICT-TRIGGER] memory_ratio=1 high_watermark=0.9 need_mem_eviction=0 eviction_ratio=0.05
I1008 08:15:40.132659 83283 master_service.cpp:12526] [EVICT-RESULT] evicted_count=0, eviction_base=3, actual_evict_ratio=0, target_evict_ratio=0.15
W1008 08:15:40.132731 83283 master_service.cpp:12534] [EVICT] No memory freed this cycle; 3 objects deferred for disk offload. Consider lowering eviction_high_watermark_ratio.
I1008 08:15:40.132743 83283 master_service.cpp:10630] [EVICT-DONE] BatchEvict execution completed.
I1008 08:15:40.142807 83283 master_service.cpp:10619] [EVICT-TRIGGER] memory_ratio=1 high_watermark=0.9 need_mem_eviction=1 eviction_ratio=0.05
I1008 08:15:40.143994 83283 master_service.cpp:10630] [EVICT-DONE] BatchEvict execution completed.
I1008 08:15:40.154070 83283 master_service.cpp:10619] [EVICT-TRIGGER] memory_ratio=1 high_watermark=0.9 need_mem_eviction=1 eviction_ratio=0.05
I1008 08:15:40.155525 83283 master_service.cpp:10630] [EVICT-DONE] BatchEvict execution completed.
I1008 08:15:40.165602 83283 master_service.cpp:10619] [EVICT-TRIGGER] memory_ratio=1 high_watermark=0.9 need_mem_eviction=1 eviction_ratio=0.05
I1008 08:15:40.166792 83283 master_service.cpp:10630] [EVICT-DONE] BatchEvict execution completed.
I1008 08:15:40.176867 83283 master_service.cpp:10619] [EVICT-TRIGGER] memory_ratio=1 high_watermark=0.9 need_mem_eviction=1 eviction_ratio=0.05
I1008 08:15:40.178035 83283 master_service.cpp:10630] [EVICT-DONE] BatchEvict execution completed.
I1008 08:15:40.188109 83283 master_service.cpp:10619] [EVICT-TRIGGER] memory_ratio=1 high_watermark=0.9 need_mem_eviction=1 eviction_ratio=0.05
I1008 08:15:40.189307 83283 master_service.cpp:10630] [EVICT-DONE] BatchEvict execution completed.
I1008 08:15:40.199381 83283 master_service.cpp:10619] [EVICT-TRIGGER] memory_ratio=1 high_watermark=0.9 need_mem_eviction=1 eviction_ratio=0.05
I1008 08:15:40.200546 83283 master_service.cpp:10630] [EVICT-DONE] BatchEvict execution completed.
I1008 08:15:40.210618 83283 master_service.cpp:10619] [EVICT-TRIGGER] memory_ratio=1 high_watermark=0.9 need_mem_eviction=1 eviction_ratio=0.05
I1008 08:15:40.211769 83283 master_service.cpp:10630] [EVICT-DONE] BatchEvict execution completed.
I1008 08:15:40.221843 83283 master_service.cpp:10619] [EVICT-TRIGGER] memory_ratio=1 high_watermark=0.9 need_mem_eviction=1 eviction_ratio=0.05
I1008 08:15:40.222998 83283 master_service.cpp:10630] [EVICT-DONE] BatchEvict execution completed.
I1008 08:15:40.233073 83283 master_service.cpp:10619] [EVICT-TRIGGER] memory_ratio=1 high_watermark=0.9 need_mem_eviction=1 eviction_ratio=0.05
I1008 08:15:40.234193 83283 master_service.cpp:10630] [EVICT-DONE] BatchEvict execution completed.
I1008 08:15:40.244266 83283 master_service.cpp:10619] [EVICT-TRIGGER] memory_ratio=1 high_watermark=0.9 need_mem_eviction=1 eviction_ratio=0.05
I1008 08:15:40.245394 83283 master_service.cpp:10630] [EVICT-DONE] BatchEvict execution completed.
I1008 08:15:40.255482 83283 master_service.cpp:10619] [EVICT-TRIGGER] memory_ratio=1 high_watermark=0.9 need_mem_eviction=1 eviction_ratio=0.05
I1008 08:15:40.256601 83283 master_service.cpp:10630] [EVICT-DONE] BatchEvict execution completed.
I1008 08:15:40.266673 83283 master_service.cpp:10619] [EVICT-TRIGGER] memory_ratio=1 high_watermark=0.9 need_mem_eviction=1 eviction_ratio=0.05
I1008 08:15:40.267817 83283 master_service.cpp:10630] [EVICT-DONE] BatchEvict execution completed.
I1008 08:15:40.277889 83283 master_service.cpp:10619] [EVICT-TRIGGER] memory_ratio=1 high_watermark=0.9 need_mem_eviction=1 eviction_ratio=0.05
I1008 08:15:40.279078 83283 master_service.cpp:10630] [EVICT-DONE] BatchEvict execution completed.
I1008 08:15:40.289151 83283 master_service.cpp:10619] [EVICT-TRIGGER] memory_ratio=1 high_watermark=0.9 need_mem_eviction=1 eviction_ratio=0.05
I1008 08:15:40.290280 83283 master_service.cpp:10630] [EVICT-DONE] BatchEvict execution completed.
I1008 08:15:40.300357 83283 master_service.cpp:10619] [EVICT-TRIGGER] memory_ratio=1 high_watermark=0.9 need_mem_eviction=1 eviction_ratio=0.05
I1008 08:15:40.301638 83283 master_service.cpp:10630] [EVICT-DONE] BatchEvict execution completed.
I1008 08:15:40.311714 83283 master_service.cpp:10619] [EVICT-TRIGGER] memory_ratio=1 high_watermark=0.9 need_mem_eviction=1 eviction_ratio=0.05
I1008 08:15:40.312901 83283 master_service.cpp:10630] [EVICT-DONE] BatchEvict execution completed.
I1008 08:15:40.322974 83283 master_service.cpp:10619] [EVICT-TRIGGER] memory_ratio=1 high_watermark=0.9 need_mem_eviction=1 eviction_ratio=0.05
I1008 08:15:40.324139 83283 master_service.cpp:10630] [EVICT-DONE] BatchEvict execution completed.
I1008 08:15:40.334213 83283 master_service.cpp:10619] [EVICT-TRIGGER] memory_ratio=1 high_watermark=0.9 need_mem_eviction=1 eviction_ratio=0.05
I1008 08:15:40.335434 83283 master_service.cpp:10630] [EVICT-DONE] BatchEvict execution completed.
I1008 08:15:40.345510 83283 master_service.cpp:10619] [EVICT-TRIGGER] memory_ratio=1 high_watermark=0.9 need_mem_eviction=1 eviction_ratio=0.05
I1008 08:15:40.346639 83283 master_service.cpp:10630] [EVICT-DONE] BatchEvict execution completed.
I1008 08:15:40.356712 83283 master_service.cpp:10619] [EVICT-TRIGGER] memory_ratio=1 high_watermark=0.9 need_mem_eviction=1 eviction_ratio=0.05
I1008 08:15:40.357812 83283 master_service.cpp:10630] [EVICT-DONE] BatchEvict execution completed.
I1008 08:15:40.367885 83283 master_service.cpp:10619] [EVICT-TRIGGER] memory_ratio=1 high_watermark=0.9 need_mem_eviction=1 eviction_ratio=0.05
I1008 08:15:40.369017 83283 master_service.cpp:10630] [EVICT-DONE] BatchEvict execution completed.
I1008 08:15:40.379091 83283 master_service.cpp:10619] [EVICT-TRIGGER] memory_ratio=1 high_watermark=0.9 need_mem_eviction=1 eviction_ratio=0.05
I1008 08:15:40.380234 83283 master_service.cpp:10630] [EVICT-DONE] BatchEvict execution completed.
I1008 08:15:40.390308 83283 master_service.cpp:10619] [EVICT-TRIGGER] memory_ratio=1 high_watermark=0.9 need_mem_eviction=1 eviction_ratio=0.05
I1008 08:15:40.391440 83283 master_service.cpp:10630] [EVICT-DONE] BatchEvict execution completed.
I1008 08:15:40.401515 83283 master_service.cpp:10619] [EVICT-TRIGGER] memory_ratio=1 high_watermark=0.9 need_mem_eviction=0 eviction_ratio=0.05
I1008 08:15:40.402657 83283 master_service.cpp:10630] [EVICT-DONE] BatchEvict execution completed.
I1008 08:15:40.412730 83283 master_service.cpp:10619] [EVICT-TRIGGER] memory_ratio=1 high_watermark=0.9 need_mem_eviction=0 eviction_ratio=0.05
I1008 08:15:40.413861 83283 master_service.cpp:10630] [EVICT-DONE] BatchEvict execution completed.
I1008 08:15:40.423933 83283 master_service.cpp:10619] [EVICT-TRIGGER] memory_ratio=1 high_watermark=0.9 need_mem_eviction=0 eviction_ratio=0.05
I1008 08:15:40.425045 83283 master_service.cpp:10630] [EVICT-DONE] BatchEvict execution completed.
I1008 08:15:40.435117 83283 master_service.cpp:10619] [EVICT-TRIGGER] memory_ratio=1 high_watermark=0.9 need_mem_eviction=0 eviction_ratio=0.05
I1008 08:15:40.436190 83283 master_service.cpp:10630] [EVICT-DONE] BatchEvict execution completed.
I1008 08:15:40.446274 83283 master_service.cpp:10619] [EVICT-TRIGGER] memory_ratio=1 high_watermark=0.9 need_mem_eviction=0 eviction_ratio=0.05
I1008 08:15:40.447410 83283 master_service.cpp:10630] [EVICT-DONE] BatchEvict execution completed.
I1008 08:15:40.457484 83283 master_service.cpp:10619] [EVICT-TRIGGER] memory_ratio=1 high_watermark=0.9 need_mem_eviction=0 eviction_ratio=0.05
I1008 08:15:40.458619 83283 master_service.cpp:10630] [EVICT-DONE] BatchEvict execution completed.
I1008 08:15:40.468693 83283 master_service.cpp:10619] [EVICT-TRIGGER] memory_ratio=1 high_watermark=0.9 need_mem_eviction=0 eviction_ratio=0.05
I1008 08:15:40.469808 83283 master_service.cpp:10630] [EVICT-DONE] BatchEvict execution completed.
I1008 08:15:40.479882 83283 master_service.cpp:10619] [EVICT-TRIGGER] memory_ratio=1 high_watermark=0.9 need_mem_eviction=0 eviction_ratio=0.05
I1008 08:15:40.481027 83283 master_service.cpp:10630] [EVICT-DONE] BatchEvict execution completed.
I1008 08:15:40.491101 83283 master_service.cpp:10619] [EVICT-TRIGGER] memory_ratio=1 high_watermark=0.9 need_mem_eviction=0 eviction_ratio=0.05
I1008 08:15:40.492245 83283 master_service.cpp:10630] [EVICT-DONE] BatchEvict execution completed.
I1008 08:15:40.502318 83283 master_service.cpp:10619] [EVICT-TRIGGER] memory_ratio=1 high_watermark=0.9 need_mem_eviction=0 eviction_ratio=0.05
I1008 08:15:40.503433 83283 master_service.cpp:10630] [EVICT-DONE] BatchEvict execution completed.
I1008 08:15:40.513507 83283 master_service.cpp:10619] [EVICT-TRIGGER] memory_ratio=1 high_watermark=0.9 need_mem_eviction=0 eviction_ratio=0.05
I1008 08:15:40.514629 83283 master_service.cpp:10630] [EVICT-DONE] BatchEvict execution completed.
I1008 08:15:40.524703 83283 master_service.cpp:10619] [EVICT-TRIGGER] memory_ratio=1 high_watermark=0.9 need_mem_eviction=0 eviction_ratio=0.05
I1008 08:15:40.525831 83283 master_service.cpp:10630] [EVICT-DONE] BatchEvict execution completed.
I1008 08:15:40.535904 83283 master_service.cpp:10619] [EVICT-TRIGGER] memory_ratio=1 high_watermark=0.9 need_mem_eviction=0 eviction_ratio=0.05
I1008 08:15:40.537011 83283 master_service.cpp:10630] [EVICT-DONE] BatchEvict execution completed.
I1008 08:15:40.547083 83283 master_service.cpp:10619] [EVICT-TRIGGER] memory_ratio=1 high_watermark=0.9 need_mem_eviction=0 eviction_ratio=0.05
I1008 08:15:40.548175 83283 master_service.cpp:10630] [EVICT-DONE] BatchEvict execution completed.
I1008 08:15:40.558250 83283 master_service.cpp:10619] [EVICT-TRIGGER] memory_ratio=1 high_watermark=0.9 need_mem_eviction=0 eviction_ratio=0.05
I1008 08:15:40.559415 83283 master_service.cpp:10630] [EVICT-DONE] BatchEvict execution completed.
I1008 08:15:40.569490 83283 master_service.cpp:10619] [EVICT-TRIGGER] memory_ratio=1 high_watermark=0.9 need_mem_eviction=0 eviction_ratio=0.05
I1008 08:15:40.570607 83283 master_service.cpp:10630] [EVICT-DONE] BatchEvict execution completed.
I1008 08:15:40.580680 83283 master_service.cpp:10619] [EVICT-TRIGGER] memory_ratio=1 high_watermark=0.9 need_mem_eviction=0 eviction_ratio=0.05
I1008 08:15:40.581799 83283 master_service.cpp:10630] [EVICT-DONE] BatchEvict execution completed.
I1008 08:15:40.591874 83283 master_service.cpp:10619] [EVICT-TRIGGER] memory_ratio=1 high_watermark=0.9 need_mem_eviction=0 eviction_ratio=0.05
I1008 08:15:40.593016 83283 master_service.cpp:10630] [EVICT-DONE] BatchEvict execution completed.
I1008 08:15:40.603091 83283 master_service.cpp:10619] [EVICT-TRIGGER] memory_ratio=1 high_watermark=0.9 need_mem_eviction=0 eviction_ratio=0.05
I1008 08:15:40.604193 83283 master_service.cpp:10630] [EVICT-DONE] BatchEvict execution completed.
I1008 08:15:40.614269 83283 master_service.cpp:10619] [EVICT-TRIGGER] memory_ratio=1 high_watermark=0.9 need_mem_eviction=0 eviction_ratio=0.05
I1008 08:15:40.615561 83283 master_service.cpp:10630] [EVICT-DONE] BatchEvict execution completed.
I1008 08:15:40.625639 83283 master_service.cpp:10619] [EVICT-TRIGGER] memory_ratio=1 high_watermark=0.9 need_mem_eviction=0 eviction_ratio=0.05
I1008 08:15:40.626834 83283 master_service.cpp:10630] [EVICT-DONE] BatchEvict execution completed.
I1008 08:15:40.636907 83283 master_service.cpp:10619] [EVICT-TRIGGER] memory_ratio=1 high_watermark=0.9 need_mem_eviction=0 eviction_ratio=0.05
I1008 08:15:40.638038 83283 master_service.cpp:10630] [EVICT-DONE] BatchEvict execution completed.
I1008 08:15:40.648111 83283 master_service.cpp:10619] [EVICT-TRIGGER] memory_ratio=1 high_watermark=0.9 need_mem_eviction=0 eviction_ratio=0.05
I1008 08:15:40.649277 83283 master_service.cpp:10630] [EVICT-DONE] BatchEvict execution completed.
I1008 08:15:40.659349 83283 master_service.cpp:10619] [EVICT-TRIGGER] memory_ratio=1 high_watermark=0.9 need_mem_eviction=0 eviction_ratio=0.05
I1008 08:15:40.660458 83283 master_service.cpp:10630] [EVICT-DONE] BatchEvict execution completed.
I1008 08:15:40.670531 83283 master_service.cpp:10619] [EVICT-TRIGGER] memory_ratio=1 high_watermark=0.9 need_mem_eviction=0 eviction_ratio=0.05
I1008 08:15:40.671691 83283 master_service.cpp:10630] [EVICT-DONE] BatchEvict execution completed.
I1008 08:15:40.681764 83283 master_service.cpp:10619] [EVICT-TRIGGER] memory_ratio=1 high_watermark=0.9 need_mem_eviction=0 eviction_ratio=0.05
I1008 08:15:40.682895 83283 master_service.cpp:10630] [EVICT-DONE] BatchEvict execution completed.
I1008 08:15:40.692970 83283 master_service.cpp:10619] [EVICT-TRIGGER] memory_ratio=1 high_watermark=0.9 need_mem_eviction=0 eviction_ratio=0.05
I1008 08:15:40.694067 83283 master_service.cpp:10630] [EVICT-DONE] BatchEvict execution completed.
I1008 08:15:40.704138 83283 master_service.cpp:10619] [EVICT-TRIGGER] memory_ratio=1 high_watermark=0.9 need_mem_eviction=0 eviction_ratio=0.05
I1008 08:15:40.705263 83283 master_service.cpp:10630] [EVICT-DONE] BatchEvict execution completed.
I1008 08:15:40.715337 83283 master_service.cpp:10619] [EVICT-TRIGGER] memory_ratio=1 high_watermark=0.9 need_mem_eviction=0 eviction_ratio=0.05
I1008 08:15:40.716411 83283 master_service.cpp:10630] [EVICT-DONE] BatchEvict execution completed.
I1008 08:15:40.726485 83283 master_service.cpp:10619] [EVICT-TRIGGER] memory_ratio=1 high_watermark=0.9 need_mem_eviction=0 eviction_ratio=0.05
I1008 08:15:40.727682 83283 master_service.cpp:10630] [EVICT-DONE] BatchEvict execution completed.
I1008 08:15:40.737757 83283 master_service.cpp:10619] [EVICT-TRIGGER] memory_ratio=1 high_watermark=0.9 need_mem_eviction=0 eviction_ratio=0.05
I1008 08:15:40.738876 83283 master_service.cpp:10630] [EVICT-DONE] BatchEvict execution completed.
I1008 08:15:40.748950 83283 master_service.cpp:10619] [EVICT-TRIGGER] memory_ratio=1 high_watermark=0.9 need_mem_eviction=0 eviction_ratio=0.05
I1008 08:15:40.750065 83283 master_service.cpp:10630] [EVICT-DONE] BatchEvict execution completed.
I1008 08:15:40.760138 83283 master_service.cpp:10619] [EVICT-TRIGGER] memory_ratio=1 high_watermark=0.9 need_mem_eviction=0 eviction_ratio=0.05
I1008 08:15:40.761232 83283 master_service.cpp:10630] [EVICT-DONE] BatchEvict execution completed.
I1008 08:15:40.771306 83283 master_service.cpp:10619] [EVICT-TRIGGER] memory_ratio=1 high_watermark=0.9 need_mem_eviction=0 eviction_ratio=0.05
I1008 08:15:40.772418 83283 master_service.cpp:10630] [EVICT-DONE] BatchEvict execution completed.
I1008 08:15:40.782490 83283 master_service.cpp:10619] [EVICT-TRIGGER] memory_ratio=1 high_watermark=0.9 need_mem_eviction=0 eviction_ratio=0.05
I1008 08:15:40.783615 83283 master_service.cpp:10630] [EVICT-DONE] BatchEvict execution completed.
I1008 08:15:40.793689 83283 master_service.cpp:10619] [EVICT-TRIGGER] memory_ratio=1 high_watermark=0.9 need_mem_eviction=0 eviction_ratio=0.05
I1008 08:15:40.794803 83283 master_service.cpp:10630] [EVICT-DONE] BatchEvict execution completed.
I1008 08:15:40.804877 83283 master_service.cpp:10619] [EVICT-TRIGGER] memory_ratio=1 high_watermark=0.9 need_mem_eviction=0 eviction_ratio=0.05
I1008 08:15:40.805979 83283 master_service.cpp:10630] [EVICT-DONE] BatchEvict execution completed.
I1008 08:15:40.816051 83283 master_service.cpp:10619] [EVICT-TRIGGER] memory_ratio=1 high_watermark=0.9 need_mem_eviction=0 eviction_ratio=0.05
I1008 08:15:40.817189 83283 master_service.cpp:10630] [EVICT-DONE] BatchEvict execution completed.
I1008 08:15:40.827262 83283 master_service.cpp:10619] [EVICT-TRIGGER] memory_ratio=1 high_watermark=0.9 need_mem_eviction=0 eviction_ratio=0.05
I1008 08:15:40.828356 83283 master_service.cpp:10630] [EVICT-DONE] BatchEvict execution completed.
I1008 08:15:40.838426 83283 master_service.cpp:10619] [EVICT-TRIGGER] memory_ratio=1 high_watermark=0.9 need_mem_eviction=0 eviction_ratio=0.05
I1008 08:15:40.839547 83283 master_service.cpp:10630] [EVICT-DONE] BatchEvict execution completed.
I1008 08:15:40.849620 83283 master_service.cpp:10619] [EVICT-TRIGGER] memory_ratio=1 high_watermark=0.9 need_mem_eviction=0 eviction_ratio=0.05
I1008 08:15:40.850761 83283 master_service.cpp:10630] [EVICT-DONE] BatchEvict execution completed.
I1008 08:15:40.860834 83283 master_service.cpp:10619] [EVICT-TRIGGER] memory_ratio=1 high_watermark=0.9 need_mem_eviction=0 eviction_ratio=0.05
I1008 08:15:40.861923 83283 master_service.cpp:10630] [EVICT-DONE] BatchEvict execution completed.
I1008 08:15:40.871996 83283 master_service.cpp:10619] [EVICT-TRIGGER] memory_ratio=1 high_watermark=0.9 need_mem_eviction=0 eviction_ratio=0.05
I1008 08:15:40.873126 83283 master_service.cpp:10630] [EVICT-DONE] BatchEvict execution completed.
I1008 08:15:40.883198 83283 master_service.cpp:10619] [EVICT-TRIGGER] memory_ratio=1 high_watermark=0.9 need_mem_eviction=0 eviction_ratio=0.05
I1008 08:15:40.884310 83283 master_service.cpp:10630] [EVICT-DONE] BatchEvict execution completed.
I1008 08:15:40.894382 83283 master_service.cpp:10619] [EVICT-TRIGGER] memory_ratio=1 high_watermark=0.9 need_mem_eviction=0 eviction_ratio=0.05
I1008 08:15:40.895503 83283 master_service.cpp:10630] [EVICT-DONE] BatchEvict execution completed.
I1008 08:15:40.905576 83283 master_service.cpp:10619] [EVICT-TRIGGER] memory_ratio=1 high_watermark=0.9 need_mem_eviction=0 eviction_ratio=0.05
I1008 08:15:40.906699 83283 master_service.cpp:10630] [EVICT-DONE] BatchEvict execution completed.
I1008 08:15:40.916786 83283 master_service.cpp:10619] [EVICT-TRIGGER] memory_ratio=1 high_watermark=0.9 need_mem_eviction=0 eviction_ratio=0.05
I1008 08:15:40.918128 83283 master_service.cpp:10630] [EVICT-DONE] BatchEvict execution completed.
I1008 08:15:40.928208 83283 master_service.cpp:10619] [EVICT-TRIGGER] memory_ratio=1 high_watermark=0.9 need_mem_eviction=0 eviction_ratio=0.05
I1008 08:15:40.929423 83283 master_service.cpp:10630] [EVICT-DONE] BatchEvict execution completed.
I1008 08:15:40.939499 83283 master_service.cpp:10619] [EVICT-TRIGGER] memory_ratio=1 high_watermark=0.9 need_mem_eviction=0 eviction_ratio=0.05
I1008 08:15:40.940601 83283 master_service.cpp:10630] [EVICT-DONE] BatchEvict execution completed.
I1008 08:15:40.950675 83283 master_service.cpp:10619] [EVICT-TRIGGER] memory_ratio=1 high_watermark=0.9 need_mem_eviction=0 eviction_ratio=0.05
I1008 08:15:40.951792 83283 master_service.cpp:10630] [EVICT-DONE] BatchEvict execution completed.
I1008 08:15:40.961864 83283 master_service.cpp:10619] [EVICT-TRIGGER] memory_ratio=1 high_watermark=0.9 need_mem_eviction=0 eviction_ratio=0.05
I1008 08:15:40.962980 83283 master_service.cpp:10630] [EVICT-DONE] BatchEvict execution completed.
I1008 08:15:40.973055 83283 master_service.cpp:10619] [EVICT-TRIGGER] memory_ratio=1 high_watermark=0.9 need_mem_eviction=0 eviction_ratio=0.05
I1008 08:15:40.974187 83283 master_service.cpp:10630] [EVICT-DONE] BatchEvict execution completed.
I1008 08:15:40.984261 83283 master_service.cpp:10619] [EVICT-TRIGGER] memory_ratio=1 high_watermark=0.9 need_mem_eviction=0 eviction_ratio=0.05
I1008 08:15:40.985378 83283 master_service.cpp:10630] [EVICT-DONE] BatchEvict execution completed.
I1008 08:15:40.995451 83283 master_service.cpp:10619] [EVICT-TRIGGER] memory_ratio=1 high_watermark=0.9 need_mem_eviction=0 eviction_ratio=0.05
I1008 08:15:40.996574 83283 master_service.cpp:10630] [EVICT-DONE] BatchEvict execution completed.
I1008 08:15:41.006647 83283 master_service.cpp:10619] [EVICT-TRIGGER] memory_ratio=1 high_watermark=0.9 need_mem_eviction=0 eviction_ratio=0.05
I1008 08:15:41.007808 83283 master_service.cpp:10630] [EVICT-DONE] BatchEvict execution completed.
I1008 08:15:41.017884 83283 master_service.cpp:10619] [EVICT-TRIGGER] memory_ratio=1 high_watermark=0.9 need_mem_eviction=0 eviction_ratio=0.05
I1008 08:15:41.019047 83283 master_service.cpp:10630] [EVICT-DONE] BatchEvict execution completed.
I1008 08:15:41.029121 83283 master_service.cpp:10619] [EVICT-TRIGGER] memory_ratio=1 high_watermark=0.9 need_mem_eviction=0 eviction_ratio=0.05
I1008 08:15:41.030248 83283 master_service.cpp:10630] [EVICT-DONE] BatchEvict execution completed.
I1008 08:15:41.040321 83283 master_service.cpp:10619] [EVICT-TRIGGER] memory_ratio=1 high_watermark=0.9 need_mem_eviction=0 eviction_ratio=0.05
I1008 08:15:41.041421 83283 master_service.cpp:10630] [EVICT-DONE] BatchEvict execution completed.
I1008 08:15:41.051493 83283 master_service.cpp:10619] [EVICT-TRIGGER] memory_ratio=1 high_watermark=0.9 need_mem_eviction=0 eviction_ratio=0.05
I1008 08:15:41.052588 83283 master_service.cpp:10630] [EVICT-DONE] BatchEvict execution completed.
I1008 08:15:41.062661 83283 master_service.cpp:10619] [EVICT-TRIGGER] memory_ratio=1 high_watermark=0.9 need_mem_eviction=0 eviction_ratio=0.05
I1008 08:15:41.063784 83283 master_service.cpp:10630] [EVICT-DONE] BatchEvict execution completed.
I1008 08:15:41.073858 83283 master_service.cpp:10619] [EVICT-TRIGGER] memory_ratio=1 high_watermark=0.9 need_mem_eviction=0 eviction_ratio=0.05
I1008 08:15:41.074980 83283 master_service.cpp:10630] [EVICT-DONE] BatchEvict execution completed.
I1008 08:15:41.085053 83283 master_service.cpp:10619] [EVICT-TRIGGER] memory_ratio=1 high_watermark=0.9 need_mem_eviction=0 eviction_ratio=0.05
I1008 08:15:41.086154 83283 master_service.cpp:10630] [EVICT-DONE] BatchEvict execution completed.
I1008 08:15:41.096227 83283 master_service.cpp:10619] [EVICT-TRIGGER] memory_ratio=1 high_watermark=0.9 need_mem_eviction=0 eviction_ratio=0.05
I1008 08:15:41.097324 83283 master_service.cpp:10630] [EVICT-DONE] BatchEvict execution completed.
I1008 08:15:41.107398 83283 master_service.cpp:10619] [EVICT-TRIGGER] memory_ratio=1 high_watermark=0.9 need_mem_eviction=0 eviction_ratio=0.05
I1008 08:15:41.108475 83283 master_service.cpp:10630] [EVICT-DONE] BatchEvict execution completed.
I1008 08:15:41.118548 83283 master_service.cpp:10619] [EVICT-TRIGGER] memory_ratio=1 high_watermark=0.9 need_mem_eviction=0 eviction_ratio=0.05
I1008 08:15:41.119685 83283 master_service.cpp:10630] [EVICT-DONE] BatchEvict execution completed.
I1008 08:15:41.129760 83283 master_service.cpp:10619] [EVICT-TRIGGER] memory_ratio=1 high_watermark=0.9 need_mem_eviction=0 eviction_ratio=0.05
I1008 08:15:41.130868 83283 master_service.cpp:10630] [EVICT-DONE] BatchEvict execution completed.
I1008 08:15:41.140944 83283 master_service.cpp:10619] [EVICT-TRIGGER] memory_ratio=1 high_watermark=0.9 need_mem_eviction=0 eviction_ratio=0.05
I1008 08:15:41.142059 83283 master_service.cpp:10630] [EVICT-DONE] BatchEvict execution completed.
I1008 08:15:41.152132 83283 master_service.cpp:10619] [EVICT-TRIGGER] memory_ratio=1 high_watermark=0.9 need_mem_eviction=0 eviction_ratio=0.05
I1008 08:15:41.153223 83283 master_service.cpp:10630] [EVICT-DONE] BatchEvict execution completed.
I1008 08:15:41.163296 83283 master_service.cpp:10619] [EVICT-TRIGGER] memory_ratio=1 high_watermark=0.9 need_mem_eviction=0 eviction_ratio=0.05
I1008 08:15:41.164413 83283 master_service.cpp:10630] [EVICT-DONE] BatchEvict execution completed.
I1008 08:15:41.174485 83283 master_service.cpp:10619] [EVICT-TRIGGER] memory_ratio=1 high_watermark=0.9 need_mem_eviction=0 eviction_ratio=0.05
I1008 08:15:41.175606 83283 master_service.cpp:10630] [EVICT-DONE] BatchEvict execution completed.
I1008 08:15:41.185678 83283 master_service.cpp:10619] [EVICT-TRIGGER] memory_ratio=1 high_watermark=0.9 need_mem_eviction=0 eviction_ratio=0.05
I1008 08:15:41.186792 83283 master_service.cpp:10630] [EVICT-DONE] BatchEvict execution completed.
I1008 08:15:41.196866 83283 master_service.cpp:10619] [EVICT-TRIGGER] memory_ratio=1 high_watermark=0.9 need_mem_eviction=0 eviction_ratio=0.05
I1008 08:15:41.197985 83283 master_service.cpp:10630] [EVICT-DONE] BatchEvict execution completed.
I1008 08:15:41.208060 83283 master_service.cpp:10619] [EVICT-TRIGGER] memory_ratio=1 high_watermark=0.9 need_mem_eviction=0 eviction_ratio=0.05
I1008 08:15:41.209167 83283 master_service.cpp:10630] [EVICT-DONE] BatchEvict execution completed.
I1008 08:15:41.219240 83283 master_service.cpp:10619] [EVICT-TRIGGER] memory_ratio=1 high_watermark=0.9 need_mem_eviction=0 eviction_ratio=0.05
I1008 08:15:41.220335 83283 master_service.cpp:10630] [EVICT-DONE] BatchEvict execution completed.
I1008 08:15:41.230408 83283 master_service.cpp:10619] [EVICT-TRIGGER] memory_ratio=1 high_watermark=0.9 need_mem_eviction=0 eviction_ratio=0.05
I1008 08:15:41.231520 83283 master_service.cpp:10630] [EVICT-DONE] BatchEvict execution completed.
I1008 08:15:41.241593 83283 master_service.cpp:10619] [EVICT-TRIGGER] memory_ratio=1 high_watermark=0.9 need_mem_eviction=0 eviction_ratio=0.05
I1008 08:15:41.242683 83283 master_service.cpp:10630] [EVICT-DONE] BatchEvict execution completed.
I1008 08:15:41.252755 83283 master_service.cpp:10619] [EVICT-TRIGGER] memory_ratio=1 high_watermark=0.9 need_mem_eviction=0 eviction_ratio=0.05
I1008 08:15:41.253845 83283 master_service.cpp:10630] [EVICT-DONE] BatchEvict execution completed.
I1008 08:15:41.263918 83283 master_service.cpp:10619] [EVICT-TRIGGER] memory_ratio=1 high_watermark=0.9 need_mem_eviction=0 eviction_ratio=0.05
I1008 08:15:41.265029 83283 master_service.cpp:10630] [EVICT-DONE] BatchEvict execution completed.
I1008 08:15:41.275102 83283 master_service.cpp:10619] [EVICT-TRIGGER] memory_ratio=1 high_watermark=0.9 need_mem_eviction=0 eviction_ratio=0.05
I1008 08:15:41.276223 83283 master_service.cpp:10630] [EVICT-DONE] BatchEvict execution completed.
I1008 08:15:41.286298 83283 master_service.cpp:10619] [EVICT-TRIGGER] memory_ratio=1 high_watermark=0.9 need_mem_eviction=0 eviction_ratio=0.05
I1008 08:15:41.287468 83283 master_service.cpp:10630] [EVICT-DONE] BatchEvict execution completed.
I1008 08:15:41.297542 83283 master_service.cpp:10619] [EVICT-TRIGGER] memory_ratio=1 high_watermark=0.9 need_mem_eviction=0 eviction_ratio=0.05
I1008 08:15:41.298658 83283 master_service.cpp:10630] [EVICT-DONE] BatchEvict execution completed.
I1008 08:15:41.308732 83283 master_service.cpp:10619] [EVICT-TRIGGER] memory_ratio=1 high_watermark=0.9 need_mem_eviction=0 eviction_ratio=0.05
I1008 08:15:41.309850 83283 master_service.cpp:10630] [EVICT-DONE] BatchEvict execution completed.
I1008 08:15:41.319922 83283 master_service.cpp:10619] [EVICT-TRIGGER] memory_ratio=1 high_watermark=0.9 need_mem_eviction=0 eviction_ratio=0.05
I1008 08:15:41.321024 83283 master_service.cpp:10630] [EVICT-DONE] BatchEvict execution completed.
I1008 08:15:41.331096 83283 master_service.cpp:10619] [EVICT-TRIGGER] memory_ratio=1 high_watermark=0.9 need_mem_eviction=0 eviction_ratio=0.05
I1008 08:15:41.332193 83283 master_service.cpp:10630] [EVICT-DONE] BatchEvict execution completed.
I1008 08:15:41.342267 83283 master_service.cpp:10619] [EVICT-TRIGGER] memory_ratio=1 high_watermark=0.9 need_mem_eviction=0 eviction_ratio=0.05
I1008 08:15:41.343379 83283 master_service.cpp:10630] [EVICT-DONE] BatchEvict execution completed.
I1008 08:15:41.353453 83283 master_service.cpp:10619] [EVICT-TRIGGER] memory_ratio=1 high_watermark=0.9 need_mem_eviction=0 eviction_ratio=0.05
I1008 08:15:41.354538 83283 master_service.cpp:10630] [EVICT-DONE] BatchEvict execution completed.
I1008 08:15:41.364610 83283 master_service.cpp:10619] [EVICT-TRIGGER] memory_ratio=1 high_watermark=0.9 need_mem_eviction=0 eviction_ratio=0.05
I1008 08:15:41.365705 83283 master_service.cpp:10630] [EVICT-DONE] BatchEvict execution completed.
I1008 08:15:41.375778 83283 master_service.cpp:10619] [EVICT-TRIGGER] memory_ratio=1 high_watermark=0.9 need_mem_eviction=0 eviction_ratio=0.05
I1008 08:15:41.376878 83283 master_service.cpp:10630] [EVICT-DONE] BatchEvict execution completed.
I1008 08:15:41.386961 83283 master_service.cpp:10619] [EVICT-TRIGGER] memory_ratio=1 high_watermark=0.9 need_mem_eviction=0 eviction_ratio=0.05
I1008 08:15:41.388046 83283 master_service.cpp:10630] [EVICT-DONE] BatchEvict execution completed.
I1008 08:15:41.398119 83283 master_service.cpp:10619] [EVICT-TRIGGER] memory_ratio=1 high_watermark=0.9 need_mem_eviction=0 eviction_ratio=0.05
I1008 08:15:41.399232 83283 master_service.cpp:10630] [EVICT-DONE] BatchEvict execution completed.
I1008 08:15:41.409307 83283 master_service.cpp:10619] [EVICT-TRIGGER] memory_ratio=1 high_watermark=0.9 need_mem_eviction=0 eviction_ratio=0.05
I1008 08:15:41.410394 83283 master_service.cpp:10630] [EVICT-DONE] BatchEvict execution completed.
I1008 08:15:41.420468 83283 master_service.cpp:10619] [EVICT-TRIGGER] memory_ratio=1 high_watermark=0.9 need_mem_eviction=0 eviction_ratio=0.05
I1008 08:15:41.421591 83283 master_service.cpp:10630] [EVICT-DONE] BatchEvict execution completed.
I1008 08:15:41.431665 83283 master_service.cpp:10619] [EVICT-TRIGGER] memory_ratio=1 high_watermark=0.9 need_mem_eviction=0 eviction_ratio=0.05
I1008 08:15:41.432786 83283 master_service.cpp:10630] [EVICT-DONE] BatchEvict execution completed.
I1008 08:15:41.442859 83283 master_service.cpp:10619] [EVICT-TRIGGER] memory_ratio=1 high_watermark=0.9 need_mem_eviction=0 eviction_ratio=0.05
I1008 08:15:41.444012 83283 master_service.cpp:10630] [EVICT-DONE] BatchEvict execution completed.
I1008 08:15:41.454087 83283 master_service.cpp:10619] [EVICT-TRIGGER] memory_ratio=1 high_watermark=0.9 need_mem_eviction=0 eviction_ratio=0.05
I1008 08:15:41.455246 83283 master_service.cpp:10630] [EVICT-DONE] BatchEvict execution completed.
I1008 08:15:41.465320 83283 master_service.cpp:10619] [EVICT-TRIGGER] memory_ratio=1 high_watermark=0.9 need_mem_eviction=0 eviction_ratio=0.05
I1008 08:15:41.466423 83283 master_service.cpp:10630] [EVICT-DONE] BatchEvict execution completed.
I1008 08:15:41.476496 83283 master_service.cpp:10619] [EVICT-TRIGGER] memory_ratio=1 high_watermark=0.9 need_mem_eviction=0 eviction_ratio=0.05
I1008 08:15:41.477587 83283 master_service.cpp:10630] [EVICT-DONE] BatchEvict execution completed.
I1008 08:15:41.487660 83283 master_service.cpp:10619] [EVICT-TRIGGER] memory_ratio=1 high_watermark=0.9 need_mem_eviction=0 eviction_ratio=0.05
I1008 08:15:41.488741 83283 master_service.cpp:10630] [EVICT-DONE] BatchEvict execution completed.
I1008 08:15:41.498814 83283 master_service.cpp:10619] [EVICT-TRIGGER] memory_ratio=1 high_watermark=0.9 need_mem_eviction=0 eviction_ratio=0.05
I1008 08:15:41.499925 83283 master_service.cpp:10630] [EVICT-DONE] BatchEvict execution completed.
I1008 08:15:41.509999 83283 master_service.cpp:10619] [EVICT-TRIGGER] memory_ratio=1 high_watermark=0.9 need_mem_eviction=0 eviction_ratio=0.05
I1008 08:15:41.511116 83283 master_service.cpp:10630] [EVICT-DONE] BatchEvict execution completed.
I1008 08:15:41.521189 83283 master_service.cpp:10619] [EVICT-TRIGGER] memory_ratio=1 high_watermark=0.9 need_mem_eviction=0 eviction_ratio=0.05
I1008 08:15:41.522284 83283 master_service.cpp:10630] [EVICT-DONE] BatchEvict execution completed.
I1008 08:15:41.532357 83283 master_service.cpp:10619] [EVICT-TRIGGER] memory_ratio=1 high_watermark=0.9 need_mem_eviction=0 eviction_ratio=0.05
I1008 08:15:41.533453 83283 master_service.cpp:10630] [EVICT-DONE] BatchEvict execution completed.
I1008 08:15:41.543526 83283 master_service.cpp:10619] [EVICT-TRIGGER] memory_ratio=1 high_watermark=0.9 need_mem_eviction=0 eviction_ratio=0.05
I1008 08:15:41.544610 83283 master_service.cpp:10630] [EVICT-DONE] BatchEvict execution completed.
I1008 08:15:41.554682 83283 master_service.cpp:10619] [EVICT-TRIGGER] memory_ratio=1 high_watermark=0.9 need_mem_eviction=0 eviction_ratio=0.05
I1008 08:15:41.555799 83283 master_service.cpp:10630] [EVICT-DONE] BatchEvict execution completed.
I1008 08:15:41.565874 83283 master_service.cpp:10619] [EVICT-TRIGGER] memory_ratio=1 high_watermark=0.9 need_mem_eviction=0 eviction_ratio=0.05
I1008 08:15:41.567021 83283 master_service.cpp:10630] [EVICT-DONE] BatchEvict execution completed.
I1008 08:15:41.577106 83283 master_service.cpp:10619] [EVICT-TRIGGER] memory_ratio=1 high_watermark=0.9 need_mem_eviction=0 eviction_ratio=0.05
I1008 08:15:41.578207 83283 master_service.cpp:10630] [EVICT-DONE] BatchEvict execution completed.
I1008 08:15:41.588281 83283 master_service.cpp:10619] [EVICT-TRIGGER] memory_ratio=1 high_watermark=0.9 need_mem_eviction=0 eviction_ratio=0.05
I1008 08:15:41.589375 83283 master_service.cpp:10630] [EVICT-DONE] BatchEvict execution completed.
I1008 08:15:41.599447 83283 master_service.cpp:10619] [EVICT-TRIGGER] memory_ratio=1 high_watermark=0.9 need_mem_eviction=0 eviction_ratio=0.05
I1008 08:15:41.600550 83283 master_service.cpp:10630] [EVICT-DONE] BatchEvict execution completed.
I1008 08:15:41.610625 83283 master_service.cpp:10619] [EVICT-TRIGGER] memory_ratio=1 high_watermark=0.9 need_mem_eviction=0 eviction_ratio=0.05
I1008 08:15:41.611783 83283 master_service.cpp:10630] [EVICT-DONE] BatchEvict execution completed.
I1008 08:15:41.621857 83283 master_service.cpp:10619] [EVICT-TRIGGER] memory_ratio=1 high_watermark=0.9 need_mem_eviction=0 eviction_ratio=0.05
I1008 08:15:41.622990 83283 master_service.cpp:10630] [EVICT-DONE] BatchEvict execution completed.
I1008 08:15:41.633064 83283 master_service.cpp:10619] [EVICT-TRIGGER] memory_ratio=1 high_watermark=0.9 need_mem_eviction=0 eviction_ratio=0.05
I1008 08:15:41.634166 83283 master_service.cpp:10630] [EVICT-DONE] BatchEvict execution completed.
I1008 08:15:41.644238 83283 master_service.cpp:10619] [EVICT-TRIGGER] memory_ratio=1 high_watermark=0.9 need_mem_eviction=0 eviction_ratio=0.05
I1008 08:15:41.645330 83283 master_service.cpp:10630] [EVICT-DONE] BatchEvict execution completed.
I1008 08:15:41.655404 83283 master_service.cpp:10619] [EVICT-TRIGGER] memory_ratio=1 high_watermark=0.9 need_mem_eviction=0 eviction_ratio=0.05
I1008 08:15:41.656508 83283 master_service.cpp:10630] [EVICT-DONE] BatchEvict execution completed.
I1008 08:15:41.666582 83283 master_service.cpp:10619] [EVICT-TRIGGER] memory_ratio=1 high_watermark=0.9 need_mem_eviction=0 eviction_ratio=0.05
I1008 08:15:41.667692 83283 master_service.cpp:10630] [EVICT-DONE] BatchEvict execution completed.
I1008 08:15:41.677764 83283 master_service.cpp:10619] [EVICT-TRIGGER] memory_ratio=1 high_watermark=0.9 need_mem_eviction=0 eviction_ratio=0.05
I1008 08:15:41.678892 83283 master_service.cpp:10630] [EVICT-DONE] BatchEvict execution completed.
I1008 08:15:41.688966 83283 master_service.cpp:10619] [EVICT-TRIGGER] memory_ratio=1 high_watermark=0.9 need_mem_eviction=0 eviction_ratio=0.05
I1008 08:15:41.690050 83283 master_service.cpp:10630] [EVICT-DONE] BatchEvict execution completed.
I1008 08:15:41.700122 83283 master_service.cpp:10619] [EVICT-TRIGGER] memory_ratio=1 high_watermark=0.9 need_mem_eviction=0 eviction_ratio=0.05
I1008 08:15:41.701232 83283 master_service.cpp:10630] [EVICT-DONE] BatchEvict execution completed.
I1008 08:15:41.711305 83283 master_service.cpp:10619] [EVICT-TRIGGER] memory_ratio=1 high_watermark=0.9 need_mem_eviction=0 eviction_ratio=0.05
I1008 08:15:41.712423 83283 master_service.cpp:10630] [EVICT-DONE] BatchEvict execution completed.
I1008 08:15:41.722496 83283 master_service.cpp:10619] [EVICT-TRIGGER] memory_ratio=1 high_watermark=0.9 need_mem_eviction=0 eviction_ratio=0.05
I1008 08:15:41.723613 83283 master_service.cpp:10630] [EVICT-DONE] BatchEvict execution completed.
I1008 08:15:41.733687 83283 master_service.cpp:10619] [EVICT-TRIGGER] memory_ratio=1 high_watermark=0.9 need_mem_eviction=0 eviction_ratio=0.05
I1008 08:15:41.734827 83283 master_service.cpp:10630] [EVICT-DONE] BatchEvict execution completed.
I1008 08:15:41.744902 83283 master_service.cpp:10619] [EVICT-TRIGGER] memory_ratio=1 high_watermark=0.9 need_mem_eviction=0 eviction_ratio=0.05
I1008 08:15:41.745996 83283 master_service.cpp:10630] [EVICT-DONE] BatchEvict execution completed.
I1008 08:15:41.756070 83283 master_service.cpp:10619] [EVICT-TRIGGER] memory_ratio=1 high_watermark=0.9 need_mem_eviction=0 eviction_ratio=0.05
I1008 08:15:41.757165 83283 master_service.cpp:10630] [EVICT-DONE] BatchEvict execution completed.
I1008 08:15:41.767246 83283 master_service.cpp:10619] [EVICT-TRIGGER] memory_ratio=1 high_watermark=0.9 need_mem_eviction=0 eviction_ratio=0.05
I1008 08:15:41.768352 83283 master_service.cpp:10630] [EVICT-DONE] BatchEvict execution completed.
I1008 08:15:41.778424 83283 master_service.cpp:10619] [EVICT-TRIGGER] memory_ratio=1 high_watermark=0.9 need_mem_eviction=0 eviction_ratio=0.05
I1008 08:15:41.779552 83283 master_service.cpp:10630] [EVICT-DONE] BatchEvict execution completed.
I1008 08:15:41.789626 83283 master_service.cpp:10619] [EVICT-TRIGGER] memory_ratio=1 high_watermark=0.9 need_mem_eviction=0 eviction_ratio=0.05
I1008 08:15:41.790766 83283 master_service.cpp:10630] [EVICT-DONE] BatchEvict execution completed.
I1008 08:15:41.800839 83283 master_service.cpp:10619] [EVICT-TRIGGER] memory_ratio=1 high_watermark=0.9 need_mem_eviction=0 eviction_ratio=0.05
I1008 08:15:41.801966 83283 master_service.cpp:10630] [EVICT-DONE] BatchEvict execution completed.
I1008 08:15:41.812040 83283 master_service.cpp:10619] [EVICT-TRIGGER] memory_ratio=1 high_watermark=0.9 need_mem_eviction=0 eviction_ratio=0.05
I1008 08:15:41.813160 83283 master_service.cpp:10630] [EVICT-DONE] BatchEvict execution completed.
I1008 08:15:41.823233 83283 master_service.cpp:10619] [EVICT-TRIGGER] memory_ratio=1 high_watermark=0.9 need_mem_eviction=0 eviction_ratio=0.05
I1008 08:15:41.824349 83283 master_service.cpp:10630] [EVICT-DONE] BatchEvict execution completed.
I1008 08:15:41.834424 83283 master_service.cpp:10619] [EVICT-TRIGGER] memory_ratio=1 high_watermark=0.9 need_mem_eviction=0 eviction_ratio=0.05
I1008 08:15:41.835563 83283 master_service.cpp:10630] [EVICT-DONE] BatchEvict execution completed.
I1008 08:15:41.845638 83283 master_service.cpp:10619] [EVICT-TRIGGER] memory_ratio=1 high_watermark=0.9 need_mem_eviction=0 eviction_ratio=0.05
I1008 08:15:41.846771 83283 master_service.cpp:10630] [EVICT-DONE] BatchEvict execution completed.
I1008 08:15:41.856844 83283 master_service.cpp:10619] [EVICT-TRIGGER] memory_ratio=1 high_watermark=0.9 need_mem_eviction=0 eviction_ratio=0.05
I1008 08:15:41.857939 83283 master_service.cpp:10630] [EVICT-DONE] BatchEvict execution completed.
I1008 08:15:41.868011 83283 master_service.cpp:10619] [EVICT-TRIGGER] memory_ratio=1 high_watermark=0.9 need_mem_eviction=0 eviction_ratio=0.05
I1008 08:15:41.869179 83283 master_service.cpp:10630] [EVICT-DONE] BatchEvict execution completed.
I1008 08:15:41.879251 83283 master_service.cpp:10619] [EVICT-TRIGGER] memory_ratio=1 high_watermark=0.9 need_mem_eviction=0 eviction_ratio=0.05
I1008 08:15:41.880350 83283 master_service.cpp:10630] [EVICT-DONE] BatchEvict execution completed.
I1008 08:15:41.890424 83283 master_service.cpp:10619] [EVICT-TRIGGER] memory_ratio=1 high_watermark=0.9 need_mem_eviction=0 eviction_ratio=0.05
I1008 08:15:41.891551 83283 master_service.cpp:10630] [EVICT-DONE] BatchEvict execution completed.
I1008 08:15:41.901625 83283 master_service.cpp:10619] [EVICT-TRIGGER] memory_ratio=1 high_watermark=0.9 need_mem_eviction=0 eviction_ratio=0.05
I1008 08:15:41.902745 83283 master_service.cpp:10630] [EVICT-DONE] BatchEvict execution completed.
I1008 08:15:41.912817 83283 master_service.cpp:10619] [EVICT-TRIGGER] memory_ratio=1 high_watermark=0.9 need_mem_eviction=0 eviction_ratio=0.05
I1008 08:15:41.913954 83283 master_service.cpp:10630] [EVICT-DONE] BatchEvict execution completed.
I1008 08:15:41.924027 83283 master_service.cpp:10619] [EVICT-TRIGGER] memory_ratio=1 high_watermark=0.9 need_mem_eviction=0 eviction_ratio=0.05
I1008 08:15:41.925115 83283 master_service.cpp:10630] [EVICT-DONE] BatchEvict execution completed.
I1008 08:15:41.935187 83283 master_service.cpp:10619] [EVICT-TRIGGER] memory_ratio=1 high_watermark=0.9 need_mem_eviction=0 eviction_ratio=0.05
I1008 08:15:41.936297 83283 master_service.cpp:10630] [EVICT-DONE] BatchEvict execution completed.
I1008 08:15:41.946370 83283 master_service.cpp:10619] [EVICT-TRIGGER] memory_ratio=1 high_watermark=0.9 need_mem_eviction=0 eviction_ratio=0.05
I1008 08:15:41.947518 83283 master_service.cpp:10630] [EVICT-DONE] BatchEvict execution completed.
I1008 08:15:41.957594 83283 master_service.cpp:10619] [EVICT-TRIGGER] memory_ratio=1 high_watermark=0.9 need_mem_eviction=0 eviction_ratio=0.05
I1008 08:15:41.958670 83283 master_service.cpp:10630] [EVICT-DONE] BatchEvict execution completed.
I1008 08:15:41.968743 83283 master_service.cpp:10619] [EVICT-TRIGGER] memory_ratio=1 high_watermark=0.9 need_mem_eviction=0 eviction_ratio=0.05
I1008 08:15:41.969974 83283 master_service.cpp:10630] [EVICT-DONE] BatchEvict execution completed.
I1008 08:15:41.980051 83283 master_service.cpp:10619] [EVICT-TRIGGER] memory_ratio=1 high_watermark=0.9 need_mem_eviction=0 eviction_ratio=0.05
I1008 08:15:41.981191 83283 master_service.cpp:10630] [EVICT-DONE] BatchEvict execution completed.
I1008 08:15:41.991266 83283 master_service.cpp:10619] [EVICT-TRIGGER] memory_ratio=1 high_watermark=0.9 need_mem_eviction=0 eviction_ratio=0.05
I1008 08:15:41.992388 83283 master_service.cpp:10630] [EVICT-DONE] BatchEvict execution completed.
I1008 08:15:42.002462 83283 master_service.cpp:10619] [EVICT-TRIGGER] memory_ratio=1 high_watermark=0.9 need_mem_eviction=0 eviction_ratio=0.05
I1008 08:15:42.003662 83283 master_service.cpp:12526] [EVICT-RESULT] evicted_count=0, eviction_base=10, actual_evict_ratio=0, target_evict_ratio=0.15
I1008 08:15:42.003691 83283 master_service.cpp:10630] [EVICT-DONE] BatchEvict execution completed.
I1008 08:15:42.013754 83283 master_service.cpp:10619] [EVICT-TRIGGER] memory_ratio=1 high_watermark=0.9 need_mem_eviction=0 eviction_ratio=0.05
I1008 08:15:42.014910 83283 master_service.cpp:12526] [EVICT-RESULT] evicted_count=0, eviction_base=10, actual_evict_ratio=0, target_evict_ratio=0.15
I1008 08:15:42.014935 83283 master_service.cpp:10630] [EVICT-DONE] BatchEvict execution completed.
I1008 08:15:42.024995 83283 master_service.cpp:10619] [EVICT-TRIGGER] memory_ratio=1 high_watermark=0.9 need_mem_eviction=0 eviction_ratio=0.05
I1008 08:15:42.026153 83283 master_service.cpp:12526] [EVICT-RESULT] evicted_count=0, eviction_base=16, actual_evict_ratio=0, target_evict_ratio=0.15
I1008 08:15:42.026178 83283 master_service.cpp:10630] [EVICT-DONE] BatchEvict execution completed.
I1008 08:15:42.036243 83283 master_service.cpp:10619] [EVICT-TRIGGER] memory_ratio=1 high_watermark=0.9 need_mem_eviction=0 eviction_ratio=0.05
I1008 08:15:42.037395 83283 master_service.cpp:12526] [EVICT-RESULT] evicted_count=0, eviction_base=20, actual_evict_ratio=0, target_evict_ratio=0.15
I1008 08:15:42.037420 83283 master_service.cpp:10630] [EVICT-DONE] BatchEvict execution completed.
I1008 08:15:42.047482 83283 master_service.cpp:10619] [EVICT-TRIGGER] memory_ratio=1 high_watermark=0.9 need_mem_eviction=0 eviction_ratio=0.05
I1008 08:15:42.048578 83283 master_service.cpp:12526] [EVICT-RESULT] evicted_count=0, eviction_base=20, actual_evict_ratio=0, target_evict_ratio=0.15
I1008 08:15:42.048601 83283 master_service.cpp:10630] [EVICT-DONE] BatchEvict execution completed.
I1008 08:15:42.058663 83283 master_service.cpp:10619] [EVICT-TRIGGER] memory_ratio=1 high_watermark=0.9 need_mem_eviction=0 eviction_ratio=0.05
I1008 08:15:42.061928 83283 master_service.cpp:12526] [EVICT-RESULT] evicted_count=0, eviction_base=32, actual_evict_ratio=0, target_evict_ratio=0.15
W1008 08:15:42.061954 83283 master_service.cpp:12534] [EVICT] No memory freed this cycle; 2 objects deferred for disk offload. Consider lowering eviction_high_watermark_ratio.
I1008 08:15:42.061962 83283 master_service.cpp:10630] [EVICT-DONE] BatchEvict execution completed.
I1008 08:15:42.072022 83283 master_service.cpp:10619] [EVICT-TRIGGER] memory_ratio=1 high_watermark=0.9 need_mem_eviction=0 eviction_ratio=0.05
I1008 08:15:42.073120 83283 master_service.cpp:12526] [EVICT-RESULT] evicted_count=0, eviction_base=30, actual_evict_ratio=0, target_evict_ratio=0.15
I1008 08:15:42.073144 83283 master_service.cpp:10630] [EVICT-DONE] BatchEvict execution completed.
I1008 08:15:42.083207 83283 master_service.cpp:10619] [EVICT-TRIGGER] memory_ratio=1 high_watermark=0.9 need_mem_eviction=0 eviction_ratio=0.05
I1008 08:15:42.084339 83283 master_service.cpp:12526] [EVICT-RESULT] evicted_count=0, eviction_base=30, actual_evict_ratio=0, target_evict_ratio=0.15
I1008 08:15:42.084362 83283 master_service.cpp:10630] [EVICT-DONE] BatchEvict execution completed.
I1008 08:15:42.094424 83283 master_service.cpp:10619] [EVICT-TRIGGER] memory_ratio=1 high_watermark=0.9 need_mem_eviction=0 eviction_ratio=0.05
I1008 08:15:42.095611 83283 master_service.cpp:12526] [EVICT-RESULT] evicted_count=0, eviction_base=30, actual_evict_ratio=0, target_evict_ratio=0.15
I1008 08:15:42.095636 83283 master_service.cpp:10630] [EVICT-DONE] BatchEvict execution completed.
I1008 08:15:42.105698 83283 master_service.cpp:10619] [EVICT-TRIGGER] memory_ratio=1 high_watermark=0.9 need_mem_eviction=0 eviction_ratio=0.05
I1008 08:15:42.106851 83283 master_service.cpp:12526] [EVICT-RESULT] evicted_count=0, eviction_base=30, actual_evict_ratio=0, target_evict_ratio=0.15
I1008 08:15:42.106875 83283 master_service.cpp:10630] [EVICT-DONE] BatchEvict execution completed.
I1008 08:15:42.116937 83283 master_service.cpp:10619] [EVICT-TRIGGER] memory_ratio=1 high_watermark=0.9 need_mem_eviction=0 eviction_ratio=0.05
I1008 08:15:42.118106 83283 master_service.cpp:12526] [EVICT-RESULT] evicted_count=0, eviction_base=30, actual_evict_ratio=0, target_evict_ratio=0.15
I1008 08:15:42.118129 83283 master_service.cpp:10630] [EVICT-DONE] BatchEvict execution completed.
I1008 08:15:42.128191 83283 master_service.cpp:10619] [EVICT-TRIGGER] memory_ratio=1 high_watermark=0.9 need_mem_eviction=0 eviction_ratio=0.05
I1008 08:15:42.129338 83283 master_service.cpp:12526] [EVICT-RESULT] evicted_count=0, eviction_base=30, actual_evict_ratio=0, target_evict_ratio=0.15
I1008 08:15:42.129360 83283 master_service.cpp:10630] [EVICT-DONE] BatchEvict execution completed.
I1008 08:15:42.139423 83283 master_service.cpp:10619] [EVICT-TRIGGER] memory_ratio=1 high_watermark=0.9 need_mem_eviction=0 eviction_ratio=0.05
I1008 08:15:42.140590 83283 master_service.cpp:12526] [EVICT-RESULT] evicted_count=0, eviction_base=30, actual_evict_ratio=0, target_evict_ratio=0.15
I1008 08:15:42.140614 83283 master_service.cpp:10630] [EVICT-DONE] BatchEvict execution completed.
I1008 08:15:42.150676 83283 master_service.cpp:10619] [EVICT-TRIGGER] memory_ratio=1 high_watermark=0.9 need_mem_eviction=0 eviction_ratio=0.05
I1008 08:15:42.151806 83283 master_service.cpp:12526] [EVICT-RESULT] evicted_count=0, eviction_base=30, actual_evict_ratio=0, target_evict_ratio=0.15
I1008 08:15:42.151830 83283 master_service.cpp:10630] [EVICT-DONE] BatchEvict execution completed.
I1008 08:15:42.161892 83283 master_service.cpp:10619] [EVICT-TRIGGER] memory_ratio=1 high_watermark=0.9 need_mem_eviction=0 eviction_ratio=0.05
I1008 08:15:42.163036 83283 master_service.cpp:12526] [EVICT-RESULT] evicted_count=0, eviction_base=30, actual_evict_ratio=0, target_evict_ratio=0.15
I1008 08:15:42.163061 83283 master_service.cpp:10630] [EVICT-DONE] BatchEvict execution completed.
I1008 08:15:42.173122 83283 master_service.cpp:10619] [EVICT-TRIGGER] memory_ratio=1 high_watermark=0.9 need_mem_eviction=0 eviction_ratio=0.05
I1008 08:15:42.174263 83283 master_service.cpp:12526] [EVICT-RESULT] evicted_count=0, eviction_base=30, actual_evict_ratio=0, target_evict_ratio=0.15
I1008 08:15:42.174286 83283 master_service.cpp:10630] [EVICT-DONE] BatchEvict execution completed.
I1008 08:15:42.184350 83283 master_service.cpp:10619] [EVICT-TRIGGER] memory_ratio=1 high_watermark=0.9 need_mem_eviction=0 eviction_ratio=0.05
I1008 08:15:42.185487 83283 master_service.cpp:12526] [EVICT-RESULT] evicted_count=0, eviction_base=30, actual_evict_ratio=0, target_evict_ratio=0.15
I1008 08:15:42.185510 83283 master_service.cpp:10630] [EVICT-DONE] BatchEvict execution completed.
I1008 08:15:42.195572 83283 master_service.cpp:10619] [EVICT-TRIGGER] memory_ratio=1 high_watermark=0.9 need_mem_eviction=0 eviction_ratio=0.05
I1008 08:15:42.196713 83283 master_service.cpp:12526] [EVICT-RESULT] evicted_count=0, eviction_base=30, actual_evict_ratio=0, target_evict_ratio=0.15
I1008 08:15:42.196745 83283 master_service.cpp:10630] [EVICT-DONE] BatchEvict execution completed.
I1008 08:15:42.206808 83283 master_service.cpp:10619] [EVICT-TRIGGER] memory_ratio=1 high_watermark=0.9 need_mem_eviction=0 eviction_ratio=0.05
I1008 08:15:42.207911 83283 master_service.cpp:12526] [EVICT-RESULT] evicted_count=0, eviction_base=30, actual_evict_ratio=0, target_evict_ratio=0.15
I1008 08:15:42.207933 83283 master_service.cpp:10630] [EVICT-DONE] BatchEvict execution completed.
I1008 08:15:42.217995 83283 master_service.cpp:10619] [EVICT-TRIGGER] memory_ratio=1 high_watermark=0.9 need_mem_eviction=0 eviction_ratio=0.05
I1008 08:15:42.219112 83283 master_service.cpp:12526] [EVICT-RESULT] evicted_count=0, eviction_base=30, actual_evict_ratio=0, target_evict_ratio=0.15
I1008 08:15:42.219136 83283 master_service.cpp:10630] [EVICT-DONE] BatchEvict execution completed.
I1008 08:15:42.229198 83283 master_service.cpp:10619] [EVICT-TRIGGER] memory_ratio=1 high_watermark=0.9 need_mem_eviction=0 eviction_ratio=0.05
I1008 08:15:42.230300 83283 master_service.cpp:12526] [EVICT-RESULT] evicted_count=0, eviction_base=30, actual_evict_ratio=0, target_evict_ratio=0.15
I1008 08:15:42.230324 83283 master_service.cpp:10630] [EVICT-DONE] BatchEvict execution completed.
I1008 08:15:42.240384 83283 master_service.cpp:10619] [EVICT-TRIGGER] memory_ratio=1 high_watermark=0.9 need_mem_eviction=0 eviction_ratio=0.05
I1008 08:15:42.241532 83283 master_service.cpp:12526] [EVICT-RESULT] evicted_count=0, eviction_base=30, actual_evict_ratio=0, target_evict_ratio=0.15
I1008 08:15:42.241555 83283 master_service.cpp:10630] [EVICT-DONE] BatchEvict execution completed.
I1008 08:15:42.251617 83283 master_service.cpp:10619] [EVICT-TRIGGER] memory_ratio=1 high_watermark=0.9 need_mem_eviction=0 eviction_ratio=0.05
I1008 08:15:42.252723 83283 master_service.cpp:12526] [EVICT-RESULT] evicted_count=0, eviction_base=30, actual_evict_ratio=0, target_evict_ratio=0.15
I1008 08:15:42.252746 83283 master_service.cpp:10630] [EVICT-DONE] BatchEvict execution completed.
I1008 08:15:42.262808 83283 master_service.cpp:10619] [EVICT-TRIGGER] memory_ratio=1 high_watermark=0.9 need_mem_eviction=0 eviction_ratio=0.05
I1008 08:15:42.263922 83283 master_service.cpp:12526] [EVICT-RESULT] evicted_count=0, eviction_base=30, actual_evict_ratio=0, target_evict_ratio=0.15
I1008 08:15:42.263945 83283 master_service.cpp:10630] [EVICT-DONE] BatchEvict execution completed.
I1008 08:15:42.274008 83283 master_service.cpp:10619] [EVICT-TRIGGER] memory_ratio=1 high_watermark=0.9 need_mem_eviction=0 eviction_ratio=0.05
I1008 08:15:42.275130 83283 master_service.cpp:12526] [EVICT-RESULT] evicted_count=0, eviction_base=30, actual_evict_ratio=0, target_evict_ratio=0.15
I1008 08:15:42.275152 83283 master_service.cpp:10630] [EVICT-DONE] BatchEvict execution completed.
I1008 08:15:42.285215 83283 master_service.cpp:10619] [EVICT-TRIGGER] memory_ratio=1 high_watermark=0.9 need_mem_eviction=0 eviction_ratio=0.05
I1008 08:15:42.286819 83283 master_service.cpp:12526] [EVICT-RESULT] evicted_count=0, eviction_base=30, actual_evict_ratio=0, target_evict_ratio=0.15
I1008 08:15:42.286844 83283 master_service.cpp:10630] [EVICT-DONE] BatchEvict execution completed.
I1008 08:15:42.296905 83283 master_service.cpp:10619] [EVICT-TRIGGER] memory_ratio=1 high_watermark=0.9 need_mem_eviction=0 eviction_ratio=0.05
I1008 08:15:42.298146 83283 master_service.cpp:12526] [EVICT-RESULT] evicted_count=0, eviction_base=30, actual_evict_ratio=0, target_evict_ratio=0.15
I1008 08:15:42.298177 83283 master_service.cpp:10630] [EVICT-DONE] BatchEvict execution completed.
I1008 08:15:42.308246 83283 master_service.cpp:10619] [EVICT-TRIGGER] memory_ratio=1 high_watermark=0.9 need_mem_eviction=0 eviction_ratio=0.05
I1008 08:15:42.309437 83283 master_service.cpp:12526] [EVICT-RESULT] evicted_count=0, eviction_base=30, actual_evict_ratio=0, target_evict_ratio=0.15
I1008 08:15:42.309460 83283 master_service.cpp:10630] [EVICT-DONE] BatchEvict execution completed.
I1008 08:15:42.319523 83283 master_service.cpp:10619] [EVICT-TRIGGER] memory_ratio=1 high_watermark=0.9 need_mem_eviction=0 eviction_ratio=0.05
I1008 08:15:42.320663 83283 master_service.cpp:12526] [EVICT-RESULT] evicted_count=0, eviction_base=30, actual_evict_ratio=0, target_evict_ratio=0.15
I1008 08:15:42.320688 83283 master_service.cpp:10630] [EVICT-DONE] BatchEvict execution completed.
I1008 08:15:42.330739 83283 master_service.cpp:10619] [EVICT-TRIGGER] memory_ratio=1 high_watermark=0.9 need_mem_eviction=0 eviction_ratio=0.05
I1008 08:15:42.331866 83283 master_service.cpp:12526] [EVICT-RESULT] evicted_count=0, eviction_base=30, actual_evict_ratio=0, target_evict_ratio=0.15
I1008 08:15:42.331889 83283 master_service.cpp:10630] [EVICT-DONE] BatchEvict execution completed.
I1008 08:15:42.341951 83283 master_service.cpp:10619] [EVICT-TRIGGER] memory_ratio=1 high_watermark=0.9 need_mem_eviction=0 eviction_ratio=0.05
I1008 08:15:42.343078 83283 master_service.cpp:12526] [EVICT-RESULT] evicted_count=0, eviction_base=30, actual_evict_ratio=0, target_evict_ratio=0.15
I1008 08:15:42.343102 83283 master_service.cpp:10630] [EVICT-DONE] BatchEvict execution completed.
I1008 08:15:42.353163 83283 master_service.cpp:10619] [EVICT-TRIGGER] memory_ratio=1 high_watermark=0.9 need_mem_eviction=0 eviction_ratio=0.05
I1008 08:15:42.354271 83283 master_service.cpp:12526] [EVICT-RESULT] evicted_count=0, eviction_base=30, actual_evict_ratio=0, target_evict_ratio=0.15
I1008 08:15:42.354295 83283 master_service.cpp:10630] [EVICT-DONE] BatchEvict execution completed.
I1008 08:15:42.364357 83283 master_service.cpp:10619] [EVICT-TRIGGER] memory_ratio=1 high_watermark=0.9 need_mem_eviction=0 eviction_ratio=0.05
I1008 08:15:42.365463 83283 master_service.cpp:12526] [EVICT-RESULT] evicted_count=0, eviction_base=30, actual_evict_ratio=0, target_evict_ratio=0.15
I1008 08:15:42.365485 83283 master_service.cpp:10630] [EVICT-DONE] BatchEvict execution completed.
I1008 08:15:42.375547 83283 master_service.cpp:10619] [EVICT-TRIGGER] memory_ratio=1 high_watermark=0.9 need_mem_eviction=0 eviction_ratio=0.05
I1008 08:15:42.376648 83283 master_service.cpp:12526] [EVICT-RESULT] evicted_count=0, eviction_base=30, actual_evict_ratio=0, target_evict_ratio=0.15
I1008 08:15:42.376672 83283 master_service.cpp:10630] [EVICT-DONE] BatchEvict execution completed.
I1008 08:15:42.386722 83283 master_service.cpp:10619] [EVICT-TRIGGER] memory_ratio=1 high_watermark=0.9 need_mem_eviction=0 eviction_ratio=0.05
I1008 08:15:42.387835 83283 master_service.cpp:12526] [EVICT-RESULT] evicted_count=0, eviction_base=30, actual_evict_ratio=0, target_evict_ratio=0.15
I1008 08:15:42.387858 83283 master_service.cpp:10630] [EVICT-DONE] BatchEvict execution completed.
I1008 08:15:42.397919 83283 master_service.cpp:10619] [EVICT-TRIGGER] memory_ratio=1 high_watermark=0.9 need_mem_eviction=0 eviction_ratio=0.05
I1008 08:15:42.399050 83283 master_service.cpp:12526] [EVICT-RESULT] evicted_count=0, eviction_base=30, actual_evict_ratio=0, target_evict_ratio=0.15
I1008 08:15:42.399075 83283 master_service.cpp:10630] [EVICT-DONE] BatchEvict execution completed.
I1008 08:15:42.409137 83283 master_service.cpp:10619] [EVICT-TRIGGER] memory_ratio=1 high_watermark=0.9 need_mem_eviction=0 eviction_ratio=0.05
I1008 08:15:42.410229 83283 master_service.cpp:12526] [EVICT-RESULT] evicted_count=0, eviction_base=30, actual_evict_ratio=0, target_evict_ratio=0.15
I1008 08:15:42.410252 83283 master_service.cpp:10630] [EVICT-DONE] BatchEvict execution completed.
I1008 08:15:42.420315 83283 master_service.cpp:10619] [EVICT-TRIGGER] memory_ratio=1 high_watermark=0.9 need_mem_eviction=0 eviction_ratio=0.05
I1008 08:15:42.421445 83283 master_service.cpp:12526] [EVICT-RESULT] evicted_count=0, eviction_base=30, actual_evict_ratio=0, target_evict_ratio=0.15
I1008 08:15:42.421468 83283 master_service.cpp:10630] [EVICT-DONE] BatchEvict execution completed.
I1008 08:15:42.431529 83283 master_service.cpp:10619] [EVICT-TRIGGER] memory_ratio=1 high_watermark=0.9 need_mem_eviction=0 eviction_ratio=0.05
I1008 08:15:42.432622 83283 master_service.cpp:12526] [EVICT-RESULT] evicted_count=0, eviction_base=30, actual_evict_ratio=0, target_evict_ratio=0.15
I1008 08:15:42.432655 83283 master_service.cpp:10630] [EVICT-DONE] BatchEvict execution completed.
I1008 08:15:42.442708 83283 master_service.cpp:10619] [EVICT-TRIGGER] memory_ratio=1 high_watermark=0.9 need_mem_eviction=0 eviction_ratio=0.05
I1008 08:15:42.443830 83283 master_service.cpp:12526] [EVICT-RESULT] evicted_count=0, eviction_base=30, actual_evict_ratio=0, target_evict_ratio=0.15
I1008 08:15:42.443852 83283 master_service.cpp:10630] [EVICT-DONE] BatchEvict execution completed.
I1008 08:15:42.453915 83283 master_service.cpp:10619] [EVICT-TRIGGER] memory_ratio=1 high_watermark=0.9 need_mem_eviction=0 eviction_ratio=0.05
I1008 08:15:42.455049 83283 master_service.cpp:12526] [EVICT-RESULT] evicted_count=0, eviction_base=30, actual_evict_ratio=0, target_evict_ratio=0.15
I1008 08:15:42.455072 83283 master_service.cpp:10630] [EVICT-DONE] BatchEvict execution completed.
I1008 08:15:42.465134 83283 master_service.cpp:10619] [EVICT-TRIGGER] memory_ratio=1 high_watermark=0.9 need_mem_eviction=0 eviction_ratio=0.05
I1008 08:15:42.466287 83283 master_service.cpp:12526] [EVICT-RESULT] evicted_count=0, eviction_base=30, actual_evict_ratio=0, target_evict_ratio=0.15
I1008 08:15:42.466311 83283 master_service.cpp:10630] [EVICT-DONE] BatchEvict execution completed.
I1008 08:15:42.476373 83283 master_service.cpp:10619] [EVICT-TRIGGER] memory_ratio=1 high_watermark=0.9 need_mem_eviction=0 eviction_ratio=0.05
I1008 08:15:42.477499 83283 master_service.cpp:12526] [EVICT-RESULT] evicted_count=0, eviction_base=30, actual_evict_ratio=0, target_evict_ratio=0.15
I1008 08:15:42.477522 83283 master_service.cpp:10630] [EVICT-DONE] BatchEvict execution completed.
I1008 08:15:42.487584 83283 master_service.cpp:10619] [EVICT-TRIGGER] memory_ratio=1 high_watermark=0.9 need_mem_eviction=0 eviction_ratio=0.05
I1008 08:15:42.488765 83283 master_service.cpp:12526] [EVICT-RESULT] evicted_count=0, eviction_base=30, actual_evict_ratio=0, target_evict_ratio=0.15
I1008 08:15:42.488787 83283 master_service.cpp:10630] [EVICT-DONE] BatchEvict execution completed.
I1008 08:15:42.498849 83283 master_service.cpp:10619] [EVICT-TRIGGER] memory_ratio=1 high_watermark=0.9 need_mem_eviction=0 eviction_ratio=0.05
I1008 08:15:42.499991 83283 master_service.cpp:12526] [EVICT-RESULT] evicted_count=0, eviction_base=30, actual_evict_ratio=0, target_evict_ratio=0.15
I1008 08:15:42.500015 83283 master_service.cpp:10630] [EVICT-DONE] BatchEvict execution completed.
I1008 08:15:42.510075 83283 master_service.cpp:10619] [EVICT-TRIGGER] memory_ratio=1 high_watermark=0.9 need_mem_eviction=0 eviction_ratio=0.05
I1008 08:15:42.511204 83283 master_service.cpp:12526] [EVICT-RESULT] evicted_count=0, eviction_base=30, actual_evict_ratio=0, target_evict_ratio=0.15
I1008 08:15:42.511228 83283 master_service.cpp:10630] [EVICT-DONE] BatchEvict execution completed.
I1008 08:15:42.521288 83283 master_service.cpp:10619] [EVICT-TRIGGER] memory_ratio=1 high_watermark=0.9 need_mem_eviction=0 eviction_ratio=0.05
I1008 08:15:42.522428 83283 master_service.cpp:12526] [EVICT-RESULT] evicted_count=0, eviction_base=30, actual_evict_ratio=0, target_evict_ratio=0.15
I1008 08:15:42.522450 83283 master_service.cpp:10630] [EVICT-DONE] BatchEvict execution completed.
I1008 08:15:42.532513 83283 master_service.cpp:10619] [EVICT-TRIGGER] memory_ratio=1 high_watermark=0.9 need_mem_eviction=0 eviction_ratio=0.05
I1008 08:15:42.533628 83283 master_service.cpp:12526] [EVICT-RESULT] evicted_count=0, eviction_base=30, actual_evict_ratio=0, target_evict_ratio=0.15
I1008 08:15:42.533651 83283 master_service.cpp:10630] [EVICT-DONE] BatchEvict execution completed.
I1008 08:15:42.543712 83283 master_service.cpp:10619] [EVICT-TRIGGER] memory_ratio=1 high_watermark=0.9 need_mem_eviction=0 eviction_ratio=0.05
I1008 08:15:42.544842 83283 master_service.cpp:12526] [EVICT-RESULT] evicted_count=0, eviction_base=30, actual_evict_ratio=0, target_evict_ratio=0.15
I1008 08:15:42.544865 83283 master_service.cpp:10630] [EVICT-DONE] BatchEvict execution completed.
I1008 08:15:42.554937 83283 master_service.cpp:10619] [EVICT-TRIGGER] memory_ratio=1 high_watermark=0.9 need_mem_eviction=0 eviction_ratio=0.05
I1008 08:15:42.556048 83283 master_service.cpp:12526] [EVICT-RESULT] evicted_count=0, eviction_base=30, actual_evict_ratio=0, target_evict_ratio=0.15
I1008 08:15:42.556071 83283 master_service.cpp:10630] [EVICT-DONE] BatchEvict execution completed.
I1008 08:15:42.566133 83283 master_service.cpp:10619] [EVICT-TRIGGER] memory_ratio=1 high_watermark=0.9 need_mem_eviction=0 eviction_ratio=0.05
I1008 08:15:42.567281 83283 master_service.cpp:12526] [EVICT-RESULT] evicted_count=0, eviction_base=30, actual_evict_ratio=0, target_evict_ratio=0.15
I1008 08:15:42.567304 83283 master_service.cpp:10630] [EVICT-DONE] BatchEvict execution completed.
I1008 08:15:42.577366 83283 master_service.cpp:10619] [EVICT-TRIGGER] memory_ratio=1 high_watermark=0.9 need_mem_eviction=0 eviction_ratio=0.05
I1008 08:15:42.578502 83283 master_service.cpp:12526] [EVICT-RESULT] evicted_count=0, eviction_base=30, actual_evict_ratio=0, target_evict_ratio=0.15
I1008 08:15:42.578526 83283 master_service.cpp:10630] [EVICT-DONE] BatchEvict execution completed.
I1008 08:15:42.588587 83283 master_service.cpp:10619] [EVICT-TRIGGER] memory_ratio=1 high_watermark=0.9 need_mem_eviction=0 eviction_ratio=0.05
I1008 08:15:42.589740 83283 master_service.cpp:12526] [EVICT-RESULT] evicted_count=0, eviction_base=30, actual_evict_ratio=0, target_evict_ratio=0.15
I1008 08:15:42.589762 83283 master_service.cpp:10630] [EVICT-DONE] BatchEvict execution completed.
I1008 08:15:42.599828 83283 master_service.cpp:10619] [EVICT-TRIGGER] memory_ratio=1 high_watermark=0.9 need_mem_eviction=0 eviction_ratio=0.05
I1008 08:15:42.600996 83283 master_service.cpp:12526] [EVICT-RESULT] evicted_count=0, eviction_base=30, actual_evict_ratio=0, target_evict_ratio=0.15
I1008 08:15:42.601022 83283 master_service.cpp:10630] [EVICT-DONE] BatchEvict execution completed.
I1008 08:15:42.611084 83283 master_service.cpp:10619] [EVICT-TRIGGER] memory_ratio=1 high_watermark=0.9 need_mem_eviction=0 eviction_ratio=0.05
I1008 08:15:42.612213 83283 master_service.cpp:12526] [EVICT-RESULT] evicted_count=0, eviction_base=30, actual_evict_ratio=0, target_evict_ratio=0.15
I1008 08:15:42.612236 83283 master_service.cpp:10630] [EVICT-DONE] BatchEvict execution completed.
I1008 08:15:42.622298 83283 master_service.cpp:10619] [EVICT-TRIGGER] memory_ratio=1 high_watermark=0.9 need_mem_eviction=0 eviction_ratio=0.05
I1008 08:15:42.623464 83283 master_service.cpp:12526] [EVICT-RESULT] evicted_count=0, eviction_base=30, actual_evict_ratio=0, target_evict_ratio=0.15
I1008 08:15:42.623489 83283 master_service.cpp:10630] [EVICT-DONE] BatchEvict execution completed.
I1008 08:15:42.633550 83283 master_service.cpp:10619] [EVICT-TRIGGER] memory_ratio=1 high_watermark=0.9 need_mem_eviction=0 eviction_ratio=0.05
I1008 08:15:42.634675 83283 master_service.cpp:12526] [EVICT-RESULT] evicted_count=0, eviction_base=30, actual_evict_ratio=0, target_evict_ratio=0.15
I1008 08:15:42.634697 83283 master_service.cpp:10630] [EVICT-DONE] BatchEvict execution completed.
I1008 08:15:42.644767 83283 master_service.cpp:10619] [EVICT-TRIGGER] memory_ratio=1 high_watermark=0.9 need_mem_eviction=0 eviction_ratio=0.05
I1008 08:15:42.645881 83283 master_service.cpp:12526] [EVICT-RESULT] evicted_count=0, eviction_base=30, actual_evict_ratio=0, target_evict_ratio=0.15
I1008 08:15:42.645905 83283 master_service.cpp:10630] [EVICT-DONE] BatchEvict execution completed.
I1008 08:15:42.655966 83283 master_service.cpp:10619] [EVICT-TRIGGER] memory_ratio=1 high_watermark=0.9 need_mem_eviction=0 eviction_ratio=0.05
I1008 08:15:42.657083 83283 master_service.cpp:12526] [EVICT-RESULT] evicted_count=0, eviction_base=30, actual_evict_ratio=0, target_evict_ratio=0.15
I1008 08:15:42.657106 83283 master_service.cpp:10630] [EVICT-DONE] BatchEvict execution completed.
I1008 08:15:42.667167 83283 master_service.cpp:10619] [EVICT-TRIGGER] memory_ratio=1 high_watermark=0.9 need_mem_eviction=0 eviction_ratio=0.05
I1008 08:15:42.668298 83283 master_service.cpp:12526] [EVICT-RESULT] evicted_count=0, eviction_base=30, actual_evict_ratio=0, target_evict_ratio=0.15
I1008 08:15:42.668322 83283 master_service.cpp:10630] [EVICT-DONE] BatchEvict execution completed.
I1008 08:15:42.678385 83283 master_service.cpp:10619] [EVICT-TRIGGER] memory_ratio=1 high_watermark=0.9 need_mem_eviction=0 eviction_ratio=0.05
I1008 08:15:42.679557 83283 master_service.cpp:12526] [EVICT-RESULT] evicted_count=0, eviction_base=30, actual_evict_ratio=0, target_evict_ratio=0.15
I1008 08:15:42.679582 83283 master_service.cpp:10630] [EVICT-DONE] BatchEvict execution completed.
I1008 08:15:42.689644 83283 master_service.cpp:10619] [EVICT-TRIGGER] memory_ratio=1 high_watermark=0.9 need_mem_eviction=0 eviction_ratio=0.05
I1008 08:15:42.690778 83283 master_service.cpp:12526] [EVICT-RESULT] evicted_count=0, eviction_base=30, actual_evict_ratio=0, target_evict_ratio=0.15
I1008 08:15:42.690802 83283 master_service.cpp:10630] [EVICT-DONE] BatchEvict execution completed.
I1008 08:15:42.700865 83283 master_service.cpp:10619] [EVICT-TRIGGER] memory_ratio=1 high_watermark=0.9 need_mem_eviction=0 eviction_ratio=0.05
I1008 08:15:42.701972 83283 master_service.cpp:12526] [EVICT-RESULT] evicted_count=0, eviction_base=30, actual_evict_ratio=0, target_evict_ratio=0.15
I1008 08:15:42.701995 83283 master_service.cpp:10630] [EVICT-DONE] BatchEvict execution completed.
I1008 08:15:42.712059 83283 master_service.cpp:10619] [EVICT-TRIGGER] memory_ratio=1 high_watermark=0.9 need_mem_eviction=0 eviction_ratio=0.05
I1008 08:15:42.713178 83283 master_service.cpp:12526] [EVICT-RESULT] evicted_count=0, eviction_base=30, actual_evict_ratio=0, target_evict_ratio=0.15
I1008 08:15:42.713201 83283 master_service.cpp:10630] [EVICT-DONE] BatchEvict execution completed.
I1008 08:15:42.723263 83283 master_service.cpp:10619] [EVICT-TRIGGER] memory_ratio=1 high_watermark=0.9 need_mem_eviction=0 eviction_ratio=0.05
I1008 08:15:42.724383 83283 master_service.cpp:12526] [EVICT-RESULT] evicted_count=0, eviction_base=30, actual_evict_ratio=0, target_evict_ratio=0.15
I1008 08:15:42.724407 83283 master_service.cpp:10630] [EVICT-DONE] BatchEvict execution completed.
I1008 08:15:42.734468 83283 master_service.cpp:10619] [EVICT-TRIGGER] memory_ratio=1 high_watermark=0.9 need_mem_eviction=0 eviction_ratio=0.05
I1008 08:15:42.735633 83283 master_service.cpp:12526] [EVICT-RESULT] evicted_count=0, eviction_base=30, actual_evict_ratio=0, target_evict_ratio=0.15
I1008 08:15:42.735658 83283 master_service.cpp:10630] [EVICT-DONE] BatchEvict execution completed.
I1008 08:15:42.745719 83283 master_service.cpp:10619] [EVICT-TRIGGER] memory_ratio=1 high_watermark=0.9 need_mem_eviction=0 eviction_ratio=0.05
I1008 08:15:42.746855 83283 master_service.cpp:12526] [EVICT-RESULT] evicted_count=0, eviction_base=30, actual_evict_ratio=0, target_evict_ratio=0.15
I1008 08:15:42.746879 83283 master_service.cpp:10630] [EVICT-DONE] BatchEvict execution completed.
I1008 08:15:42.756940 83283 master_service.cpp:10619] [EVICT-TRIGGER] memory_ratio=1 high_watermark=0.9 need_mem_eviction=0 eviction_ratio=0.05
I1008 08:15:42.758122 83283 master_service.cpp:12526] [EVICT-RESULT] evicted_count=0, eviction_base=30, actual_evict_ratio=0, target_evict_ratio=0.15
I1008 08:15:42.758145 83283 master_service.cpp:10630] [EVICT-DONE] BatchEvict execution completed.
I1008 08:15:42.768208 83283 master_service.cpp:10619] [EVICT-TRIGGER] memory_ratio=1 high_watermark=0.9 need_mem_eviction=0 eviction_ratio=0.05
I1008 08:15:42.769426 83283 master_service.cpp:12526] [EVICT-RESULT] evicted_count=0, eviction_base=30, actual_evict_ratio=0, target_evict_ratio=0.15
I1008 08:15:42.769449 83283 master_service.cpp:10630] [EVICT-DONE] BatchEvict execution completed.
I1008 08:15:42.779511 83283 master_service.cpp:10619] [EVICT-TRIGGER] memory_ratio=1 high_watermark=0.9 need_mem_eviction=0 eviction_ratio=0.05
I1008 08:15:42.780658 83283 master_service.cpp:12526] [EVICT-RESULT] evicted_count=0, eviction_base=30, actual_evict_ratio=0, target_evict_ratio=0.15
I1008 08:15:42.780690 83283 master_service.cpp:10630] [EVICT-DONE] BatchEvict execution completed.
I1008 08:15:42.790710 83283 master_service.cpp:10619] [EVICT-TRIGGER] memory_ratio=1 high_watermark=0.9 need_mem_eviction=0 eviction_ratio=0.05
I1008 08:15:42.791853 83283 master_service.cpp:12526] [EVICT-RESULT] evicted_count=0, eviction_base=30, actual_evict_ratio=0, target_evict_ratio=0.15
I1008 08:15:42.791877 83283 master_service.cpp:10630] [EVICT-DONE] BatchEvict execution completed.
I1008 08:15:42.801939 83283 master_service.cpp:10619] [EVICT-TRIGGER] memory_ratio=1 high_watermark=0.9 need_mem_eviction=0 eviction_ratio=0.05
I1008 08:15:42.803094 83283 master_service.cpp:12526] [EVICT-RESULT] evicted_count=0, eviction_base=30, actual_evict_ratio=0, target_evict_ratio=0.15
I1008 08:15:42.803118 83283 master_service.cpp:10630] [EVICT-DONE] BatchEvict execution completed.
I1008 08:15:42.813180 83283 master_service.cpp:10619] [EVICT-TRIGGER] memory_ratio=1 high_watermark=0.9 need_mem_eviction=0 eviction_ratio=0.05
I1008 08:15:42.814266 83283 master_service.cpp:12526] [EVICT-RESULT] evicted_count=0, eviction_base=30, actual_evict_ratio=0, target_evict_ratio=0.15
I1008 08:15:42.814289 83283 master_service.cpp:10630] [EVICT-DONE] BatchEvict execution completed.
I1008 08:15:42.824352 83283 master_service.cpp:10619] [EVICT-TRIGGER] memory_ratio=1 high_watermark=0.9 need_mem_eviction=0 eviction_ratio=0.05
I1008 08:15:42.825470 83283 master_service.cpp:12526] [EVICT-RESULT] evicted_count=0, eviction_base=30, actual_evict_ratio=0, target_evict_ratio=0.15
I1008 08:15:42.825493 83283 master_service.cpp:10630] [EVICT-DONE] BatchEvict execution completed.
I1008 08:15:42.835556 83283 master_service.cpp:10619] [EVICT-TRIGGER] memory_ratio=1 high_watermark=0.9 need_mem_eviction=0 eviction_ratio=0.05
I1008 08:15:42.836664 83283 master_service.cpp:12526] [EVICT-RESULT] evicted_count=0, eviction_base=30, actual_evict_ratio=0, target_evict_ratio=0.15
I1008 08:15:42.836688 83283 master_service.cpp:10630] [EVICT-DONE] BatchEvict execution completed.
I1008 08:15:42.846722 83283 master_service.cpp:10619] [EVICT-TRIGGER] memory_ratio=1 high_watermark=0.9 need_mem_eviction=0 eviction_ratio=0.05
I1008 08:15:42.847832 83283 master_service.cpp:12526] [EVICT-RESULT] evicted_count=0, eviction_base=30, actual_evict_ratio=0, target_evict_ratio=0.15
I1008 08:15:42.847855 83283 master_service.cpp:10630] [EVICT-DONE] BatchEvict execution completed.
I1008 08:15:42.857916 83283 master_service.cpp:10619] [EVICT-TRIGGER] memory_ratio=1 high_watermark=0.9 need_mem_eviction=0 eviction_ratio=0.05
I1008 08:15:42.859066 83283 master_service.cpp:12526] [EVICT-RESULT] evicted_count=0, eviction_base=30, actual_evict_ratio=0, target_evict_ratio=0.15
I1008 08:15:42.859090 83283 master_service.cpp:10630] [EVICT-DONE] BatchEvict execution completed.
I1008 08:15:42.869153 83283 master_service.cpp:10619] [EVICT-TRIGGER] memory_ratio=1 high_watermark=0.9 need_mem_eviction=0 eviction_ratio=0.05
I1008 08:15:42.870250 83283 master_service.cpp:12526] [EVICT-RESULT] evicted_count=0, eviction_base=30, actual_evict_ratio=0, target_evict_ratio=0.15
I1008 08:15:42.870273 83283 master_service.cpp:10630] [EVICT-DONE] BatchEvict execution completed.
I1008 08:15:42.880335 83283 master_service.cpp:10619] [EVICT-TRIGGER] memory_ratio=1 high_watermark=0.9 need_mem_eviction=0 eviction_ratio=0.05
I1008 08:15:42.881450 83283 master_service.cpp:12526] [EVICT-RESULT] evicted_count=0, eviction_base=30, actual_evict_ratio=0, target_evict_ratio=0.15
I1008 08:15:42.881474 83283 master_service.cpp:10630] [EVICT-DONE] BatchEvict execution completed.
I1008 08:15:42.891536 83283 master_service.cpp:10619] [EVICT-TRIGGER] memory_ratio=1 high_watermark=0.9 need_mem_eviction=0 eviction_ratio=0.05
I1008 08:15:42.893759 83283 master_service.cpp:12526] [EVICT-RESULT] evicted_count=5, eviction_base=30, actual_evict_ratio=0.166667, target_evict_ratio=0.15
I1008 08:15:42.893785 83283 master_service.cpp:10630] [EVICT-DONE] BatchEvict execution completed.
I1008 08:15:44.405118 83283 master_service.cpp:10619] [EVICT-TRIGGER] memory_ratio=0.90625 high_watermark=0.9 need_mem_eviction=0 eviction_ratio=0.05
I1008 08:15:44.407927 83283 master_service.cpp:12526] [EVICT-RESULT] evicted_count=2, eviction_base=29, actual_evict_ratio=0.0689655, target_evict_ratio=0.05625
I1008 08:15:44.407960 83283 master_service.cpp:10630] [EVICT-DONE] BatchEvict execution completed.
I1008 08:15:44.418023 83283 master_service.cpp:10619] [EVICT-TRIGGER] memory_ratio=0.90625 high_watermark=0.9 need_mem_eviction=0 eviction_ratio=0.05
I1008 08:15:44.420392 83283 master_service.cpp:12526] [EVICT-RESULT] evicted_count=2, eviction_base=29, actual_evict_ratio=0.0689655, target_evict_ratio=0.05625
I1008 08:15:44.420419 83283 master_service.cpp:10630] [EVICT-DONE] BatchEvict execution completed.
I1008 08:15:44.430483 83283 master_service.cpp:10619] [EVICT-TRIGGER] memory_ratio=0.90625 high_watermark=0.9 need_mem_eviction=0 eviction_ratio=0.05
I1008 08:15:44.432837 83283 master_service.cpp:12526] [EVICT-RESULT] evicted_count=2, eviction_base=29, actual_evict_ratio=0.0689655, target_evict_ratio=0.05625
I1008 08:15:44.432866 83283 master_service.cpp:10630] [EVICT-DONE] BatchEvict execution completed.
I1008 08:15:44.442929 83283 master_service.cpp:10619] [EVICT-TRIGGER] memory_ratio=0.9375 high_watermark=0.9 need_mem_eviction=0 eviction_ratio=0.05
I1008 08:15:44.445173 83283 master_service.cpp:12526] [EVICT-RESULT] evicted_count=3, eviction_base=30, actual_evict_ratio=0.1, target_evict_ratio=0.0875
I1008 08:15:44.445200 83283 master_service.cpp:10630] [EVICT-DONE] BatchEvict execution completed.
I1008 08:15:44.455264 83283 master_service.cpp:10619] [EVICT-TRIGGER] memory_ratio=0.90625 high_watermark=0.9 need_mem_eviction=0 eviction_ratio=0.05
I1008 08:15:44.457540 83283 master_service.cpp:12526] [EVICT-RESULT] evicted_count=2, eviction_base=29, actual_evict_ratio=0.0689655, target_evict_ratio=0.05625
I1008 08:15:44.457568 83283 master_service.cpp:10630] [EVICT-DONE] BatchEvict execution completed.
I1008 08:15:44.467633 83283 master_service.cpp:10619] [EVICT-TRIGGER] memory_ratio=0.90625 high_watermark=0.9 need_mem_eviction=0 eviction_ratio=0.05
I1008 08:15:44.469879 83283 master_service.cpp:12526] [EVICT-RESULT] evicted_count=2, eviction_base=29, actual_evict_ratio=0.0689655, target_evict_ratio=0.05625
I1008 08:15:44.469908 83283 master_service.cpp:10630] [EVICT-DONE] BatchEvict execution completed.
I1008 08:15:44.479971 83283 master_service.cpp:10619] [EVICT-TRIGGER] memory_ratio=0.9375 high_watermark=0.9 need_mem_eviction=0 eviction_ratio=0.05
I1008 08:15:44.482249 83283 master_service.cpp:12526] [EVICT-RESULT] evicted_count=3, eviction_base=30, actual_evict_ratio=0.1, target_evict_ratio=0.0875
I1008 08:15:44.482278 83283 master_service.cpp:10630] [EVICT-DONE] BatchEvict execution completed.
I1008 08:15:44.492343 83283 master_service.cpp:10619] [EVICT-TRIGGER] memory_ratio=0.90625 high_watermark=0.9 need_mem_eviction=0 eviction_ratio=0.05
I1008 08:15:44.494663 83283 master_service.cpp:12526] [EVICT-RESULT] evicted_count=2, eviction_base=29, actual_evict_ratio=0.0689655, target_evict_ratio=0.05625
I1008 08:15:44.494693 83283 master_service.cpp:10630] [EVICT-DONE] BatchEvict execution completed.
I1008 08:15:44.504760 83283 master_service.cpp:10619] [EVICT-TRIGGER] memory_ratio=0.9375 high_watermark=0.9 need_mem_eviction=0 eviction_ratio=0.05
I1008 08:15:44.507038 83283 master_service.cpp:12526] [EVICT-RESULT] evicted_count=3, eviction_base=29, actual_evict_ratio=0.103448, target_evict_ratio=0.0875
I1008 08:15:44.507068 83283 master_service.cpp:10630] [EVICT-DONE] BatchEvict execution completed.
I1008 08:15:44.517132 83283 master_service.cpp:10619] [EVICT-TRIGGER] memory_ratio=0.90625 high_watermark=0.9 need_mem_eviction=0 eviction_ratio=0.05
I1008 08:15:44.519454 83283 master_service.cpp:12526] [EVICT-RESULT] evicted_count=2, eviction_base=27, actual_evict_ratio=0.0740741, target_evict_ratio=0.05625
I1008 08:15:44.519484 83283 master_service.cpp:10630] [EVICT-DONE] BatchEvict execution completed.
I1008 08:15:44.529548 83283 master_service.cpp:10619] [EVICT-TRIGGER] memory_ratio=0.90625 high_watermark=0.9 need_mem_eviction=0 eviction_ratio=0.05
I1008 08:15:44.531841 83283 master_service.cpp:12526] [EVICT-RESULT] evicted_count=2, eviction_base=28, actual_evict_ratio=0.0714286, target_evict_ratio=0.05625
I1008 08:15:44.531873 83283 master_service.cpp:10630] [EVICT-DONE] BatchEvict execution completed.
I1008 08:15:44.541939 83283 master_service.cpp:10619] [EVICT-TRIGGER] memory_ratio=0.9375 high_watermark=0.9 need_mem_eviction=0 eviction_ratio=0.05
I1008 08:15:44.545568 83283 master_service.cpp:12526] [EVICT-RESULT] evicted_count=0, eviction_base=28, actual_evict_ratio=0, target_evict_ratio=0.0875
W1008 08:15:44.545596 83283 master_service.cpp:12534] [EVICT] No memory freed this cycle; 27 objects deferred for disk offload. Consider lowering eviction_high_watermark_ratio.
I1008 08:15:44.545606 83283 master_service.cpp:10630] [EVICT-DONE] BatchEvict execution completed.
I1008 08:15:44.555670 83283 master_service.cpp:10619] [EVICT-TRIGGER] memory_ratio=1 high_watermark=0.9 need_mem_eviction=1 eviction_ratio=0.05
I1008 08:15:44.559018 83283 master_service.cpp:12526] [EVICT-RESULT] evicted_count=0, eviction_base=3, actual_evict_ratio=0, target_evict_ratio=0.15
W1008 08:15:44.559046 83283 master_service.cpp:12534] [EVICT] No memory freed this cycle; 2 objects deferred for disk offload. Consider lowering eviction_high_watermark_ratio.
I1008 08:15:44.559053 83283 master_service.cpp:10630] [EVICT-DONE] BatchEvict execution completed.
I1008 08:15:44.569116 83283 master_service.cpp:10619] [EVICT-TRIGGER] memory_ratio=1 high_watermark=0.9 need_mem_eviction=1 eviction_ratio=0.05
I1008 08:15:44.570240 83283 master_service.cpp:12526] [EVICT-RESULT] evicted_count=0, eviction_base=1, actual_evict_ratio=0, target_evict_ratio=0.15
I1008 08:15:44.570266 83283 master_service.cpp:10630] [EVICT-DONE] BatchEvict execution completed.
I1008 08:15:44.580328 83283 master_service.cpp:10619] [EVICT-TRIGGER] memory_ratio=1 high_watermark=0.9 need_mem_eviction=1 eviction_ratio=0.05
I1008 08:15:44.581444 83283 master_service.cpp:12526] [EVICT-RESULT] evicted_count=0, eviction_base=1, actual_evict_ratio=0, target_evict_ratio=0.15
I1008 08:15:44.581470 83283 master_service.cpp:10630] [EVICT-DONE] BatchEvict execution completed.
I1008 08:15:44.591532 83283 master_service.cpp:10619] [EVICT-TRIGGER] memory_ratio=1 high_watermark=0.9 need_mem_eviction=1 eviction_ratio=0.05
I1008 08:15:44.592682 83283 master_service.cpp:12526] [EVICT-RESULT] evicted_count=0, eviction_base=1, actual_evict_ratio=0, target_evict_ratio=0.15
I1008 08:15:44.592708 83283 master_service.cpp:10630] [EVICT-DONE] BatchEvict execution completed.
I1008 08:15:44.602770 83283 master_service.cpp:10619] [EVICT-TRIGGER] memory_ratio=1 high_watermark=0.9 need_mem_eviction=1 eviction_ratio=0.05
I1008 08:15:44.603909 83283 master_service.cpp:12526] [EVICT-RESULT] evicted_count=0, eviction_base=1, actual_evict_ratio=0, target_evict_ratio=0.15
I1008 08:15:44.603933 83283 master_service.cpp:10630] [EVICT-DONE] BatchEvict execution completed.
I1008 08:15:44.613996 83283 master_service.cpp:10619] [EVICT-TRIGGER] memory_ratio=1 high_watermark=0.9 need_mem_eviction=1 eviction_ratio=0.05
I1008 08:15:44.615149 83283 master_service.cpp:12526] [EVICT-RESULT] evicted_count=0, eviction_base=1, actual_evict_ratio=0, target_evict_ratio=0.15
I1008 08:15:44.615175 83283 master_service.cpp:10630] [EVICT-DONE] BatchEvict execution completed.
I1008 08:15:44.625236 83283 master_service.cpp:10619] [EVICT-TRIGGER] memory_ratio=1 high_watermark=0.9 need_mem_eviction=1 eviction_ratio=0.05
I1008 08:15:44.626365 83283 master_service.cpp:12526] [EVICT-RESULT] evicted_count=0, eviction_base=1, actual_evict_ratio=0, target_evict_ratio=0.15
I1008 08:15:44.626389 83283 master_service.cpp:10630] [EVICT-DONE] BatchEvict execution completed.
I1008 08:15:44.636454 83283 master_service.cpp:10619] [EVICT-TRIGGER] memory_ratio=1 high_watermark=0.9 need_mem_eviction=1 eviction_ratio=0.05
I1008 08:15:44.637607 83283 master_service.cpp:12526] [EVICT-RESULT] evicted_count=0, eviction_base=1, actual_evict_ratio=0, target_evict_ratio=0.15
I1008 08:15:44.637645 83283 master_service.cpp:10630] [EVICT-DONE] BatchEvict execution completed.
I1008 08:15:44.647709 83283 master_service.cpp:10619] [EVICT-TRIGGER] memory_ratio=1 high_watermark=0.9 need_mem_eviction=1 eviction_ratio=0.05
I1008 08:15:44.648869 83283 master_service.cpp:12526] [EVICT-RESULT] evicted_count=0, eviction_base=1, actual_evict_ratio=0, target_evict_ratio=0.15
I1008 08:15:44.648895 83283 master_service.cpp:10630] [EVICT-DONE] BatchEvict execution completed.
I1008 08:15:44.658957 83283 master_service.cpp:10619] [EVICT-TRIGGER] memory_ratio=1 high_watermark=0.9 need_mem_eviction=1 eviction_ratio=0.05
I1008 08:15:44.660096 83283 master_service.cpp:12526] [EVICT-RESULT] evicted_count=0, eviction_base=1, actual_evict_ratio=0, target_evict_ratio=0.15
I1008 08:15:44.660120 83283 master_service.cpp:10630] [EVICT-DONE] BatchEvict execution completed.
I1008 08:15:44.670183 83283 master_service.cpp:10619] [EVICT-TRIGGER] memory_ratio=1 high_watermark=0.9 need_mem_eviction=1 eviction_ratio=0.05
I1008 08:15:44.671340 83283 master_service.cpp:12526] [EVICT-RESULT] evicted_count=0, eviction_base=1, actual_evict_ratio=0, target_evict_ratio=0.15
I1008 08:15:44.671366 83283 master_service.cpp:10630] [EVICT-DONE] BatchEvict execution completed.
I1008 08:15:44.681429 83283 master_service.cpp:10619] [EVICT-TRIGGER] memory_ratio=1 high_watermark=0.9 need_mem_eviction=1 eviction_ratio=0.05
I1008 08:15:44.682538 83283 master_service.cpp:12526] [EVICT-RESULT] evicted_count=0, eviction_base=1, actual_evict_ratio=0, target_evict_ratio=0.15
I1008 08:15:44.682562 83283 master_service.cpp:10630] [EVICT-DONE] BatchEvict execution completed.
I1008 08:15:44.692626 83283 master_service.cpp:10619] [EVICT-TRIGGER] memory_ratio=1 high_watermark=0.9 need_mem_eviction=1 eviction_ratio=0.05
I1008 08:15:44.693955 83283 master_service.cpp:12526] [EVICT-RESULT] evicted_count=0, eviction_base=1, actual_evict_ratio=0, target_evict_ratio=0.15
I1008 08:15:44.693984 83283 master_service.cpp:10630] [EVICT-DONE] BatchEvict execution completed.
I1008 08:15:44.704049 83283 master_service.cpp:10619] [EVICT-TRIGGER] memory_ratio=1 high_watermark=0.9 need_mem_eviction=1 eviction_ratio=0.05
I1008 08:15:44.705638 83283 master_service.cpp:12526] [EVICT-RESULT] evicted_count=0, eviction_base=1, actual_evict_ratio=0, target_evict_ratio=0.15
I1008 08:15:44.705664 83283 master_service.cpp:10630] [EVICT-DONE] BatchEvict execution completed.
I1008 08:15:44.715727 83283 master_service.cpp:10619] [EVICT-TRIGGER] memory_ratio=1 high_watermark=0.9 need_mem_eviction=1 eviction_ratio=0.05
I1008 08:15:44.716917 83283 master_service.cpp:12526] [EVICT-RESULT] evicted_count=0, eviction_base=1, actual_evict_ratio=0, target_evict_ratio=0.15
I1008 08:15:44.716943 83283 master_service.cpp:10630] [EVICT-DONE] BatchEvict execution completed.
I1008 08:15:44.727005 83283 master_service.cpp:10619] [EVICT-TRIGGER] memory_ratio=1 high_watermark=0.9 need_mem_eviction=1 eviction_ratio=0.05
I1008 08:15:44.728134 83283 master_service.cpp:12526] [EVICT-RESULT] evicted_count=0, eviction_base=1, actual_evict_ratio=0, target_evict_ratio=0.15
I1008 08:15:44.728159 83283 master_service.cpp:10630] [EVICT-DONE] BatchEvict execution completed.
I1008 08:15:44.738222 83283 master_service.cpp:10619] [EVICT-TRIGGER] memory_ratio=1 high_watermark=0.9 need_mem_eviction=1 eviction_ratio=0.05
I1008 08:15:44.739392 83283 master_service.cpp:12526] [EVICT-RESULT] evicted_count=0, eviction_base=1, actual_evict_ratio=0, target_evict_ratio=0.15
I1008 08:15:44.739418 83283 master_service.cpp:10630] [EVICT-DONE] BatchEvict execution completed.
I1008 08:15:44.749480 83283 master_service.cpp:10619] [EVICT-TRIGGER] memory_ratio=1 high_watermark=0.9 need_mem_eviction=1 eviction_ratio=0.05
I1008 08:15:44.750628 83283 master_service.cpp:12526] [EVICT-RESULT] evicted_count=0, eviction_base=1, actual_evict_ratio=0, target_evict_ratio=0.15
I1008 08:15:44.750653 83283 master_service.cpp:10630] [EVICT-DONE] BatchEvict execution completed.
I1008 08:15:44.760715 83283 master_service.cpp:10619] [EVICT-TRIGGER] memory_ratio=1 high_watermark=0.9 need_mem_eviction=1 eviction_ratio=0.05
I1008 08:15:44.761893 83283 master_service.cpp:12526] [EVICT-RESULT] evicted_count=0, eviction_base=1, actual_evict_ratio=0, target_evict_ratio=0.15
I1008 08:15:44.761919 83283 master_service.cpp:10630] [EVICT-DONE] BatchEvict execution completed.
I1008 08:15:44.771982 83283 master_service.cpp:10619] [EVICT-TRIGGER] memory_ratio=1 high_watermark=0.9 need_mem_eviction=1 eviction_ratio=0.05
I1008 08:15:44.773131 83283 master_service.cpp:12526] [EVICT-RESULT] evicted_count=0, eviction_base=1, actual_evict_ratio=0, target_evict_ratio=0.15
I1008 08:15:44.773155 83283 master_service.cpp:10630] [EVICT-DONE] BatchEvict execution completed.
I1008 08:15:44.783218 83283 master_service.cpp:10619] [EVICT-TRIGGER] memory_ratio=1 high_watermark=0.9 need_mem_eviction=1 eviction_ratio=0.05
I1008 08:15:44.784359 83283 master_service.cpp:12526] [EVICT-RESULT] evicted_count=0, eviction_base=1, actual_evict_ratio=0, target_evict_ratio=0.15
I1008 08:15:44.784384 83283 master_service.cpp:10630] [EVICT-DONE] BatchEvict execution completed.
I1008 08:15:44.794446 83283 master_service.cpp:10619] [EVICT-TRIGGER] memory_ratio=1 high_watermark=0.9 need_mem_eviction=1 eviction_ratio=0.05
I1008 08:15:44.795608 83283 master_service.cpp:12526] [EVICT-RESULT] evicted_count=0, eviction_base=1, actual_evict_ratio=0, target_evict_ratio=0.15
I1008 08:15:44.795634 83283 master_service.cpp:10630] [EVICT-DONE] BatchEvict execution completed.
I1008 08:15:44.805697 83283 master_service.cpp:10619] [EVICT-TRIGGER] memory_ratio=1 high_watermark=0.9 need_mem_eviction=1 eviction_ratio=0.05
I1008 08:15:44.806861 83283 master_service.cpp:12526] [EVICT-RESULT] evicted_count=0, eviction_base=1, actual_evict_ratio=0, target_evict_ratio=0.15
I1008 08:15:44.806888 83283 master_service.cpp:10630] [EVICT-DONE] BatchEvict execution completed.
I1008 08:15:44.816951 83283 master_service.cpp:10619] [EVICT-TRIGGER] memory_ratio=1 high_watermark=0.9 need_mem_eviction=1 eviction_ratio=0.05
I1008 08:15:44.818076 83283 master_service.cpp:12526] [EVICT-RESULT] evicted_count=0, eviction_base=1, actual_evict_ratio=0, target_evict_ratio=0.15
I1008 08:15:44.818101 83283 master_service.cpp:10630] [EVICT-DONE] BatchEvict execution completed.
I1008 08:15:44.828166 83283 master_service.cpp:10619] [EVICT-TRIGGER] memory_ratio=1 high_watermark=0.9 need_mem_eviction=1 eviction_ratio=0.05
I1008 08:15:44.829314 83283 master_service.cpp:12526] [EVICT-RESULT] evicted_count=0, eviction_base=1, actual_evict_ratio=0, target_evict_ratio=0.15
I1008 08:15:44.829339 83283 master_service.cpp:10630] [EVICT-DONE] BatchEvict execution completed.
I1008 08:15:44.839401 83283 master_service.cpp:10619] [EVICT-TRIGGER] memory_ratio=1 high_watermark=0.9 need_mem_eviction=1 eviction_ratio=0.05
I1008 08:15:44.840549 83283 master_service.cpp:12526] [EVICT-RESULT] evicted_count=0, eviction_base=1, actual_evict_ratio=0, target_evict_ratio=0.15
I1008 08:15:44.840574 83283 master_service.cpp:10630] [EVICT-DONE] BatchEvict execution completed.
I1008 08:15:44.850636 83283 master_service.cpp:10619] [EVICT-TRIGGER] memory_ratio=1 high_watermark=0.9 need_mem_eviction=1 eviction_ratio=0.05
I1008 08:15:44.851809 83283 master_service.cpp:12526] [EVICT-RESULT] evicted_count=0, eviction_base=1, actual_evict_ratio=0, target_evict_ratio=0.15
I1008 08:15:44.851835 83283 master_service.cpp:10630] [EVICT-DONE] BatchEvict execution completed.
I1008 08:15:44.861896 83283 master_service.cpp:10619] [EVICT-TRIGGER] memory_ratio=1 high_watermark=0.9 need_mem_eviction=1 eviction_ratio=0.05
I1008 08:15:44.863121 83283 master_service.cpp:12526] [EVICT-RESULT] evicted_count=0, eviction_base=1, actual_evict_ratio=0, target_evict_ratio=0.15
I1008 08:15:44.863145 83283 master_service.cpp:10630] [EVICT-DONE] BatchEvict execution completed.
I1008 08:15:44.873214 83283 master_service.cpp:10619] [EVICT-TRIGGER] memory_ratio=1 high_watermark=0.9 need_mem_eviction=1 eviction_ratio=0.05
I1008 08:15:44.874470 83283 master_service.cpp:12526] [EVICT-RESULT] evicted_count=0, eviction_base=1, actual_evict_ratio=0, target_evict_ratio=0.15
I1008 08:15:44.874511 83283 master_service.cpp:10630] [EVICT-DONE] BatchEvict execution completed.
I1008 08:15:44.884574 83283 master_service.cpp:10619] [EVICT-TRIGGER] memory_ratio=1 high_watermark=0.9 need_mem_eviction=1 eviction_ratio=0.05
I1008 08:15:44.885802 83283 master_service.cpp:12526] [EVICT-RESULT] evicted_count=0, eviction_base=1, actual_evict_ratio=0, target_evict_ratio=0.15
I1008 08:15:44.885828 83283 master_service.cpp:10630] [EVICT-DONE] BatchEvict execution completed.
I1008 08:15:44.895895 83283 master_service.cpp:10619] [EVICT-TRIGGER] memory_ratio=1 high_watermark=0.9 need_mem_eviction=1 eviction_ratio=0.05
I1008 08:15:44.898356 83283 master_service.cpp:12526] [EVICT-RESULT] evicted_count=1, eviction_base=1, actual_evict_ratio=1, target_evict_ratio=0.15
I1008 08:15:44.898384 83283 master_service.cpp:10630] [EVICT-DONE] BatchEvict execution completed.
I1008 08:15:44.908447 83283 master_service.cpp:10619] [EVICT-TRIGGER] memory_ratio=0.96875 high_watermark=0.9 need_mem_eviction=0 eviction_ratio=0.05
I1008 08:15:44.940032 83283 master_service.cpp:10630] [EVICT-DONE] BatchEvict execution completed.
I1008 08:15:44.950119 83283 master_service.cpp:10619] [EVICT-TRIGGER] memory_ratio=0.96875 high_watermark=0.9 need_mem_eviction=0 eviction_ratio=0.05
I1008 08:15:44.951485 83283 master_service.cpp:10630] [EVICT-DONE] BatchEvict execution completed.
I1008 08:15:44.961573 83283 master_service.cpp:10619] [EVICT-TRIGGER] memory_ratio=0.96875 high_watermark=0.9 need_mem_eviction=0 eviction_ratio=0.05
I1008 08:15:44.962845 83283 master_service.cpp:10630] [EVICT-DONE] BatchEvict execution completed.
I1008 08:15:44.972934 83283 master_service.cpp:10619] [EVICT-TRIGGER] memory_ratio=0.96875 high_watermark=0.9 need_mem_eviction=0 eviction_ratio=0.05
I1008 08:15:44.975212 83283 master_service.cpp:10630] [EVICT-DONE] BatchEvict execution completed.
I1008 08:15:44.985302 83283 master_service.cpp:10619] [EVICT-TRIGGER] memory_ratio=0.96875 high_watermark=0.9 need_mem_eviction=0 eviction_ratio=0.05
I1008 08:15:44.986755 83283 master_service.cpp:10630] [EVICT-DONE] BatchEvict execution completed.
I1008 08:15:44.996838 83283 master_service.cpp:10619] [EVICT-TRIGGER] memory_ratio=0.96875 high_watermark=0.9 need_mem_eviction=0 eviction_ratio=0.05
I1008 08:15:44.998136 83283 master_service.cpp:10630] [EVICT-DONE] BatchEvict execution completed.
I1008 08:15:45.008219 83283 master_service.cpp:10619] [EVICT-TRIGGER] memory_ratio=0.96875 high_watermark=0.9 need_mem_eviction=0 eviction_ratio=0.05
I1008 08:15:45.009618 83283 master_service.cpp:10630] [EVICT-DONE] BatchEvict execution completed.
I1008 08:15:45.019702 83283 master_service.cpp:10619] [EVICT-TRIGGER] memory_ratio=0.96875 high_watermark=0.9 need_mem_eviction=0 eviction_ratio=0.05
I1008 08:15:45.020956 83283 master_service.cpp:10630] [EVICT-DONE] BatchEvict execution completed.
I1008 08:15:45.031044 83283 master_service.cpp:10619] [EVICT-TRIGGER] memory_ratio=0.96875 high_watermark=0.9 need_mem_eviction=0 eviction_ratio=0.05
I1008 08:15:45.033129 83283 master_service.cpp:10630] [EVICT-DONE] BatchEvict execution completed.
I1008 08:15:45.043218 83283 master_service.cpp:10619] [EVICT-TRIGGER] memory_ratio=0.96875 high_watermark=0.9 need_mem_eviction=0 eviction_ratio=0.05
I1008 08:15:45.045321 83283 master_service.cpp:10630] [EVICT-DONE] BatchEvict execution completed.
I1008 08:15:45.055402 83283 master_service.cpp:10619] [EVICT-TRIGGER] memory_ratio=0.96875 high_watermark=0.9 need_mem_eviction=0 eviction_ratio=0.05
I1008 08:15:45.056656 83283 master_service.cpp:10630] [EVICT-DONE] BatchEvict execution completed.
I1008 08:15:45.066715 83283 master_service.cpp:10619] [EVICT-TRIGGER] memory_ratio=0.96875 high_watermark=0.9 need_mem_eviction=0 eviction_ratio=0.05
I1008 08:15:45.067914 83283 master_service.cpp:10630] [EVICT-DONE] BatchEvict execution completed.
I1008 08:15:45.077991 83283 master_service.cpp:10619] [EVICT-TRIGGER] memory_ratio=0.96875 high_watermark=0.9 need_mem_eviction=0 eviction_ratio=0.05
I1008 08:15:45.079203 83283 master_service.cpp:10630] [EVICT-DONE] BatchEvict execution completed.
I1008 08:15:45.089280 83283 master_service.cpp:10619] [EVICT-TRIGGER] memory_ratio=0.96875 high_watermark=0.9 need_mem_eviction=0 eviction_ratio=0.05
I1008 08:15:45.090404 83283 master_service.cpp:10630] [EVICT-DONE] BatchEvict execution completed.
I1008 08:15:45.100479 83283 master_service.cpp:10619] [EVICT-TRIGGER] memory_ratio=0.96875 high_watermark=0.9 need_mem_eviction=0 eviction_ratio=0.05
I1008 08:15:45.101617 83283 master_service.cpp:10630] [EVICT-DONE] BatchEvict execution completed.
I1008 08:15:45.111693 83283 master_service.cpp:10619] [EVICT-TRIGGER] memory_ratio=0.96875 high_watermark=0.9 need_mem_eviction=0 eviction_ratio=0.05
I1008 08:15:45.112838 83283 master_service.cpp:10630] [EVICT-DONE] BatchEvict execution completed.
I1008 08:15:45.122912 83283 master_service.cpp:10619] [EVICT-TRIGGER] memory_ratio=0.96875 high_watermark=0.9 need_mem_eviction=0 eviction_ratio=0.05
I1008 08:15:45.124089 83283 master_service.cpp:10630] [EVICT-DONE] BatchEvict execution completed.
I1008 08:15:45.134164 83283 master_service.cpp:10619] [EVICT-TRIGGER] memory_ratio=0.96875 high_watermark=0.9 need_mem_eviction=0 eviction_ratio=0.05
I1008 08:15:45.135334 83283 master_service.cpp:10630] [EVICT-DONE] BatchEvict execution completed.
I1008 08:15:45.145411 83283 master_service.cpp:10619] [EVICT-TRIGGER] memory_ratio=0.96875 high_watermark=0.9 need_mem_eviction=0 eviction_ratio=0.05
I1008 08:15:45.146552 83283 master_service.cpp:10630] [EVICT-DONE] BatchEvict execution completed.
I1008 08:15:45.156627 83283 master_service.cpp:10619] [EVICT-TRIGGER] memory_ratio=0.96875 high_watermark=0.9 need_mem_eviction=0 eviction_ratio=0.05
I1008 08:15:45.157758 83283 master_service.cpp:10630] [EVICT-DONE] BatchEvict execution completed.
I1008 08:15:45.167835 83283 master_service.cpp:10619] [EVICT-TRIGGER] memory_ratio=0.96875 high_watermark=0.9 need_mem_eviction=0 eviction_ratio=0.05
I1008 08:15:45.169018 83283 master_service.cpp:10630] [EVICT-DONE] BatchEvict execution completed.
I1008 08:15:45.179095 83283 master_service.cpp:10619] [EVICT-TRIGGER] memory_ratio=0.96875 high_watermark=0.9 need_mem_eviction=0 eviction_ratio=0.05
I1008 08:15:45.180256 83283 master_service.cpp:10630] [EVICT-DONE] BatchEvict execution completed.
I1008 08:15:45.190331 83283 master_service.cpp:10619] [EVICT-TRIGGER] memory_ratio=0.96875 high_watermark=0.9 need_mem_eviction=0 eviction_ratio=0.05
I1008 08:15:45.191500 83283 master_service.cpp:10630] [EVICT-DONE] BatchEvict execution completed.
I1008 08:15:45.201576 83283 master_service.cpp:10619] [EVICT-TRIGGER] memory_ratio=0.96875 high_watermark=0.9 need_mem_eviction=0 eviction_ratio=0.05
I1008 08:15:45.202735 83283 master_service.cpp:10630] [EVICT-DONE] BatchEvict execution completed.
I1008 08:15:45.212811 83283 master_service.cpp:10619] [EVICT-TRIGGER] memory_ratio=0.96875 high_watermark=0.9 need_mem_eviction=0 eviction_ratio=0.05
I1008 08:15:45.213967 83283 master_service.cpp:10630] [EVICT-DONE] BatchEvict execution completed.
I1008 08:15:45.224043 83283 master_service.cpp:10619] [EVICT-TRIGGER] memory_ratio=0.96875 high_watermark=0.9 need_mem_eviction=0 eviction_ratio=0.05
I1008 08:15:45.225164 83283 master_service.cpp:10630] [EVICT-DONE] BatchEvict execution completed.
I1008 08:15:45.235239 83283 master_service.cpp:10619] [EVICT-TRIGGER] memory_ratio=0.96875 high_watermark=0.9 need_mem_eviction=0 eviction_ratio=0.05
I1008 08:15:45.236383 83283 master_service.cpp:10630] [EVICT-DONE] BatchEvict execution completed.
I1008 08:15:45.246457 83283 master_service.cpp:10619] [EVICT-TRIGGER] memory_ratio=0.96875 high_watermark=0.9 need_mem_eviction=0 eviction_ratio=0.05
I1008 08:15:45.247620 83283 master_service.cpp:10630] [EVICT-DONE] BatchEvict execution completed.
I1008 08:15:45.257696 83283 master_service.cpp:10619] [EVICT-TRIGGER] memory_ratio=0.96875 high_watermark=0.9 need_mem_eviction=0 eviction_ratio=0.05
I1008 08:15:45.258846 83283 master_service.cpp:10630] [EVICT-DONE] BatchEvict execution completed.
I1008 08:15:45.268939 83283 master_service.cpp:10619] [EVICT-TRIGGER] memory_ratio=0.96875 high_watermark=0.9 need_mem_eviction=0 eviction_ratio=0.05
I1008 08:15:45.270130 83283 master_service.cpp:10630] [EVICT-DONE] BatchEvict execution completed.
I1008 08:15:45.280206 83283 master_service.cpp:10619] [EVICT-TRIGGER] memory_ratio=0.96875 high_watermark=0.9 need_mem_eviction=0 eviction_ratio=0.05
I1008 08:15:45.281353 83283 master_service.cpp:10630] [EVICT-DONE] BatchEvict execution completed.
I1008 08:15:45.291429 83283 master_service.cpp:10619] [EVICT-TRIGGER] memory_ratio=0.96875 high_watermark=0.9 need_mem_eviction=0 eviction_ratio=0.05
I1008 08:15:45.292593 83283 master_service.cpp:10630] [EVICT-DONE] BatchEvict execution completed.
I1008 08:15:45.302670 83283 master_service.cpp:10619] [EVICT-TRIGGER] memory_ratio=0.96875 high_watermark=0.9 need_mem_eviction=0 eviction_ratio=0.05
I1008 08:15:45.303850 83283 master_service.cpp:10630] [EVICT-DONE] BatchEvict execution completed.
I1008 08:15:45.313926 83283 master_service.cpp:10619] [EVICT-TRIGGER] memory_ratio=0.96875 high_watermark=0.9 need_mem_eviction=0 eviction_ratio=0.05
I1008 08:15:45.315495 83283 master_service.cpp:10630] [EVICT-DONE] BatchEvict execution completed.
I1008 08:15:45.325573 83283 master_service.cpp:10619] [EVICT-TRIGGER] memory_ratio=0.96875 high_watermark=0.9 need_mem_eviction=0 eviction_ratio=0.05
I1008 08:15:45.326782 83283 master_service.cpp:10630] [EVICT-DONE] BatchEvict execution completed.
I1008 08:15:45.336859 83283 master_service.cpp:10619] [EVICT-TRIGGER] memory_ratio=0.96875 high_watermark=0.9 need_mem_eviction=0 eviction_ratio=0.05
I1008 08:15:45.338023 83283 master_service.cpp:10630] [EVICT-DONE] BatchEvict execution completed.
I1008 08:15:45.348098 83283 master_service.cpp:10619] [EVICT-TRIGGER] memory_ratio=0.96875 high_watermark=0.9 need_mem_eviction=0 eviction_ratio=0.05
I1008 08:15:45.349254 83283 master_service.cpp:10630] [EVICT-DONE] BatchEvict execution completed.
I1008 08:15:45.359328 83283 master_service.cpp:10619] [EVICT-TRIGGER] memory_ratio=0.96875 high_watermark=0.9 need_mem_eviction=0 eviction_ratio=0.05
I1008 08:15:45.360464 83283 master_service.cpp:10630] [EVICT-DONE] BatchEvict execution completed.
I1008 08:15:45.370539 83283 master_service.cpp:10619] [EVICT-TRIGGER] memory_ratio=0.96875 high_watermark=0.9 need_mem_eviction=0 eviction_ratio=0.05
I1008 08:15:45.371762 83283 master_service.cpp:10630] [EVICT-DONE] BatchEvict execution completed.
I1008 08:15:45.381839 83283 master_service.cpp:10619] [EVICT-TRIGGER] memory_ratio=0.96875 high_watermark=0.9 need_mem_eviction=0 eviction_ratio=0.05
I1008 08:15:45.383035 83283 master_service.cpp:10630] [EVICT-DONE] BatchEvict execution completed.
I1008 08:15:45.393112 83283 master_service.cpp:10619] [EVICT-TRIGGER] memory_ratio=0.96875 high_watermark=0.9 need_mem_eviction=0 eviction_ratio=0.05
I1008 08:15:45.394263 83283 master_service.cpp:10630] [EVICT-DONE] BatchEvict execution completed.
I1008 08:15:45.404337 83283 master_service.cpp:10619] [EVICT-TRIGGER] memory_ratio=0.96875 high_watermark=0.9 need_mem_eviction=0 eviction_ratio=0.05
I1008 08:15:45.405469 83283 master_service.cpp:10630] [EVICT-DONE] BatchEvict execution completed.
I1008 08:15:45.415544 83283 master_service.cpp:10619] [EVICT-TRIGGER] memory_ratio=0.96875 high_watermark=0.9 need_mem_eviction=0 eviction_ratio=0.05
I1008 08:15:45.416668 83283 master_service.cpp:10630] [EVICT-DONE] BatchEvict execution completed.
I1008 08:15:45.426735 83283 master_service.cpp:10619] [EVICT-TRIGGER] memory_ratio=0.96875 high_watermark=0.9 need_mem_eviction=0 eviction_ratio=0.05
I1008 08:15:45.427897 83283 master_service.cpp:10630] [EVICT-DONE] BatchEvict execution completed.
I1008 08:15:45.437973 83283 master_service.cpp:10619] [EVICT-TRIGGER] memory_ratio=0.96875 high_watermark=0.9 need_mem_eviction=0 eviction_ratio=0.05
I1008 08:15:45.439131 83283 master_service.cpp:10630] [EVICT-DONE] BatchEvict execution completed.
I1008 08:15:45.449206 83283 master_service.cpp:10619] [EVICT-TRIGGER] memory_ratio=0.96875 high_watermark=0.9 need_mem_eviction=0 eviction_ratio=0.05
I1008 08:15:45.450366 83283 master_service.cpp:10630] [EVICT-DONE] BatchEvict execution completed.
I1008 08:15:45.460443 83283 master_service.cpp:10619] [EVICT-TRIGGER] memory_ratio=0.96875 high_watermark=0.9 need_mem_eviction=0 eviction_ratio=0.05
I1008 08:15:45.461585 83283 master_service.cpp:10630] [EVICT-DONE] BatchEvict execution completed.
I1008 08:15:45.471660 83283 master_service.cpp:10619] [EVICT-TRIGGER] memory_ratio=0.96875 high_watermark=0.9 need_mem_eviction=0 eviction_ratio=0.05
I1008 08:15:45.473274 83283 master_service.cpp:10630] [EVICT-DONE] BatchEvict execution completed.
I1008 08:15:45.483352 83283 master_service.cpp:10619] [EVICT-TRIGGER] memory_ratio=0.96875 high_watermark=0.9 need_mem_eviction=0 eviction_ratio=0.05
I1008 08:15:45.484544 83283 master_service.cpp:10630] [EVICT-DONE] BatchEvict execution completed.
I1008 08:15:45.494619 83283 master_service.cpp:10619] [EVICT-TRIGGER] memory_ratio=0.96875 high_watermark=0.9 need_mem_eviction=0 eviction_ratio=0.05
I1008 08:15:45.495795 83283 master_service.cpp:10630] [EVICT-DONE] BatchEvict execution completed.
I1008 08:15:45.505870 83283 master_service.cpp:10619] [EVICT-TRIGGER] memory_ratio=0.96875 high_watermark=0.9 need_mem_eviction=0 eviction_ratio=0.05
I1008 08:15:45.507019 83283 master_service.cpp:10630] [EVICT-DONE] BatchEvict execution completed.
I1008 08:15:45.517094 83283 master_service.cpp:10619] [EVICT-TRIGGER] memory_ratio=0.96875 high_watermark=0.9 need_mem_eviction=0 eviction_ratio=0.05
I1008 08:15:45.518244 83283 master_service.cpp:10630] [EVICT-DONE] BatchEvict execution completed.
I1008 08:15:45.528319 83283 master_service.cpp:10619] [EVICT-TRIGGER] memory_ratio=0.96875 high_watermark=0.9 need_mem_eviction=0 eviction_ratio=0.05
I1008 08:15:45.529469 83283 master_service.cpp:10630] [EVICT-DONE] BatchEvict execution completed.
I1008 08:15:45.539544 83283 master_service.cpp:10619] [EVICT-TRIGGER] memory_ratio=0.96875 high_watermark=0.9 need_mem_eviction=0 eviction_ratio=0.05
I1008 08:15:45.540678 83283 master_service.cpp:10630] [EVICT-DONE] BatchEvict execution completed.
I1008 08:15:45.550737 83283 master_service.cpp:10619] [EVICT-TRIGGER] memory_ratio=0.96875 high_watermark=0.9 need_mem_eviction=0 eviction_ratio=0.05
I1008 08:15:45.551887 83283 master_service.cpp:10630] [EVICT-DONE] BatchEvict execution completed.
I1008 08:15:45.561961 83283 master_service.cpp:10619] [EVICT-TRIGGER] memory_ratio=0.96875 high_watermark=0.9 need_mem_eviction=0 eviction_ratio=0.05
I1008 08:15:45.563133 83283 master_service.cpp:10630] [EVICT-DONE] BatchEvict execution completed.
I1008 08:15:45.573208 83283 master_service.cpp:10619] [EVICT-TRIGGER] memory_ratio=0.96875 high_watermark=0.9 need_mem_eviction=0 eviction_ratio=0.05
I1008 08:15:45.574373 83283 master_service.cpp:10630] [EVICT-DONE] BatchEvict execution completed.
I1008 08:15:45.584447 83283 master_service.cpp:10619] [EVICT-TRIGGER] memory_ratio=0.96875 high_watermark=0.9 need_mem_eviction=0 eviction_ratio=0.05
I1008 08:15:45.585580 83283 master_service.cpp:10630] [EVICT-DONE] BatchEvict execution completed.
I1008 08:15:45.595656 83283 master_service.cpp:10619] [EVICT-TRIGGER] memory_ratio=0.96875 high_watermark=0.9 need_mem_eviction=0 eviction_ratio=0.05
I1008 08:15:45.596817 83283 master_service.cpp:10630] [EVICT-DONE] BatchEvict execution completed.
I1008 08:15:45.606892 83283 master_service.cpp:10619] [EVICT-TRIGGER] memory_ratio=0.96875 high_watermark=0.9 need_mem_eviction=0 eviction_ratio=0.05
I1008 08:15:45.608014 83283 master_service.cpp:10630] [EVICT-DONE] BatchEvict execution completed.
I1008 08:15:45.618089 83283 master_service.cpp:10619] [EVICT-TRIGGER] memory_ratio=0.96875 high_watermark=0.9 need_mem_eviction=0 eviction_ratio=0.05
I1008 08:15:45.619231 83283 master_service.cpp:10630] [EVICT-DONE] BatchEvict execution completed.
I1008 08:15:45.629307 83283 master_service.cpp:10619] [EVICT-TRIGGER] memory_ratio=0.96875 high_watermark=0.9 need_mem_eviction=0 eviction_ratio=0.05
I1008 08:15:45.630499 83283 master_service.cpp:10630] [EVICT-DONE] BatchEvict execution completed.
I1008 08:15:45.640587 83283 master_service.cpp:10619] [EVICT-TRIGGER] memory_ratio=0.96875 high_watermark=0.9 need_mem_eviction=0 eviction_ratio=0.05
I1008 08:15:45.641741 83283 master_service.cpp:10630] [EVICT-DONE] BatchEvict execution completed.
I1008 08:15:45.651814 83283 master_service.cpp:10619] [EVICT-TRIGGER] memory_ratio=0.96875 high_watermark=0.9 need_mem_eviction=0 eviction_ratio=0.05
I1008 08:15:45.652952 83283 master_service.cpp:10630] [EVICT-DONE] BatchEvict execution completed.
I1008 08:15:45.663029 83283 master_service.cpp:10619] [EVICT-TRIGGER] memory_ratio=0.96875 high_watermark=0.9 need_mem_eviction=0 eviction_ratio=0.05
I1008 08:15:45.664171 83283 master_service.cpp:10630] [EVICT-DONE] BatchEvict execution completed.
I1008 08:15:45.674247 83283 master_service.cpp:10619] [EVICT-TRIGGER] memory_ratio=0.96875 high_watermark=0.9 need_mem_eviction=0 eviction_ratio=0.05
I1008 08:15:45.675470 83283 master_service.cpp:10630] [EVICT-DONE] BatchEvict execution completed.
I1008 08:15:45.685547 83283 master_service.cpp:10619] [EVICT-TRIGGER] memory_ratio=0.96875 high_watermark=0.9 need_mem_eviction=0 eviction_ratio=0.05
I1008 08:15:45.686728 83283 master_service.cpp:10630] [EVICT-DONE] BatchEvict execution completed.
I1008 08:15:45.696805 83283 master_service.cpp:10619] [EVICT-TRIGGER] memory_ratio=0.96875 high_watermark=0.9 need_mem_eviction=0 eviction_ratio=0.05
I1008 08:15:45.697952 83283 master_service.cpp:10630] [EVICT-DONE] BatchEvict execution completed.
I1008 08:15:45.708026 83283 master_service.cpp:10619] [EVICT-TRIGGER] memory_ratio=0.96875 high_watermark=0.9 need_mem_eviction=0 eviction_ratio=0.05
I1008 08:15:45.709149 83283 master_service.cpp:10630] [EVICT-DONE] BatchEvict execution completed.
I1008 08:15:45.719224 83283 master_service.cpp:10619] [EVICT-TRIGGER] memory_ratio=0.96875 high_watermark=0.9 need_mem_eviction=0 eviction_ratio=0.05
I1008 08:15:45.720368 83283 master_service.cpp:10630] [EVICT-DONE] BatchEvict execution completed.
I1008 08:15:45.730444 83283 master_service.cpp:10619] [EVICT-TRIGGER] memory_ratio=0.96875 high_watermark=0.9 need_mem_eviction=0 eviction_ratio=0.05
I1008 08:15:45.731619 83283 master_service.cpp:10630] [EVICT-DONE] BatchEvict execution completed.
I1008 08:15:45.741695 83283 master_service.cpp:10619] [EVICT-TRIGGER] memory_ratio=0.96875 high_watermark=0.9 need_mem_eviction=0 eviction_ratio=0.05
I1008 08:15:45.742838 83283 master_service.cpp:10630] [EVICT-DONE] BatchEvict execution completed.
I1008 08:15:45.752914 83283 master_service.cpp:10619] [EVICT-TRIGGER] memory_ratio=0.96875 high_watermark=0.9 need_mem_eviction=0 eviction_ratio=0.05
I1008 08:15:45.754037 83283 master_service.cpp:10630] [EVICT-DONE] BatchEvict execution completed.
I1008 08:15:45.764113 83283 master_service.cpp:10619] [EVICT-TRIGGER] memory_ratio=0.96875 high_watermark=0.9 need_mem_eviction=0 eviction_ratio=0.05
I1008 08:15:45.765254 83283 master_service.cpp:10630] [EVICT-DONE] BatchEvict execution completed.
I1008 08:15:45.775331 83283 master_service.cpp:10619] [EVICT-TRIGGER] memory_ratio=0.96875 high_watermark=0.9 need_mem_eviction=0 eviction_ratio=0.05
I1008 08:15:45.776623 83283 master_service.cpp:10630] [EVICT-DONE] BatchEvict execution completed.
I1008 08:15:45.786700 83283 master_service.cpp:10619] [EVICT-TRIGGER] memory_ratio=0.96875 high_watermark=0.9 need_mem_eviction=0 eviction_ratio=0.05
I1008 08:15:45.787895 83283 master_service.cpp:10630] [EVICT-DONE] BatchEvict execution completed.
I1008 08:15:45.797971 83283 master_service.cpp:10619] [EVICT-TRIGGER] memory_ratio=0.96875 high_watermark=0.9 need_mem_eviction=0 eviction_ratio=0.05
I1008 08:15:45.799197 83283 master_service.cpp:10630] [EVICT-DONE] BatchEvict execution completed.
I1008 08:15:45.809273 83283 master_service.cpp:10619] [EVICT-TRIGGER] memory_ratio=0.96875 high_watermark=0.9 need_mem_eviction=0 eviction_ratio=0.05
I1008 08:15:45.810422 83283 master_service.cpp:10630] [EVICT-DONE] BatchEvict execution completed.
I1008 08:15:45.820498 83283 master_service.cpp:10619] [EVICT-TRIGGER] memory_ratio=0.96875 high_watermark=0.9 need_mem_eviction=0 eviction_ratio=0.05
I1008 08:15:45.821657 83283 master_service.cpp:10630] [EVICT-DONE] BatchEvict execution completed.
I1008 08:15:45.831734 83283 master_service.cpp:10619] [EVICT-TRIGGER] memory_ratio=0.96875 high_watermark=0.9 need_mem_eviction=0 eviction_ratio=0.05
I1008 08:15:45.832865 83283 master_service.cpp:10630] [EVICT-DONE] BatchEvict execution completed.
I1008 08:15:45.842941 83283 master_service.cpp:10619] [EVICT-TRIGGER] memory_ratio=0.96875 high_watermark=0.9 need_mem_eviction=0 eviction_ratio=0.05
I1008 08:15:45.844095 83283 master_service.cpp:10630] [EVICT-DONE] BatchEvict execution completed.
I1008 08:15:45.854171 83283 master_service.cpp:10619] [EVICT-TRIGGER] memory_ratio=0.96875 high_watermark=0.9 need_mem_eviction=0 eviction_ratio=0.05
I1008 08:15:45.855348 83283 master_service.cpp:10630] [EVICT-DONE] BatchEvict execution completed.
I1008 08:15:45.865424 83283 master_service.cpp:10619] [EVICT-TRIGGER] memory_ratio=0.96875 high_watermark=0.9 need_mem_eviction=0 eviction_ratio=0.05
I1008 08:15:45.866568 83283 master_service.cpp:10630] [EVICT-DONE] BatchEvict execution completed.
I1008 08:15:45.876644 83283 master_service.cpp:10619] [EVICT-TRIGGER] memory_ratio=0.96875 high_watermark=0.9 need_mem_eviction=0 eviction_ratio=0.05
I1008 08:15:45.877806 83283 master_service.cpp:10630] [EVICT-DONE] BatchEvict execution completed.
I1008 08:15:45.887882 83283 master_service.cpp:10619] [EVICT-TRIGGER] memory_ratio=0.96875 high_watermark=0.9 need_mem_eviction=0 eviction_ratio=0.05
I1008 08:15:45.889009 83283 master_service.cpp:10630] [EVICT-DONE] BatchEvict execution completed.
I1008 08:15:45.899085 83283 master_service.cpp:10619] [EVICT-TRIGGER] memory_ratio=0.96875 high_watermark=0.9 need_mem_eviction=0 eviction_ratio=0.05
I1008 08:15:45.900240 83283 master_service.cpp:10630] [EVICT-DONE] BatchEvict execution completed.
I1008 08:15:45.910315 83283 master_service.cpp:10619] [EVICT-TRIGGER] memory_ratio=0.96875 high_watermark=0.9 need_mem_eviction=0 eviction_ratio=0.05
I1008 08:15:45.911475 83283 master_service.cpp:10630] [EVICT-DONE] BatchEvict execution completed.
I1008 08:15:45.921551 83283 master_service.cpp:10619] [EVICT-TRIGGER] memory_ratio=0.96875 high_watermark=0.9 need_mem_eviction=0 eviction_ratio=0.05
I1008 08:15:45.922724 83283 master_service.cpp:10630] [EVICT-DONE] BatchEvict execution completed.
I1008 08:15:45.932801 83283 master_service.cpp:10619] [EVICT-TRIGGER] memory_ratio=0.96875 high_watermark=0.9 need_mem_eviction=0 eviction_ratio=0.05
I1008 08:15:45.934084 83283 master_service.cpp:10630] [EVICT-DONE] BatchEvict execution completed.
I1008 08:15:45.944161 83283 master_service.cpp:10619] [EVICT-TRIGGER] memory_ratio=0.96875 high_watermark=0.9 need_mem_eviction=0 eviction_ratio=0.05
I1008 08:15:45.945333 83283 master_service.cpp:10630] [EVICT-DONE] BatchEvict execution completed.
I1008 08:15:45.955407 83283 master_service.cpp:10619] [EVICT-TRIGGER] memory_ratio=0.96875 high_watermark=0.9 need_mem_eviction=0 eviction_ratio=0.05
I1008 08:15:45.956547 83283 master_service.cpp:10630] [EVICT-DONE] BatchEvict execution completed.
I1008 08:15:45.966622 83283 master_service.cpp:10619] [EVICT-TRIGGER] memory_ratio=0.96875 high_watermark=0.9 need_mem_eviction=0 eviction_ratio=0.05
I1008 08:15:45.967811 83283 master_service.cpp:10630] [EVICT-DONE] BatchEvict execution completed.
I1008 08:15:45.977888 83283 master_service.cpp:10619] [EVICT-TRIGGER] memory_ratio=0.96875 high_watermark=0.9 need_mem_eviction=0 eviction_ratio=0.05
I1008 08:15:45.979074 83283 master_service.cpp:10630] [EVICT-DONE] BatchEvict execution completed.
I1008 08:15:45.989149 83283 master_service.cpp:10619] [EVICT-TRIGGER] memory_ratio=0.96875 high_watermark=0.9 need_mem_eviction=0 eviction_ratio=0.05
I1008 08:15:45.990301 83283 master_service.cpp:10630] [EVICT-DONE] BatchEvict execution completed.
I1008 08:15:46.000377 83283 master_service.cpp:10619] [EVICT-TRIGGER] memory_ratio=0.96875 high_watermark=0.9 need_mem_eviction=0 eviction_ratio=0.05
I1008 08:15:46.001543 83283 master_service.cpp:10630] [EVICT-DONE] BatchEvict execution completed.
I1008 08:15:46.011629 83283 master_service.cpp:10619] [EVICT-TRIGGER] memory_ratio=0.96875 high_watermark=0.9 need_mem_eviction=0 eviction_ratio=0.05
I1008 08:15:46.012792 83283 master_service.cpp:10630] [EVICT-DONE] BatchEvict execution completed.
I1008 08:15:46.022868 83283 master_service.cpp:10619] [EVICT-TRIGGER] memory_ratio=0.96875 high_watermark=0.9 need_mem_eviction=0 eviction_ratio=0.05
I1008 08:15:46.024039 83283 master_service.cpp:10630] [EVICT-DONE] BatchEvict execution completed.
I1008 08:15:46.034132 83283 master_service.cpp:10619] [EVICT-TRIGGER] memory_ratio=0.96875 high_watermark=0.9 need_mem_eviction=0 eviction_ratio=0.05
I1008 08:15:46.036448 83283 master_service.cpp:10630] [EVICT-DONE] BatchEvict execution completed.
I1008 08:15:46.046543 83283 master_service.cpp:10619] [EVICT-TRIGGER] memory_ratio=0.96875 high_watermark=0.9 need_mem_eviction=0 eviction_ratio=0.05
I1008 08:15:46.048188 83283 master_service.cpp:10630] [EVICT-DONE] BatchEvict execution completed.
I1008 08:15:46.058269 83283 master_service.cpp:10619] [EVICT-TRIGGER] memory_ratio=0.96875 high_watermark=0.9 need_mem_eviction=0 eviction_ratio=0.05
I1008 08:15:46.059515 83283 master_service.cpp:10630] [EVICT-DONE] BatchEvict execution completed.
I1008 08:15:46.069595 83283 master_service.cpp:10619] [EVICT-TRIGGER] memory_ratio=0.96875 high_watermark=0.9 need_mem_eviction=0 eviction_ratio=0.05
I1008 08:15:46.070761 83283 master_service.cpp:10630] [EVICT-DONE] BatchEvict execution completed.
I1008 08:15:46.080839 83283 master_service.cpp:10619] [EVICT-TRIGGER] memory_ratio=0.96875 high_watermark=0.9 need_mem_eviction=0 eviction_ratio=0.05
I1008 08:15:46.082002 83283 master_service.cpp:10630] [EVICT-DONE] BatchEvict execution completed.
I1008 08:15:46.092079 83283 master_service.cpp:10619] [EVICT-TRIGGER] memory_ratio=0.96875 high_watermark=0.9 need_mem_eviction=0 eviction_ratio=0.05
I1008 08:15:46.093693 83283 master_service.cpp:12526] [EVICT-RESULT] evicted_count=0, eviction_base=10, actual_evict_ratio=0, target_evict_ratio=0.11875
I1008 08:15:46.093724 83283 master_service.cpp:10630] [EVICT-DONE] BatchEvict execution completed.
I1008 08:15:46.103787 83283 master_service.cpp:10619] [EVICT-TRIGGER] memory_ratio=0.96875 high_watermark=0.9 need_mem_eviction=0 eviction_ratio=0.05
I1008 08:15:46.104951 83283 master_service.cpp:12526] [EVICT-RESULT] evicted_count=0, eviction_base=10, actual_evict_ratio=0, target_evict_ratio=0.11875
I1008 08:15:46.104978 83283 master_service.cpp:10630] [EVICT-DONE] BatchEvict execution completed.
I1008 08:15:46.115041 83283 master_service.cpp:10619] [EVICT-TRIGGER] memory_ratio=0.96875 high_watermark=0.9 need_mem_eviction=0 eviction_ratio=0.05
I1008 08:15:46.116660 83283 master_service.cpp:12526] [EVICT-RESULT] evicted_count=0, eviction_base=10, actual_evict_ratio=0, target_evict_ratio=0.11875
I1008 08:15:46.116688 83283 master_service.cpp:10630] [EVICT-DONE] BatchEvict execution completed.
I1008 08:15:46.126710 83283 master_service.cpp:10619] [EVICT-TRIGGER] memory_ratio=0.96875 high_watermark=0.9 need_mem_eviction=0 eviction_ratio=0.05
I1008 08:15:46.127957 83283 master_service.cpp:12526] [EVICT-RESULT] evicted_count=0, eviction_base=20, actual_evict_ratio=0, target_evict_ratio=0.11875
I1008 08:15:46.127985 83283 master_service.cpp:10630] [EVICT-DONE] BatchEvict execution completed.
I1008 08:15:46.138046 83283 master_service.cpp:10619] [EVICT-TRIGGER] memory_ratio=0.96875 high_watermark=0.9 need_mem_eviction=0 eviction_ratio=0.05
I1008 08:15:46.139293 83283 master_service.cpp:12526] [EVICT-RESULT] evicted_count=0, eviction_base=20, actual_evict_ratio=0, target_evict_ratio=0.11875
I1008 08:15:46.139322 83283 master_service.cpp:10630] [EVICT-DONE] BatchEvict execution completed.
I1008 08:15:46.149384 83283 master_service.cpp:10619] [EVICT-TRIGGER] memory_ratio=0.96875 high_watermark=0.9 need_mem_eviction=0 eviction_ratio=0.05
I1008 08:15:46.150553 83283 master_service.cpp:12526] [EVICT-RESULT] evicted_count=0, eviction_base=20, actual_evict_ratio=0, target_evict_ratio=0.11875
I1008 08:15:46.150600 83283 master_service.cpp:10630] [EVICT-DONE] BatchEvict execution completed.
I1008 08:15:46.160663 83283 master_service.cpp:10619] [EVICT-TRIGGER] memory_ratio=0.96875 high_watermark=0.9 need_mem_eviction=0 eviction_ratio=0.05
I1008 08:15:46.161803 83283 master_service.cpp:12526] [EVICT-RESULT] evicted_count=0, eviction_base=31, actual_evict_ratio=0, target_evict_ratio=0.11875
I1008 08:15:46.161829 83283 master_service.cpp:10630] [EVICT-DONE] BatchEvict execution completed.
I1008 08:15:46.171891 83283 master_service.cpp:10619] [EVICT-TRIGGER] memory_ratio=0.96875 high_watermark=0.9 need_mem_eviction=0 eviction_ratio=0.05
I1008 08:15:46.173022 83283 master_service.cpp:12526] [EVICT-RESULT] evicted_count=0, eviction_base=31, actual_evict_ratio=0, target_evict_ratio=0.11875
I1008 08:15:46.173048 83283 master_service.cpp:10630] [EVICT-DONE] BatchEvict execution completed.
I1008 08:15:46.183110 83283 master_service.cpp:10619] [EVICT-TRIGGER] memory_ratio=0.96875 high_watermark=0.9 need_mem_eviction=0 eviction_ratio=0.05
I1008 08:15:46.184243 83283 master_service.cpp:12526] [EVICT-RESULT] evicted_count=0, eviction_base=31, actual_evict_ratio=0, target_evict_ratio=0.11875
I1008 08:15:46.184269 83283 master_service.cpp:10630] [EVICT-DONE] BatchEvict execution completed.
I1008 08:15:46.194331 83283 master_service.cpp:10619] [EVICT-TRIGGER] memory_ratio=0.96875 high_watermark=0.9 need_mem_eviction=0 eviction_ratio=0.05
I1008 08:15:46.195516 83283 master_service.cpp:12526] [EVICT-RESULT] evicted_count=0, eviction_base=31, actual_evict_ratio=0, target_evict_ratio=0.11875
I1008 08:15:46.195545 83283 master_service.cpp:10630] [EVICT-DONE] BatchEvict execution completed.
I1008 08:15:46.205607 83283 master_service.cpp:10619] [EVICT-TRIGGER] memory_ratio=0.96875 high_watermark=0.9 need_mem_eviction=0 eviction_ratio=0.05
I1008 08:15:46.206748 83283 master_service.cpp:12526] [EVICT-RESULT] evicted_count=0, eviction_base=31, actual_evict_ratio=0, target_evict_ratio=0.11875
I1008 08:15:46.206775 83283 master_service.cpp:10630] [EVICT-DONE] BatchEvict execution completed.
I1008 08:15:46.216836 83283 master_service.cpp:10619] [EVICT-TRIGGER] memory_ratio=0.96875 high_watermark=0.9 need_mem_eviction=0 eviction_ratio=0.05
I1008 08:15:46.218000 83283 master_service.cpp:12526] [EVICT-RESULT] evicted_count=0, eviction_base=31, actual_evict_ratio=0, target_evict_ratio=0.11875
I1008 08:15:46.218027 83283 master_service.cpp:10630] [EVICT-DONE] BatchEvict execution completed.
I1008 08:15:46.228089 83283 master_service.cpp:10619] [EVICT-TRIGGER] memory_ratio=0.96875 high_watermark=0.9 need_mem_eviction=0 eviction_ratio=0.05
I1008 08:15:46.229218 83283 master_service.cpp:12526] [EVICT-RESULT] evicted_count=0, eviction_base=31, actual_evict_ratio=0, target_evict_ratio=0.11875
I1008 08:15:46.229243 83283 master_service.cpp:10630] [EVICT-DONE] BatchEvict execution completed.
I1008 08:15:46.239305 83283 master_service.cpp:10619] [EVICT-TRIGGER] memory_ratio=0.96875 high_watermark=0.9 need_mem_eviction=0 eviction_ratio=0.05
I1008 08:15:46.240463 83283 master_service.cpp:12526] [EVICT-RESULT] evicted_count=0, eviction_base=31, actual_evict_ratio=0, target_evict_ratio=0.11875
I1008 08:15:46.240489 83283 master_service.cpp:10630] [EVICT-DONE] BatchEvict execution completed.
I1008 08:15:46.250550 83283 master_service.cpp:10619] [EVICT-TRIGGER] memory_ratio=0.96875 high_watermark=0.9 need_mem_eviction=0 eviction_ratio=0.05
I1008 08:15:46.251709 83283 master_service.cpp:12526] [EVICT-RESULT] evicted_count=0, eviction_base=31, actual_evict_ratio=0, target_evict_ratio=0.11875
I1008 08:15:46.251737 83283 master_service.cpp:10630] [EVICT-DONE] BatchEvict execution completed.
I1008 08:15:46.261798 83283 master_service.cpp:10619] [EVICT-TRIGGER] memory_ratio=0.96875 high_watermark=0.9 need_mem_eviction=0 eviction_ratio=0.05
I1008 08:15:46.262961 83283 master_service.cpp:12526] [EVICT-RESULT] evicted_count=0, eviction_base=31, actual_evict_ratio=0, target_evict_ratio=0.11875
I1008 08:15:46.262989 83283 master_service.cpp:10630] [EVICT-DONE] BatchEvict execution completed.
I1008 08:15:46.273061 83283 master_service.cpp:10619] [EVICT-TRIGGER] memory_ratio=0.96875 high_watermark=0.9 need_mem_eviction=0 eviction_ratio=0.05
I1008 08:15:46.274196 83283 master_service.cpp:12526] [EVICT-RESULT] evicted_count=0, eviction_base=31, actual_evict_ratio=0, target_evict_ratio=0.11875
I1008 08:15:46.274223 83283 master_service.cpp:10630] [EVICT-DONE] BatchEvict execution completed.
I1008 08:15:46.284286 83283 master_service.cpp:10619] [EVICT-TRIGGER] memory_ratio=0.96875 high_watermark=0.9 need_mem_eviction=0 eviction_ratio=0.05
I1008 08:15:46.285429 83283 master_service.cpp:12526] [EVICT-RESULT] evicted_count=0, eviction_base=31, actual_evict_ratio=0, target_evict_ratio=0.11875
I1008 08:15:46.285454 83283 master_service.cpp:10630] [EVICT-DONE] BatchEvict execution completed.
I1008 08:15:46.295516 83283 master_service.cpp:10619] [EVICT-TRIGGER] memory_ratio=0.96875 high_watermark=0.9 need_mem_eviction=0 eviction_ratio=0.05
I1008 08:15:46.296646 83283 master_service.cpp:12526] [EVICT-RESULT] evicted_count=0, eviction_base=31, actual_evict_ratio=0, target_evict_ratio=0.11875
I1008 08:15:46.296674 83283 master_service.cpp:10630] [EVICT-DONE] BatchEvict execution completed.
I1008 08:15:46.306710 83283 master_service.cpp:10619] [EVICT-TRIGGER] memory_ratio=0.96875 high_watermark=0.9 need_mem_eviction=0 eviction_ratio=0.05
I1008 08:15:46.307878 83283 master_service.cpp:12526] [EVICT-RESULT] evicted_count=0, eviction_base=31, actual_evict_ratio=0, target_evict_ratio=0.11875
I1008 08:15:46.307905 83283 master_service.cpp:10630] [EVICT-DONE] BatchEvict execution completed.
I1008 08:15:46.317967 83283 master_service.cpp:10619] [EVICT-TRIGGER] memory_ratio=0.96875 high_watermark=0.9 need_mem_eviction=0 eviction_ratio=0.05
I1008 08:15:46.319156 83283 master_service.cpp:12526] [EVICT-RESULT] evicted_count=0, eviction_base=31, actual_evict_ratio=0, target_evict_ratio=0.11875
I1008 08:15:46.319185 83283 master_service.cpp:10630] [EVICT-DONE] BatchEvict execution completed.
I1008 08:15:46.329246 83283 master_service.cpp:10619] [EVICT-TRIGGER] memory_ratio=0.96875 high_watermark=0.9 need_mem_eviction=0 eviction_ratio=0.05
I1008 08:15:46.332643 83283 master_service.cpp:12526] [EVICT-RESULT] evicted_count=0, eviction_base=31, actual_evict_ratio=0, target_evict_ratio=0.11875
W1008 08:15:46.332671 83283 master_service.cpp:12534] [EVICT] No memory freed this cycle; 1 objects deferred for disk offload. Consider lowering eviction_high_watermark_ratio.
I1008 08:15:46.332679 83283 master_service.cpp:10630] [EVICT-DONE] BatchEvict execution completed.
I1008 08:15:46.342730 83283 master_service.cpp:10619] [EVICT-TRIGGER] memory_ratio=0.96875 high_watermark=0.9 need_mem_eviction=0 eviction_ratio=0.05
I1008 08:15:46.343943 83283 master_service.cpp:12526] [EVICT-RESULT] evicted_count=0, eviction_base=30, actual_evict_ratio=0, target_evict_ratio=0.11875
I1008 08:15:46.343968 83283 master_service.cpp:10630] [EVICT-DONE] BatchEvict execution completed.
I1008 08:15:46.354030 83283 master_service.cpp:10619] [EVICT-TRIGGER] memory_ratio=0.96875 high_watermark=0.9 need_mem_eviction=0 eviction_ratio=0.05
I1008 08:15:46.355183 83283 master_service.cpp:12526] [EVICT-RESULT] evicted_count=0, eviction_base=30, actual_evict_ratio=0, target_evict_ratio=0.11875
I1008 08:15:46.355209 83283 master_service.cpp:10630] [EVICT-DONE] BatchEvict execution completed.
I1008 08:15:46.365270 83283 master_service.cpp:10619] [EVICT-TRIGGER] memory_ratio=0.96875 high_watermark=0.9 need_mem_eviction=0 eviction_ratio=0.05
I1008 08:15:46.366403 83283 master_service.cpp:12526] [EVICT-RESULT] evicted_count=0, eviction_base=30, actual_evict_ratio=0, target_evict_ratio=0.11875
I1008 08:15:46.366427 83283 master_service.cpp:10630] [EVICT-DONE] BatchEvict execution completed.
I1008 08:15:46.376489 83283 master_service.cpp:10619] [EVICT-TRIGGER] memory_ratio=0.96875 high_watermark=0.9 need_mem_eviction=0 eviction_ratio=0.05
I1008 08:15:46.377640 83283 master_service.cpp:12526] [EVICT-RESULT] evicted_count=0, eviction_base=30, actual_evict_ratio=0, target_evict_ratio=0.11875
I1008 08:15:46.377676 83283 master_service.cpp:10630] [EVICT-DONE] BatchEvict execution completed.
I1008 08:15:46.387738 83283 master_service.cpp:10619] [EVICT-TRIGGER] memory_ratio=0.96875 high_watermark=0.9 need_mem_eviction=0 eviction_ratio=0.05
I1008 08:15:46.388906 83283 master_service.cpp:12526] [EVICT-RESULT] evicted_count=0, eviction_base=30, actual_evict_ratio=0, target_evict_ratio=0.11875
I1008 08:15:46.388931 83283 master_service.cpp:10630] [EVICT-DONE] BatchEvict execution completed.
I1008 08:15:46.398993 83283 master_service.cpp:10619] [EVICT-TRIGGER] memory_ratio=0.96875 high_watermark=0.9 need_mem_eviction=0 eviction_ratio=0.05
I1008 08:15:46.400274 83283 master_service.cpp:12526] [EVICT-RESULT] evicted_count=0, eviction_base=30, actual_evict_ratio=0, target_evict_ratio=0.11875
I1008 08:15:46.400301 83283 master_service.cpp:10630] [EVICT-DONE] BatchEvict execution completed.
I1008 08:15:46.410363 83283 master_service.cpp:10619] [EVICT-TRIGGER] memory_ratio=0.96875 high_watermark=0.9 need_mem_eviction=0 eviction_ratio=0.05
I1008 08:15:46.411597 83283 master_service.cpp:12526] [EVICT-RESULT] evicted_count=0, eviction_base=30, actual_evict_ratio=0, target_evict_ratio=0.11875
I1008 08:15:46.411623 83283 master_service.cpp:10630] [EVICT-DONE] BatchEvict execution completed.
I1008 08:15:46.421684 83283 master_service.cpp:10619] [EVICT-TRIGGER] memory_ratio=0.96875 high_watermark=0.9 need_mem_eviction=0 eviction_ratio=0.05
I1008 08:15:46.422859 83283 master_service.cpp:12526] [EVICT-RESULT] evicted_count=0, eviction_base=30, actual_evict_ratio=0, target_evict_ratio=0.11875
I1008 08:15:46.422886 83283 master_service.cpp:10630] [EVICT-DONE] BatchEvict execution completed.
I1008 08:15:46.432947 83283 master_service.cpp:10619] [EVICT-TRIGGER] memory_ratio=0.96875 high_watermark=0.9 need_mem_eviction=0 eviction_ratio=0.05
I1008 08:15:46.434110 83283 master_service.cpp:12526] [EVICT-RESULT] evicted_count=0, eviction_base=30, actual_evict_ratio=0, target_evict_ratio=0.11875
I1008 08:15:46.434136 83283 master_service.cpp:10630] [EVICT-DONE] BatchEvict execution completed.
I1008 08:15:46.444199 83283 master_service.cpp:10619] [EVICT-TRIGGER] memory_ratio=0.96875 high_watermark=0.9 need_mem_eviction=0 eviction_ratio=0.05
I1008 08:15:46.445369 83283 master_service.cpp:12526] [EVICT-RESULT] evicted_count=0, eviction_base=30, actual_evict_ratio=0, target_evict_ratio=0.11875
I1008 08:15:46.445394 83283 master_service.cpp:10630] [EVICT-DONE] BatchEvict execution completed.
I1008 08:15:46.455457 83283 master_service.cpp:10619] [EVICT-TRIGGER] memory_ratio=0.96875 high_watermark=0.9 need_mem_eviction=0 eviction_ratio=0.05
I1008 08:15:46.456588 83283 master_service.cpp:12526] [EVICT-RESULT] evicted_count=0, eviction_base=30, actual_evict_ratio=0, target_evict_ratio=0.11875
I1008 08:15:46.456614 83283 master_service.cpp:10630] [EVICT-DONE] BatchEvict execution completed.
I1008 08:15:46.466674 83283 master_service.cpp:10619] [EVICT-TRIGGER] memory_ratio=0.96875 high_watermark=0.9 need_mem_eviction=0 eviction_ratio=0.05
I1008 08:15:46.467828 83283 master_service.cpp:12526] [EVICT-RESULT] evicted_count=0, eviction_base=30, actual_evict_ratio=0, target_evict_ratio=0.11875
I1008 08:15:46.467854 83283 master_service.cpp:10630] [EVICT-DONE] BatchEvict execution completed.
I1008 08:15:46.477916 83283 master_service.cpp:10619] [EVICT-TRIGGER] memory_ratio=0.96875 high_watermark=0.9 need_mem_eviction=0 eviction_ratio=0.05
I1008 08:15:46.479087 83283 master_service.cpp:12526] [EVICT-RESULT] evicted_count=0, eviction_base=30, actual_evict_ratio=0, target_evict_ratio=0.11875
I1008 08:15:46.479113 83283 master_service.cpp:10630] [EVICT-DONE] BatchEvict execution completed.
I1008 08:15:46.489176 83283 master_service.cpp:10619] [EVICT-TRIGGER] memory_ratio=0.96875 high_watermark=0.9 need_mem_eviction=0 eviction_ratio=0.05
I1008 08:15:46.490322 83283 master_service.cpp:12526] [EVICT-RESULT] evicted_count=0, eviction_base=30, actual_evict_ratio=0, target_evict_ratio=0.11875
I1008 08:15:46.490348 83283 master_service.cpp:10630] [EVICT-DONE] BatchEvict execution completed.
I1008 08:15:46.500422 83283 master_service.cpp:10619] [EVICT-TRIGGER] memory_ratio=0.96875 high_watermark=0.9 need_mem_eviction=0 eviction_ratio=0.05
I1008 08:15:46.501541 83283 master_service.cpp:12526] [EVICT-RESULT] evicted_count=0, eviction_base=30, actual_evict_ratio=0, target_evict_ratio=0.11875
I1008 08:15:46.501567 83283 master_service.cpp:10630] [EVICT-DONE] BatchEvict execution completed.
I1008 08:15:46.511629 83283 master_service.cpp:10619] [EVICT-TRIGGER] memory_ratio=0.96875 high_watermark=0.9 need_mem_eviction=0 eviction_ratio=0.05
I1008 08:15:46.512781 83283 master_service.cpp:12526] [EVICT-RESULT] evicted_count=0, eviction_base=30, actual_evict_ratio=0, target_evict_ratio=0.11875
I1008 08:15:46.512807 83283 master_service.cpp:10630] [EVICT-DONE] BatchEvict execution completed.
I1008 08:15:46.522869 83283 master_service.cpp:10619] [EVICT-TRIGGER] memory_ratio=0.96875 high_watermark=0.9 need_mem_eviction=0 eviction_ratio=0.05
I1008 08:15:46.524025 83283 master_service.cpp:12526] [EVICT-RESULT] evicted_count=0, eviction_base=30, actual_evict_ratio=0, target_evict_ratio=0.11875
I1008 08:15:46.524051 83283 master_service.cpp:10630] [EVICT-DONE] BatchEvict execution completed.
I1008 08:15:46.534114 83283 master_service.cpp:10619] [EVICT-TRIGGER] memory_ratio=0.96875 high_watermark=0.9 need_mem_eviction=0 eviction_ratio=0.05
I1008 08:15:46.535283 83283 master_service.cpp:12526] [EVICT-RESULT] evicted_count=0, eviction_base=30, actual_evict_ratio=0, target_evict_ratio=0.11875
I1008 08:15:46.535310 83283 master_service.cpp:10630] [EVICT-DONE] BatchEvict execution completed.
I1008 08:15:46.545372 83283 master_service.cpp:10619] [EVICT-TRIGGER] memory_ratio=0.96875 high_watermark=0.9 need_mem_eviction=0 eviction_ratio=0.05
I1008 08:15:46.546509 83283 master_service.cpp:12526] [EVICT-RESULT] evicted_count=0, eviction_base=30, actual_evict_ratio=0, target_evict_ratio=0.11875
I1008 08:15:46.546535 83283 master_service.cpp:10630] [EVICT-DONE] BatchEvict execution completed.
I1008 08:15:46.556596 83283 master_service.cpp:10619] [EVICT-TRIGGER] memory_ratio=0.96875 high_watermark=0.9 need_mem_eviction=0 eviction_ratio=0.05
I1008 08:15:46.557747 83283 master_service.cpp:12526] [EVICT-RESULT] evicted_count=0, eviction_base=30, actual_evict_ratio=0, target_evict_ratio=0.11875
I1008 08:15:46.557773 83283 master_service.cpp:10630] [EVICT-DONE] BatchEvict execution completed.
I1008 08:15:46.567835 83283 master_service.cpp:10619] [EVICT-TRIGGER] memory_ratio=0.96875 high_watermark=0.9 need_mem_eviction=0 eviction_ratio=0.05
I1008 08:15:46.570079 83283 master_service.cpp:12526] [EVICT-RESULT] evicted_count=4, eviction_base=30, actual_evict_ratio=0.133333, target_evict_ratio=0.11875
I1008 08:15:46.570109 83283 master_service.cpp:10630] [EVICT-DONE] BatchEvict execution completed.
I1008 08:15:49.573843 83290 master_admin_service.cpp:315] Master Admin Metrics: role=leader, state=serving, service_ready=true, master={Mem Storage: 27.00 MB / 32.00 MB (84.4%) | NVMe-oF SSD: 0 B / 0 B | SSD Storage: 121.00 MB / 2.00 TB | Keys: 61 (soft-pinned: 0) | Clients: 1 | Requests (Success/Total per sec): PutStart=6.10/19.20, PutEnd=12.20/12.20, PutRevoke=0.00/0.00, Get=0.10/0.10, Exist=0.30/0.30, Del=0.00/0.00, DelAll=0.00/0.00, Ping=1.00/1.00, CopyStart=0.00/0.00, CopyEnd=0.00/0.00, CopyRevoke=0.00/0.00, MoveStart=0.00/0.00, MoveEnd=0.00/0.00, MoveRevoke=0.00/0.00, EvictDiskReplica=0.00/0.00 | Batch Requests (per sec, Req=Success/PartialSuccess/Total, Item=Success/Total): PutStart:(Req=0.00/0.00/0.00, Item=0.00/0.00), PutEnd:(Req=0.00/0.00/0.00, Item=0.00/0.00), PutRevoke:(Req=0.00/0.00/0.00, Item=0.00/0.00), Get:(Req=2.10/0.00/2.10, Item=22.40/22.40), ExistKey:(Req=0.00/0.00/0.00, Item=0.00/0.00), QueryIp:(Req=0.00/0.00/0.00, Item=0.00/0.00), Clear:(Req=0.00/0.00/0.00, Item=0.00/0.00), CreateMoveTask:(Req=0.00/0.00), CreateCopyTask:(Req=0.00/0.00), QueryTask:(Req=0.00/0.00), FetchTasks:(Req=1.00/1.00), MarkTaskToComplete:(Req=0.00/0.00) | Eviction: Success/Attempts=20/168, AllocFail=131, PartialAlloc=0, keys=35, size=35.00 MB | Mem Eviction: Success/Attempts=20/168, keys=35, size=35.00 MB | NoF Eviction: Success/Attempts=0/0, keys=0, size=0 B | Discard: Released/Total=0/0, StagingSize=0 B | Promotion: in_flight=0, admitted=0, completed=1, failed=0, cancelled=0, expired=0, bytes=1.00 MB, rejected(freq/wm/cap)=0/0/0 | Snapshots: Success=0, Fail=0}, ha={HA Metrics Summary: last_seq=0, applied_seq=0, lag=0, pending=0, mutation_queue=0, batch_commits=0, sync_commits=0, skipped=0, checksum_fail=0, etcd_fail=0, watch_disconn=0, state=0, writer_accepting=false, writer_retry_count=0, writer_retry_delay_ms=0, writer_waiting_slots=0, writer_committed_queue=0, writer_callback_queue=0, writer_durable_batch=0, writer_durable_seq=0, writer_last_error=0}
I1008 08:15:55.183218 83279 master.cpp:1857] Shutdown signal received, exiting gracefully
I1008 08:15:55.183914 83285 master_service.cpp:3119] Task cleanup thread stopped
I1008 08:15:55.572475 83282 client_offboarding.cpp:163] Client offboarding worker stopped
SMOKE_RC=1
