STORE_SO=<home>/prefetch_916/src/Mooncake-r2/build/mooncake-integration/store.cpython-312-aarch64-linux-gnu.so
WARNING: Logging before InitGoogleLogging() is written to STDERR
I1008 11:16:28.089689 192319 client_metric.cpp:80] Client metrics enabled (default enabled)
I1008 11:16:28.089747 192319 client_metric.cpp:81] Client bandwidth summary enabled via MC_STORE_CLIENT_METRIC_BANDWIDTH
I1008 11:16:28.092761 192319 client_service.cpp:458] client_id=2829200763483813400-15674304473654646719
I1008 11:16:28.092779 192319 client_service.cpp:472] Client metrics enabled but reporting disabled (interval=0)
I1008 11:16:28.094470 192319 client_service.cpp:1105] Storage root directory is: /tmp/mooncake_ci_ssd_offload
I1008 11:16:28.094484 192319 client_service.cpp:1106] Fs subdir is: mooncake_cluster
I1008 11:16:28.094488 192319 client_service.cpp:1107] Disk eviction enabled: 1
I1008 11:16:28.094491 192319 client_service.cpp:1109] Quota bytes: 0
I1008 11:16:28.095172 192319 storage_backend.cpp:122] Reconstructing storage state from disk at: "/tmp/mooncake_ci_ssd_offload/mooncake_cluster"
I1008 11:16:28.095258 192319 storage_backend.cpp:212] Init: Quota: 5599241714073, Used: 0, Available: 5599241714073
I1008 11:16:28.095304 192319 transfer_engine_impl.cpp:1140] Metrics reporting is disabled (set MC_TE_METRIC=1 to enable)
I1008 11:16:28.095331 192319 transfer_engine_impl.cpp:146] Transfer Engine parseHostNameWithPort. server_name: localhost port: 12730
I1008 11:16:28.098300 192319 transfer_metadata_plugin.cpp:1462] Found active interface enp189s0f0 with IP <ip>
I1008 11:16:28.098317 192319 transfer_metadata_plugin.cpp:1451] Skipping interface virbr0 (not UP or not RUNNING)
I1008 11:16:28.098323 192319 transfer_metadata_plugin.cpp:1462] Found active interface docker0 with IP <ip>
I1008 11:16:28.098328 192319 transfer_metadata_plugin.cpp:1462] Found active interface tunl0 with IP <ip>
I1008 11:16:28.098438 192319 transfer_engine_impl.cpp:213] Transfer Engine RPC using new RPC mapping, listening on <ip>:15707
E1008 11:16:28.101545 192319 transfer_metadata_plugin.cpp:355] GET http://<ip>:8080/metadata?key=mooncake%2Frpc_meta%2Flocalhost%3A12730 http=404 body: metadata not found
I1008 11:16:28.102305 192319 client_service.cpp:891] Transfer engine auto discovery is disabled for protocol: tcp
W1008 11:16:28.102321 192319 client_service.cpp:926] TCP protocol does not use device names, ignoring
W1008 11:16:28.102820 192319 transfer_metadata.cpp:1322] Failed to retrieve segment descriptor, name localhost:12730
E1008 11:16:28.103364 192319 transfer_metadata_plugin.cpp:355] GET http://<ip>:8080/metadata?key=mooncake%2Fram%2Flocalhost%3A12730 http=404 body: metadata not found
I1008 11:16:28.104066 192319 tcp_transport.cpp:433] TcpTransport: listen on port 15136
I1008 11:16:28.104238 192319 tcp_transport.cpp:449] TcpTransport: I/O pool started with 1 thread(s)
I1008 11:16:28.105401 192319 transfer_task.cpp:1043] MC_STORE_MEMCPY not set, auto-detected: TCP-only environment, memcpy enabled
I1008 11:16:28.105422 192319 real_client.cpp:996] Successfully created client on port 12730 after 1 attempt(s)
I1008 11:16:28.106834 192319 real_client.cpp:1031] Registering local memory: 536870912 bytes
I1008 11:16:28.108006 192319 real_client.cpp:1173] Mounting segment: 536870912 bytes, 536870912 of 536870912
completed 500 entries
completed 1000 entries
completed 500 entries
completed 1000 entries

=== Put Operations STATISTICS ===
Operations: 1000 (Success: 1000, Failure: 0)
Success Rate: 100.00%
Duration: 4.99 seconds
Data Transferred: 1000.00 MB
Latency (ms): Min=0.56, Max=3.96, Avg=0.76
Percentiles (ms): P90=0.99, P99=1.21, P999=1.21
==================================================

=== Batch Get Operations STATISTICS ===
Operations: 1000 (Success: 1000, Failure: 0)
Success Rate: 100.00%
Duration: 35.24 seconds
Data Transferred: 1000.00 MB
Latency (ms): Min=0.87, Max=4.01, Avg=1.61
Percentiles (ms): P90=2.11, P99=2.99, P999=2.99
==================================================
Cleanup completed
.Thread 0 started
Thread 1 started
Thread 2 started
Thread 3 started
Thread 0 completed
Thread 3 completed
Thread 1 completed
Thread 2 completed
Cleanup completed

=== Concurrent Put Operations STATISTICS ===
Operations: 4000 (Success: 4000, Failure: 0)
Success Rate: 100.00%
Duration: 0.00 seconds
Data Transferred: 4000.00 MB
Latency (ms): Min=0.32, Max=3.63, Avg=0.91
Percentiles (ms): P90=1.36, P99=1.83, P999=2.54
==================================================

=== Concurrent Get Operations STATISTICS ===
Operations: 4000 (Success: 4000, Failure: 0)
Success Rate: 100.00%
Duration: 0.00 seconds
Data Transferred: 4000.00 MB
Latency (ms): Min=0.44, Max=89.92, Avg=2.15
Percentiles (ms): P90=3.49, P99=7.51, P999=23.91
==================================================

=== Concurrent overall STATISTICS ===
Concurrent Throughput: 945.43 ops/sec, 945.43 MB/s
Total Operations: 8000, Duration: 8.46 seconds
Put Concurrency Efficiency: 400.00%
  • Average Thread Time: 0.9245s
  • Slowest Thread Time: 0.9251s
  • Efficiency Ratio: 1.00
Get Concurrency Efficiency: 400.00%
  • Average Thread Time: 2.4700s
  • Slowest Thread Time: 2.5355s
  • Efficiency Ratio: 0.97
.completed 500 entries
completed 1000 entries
completed 500 entries
completed 1000 entries

=== Put Operations STATISTICS ===
Operations: 1000 (Success: 1000, Failure: 0)
Success Rate: 100.00%
Duration: 5.15 seconds
Data Transferred: 1000.00 MB
Latency (ms): Min=0.59, Max=8.20, Avg=0.91
Percentiles (ms): P90=1.20, P99=1.47, P999=1.47
==================================================

=== Get Operations STATISTICS ===
Operations: 1000 (Success: 1000, Failure: 0)
Success Rate: 100.00%
Duration: 1.08 seconds
Data Transferred: 1000.00 MB
Latency (ms): Min=0.40, Max=6.03, Avg=0.85
Percentiles (ms): P90=1.30, P99=1.43, P999=1.43
==================================================
Cleanup completed
.
----------------------------------------------------------------------
Ran 3 tests in 71.337s

OK
sWARNING: Logging before InitGoogleLogging() is written to STDERR
I1008 11:17:43.127710 194640 client_metric.cpp:80] Client metrics enabled (default enabled)
I1008 11:17:43.127758 194640 client_metric.cpp:81] Client bandwidth summary enabled via MC_STORE_CLIENT_METRIC_BANDWIDTH
I1008 11:17:43.130724 194640 client_service.cpp:458] client_id=13350723077928090618-8172109720665866151
I1008 11:17:43.130745 194640 client_service.cpp:472] Client metrics enabled but reporting disabled (interval=0)
I1008 11:17:43.132413 194640 client_service.cpp:1105] Storage root directory is: /tmp/mooncake_ci_promotion
I1008 11:17:43.132431 194640 client_service.cpp:1106] Fs subdir is: mooncake_cluster
I1008 11:17:43.132434 194640 client_service.cpp:1107] Disk eviction enabled: 1
I1008 11:17:43.132438 194640 client_service.cpp:1109] Quota bytes: 0
I1008 11:17:43.133107 194640 storage_backend.cpp:122] Reconstructing storage state from disk at: "/tmp/mooncake_ci_promotion/mooncake_cluster"
I1008 11:17:43.133250 194640 storage_backend.cpp:212] Init: Quota: 5599241714073, Used: 0, Available: 5599241714073
I1008 11:17:43.133332 194640 transfer_engine_impl.cpp:1140] Metrics reporting is disabled (set MC_TE_METRIC=1 to enable)
I1008 11:17:43.133380 194640 transfer_engine_impl.cpp:146] Transfer Engine parseHostNameWithPort. server_name: localhost port: 13279
I1008 11:17:43.136402 194640 transfer_metadata_plugin.cpp:1462] Found active interface enp189s0f0 with IP <ip>
I1008 11:17:43.136426 194640 transfer_metadata_plugin.cpp:1451] Skipping interface virbr0 (not UP or not RUNNING)
I1008 11:17:43.136433 194640 transfer_metadata_plugin.cpp:1462] Found active interface docker0 with IP <ip>
I1008 11:17:43.136438 194640 transfer_metadata_plugin.cpp:1462] Found active interface tunl0 with IP <ip>
I1008 11:17:43.136576 194640 transfer_engine_impl.cpp:213] Transfer Engine RPC using new RPC mapping, listening on <ip>:15768
E1008 11:17:43.140285 194640 transfer_metadata_plugin.cpp:355] GET http://<ip>:8080/metadata?key=mooncake%2Frpc_meta%2Flocalhost%3A13279 http=404 body: metadata not found
I1008 11:17:43.140872 194640 client_service.cpp:891] Transfer engine auto discovery is disabled for protocol: tcp
W1008 11:17:43.141510 194640 transfer_metadata.cpp:1322] Failed to retrieve segment descriptor, name localhost:13279
E1008 11:17:43.142117 194640 transfer_metadata_plugin.cpp:355] GET http://<ip>:8080/metadata?key=mooncake%2Fram%2Flocalhost%3A13279 http=404 body: metadata not found
I1008 11:17:43.142622 194640 tcp_transport.cpp:433] TcpTransport: listen on port 16420
I1008 11:17:43.142877 194640 tcp_transport.cpp:449] TcpTransport: I/O pool started with 1 thread(s)
I1008 11:17:43.144044 194640 transfer_task.cpp:1043] MC_STORE_MEMCPY not set, auto-detected: TCP-only environment, memcpy enabled
I1008 11:17:43.144079 194640 real_client.cpp:996] Successfully created client on port 13279 after 1 attempt(s)
I1008 11:17:43.145740 194640 real_client.cpp:1031] Registering local memory: 67108864 bytes
I1008 11:17:43.146945 194640 real_client.cpp:1173] Mounting segment: 33554432 bytes, 33554432 of 33554432
I1008 11:17:43.148903 194640 real_client.cpp:1278] Offload RPC server started on port 44625
I1008 11:17:43.325230 194640 aligned_client_buffer.cpp:127] AlignedClientBufferAllocator: allocated 1342177280 bytes at address 0xfffb73fff000 (aligned to 4096 bytes)
I1008 11:17:43.326824 194640 storage_backend.cpp:1511] BucketStorageBackend: Allocated 33554432 bytes aligned buffer at 0xfffb703fc000
I1008 11:17:43.328604 194640 storage_backend.cpp:2160] Bucket backend max_total_size not set; using 90% of disk capacity: 5599241714073 bytes
I1008 11:17:43.328641 194640 storage_backend.cpp:2167] Initialized BucketIdGenerator with fresh start. No existing buckets found; starting from ID: 7337813047376
I1008 11:17:43.328648 194640 file_storage.cpp:150] IsEnableOffloading result: true
I1008 11:17:43.329583 194876 file_storage.cpp:215] Starting periodic task with interval: 2s, running is: 1
I1008 11:17:43.329704 194877 file_storage.cpp:1274] action=client_buffer_gc_thread_started
.I1008 11:18:09.349923 194640 file_storage.cpp:118] Shutdown FileStorage...
I1008 11:18:12.331724 194877 file_storage.cpp:1295] action=client_buffer_gc_thread_stopped
I1008 11:18:12.331899 194640 aligned_client_buffer.cpp:161] AlignedClientBufferAllocator: freeing aligned memory at 0xfffb73fff000 (1342177280 bytes)
I1008 11:18:14.903496 194640 client_metric.cpp:80] Client metrics enabled (default enabled)
I1008 11:18:14.903537 194640 client_metric.cpp:81] Client bandwidth summary enabled via MC_STORE_CLIENT_METRIC_BANDWIDTH
I1008 11:18:14.910573 194640 client_service.cpp:458] client_id=6723221176107400405-10132262822248576683
I1008 11:18:14.910601 194640 client_service.cpp:472] Client metrics enabled but reporting disabled (interval=0)
I1008 11:18:14.911195 194640 client_service.cpp:1105] Storage root directory is: /tmp/mooncake_ci_promotion
I1008 11:18:14.911209 194640 client_service.cpp:1106] Fs subdir is: mooncake_cluster
I1008 11:18:14.911212 194640 client_service.cpp:1107] Disk eviction enabled: 1
I1008 11:18:14.911218 194640 client_service.cpp:1109] Quota bytes: 0
I1008 11:18:14.911340 194640 storage_backend.cpp:122] Reconstructing storage state from disk at: "/tmp/mooncake_ci_promotion/mooncake_cluster"
I1008 11:18:14.912395 194640 storage_backend.cpp:212] Init: Quota: 5599241714073, Used: 16384, Available: 5599241697689
I1008 11:18:14.912456 194640 transfer_engine_impl.cpp:1140] Metrics reporting is disabled (set MC_TE_METRIC=1 to enable)
I1008 11:18:14.912483 194640 transfer_engine_impl.cpp:146] Transfer Engine parseHostNameWithPort. server_name: localhost port: 13735
I1008 11:18:14.915861 194640 transfer_metadata_plugin.cpp:1462] Found active interface enp189s0f0 with IP <ip>
I1008 11:18:14.915881 194640 transfer_metadata_plugin.cpp:1451] Skipping interface virbr0 (not UP or not RUNNING)
I1008 11:18:14.915887 194640 transfer_metadata_plugin.cpp:1462] Found active interface docker0 with IP <ip>
I1008 11:18:14.915892 194640 transfer_metadata_plugin.cpp:1462] Found active interface tunl0 with IP <ip>
I1008 11:18:14.915931 194640 transfer_engine_impl.cpp:213] Transfer Engine RPC using new RPC mapping, listening on <ip>:15624
E1008 11:18:14.916863 194640 transfer_metadata_plugin.cpp:355] GET http://<ip>:8080/metadata?key=mooncake%2Frpc_meta%2Flocalhost%3A13735 http=404 body: metadata not found
I1008 11:18:14.917441 194640 client_service.cpp:891] Transfer engine auto discovery is disabled for protocol: tcp
W1008 11:18:14.917959 194640 transfer_metadata.cpp:1322] Failed to retrieve segment descriptor, name localhost:13735
E1008 11:18:14.918560 194640 transfer_metadata_plugin.cpp:355] GET http://<ip>:8080/metadata?key=mooncake%2Fram%2Flocalhost%3A13735 http=404 body: metadata not found
I1008 11:18:14.919041 194640 tcp_transport.cpp:433] TcpTransport: listen on port 16785
I1008 11:18:14.919238 194640 tcp_transport.cpp:449] TcpTransport: I/O pool started with 1 thread(s)
I1008 11:18:14.920099 194640 transfer_task.cpp:1043] MC_STORE_MEMCPY not set, auto-detected: TCP-only environment, memcpy enabled
I1008 11:18:14.920120 194640 real_client.cpp:996] Successfully created client on port 13735 after 1 attempt(s)
I1008 11:18:14.921628 194640 real_client.cpp:1031] Registering local memory: 67108864 bytes
I1008 11:18:14.922644 194640 real_client.cpp:1173] Mounting segment: 33554432 bytes, 33554432 of 33554432
I1008 11:18:14.924525 194640 real_client.cpp:1278] Offload RPC server started on port 43063
I1008 11:18:15.100991 194640 aligned_client_buffer.cpp:127] AlignedClientBufferAllocator: allocated 1342177280 bytes at address 0xfffb73fff000 (aligned to 4096 bytes)
I1008 11:18:15.102804 194640 storage_backend.cpp:1511] BucketStorageBackend: Allocated 33554432 bytes aligned buffer at 0xfffb71ffd000
I1008 11:18:15.105852 194640 storage_backend.cpp:2160] Bucket backend max_total_size not set; using 90% of disk capacity: 5599241714073 bytes
I1008 11:18:15.105895 194640 storage_backend.cpp:2167] Initialized BucketIdGenerator with fresh start. No existing buckets found; starting from ID: 7337813178448
I1008 11:18:15.105902 194640 file_storage.cpp:150] IsEnableOffloading result: true
I1008 11:18:15.106665 194902 file_storage.cpp:215] Starting periodic task with interval: 2s, running is: 1
I1008 11:18:15.106753 194903 file_storage.cpp:1274] action=client_buffer_gc_thread_started
W1008 11:18:15.272889 194640 client_service.cpp:2046] Failed to start put operation for key=poh_32_1791458295 due to insufficient space. Consider lowering eviction_high_watermark_ratio or mounting more segments.
W1008 11:18:15.277455 194640 client_service.cpp:2046] Failed to start put operation for key=poh_33_1791458295 due to insufficient space. Consider lowering eviction_high_watermark_ratio or mounting more segments.
W1008 11:18:15.281600 194640 client_service.cpp:2046] Failed to start put operation for key=poh_34_1791458295 due to insufficient space. Consider lowering eviction_high_watermark_ratio or mounting more segments.
W1008 11:18:15.285656 194640 client_service.cpp:2046] Failed to start put operation for key=poh_35_1791458295 due to insufficient space. Consider lowering eviction_high_watermark_ratio or mounting more segments.
W1008 11:18:15.289717 194640 client_service.cpp:2046] Failed to start put operation for key=poh_36_1791458295 due to insufficient space. Consider lowering eviction_high_watermark_ratio or mounting more segments.
W1008 11:18:15.293804 194640 client_service.cpp:2046] Failed to start put operation for key=poh_37_1791458295 due to insufficient space. Consider lowering eviction_high_watermark_ratio or mounting more segments.
W1008 11:18:15.298060 194640 client_service.cpp:2046] Failed to start put operation for key=poh_38_1791458295 due to insufficient space. Consider lowering eviction_high_watermark_ratio or mounting more segments.
W1008 11:18:15.302220 194640 client_service.cpp:2046] Failed to start put operation for key=poh_39_1791458295 due to insufficient space. Consider lowering eviction_high_watermark_ratio or mounting more segments.
W1008 11:18:15.306353 194640 client_service.cpp:2046] Failed to start put operation for key=poh_40_1791458295 due to insufficient space. Consider lowering eviction_high_watermark_ratio or mounting more segments.
W1008 11:18:15.310422 194640 client_service.cpp:2046] Failed to start put operation for key=poh_41_1791458295 due to insufficient space. Consider lowering eviction_high_watermark_ratio or mounting more segments.
W1008 11:18:15.314467 194640 client_service.cpp:2046] Failed to start put operation for key=poh_42_1791458295 due to insufficient space. Consider lowering eviction_high_watermark_ratio or mounting more segments.
W1008 11:18:15.318516 194640 client_service.cpp:2046] Failed to start put operation for key=poh_43_1791458295 due to insufficient space. Consider lowering eviction_high_watermark_ratio or mounting more segments.
W1008 11:18:15.322580 194640 client_service.cpp:2046] Failed to start put operation for key=poh_44_1791458295 due to insufficient space. Consider lowering eviction_high_watermark_ratio or mounting more segments.
W1008 11:18:15.326627 194640 client_service.cpp:2046] Failed to start put operation for key=poh_45_1791458295 due to insufficient space. Consider lowering eviction_high_watermark_ratio or mounting more segments.
W1008 11:18:15.330670 194640 client_service.cpp:2046] Failed to start put operation for key=poh_46_1791458295 due to insufficient space. Consider lowering eviction_high_watermark_ratio or mounting more segments.
W1008 11:18:15.334714 194640 client_service.cpp:2046] Failed to start put operation for key=poh_47_1791458295 due to insufficient space. Consider lowering eviction_high_watermark_ratio or mounting more segments.
W1008 11:18:15.339003 194640 client_service.cpp:2046] Failed to start put operation for key=poh_48_1791458295 due to insufficient space. Consider lowering eviction_high_watermark_ratio or mounting more segments.
W1008 11:18:15.343072 194640 client_service.cpp:2046] Failed to start put operation for key=poh_49_1791458295 due to insufficient space. Consider lowering eviction_high_watermark_ratio or mounting more segments.
W1008 11:18:15.347121 194640 client_service.cpp:2046] Failed to start put operation for key=poh_50_1791458295 due to insufficient space. Consider lowering eviction_high_watermark_ratio or mounting more segments.
W1008 11:18:15.351171 194640 client_service.cpp:2046] Failed to start put operation for key=poh_51_1791458295 due to insufficient space. Consider lowering eviction_high_watermark_ratio or mounting more segments.
W1008 11:18:15.355214 194640 client_service.cpp:2046] Failed to start put operation for key=poh_52_1791458295 due to insufficient space. Consider lowering eviction_high_watermark_ratio or mounting more segments.
W1008 11:18:15.359254 194640 client_service.cpp:2046] Failed to start put operation for key=poh_53_1791458295 due to insufficient space. Consider lowering eviction_high_watermark_ratio or mounting more segments.
W1008 11:18:15.363305 194640 client_service.cpp:2046] Failed to start put operation for key=poh_54_1791458295 due to insufficient space. Consider lowering eviction_high_watermark_ratio or mounting more segments.
W1008 11:18:15.367357 194640 client_service.cpp:2046] Failed to start put operation for key=poh_55_1791458295 due to insufficient space. Consider lowering eviction_high_watermark_ratio or mounting more segments.
W1008 11:18:15.371402 194640 client_service.cpp:2046] Failed to start put operation for key=poh_56_1791458295 due to insufficient space. Consider lowering eviction_high_watermark_ratio or mounting more segments.
W1008 11:18:15.375459 194640 client_service.cpp:2046] Failed to start put operation for key=poh_57_1791458295 due to insufficient space. Consider lowering eviction_high_watermark_ratio or mounting more segments.
W1008 11:18:15.379504 194640 client_service.cpp:2046] Failed to start put operation for key=poh_58_1791458295 due to insufficient space. Consider lowering eviction_high_watermark_ratio or mounting more segments.
W1008 11:18:15.383550 194640 client_service.cpp:2046] Failed to start put operation for key=poh_59_1791458295 due to insufficient space. Consider lowering eviction_high_watermark_ratio or mounting more segments.
W1008 11:18:15.387604 194640 client_service.cpp:2046] Failed to start put operation for key=poh_60_1791458295 due to insufficient space. Consider lowering eviction_high_watermark_ratio or mounting more segments.
W1008 11:18:15.391649 194640 client_service.cpp:2046] Failed to start put operation for key=poh_61_1791458295 due to insufficient space. Consider lowering eviction_high_watermark_ratio or mounting more segments.
W1008 11:18:15.395761 194640 client_service.cpp:2046] Failed to start put operation for key=poh_62_1791458295 due to insufficient space. Consider lowering eviction_high_watermark_ratio or mounting more segments.
W1008 11:18:15.399839 194640 client_service.cpp:2046] Failed to start put operation for key=poh_63_1791458295 due to insufficient space. Consider lowering eviction_high_watermark_ratio or mounting more segments.
W1008 11:18:15.403889 194640 client_service.cpp:2046] Failed to start put operation for key=poh_64_1791458295 due to insufficient space. Consider lowering eviction_high_watermark_ratio or mounting more segments.
W1008 11:18:15.407936 194640 client_service.cpp:2046] Failed to start put operation for key=poh_65_1791458295 due to insufficient space. Consider lowering eviction_high_watermark_ratio or mounting more segments.
W1008 11:18:15.411991 194640 client_service.cpp:2046] Failed to start put operation for key=poh_66_1791458295 due to insufficient space. Consider lowering eviction_high_watermark_ratio or mounting more segments.
W1008 11:18:15.416033 194640 client_service.cpp:2046] Failed to start put operation for key=poh_67_1791458295 due to insufficient space. Consider lowering eviction_high_watermark_ratio or mounting more segments.
W1008 11:18:15.420120 194640 client_service.cpp:2046] Failed to start put operation for key=poh_68_1791458295 due to insufficient space. Consider lowering eviction_high_watermark_ratio or mounting more segments.
W1008 11:18:15.424192 194640 client_service.cpp:2046] Failed to start put operation for key=poh_69_1791458295 due to insufficient space. Consider lowering eviction_high_watermark_ratio or mounting more segments.
W1008 11:18:15.428242 194640 client_service.cpp:2046] Failed to start put operation for key=poh_70_1791458295 due to insufficient space. Consider lowering eviction_high_watermark_ratio or mounting more segments.
W1008 11:18:15.432288 194640 client_service.cpp:2046] Failed to start put operation for key=poh_71_1791458295 due to insufficient space. Consider lowering eviction_high_watermark_ratio or mounting more segments.
W1008 11:18:15.436339 194640 client_service.cpp:2046] Failed to start put operation for key=poh_72_1791458295 due to insufficient space. Consider lowering eviction_high_watermark_ratio or mounting more segments.
W1008 11:18:15.440376 194640 client_service.cpp:2046] Failed to start put operation for key=poh_73_1791458295 due to insufficient space. Consider lowering eviction_high_watermark_ratio or mounting more segments.
W1008 11:18:15.444427 194640 client_service.cpp:2046] Failed to start put operation for key=poh_74_1791458295 due to insufficient space. Consider lowering eviction_high_watermark_ratio or mounting more segments.
W1008 11:18:15.448475 194640 client_service.cpp:2046] Failed to start put operation for key=poh_75_1791458295 due to insufficient space. Consider lowering eviction_high_watermark_ratio or mounting more segments.
W1008 11:18:15.452517 194640 client_service.cpp:2046] Failed to start put operation for key=poh_76_1791458295 due to insufficient space. Consider lowering eviction_high_watermark_ratio or mounting more segments.
W1008 11:18:15.456593 194640 client_service.cpp:2046] Failed to start put operation for key=poh_77_1791458295 due to insufficient space. Consider lowering eviction_high_watermark_ratio or mounting more segments.
W1008 11:18:15.460683 194640 client_service.cpp:2046] Failed to start put operation for key=poh_78_1791458295 due to insufficient space. Consider lowering eviction_high_watermark_ratio or mounting more segments.
W1008 11:18:15.464732 194640 client_service.cpp:2046] Failed to start put operation for key=poh_79_1791458295 due to insufficient space. Consider lowering eviction_high_watermark_ratio or mounting more segments.
W1008 11:18:15.468788 194640 client_service.cpp:2046] Failed to start put operation for key=poh_80_1791458295 due to insufficient space. Consider lowering eviction_high_watermark_ratio or mounting more segments.
W1008 11:18:15.472886 194640 client_service.cpp:2046] Failed to start put operation for key=poh_81_1791458295 due to insufficient space. Consider lowering eviction_high_watermark_ratio or mounting more segments.
W1008 11:18:15.477001 194640 client_service.cpp:2046] Failed to start put operation for key=poh_82_1791458295 due to insufficient space. Consider lowering eviction_high_watermark_ratio or mounting more segments.
W1008 11:18:15.481106 194640 client_service.cpp:2046] Failed to start put operation for key=poh_83_1791458295 due to insufficient space. Consider lowering eviction_high_watermark_ratio or mounting more segments.
W1008 11:18:15.485191 194640 client_service.cpp:2046] Failed to start put operation for key=poh_84_1791458295 due to insufficient space. Consider lowering eviction_high_watermark_ratio or mounting more segments.
W1008 11:18:15.489290 194640 client_service.cpp:2046] Failed to start put operation for key=poh_85_1791458295 due to insufficient space. Consider lowering eviction_high_watermark_ratio or mounting more segments.
W1008 11:18:15.493376 194640 client_service.cpp:2046] Failed to start put operation for key=poh_86_1791458295 due to insufficient space. Consider lowering eviction_high_watermark_ratio or mounting more segments.
W1008 11:18:15.497447 194640 client_service.cpp:2046] Failed to start put operation for key=poh_87_1791458295 due to insufficient space. Consider lowering eviction_high_watermark_ratio or mounting more segments.
W1008 11:18:15.501498 194640 client_service.cpp:2046] Failed to start put operation for key=poh_88_1791458295 due to insufficient space. Consider lowering eviction_high_watermark_ratio or mounting more segments.
W1008 11:18:15.505544 194640 client_service.cpp:2046] Failed to start put operation for key=poh_89_1791458295 due to insufficient space. Consider lowering eviction_high_watermark_ratio or mounting more segments.
W1008 11:18:15.509586 194640 client_service.cpp:2046] Failed to start put operation for key=poh_90_1791458295 due to insufficient space. Consider lowering eviction_high_watermark_ratio or mounting more segments.
W1008 11:18:15.513630 194640 client_service.cpp:2046] Failed to start put operation for key=poh_91_1791458295 due to insufficient space. Consider lowering eviction_high_watermark_ratio or mounting more segments.
W1008 11:18:15.517675 194640 client_service.cpp:2046] Failed to start put operation for key=poh_92_1791458295 due to insufficient space. Consider lowering eviction_high_watermark_ratio or mounting more segments.
W1008 11:18:15.521713 194640 client_service.cpp:2046] Failed to start put operation for key=poh_93_1791458295 due to insufficient space. Consider lowering eviction_high_watermark_ratio or mounting more segments.
W1008 11:18:15.525759 194640 client_service.cpp:2046] Failed to start put operation for key=poh_94_1791458295 due to insufficient space. Consider lowering eviction_high_watermark_ratio or mounting more segments.
W1008 11:18:15.529810 194640 client_service.cpp:2046] Failed to start put operation for key=poh_95_1791458295 due to insufficient space. Consider lowering eviction_high_watermark_ratio or mounting more segments.
replica-type histogram after phase 2: {'DISK,LOCAL_DISK,MEMORY': 25, 'DISK,LOCAL_DISK': 5, 'DISK,MEMORY': 2}
I1008 11:18:18.538014 194640 real_client.cpp:8572] Time taken for batch_get_into_offload_object_internal: 3ms, with target_rpc_service_addr: localhost:43063, key size: 1, batch_id: 1, gc ttl: 5000ms.
I1008 11:18:18.544292 194640 real_client.cpp:8572] Time taken for batch_get_into_offload_object_internal: 2ms, with target_rpc_service_addr: localhost:43063, key size: 1, batch_id: 2, gc ttl: 5000ms.
I1008 11:18:18.548713 194640 real_client.cpp:8572] Time taken for batch_get_into_offload_object_internal: 1ms, with target_rpc_service_addr: localhost:43063, key size: 1, batch_id: 3, gc ttl: 5000ms.
I1008 11:18:18.551609 194640 real_client.cpp:8572] Time taken for batch_get_into_offload_object_internal: 1ms, with target_rpc_service_addr: localhost:43063, key size: 1, batch_id: 4, gc ttl: 5000ms.
replica types for poh_1_1791458295 after promotion: ['LOCAL_DISK', 'DISK', 'MEMORY']
.I1008 11:18:20.571228 194640 file_storage.cpp:118] Shutdown FileStorage...
I1008 11:18:22.107264 194903 file_storage.cpp:1295] action=client_buffer_gc_thread_stopped
I1008 11:18:22.107393 194640 aligned_client_buffer.cpp:161] AlignedClientBufferAllocator: freeing aligned memory at 0xfffb73fff000 (1342177280 bytes)

----------------------------------------------------------------------
Ran 3 tests in 41.028s

OK (skipped=1)
WARNING: Logging before InitGoogleLogging() is written to STDERR
I1008 11:18:25.165436 199214 client_metric.cpp:80] Client metrics enabled (default enabled)
I1008 11:18:25.165488 199214 client_metric.cpp:81] Client bandwidth summary enabled via MC_STORE_CLIENT_METRIC_BANDWIDTH
I1008 11:18:25.168584 199214 client_service.cpp:458] client_id=14575944438629957857-4966457082047642289
I1008 11:18:25.168607 199214 client_service.cpp:472] Client metrics enabled but reporting disabled (interval=0)
I1008 11:18:25.170387 199214 client_service.cpp:1105] Storage root directory is: /tmp/mooncake_ci_prefetch
I1008 11:18:25.170403 199214 client_service.cpp:1106] Fs subdir is: mooncake_cluster
I1008 11:18:25.170408 199214 client_service.cpp:1107] Disk eviction enabled: 1
I1008 11:18:25.170413 199214 client_service.cpp:1109] Quota bytes: 0
I1008 11:18:25.170559 199214 storage_backend.cpp:122] Reconstructing storage state from disk at: "/tmp/mooncake_ci_prefetch/mooncake_cluster"
I1008 11:18:25.174276 199214 storage_backend.cpp:212] Init: Quota: 5599241714073, Used: 52428800, Available: 5599189285273
I1008 11:18:25.174351 199214 transfer_engine_impl.cpp:1140] Metrics reporting is disabled (set MC_TE_METRIC=1 to enable)
I1008 11:18:25.174384 199214 transfer_engine_impl.cpp:146] Transfer Engine parseHostNameWithPort. server_name: <ip> port: 12839
I1008 11:18:25.177707 199214 transfer_metadata_plugin.cpp:1462] Found active interface enp189s0f0 with IP <ip>
I1008 11:18:25.177728 199214 transfer_metadata_plugin.cpp:1451] Skipping interface virbr0 (not UP or not RUNNING)
I1008 11:18:25.177735 199214 transfer_metadata_plugin.cpp:1462] Found active interface docker0 with IP <ip>
I1008 11:18:25.177740 199214 transfer_metadata_plugin.cpp:1462] Found active interface tunl0 with IP <ip>
I1008 11:18:25.177863 199214 transfer_engine_impl.cpp:213] Transfer Engine RPC using new RPC mapping, listening on <ip>:15860
E1008 11:18:25.180827 199214 transfer_metadata_plugin.cpp:355] GET http://<ip>:8080/metadata?key=mooncake%2Frpc_meta%2F127.0.0.1%3A12839 http=404 body: metadata not found
I1008 11:18:25.181404 199214 client_service.cpp:891] Transfer engine auto discovery is disabled for protocol: tcp
W1008 11:18:25.182051 199214 transfer_metadata.cpp:1322] Failed to retrieve segment descriptor, name <ip>:12839
E1008 11:18:25.182633 199214 transfer_metadata_plugin.cpp:355] GET http://<ip>:8080/metadata?key=mooncake%2Fram%2F127.0.0.1%3A12839 http=404 body: metadata not found
I1008 11:18:25.183151 199214 tcp_transport.cpp:433] TcpTransport: listen on port 15730
I1008 11:18:25.183341 199214 tcp_transport.cpp:449] TcpTransport: I/O pool started with 1 thread(s)
I1008 11:18:25.184574 199214 transfer_task.cpp:1043] MC_STORE_MEMCPY not set, auto-detected: TCP-only environment, memcpy enabled
I1008 11:18:25.184595 199214 real_client.cpp:996] Successfully created client on port 12839 after 1 attempt(s)
I1008 11:18:25.185846 199214 real_client.cpp:1031] Registering local memory: 67108864 bytes
I1008 11:18:25.186875 199214 real_client.cpp:1173] Mounting segment: 33554432 bytes, 33554432 of 33554432
I1008 11:18:25.189018 199214 real_client.cpp:1278] Offload RPC server started on port 46439
I1008 11:18:25.365953 199214 aligned_client_buffer.cpp:127] AlignedClientBufferAllocator: allocated 1342177280 bytes at address 0xfffb37fff000 (aligned to 4096 bytes)
I1008 11:18:25.367614 199214 storage_backend.cpp:1511] BucketStorageBackend: Allocated 33554432 bytes aligned buffer at 0xfffb35ffd000
I1008 11:18:25.372762 199214 storage_backend.cpp:2160] Bucket backend max_total_size not set; using 90% of disk capacity: 5599241714073 bytes
I1008 11:18:25.372790 199214 storage_backend.cpp:2171] Initialized BucketIdGenerator from existing state. Last used bucket ID was 7337810778318
I1008 11:18:25.372798 199214 file_storage.cpp:150] IsEnableOffloading result: true
I1008 11:18:25.373809 199450 file_storage.cpp:215] Starting periodic task with interval: 2s, running is: 1
I1008 11:18:25.373911 199451 file_storage.cpp:1274] action=client_buffer_gc_thread_started
I1008 11:18:25.374194 199214 ssd_prefetcher.cpp:134] SSD prefetch runtime: pool_size=4, ssd_get_wait_ms=2000
I1008 11:18:25.374210 199214 real_client.cpp:1325] SSD prefetch enabled: ssd_prefetch_cooldown_sec=5s, ssd_prefetch_dedup_ttl_sec=30s, ssd_get_wait_ms=2000ms
W1008 11:18:25.545841 199214 client_service.cpp:2046] Failed to start put operation for key=prefetch_promote_32_1791458305374 due to insufficient space. Consider lowering eviction_high_watermark_ratio or mounting more segments.
W1008 11:18:25.550323 199214 client_service.cpp:2046] Failed to start put operation for key=prefetch_promote_33_1791458305374 due to insufficient space. Consider lowering eviction_high_watermark_ratio or mounting more segments.
W1008 11:18:25.554390 199214 client_service.cpp:2046] Failed to start put operation for key=prefetch_promote_34_1791458305374 due to insufficient space. Consider lowering eviction_high_watermark_ratio or mounting more segments.
W1008 11:18:25.558446 199214 client_service.cpp:2046] Failed to start put operation for key=prefetch_promote_35_1791458305374 due to insufficient space. Consider lowering eviction_high_watermark_ratio or mounting more segments.
W1008 11:18:25.562541 199214 client_service.cpp:2046] Failed to start put operation for key=prefetch_promote_36_1791458305374 due to insufficient space. Consider lowering eviction_high_watermark_ratio or mounting more segments.
W1008 11:18:25.566601 199214 client_service.cpp:2046] Failed to start put operation for key=prefetch_promote_37_1791458305374 due to insufficient space. Consider lowering eviction_high_watermark_ratio or mounting more segments.
W1008 11:18:25.570649 199214 client_service.cpp:2046] Failed to start put operation for key=prefetch_promote_38_1791458305374 due to insufficient space. Consider lowering eviction_high_watermark_ratio or mounting more segments.
W1008 11:18:25.574731 199214 client_service.cpp:2046] Failed to start put operation for key=prefetch_promote_39_1791458305374 due to insufficient space. Consider lowering eviction_high_watermark_ratio or mounting more segments.
W1008 11:18:25.578811 199214 client_service.cpp:2046] Failed to start put operation for key=prefetch_promote_40_1791458305374 due to insufficient space. Consider lowering eviction_high_watermark_ratio or mounting more segments.
W1008 11:18:25.582854 199214 client_service.cpp:2046] Failed to start put operation for key=prefetch_promote_41_1791458305374 due to insufficient space. Consider lowering eviction_high_watermark_ratio or mounting more segments.
W1008 11:18:25.586910 199214 client_service.cpp:2046] Failed to start put operation for key=prefetch_promote_42_1791458305374 due to insufficient space. Consider lowering eviction_high_watermark_ratio or mounting more segments.
W1008 11:18:25.590955 199214 client_service.cpp:2046] Failed to start put operation for key=prefetch_promote_43_1791458305374 due to insufficient space. Consider lowering eviction_high_watermark_ratio or mounting more segments.
W1008 11:18:25.595114 199214 client_service.cpp:2046] Failed to start put operation for key=prefetch_promote_44_1791458305374 due to insufficient space. Consider lowering eviction_high_watermark_ratio or mounting more segments.
W1008 11:18:25.599187 199214 client_service.cpp:2046] Failed to start put operation for key=prefetch_promote_45_1791458305374 due to insufficient space. Consider lowering eviction_high_watermark_ratio or mounting more segments.
W1008 11:18:25.603286 199214 client_service.cpp:2046] Failed to start put operation for key=prefetch_promote_46_1791458305374 due to insufficient space. Consider lowering eviction_high_watermark_ratio or mounting more segments.
W1008 11:18:25.607378 199214 client_service.cpp:2046] Failed to start put operation for key=prefetch_promote_47_1791458305374 due to insufficient space. Consider lowering eviction_high_watermark_ratio or mounting more segments.
W1008 11:18:25.611482 199214 client_service.cpp:2046] Failed to start put operation for key=prefetch_promote_48_1791458305374 due to insufficient space. Consider lowering eviction_high_watermark_ratio or mounting more segments.
W1008 11:18:25.615552 199214 client_service.cpp:2046] Failed to start put operation for key=prefetch_promote_49_1791458305374 due to insufficient space. Consider lowering eviction_high_watermark_ratio or mounting more segments.
W1008 11:18:25.619612 199214 client_service.cpp:2046] Failed to start put operation for key=prefetch_promote_50_1791458305374 due to insufficient space. Consider lowering eviction_high_watermark_ratio or mounting more segments.
W1008 11:18:25.623680 199214 client_service.cpp:2046] Failed to start put operation for key=prefetch_promote_51_1791458305374 due to insufficient space. Consider lowering eviction_high_watermark_ratio or mounting more segments.
W1008 11:18:25.627771 199214 client_service.cpp:2046] Failed to start put operation for key=prefetch_promote_52_1791458305374 due to insufficient space. Consider lowering eviction_high_watermark_ratio or mounting more segments.
W1008 11:18:25.631839 199214 client_service.cpp:2046] Failed to start put operation for key=prefetch_promote_53_1791458305374 due to insufficient space. Consider lowering eviction_high_watermark_ratio or mounting more segments.
W1008 11:18:25.635911 199214 client_service.cpp:2046] Failed to start put operation for key=prefetch_promote_54_1791458305374 due to insufficient space. Consider lowering eviction_high_watermark_ratio or mounting more segments.
W1008 11:18:25.639979 199214 client_service.cpp:2046] Failed to start put operation for key=prefetch_promote_55_1791458305374 due to insufficient space. Consider lowering eviction_high_watermark_ratio or mounting more segments.
W1008 11:18:25.644039 199214 client_service.cpp:2046] Failed to start put operation for key=prefetch_promote_56_1791458305374 due to insufficient space. Consider lowering eviction_high_watermark_ratio or mounting more segments.
W1008 11:18:25.648095 199214 client_service.cpp:2046] Failed to start put operation for key=prefetch_promote_57_1791458305374 due to insufficient space. Consider lowering eviction_high_watermark_ratio or mounting more segments.
W1008 11:18:25.652136 199214 client_service.cpp:2046] Failed to start put operation for key=prefetch_promote_58_1791458305374 due to insufficient space. Consider lowering eviction_high_watermark_ratio or mounting more segments.
W1008 11:18:25.656198 199214 client_service.cpp:2046] Failed to start put operation for key=prefetch_promote_59_1791458305374 due to insufficient space. Consider lowering eviction_high_watermark_ratio or mounting more segments.
W1008 11:18:25.660239 199214 client_service.cpp:2046] Failed to start put operation for key=prefetch_promote_60_1791458305374 due to insufficient space. Consider lowering eviction_high_watermark_ratio or mounting more segments.
W1008 11:18:25.664287 199214 client_service.cpp:2046] Failed to start put operation for key=prefetch_promote_61_1791458305374 due to insufficient space. Consider lowering eviction_high_watermark_ratio or mounting more segments.
W1008 11:18:25.668360 199214 client_service.cpp:2046] Failed to start put operation for key=prefetch_promote_62_1791458305374 due to insufficient space. Consider lowering eviction_high_watermark_ratio or mounting more segments.
W1008 11:18:25.672428 199214 client_service.cpp:2046] Failed to start put operation for key=prefetch_promote_63_1791458305374 due to insufficient space. Consider lowering eviction_high_watermark_ratio or mounting more segments.
W1008 11:18:25.676474 199214 client_service.cpp:2046] Failed to start put operation for key=prefetch_promote_64_1791458305374 due to insufficient space. Consider lowering eviction_high_watermark_ratio or mounting more segments.
W1008 11:18:25.680536 199214 client_service.cpp:2046] Failed to start put operation for key=prefetch_promote_65_1791458305374 due to insufficient space. Consider lowering eviction_high_watermark_ratio or mounting more segments.
W1008 11:18:25.684588 199214 client_service.cpp:2046] Failed to start put operation for key=prefetch_promote_66_1791458305374 due to insufficient space. Consider lowering eviction_high_watermark_ratio or mounting more segments.
W1008 11:18:25.688640 199214 client_service.cpp:2046] Failed to start put operation for key=prefetch_promote_67_1791458305374 due to insufficient space. Consider lowering eviction_high_watermark_ratio or mounting more segments.
W1008 11:18:25.692696 199214 client_service.cpp:2046] Failed to start put operation for key=prefetch_promote_68_1791458305374 due to insufficient space. Consider lowering eviction_high_watermark_ratio or mounting more segments.
W1008 11:18:25.696750 199214 client_service.cpp:2046] Failed to start put operation for key=prefetch_promote_69_1791458305374 due to insufficient space. Consider lowering eviction_high_watermark_ratio or mounting more segments.
W1008 11:18:25.700795 199214 client_service.cpp:2046] Failed to start put operation for key=prefetch_promote_70_1791458305374 due to insufficient space. Consider lowering eviction_high_watermark_ratio or mounting more segments.
W1008 11:18:25.704862 199214 client_service.cpp:2046] Failed to start put operation for key=prefetch_promote_71_1791458305374 due to insufficient space. Consider lowering eviction_high_watermark_ratio or mounting more segments.
W1008 11:18:25.708907 199214 client_service.cpp:2046] Failed to start put operation for key=prefetch_promote_72_1791458305374 due to insufficient space. Consider lowering eviction_high_watermark_ratio or mounting more segments.
W1008 11:18:25.712956 199214 client_service.cpp:2046] Failed to start put operation for key=prefetch_promote_73_1791458305374 due to insufficient space. Consider lowering eviction_high_watermark_ratio or mounting more segments.
W1008 11:18:25.717010 199214 client_service.cpp:2046] Failed to start put operation for key=prefetch_promote_74_1791458305374 due to insufficient space. Consider lowering eviction_high_watermark_ratio or mounting more segments.
W1008 11:18:25.721125 199214 client_service.cpp:2046] Failed to start put operation for key=prefetch_promote_75_1791458305374 due to insufficient space. Consider lowering eviction_high_watermark_ratio or mounting more segments.
W1008 11:18:25.725195 199214 client_service.cpp:2046] Failed to start put operation for key=prefetch_promote_76_1791458305374 due to insufficient space. Consider lowering eviction_high_watermark_ratio or mounting more segments.
W1008 11:18:25.729261 199214 client_service.cpp:2046] Failed to start put operation for key=prefetch_promote_77_1791458305374 due to insufficient space. Consider lowering eviction_high_watermark_ratio or mounting more segments.
W1008 11:18:25.733306 199214 client_service.cpp:2046] Failed to start put operation for key=prefetch_promote_78_1791458305374 due to insufficient space. Consider lowering eviction_high_watermark_ratio or mounting more segments.
W1008 11:18:25.737363 199214 client_service.cpp:2046] Failed to start put operation for key=prefetch_promote_79_1791458305374 due to insufficient space. Consider lowering eviction_high_watermark_ratio or mounting more segments.
W1008 11:18:25.741408 199214 client_service.cpp:2046] Failed to start put operation for key=prefetch_promote_80_1791458305374 due to insufficient space. Consider lowering eviction_high_watermark_ratio or mounting more segments.
W1008 11:18:25.745456 199214 client_service.cpp:2046] Failed to start put operation for key=prefetch_promote_81_1791458305374 due to insufficient space. Consider lowering eviction_high_watermark_ratio or mounting more segments.
W1008 11:18:25.749512 199214 client_service.cpp:2046] Failed to start put operation for key=prefetch_promote_82_1791458305374 due to insufficient space. Consider lowering eviction_high_watermark_ratio or mounting more segments.
W1008 11:18:25.753561 199214 client_service.cpp:2046] Failed to start put operation for key=prefetch_promote_83_1791458305374 due to insufficient space. Consider lowering eviction_high_watermark_ratio or mounting more segments.
W1008 11:18:25.757602 199214 client_service.cpp:2046] Failed to start put operation for key=prefetch_promote_84_1791458305374 due to insufficient space. Consider lowering eviction_high_watermark_ratio or mounting more segments.
W1008 11:18:25.761662 199214 client_service.cpp:2046] Failed to start put operation for key=prefetch_promote_85_1791458305374 due to insufficient space. Consider lowering eviction_high_watermark_ratio or mounting more segments.
W1008 11:18:25.765702 199214 client_service.cpp:2046] Failed to start put operation for key=prefetch_promote_86_1791458305374 due to insufficient space. Consider lowering eviction_high_watermark_ratio or mounting more segments.
W1008 11:18:25.769752 199214 client_service.cpp:2046] Failed to start put operation for key=prefetch_promote_87_1791458305374 due to insufficient space. Consider lowering eviction_high_watermark_ratio or mounting more segments.
W1008 11:18:25.773802 199214 client_service.cpp:2046] Failed to start put operation for key=prefetch_promote_88_1791458305374 due to insufficient space. Consider lowering eviction_high_watermark_ratio or mounting more segments.
W1008 11:18:25.777848 199214 client_service.cpp:2046] Failed to start put operation for key=prefetch_promote_89_1791458305374 due to insufficient space. Consider lowering eviction_high_watermark_ratio or mounting more segments.
W1008 11:18:25.781888 199214 client_service.cpp:2046] Failed to start put operation for key=prefetch_promote_90_1791458305374 due to insufficient space. Consider lowering eviction_high_watermark_ratio or mounting more segments.
W1008 11:18:25.785944 199214 client_service.cpp:2046] Failed to start put operation for key=prefetch_promote_91_1791458305374 due to insufficient space. Consider lowering eviction_high_watermark_ratio or mounting more segments.
W1008 11:18:25.789986 199214 client_service.cpp:2046] Failed to start put operation for key=prefetch_promote_92_1791458305374 due to insufficient space. Consider lowering eviction_high_watermark_ratio or mounting more segments.
W1008 11:18:25.794039 199214 client_service.cpp:2046] Failed to start put operation for key=prefetch_promote_93_1791458305374 due to insufficient space. Consider lowering eviction_high_watermark_ratio or mounting more segments.
W1008 11:18:25.798094 199214 client_service.cpp:2046] Failed to start put operation for key=prefetch_promote_94_1791458305374 due to insufficient space. Consider lowering eviction_high_watermark_ratio or mounting more segments.
W1008 11:18:25.802384 199214 client_service.cpp:2046] Failed to start put operation for key=prefetch_promote_95_1791458305374 due to insufficient space. Consider lowering eviction_high_watermark_ratio or mounting more segments.
replica-type histogram: {'DISK,LOCAL_DISK,MEMORY': 2, 'DISK,LOCAL_DISK': 1}
.W1008 11:18:29.978417 199214 client_service.cpp:2046] Failed to start put operation for key=prefetch_control_29_1791458309814 due to insufficient space. Consider lowering eviction_high_watermark_ratio or mounting more segments.
W1008 11:18:29.983160 199214 client_service.cpp:2046] Failed to start put operation for key=prefetch_control_30_1791458309814 due to insufficient space. Consider lowering eviction_high_watermark_ratio or mounting more segments.
W1008 11:18:29.987269 199214 client_service.cpp:2046] Failed to start put operation for key=prefetch_control_31_1791458309814 due to insufficient space. Consider lowering eviction_high_watermark_ratio or mounting more segments.
W1008 11:18:29.991408 199214 client_service.cpp:2046] Failed to start put operation for key=prefetch_control_32_1791458309814 due to insufficient space. Consider lowering eviction_high_watermark_ratio or mounting more segments.
W1008 11:18:29.995725 199214 client_service.cpp:2046] Failed to start put operation for key=prefetch_control_33_1791458309814 due to insufficient space. Consider lowering eviction_high_watermark_ratio or mounting more segments.
W1008 11:18:29.999890 199214 client_service.cpp:2046] Failed to start put operation for key=prefetch_control_34_1791458309814 due to insufficient space. Consider lowering eviction_high_watermark_ratio or mounting more segments.
W1008 11:18:30.004184 199214 client_service.cpp:2046] Failed to start put operation for key=prefetch_control_35_1791458309814 due to insufficient space. Consider lowering eviction_high_watermark_ratio or mounting more segments.
W1008 11:18:30.008297 199214 client_service.cpp:2046] Failed to start put operation for key=prefetch_control_36_1791458309814 due to insufficient space. Consider lowering eviction_high_watermark_ratio or mounting more segments.
W1008 11:18:30.012394 199214 client_service.cpp:2046] Failed to start put operation for key=prefetch_control_37_1791458309814 due to insufficient space. Consider lowering eviction_high_watermark_ratio or mounting more segments.
W1008 11:18:30.016531 199214 client_service.cpp:2046] Failed to start put operation for key=prefetch_control_38_1791458309814 due to insufficient space. Consider lowering eviction_high_watermark_ratio or mounting more segments.
W1008 11:18:30.020694 199214 client_service.cpp:2046] Failed to start put operation for key=prefetch_control_39_1791458309814 due to insufficient space. Consider lowering eviction_high_watermark_ratio or mounting more segments.
W1008 11:18:30.024791 199214 client_service.cpp:2046] Failed to start put operation for key=prefetch_control_40_1791458309814 due to insufficient space. Consider lowering eviction_high_watermark_ratio or mounting more segments.
W1008 11:18:30.028918 199214 client_service.cpp:2046] Failed to start put operation for key=prefetch_control_41_1791458309814 due to insufficient space. Consider lowering eviction_high_watermark_ratio or mounting more segments.
W1008 11:18:30.033005 199214 client_service.cpp:2046] Failed to start put operation for key=prefetch_control_42_1791458309814 due to insufficient space. Consider lowering eviction_high_watermark_ratio or mounting more segments.
W1008 11:18:30.037161 199214 client_service.cpp:2046] Failed to start put operation for key=prefetch_control_43_1791458309814 due to insufficient space. Consider lowering eviction_high_watermark_ratio or mounting more segments.
W1008 11:18:30.041253 199214 client_service.cpp:2046] Failed to start put operation for key=prefetch_control_44_1791458309814 due to insufficient space. Consider lowering eviction_high_watermark_ratio or mounting more segments.
W1008 11:18:30.045321 199214 client_service.cpp:2046] Failed to start put operation for key=prefetch_control_45_1791458309814 due to insufficient space. Consider lowering eviction_high_watermark_ratio or mounting more segments.
W1008 11:18:30.049371 199214 client_service.cpp:2046] Failed to start put operation for key=prefetch_control_46_1791458309814 due to insufficient space. Consider lowering eviction_high_watermark_ratio or mounting more segments.
W1008 11:18:30.053452 199214 client_service.cpp:2046] Failed to start put operation for key=prefetch_control_47_1791458309814 due to insufficient space. Consider lowering eviction_high_watermark_ratio or mounting more segments.
W1008 11:18:30.057510 199214 client_service.cpp:2046] Failed to start put operation for key=prefetch_control_48_1791458309814 due to insufficient space. Consider lowering eviction_high_watermark_ratio or mounting more segments.
W1008 11:18:30.061569 199214 client_service.cpp:2046] Failed to start put operation for key=prefetch_control_49_1791458309814 due to insufficient space. Consider lowering eviction_high_watermark_ratio or mounting more segments.
W1008 11:18:30.065644 199214 client_service.cpp:2046] Failed to start put operation for key=prefetch_control_50_1791458309814 due to insufficient space. Consider lowering eviction_high_watermark_ratio or mounting more segments.
W1008 11:18:30.069703 199214 client_service.cpp:2046] Failed to start put operation for key=prefetch_control_51_1791458309814 due to insufficient space. Consider lowering eviction_high_watermark_ratio or mounting more segments.
W1008 11:18:30.073771 199214 client_service.cpp:2046] Failed to start put operation for key=prefetch_control_52_1791458309814 due to insufficient space. Consider lowering eviction_high_watermark_ratio or mounting more segments.
W1008 11:18:30.080533 199214 client_service.cpp:2046] Failed to start put operation for key=prefetch_control_53_1791458309814 due to insufficient space. Consider lowering eviction_high_watermark_ratio or mounting more segments.
W1008 11:18:30.084811 199214 client_service.cpp:2046] Failed to start put operation for key=prefetch_control_54_1791458309814 due to insufficient space. Consider lowering eviction_high_watermark_ratio or mounting more segments.
W1008 11:18:30.088917 199214 client_service.cpp:2046] Failed to start put operation for key=prefetch_control_55_1791458309814 due to insufficient space. Consider lowering eviction_high_watermark_ratio or mounting more segments.
W1008 11:18:30.093065 199214 client_service.cpp:2046] Failed to start put operation for key=prefetch_control_56_1791458309814 due to insufficient space. Consider lowering eviction_high_watermark_ratio or mounting more segments.
W1008 11:18:30.097165 199214 client_service.cpp:2046] Failed to start put operation for key=prefetch_control_57_1791458309814 due to insufficient space. Consider lowering eviction_high_watermark_ratio or mounting more segments.
W1008 11:18:30.101261 199214 client_service.cpp:2046] Failed to start put operation for key=prefetch_control_58_1791458309814 due to insufficient space. Consider lowering eviction_high_watermark_ratio or mounting more segments.
W1008 11:18:30.105334 199214 client_service.cpp:2046] Failed to start put operation for key=prefetch_control_59_1791458309814 due to insufficient space. Consider lowering eviction_high_watermark_ratio or mounting more segments.
W1008 11:18:30.109467 199214 client_service.cpp:2046] Failed to start put operation for key=prefetch_control_60_1791458309814 due to insufficient space. Consider lowering eviction_high_watermark_ratio or mounting more segments.
W1008 11:18:30.113564 199214 client_service.cpp:2046] Failed to start put operation for key=prefetch_control_61_1791458309814 due to insufficient space. Consider lowering eviction_high_watermark_ratio or mounting more segments.
W1008 11:18:30.117624 199214 client_service.cpp:2046] Failed to start put operation for key=prefetch_control_62_1791458309814 due to insufficient space. Consider lowering eviction_high_watermark_ratio or mounting more segments.
W1008 11:18:30.121694 199214 client_service.cpp:2046] Failed to start put operation for key=prefetch_control_63_1791458309814 due to insufficient space. Consider lowering eviction_high_watermark_ratio or mounting more segments.
W1008 11:18:30.125852 199214 client_service.cpp:2046] Failed to start put operation for key=prefetch_control_64_1791458309814 due to insufficient space. Consider lowering eviction_high_watermark_ratio or mounting more segments.
W1008 11:18:30.129946 199214 client_service.cpp:2046] Failed to start put operation for key=prefetch_control_65_1791458309814 due to insufficient space. Consider lowering eviction_high_watermark_ratio or mounting more segments.
W1008 11:18:30.134020 199214 client_service.cpp:2046] Failed to start put operation for key=prefetch_control_66_1791458309814 due to insufficient space. Consider lowering eviction_high_watermark_ratio or mounting more segments.
W1008 11:18:30.138080 199214 client_service.cpp:2046] Failed to start put operation for key=prefetch_control_67_1791458309814 due to insufficient space. Consider lowering eviction_high_watermark_ratio or mounting more segments.
W1008 11:18:30.142238 199214 client_service.cpp:2046] Failed to start put operation for key=prefetch_control_68_1791458309814 due to insufficient space. Consider lowering eviction_high_watermark_ratio or mounting more segments.
W1008 11:18:30.146330 199214 client_service.cpp:2046] Failed to start put operation for key=prefetch_control_69_1791458309814 due to insufficient space. Consider lowering eviction_high_watermark_ratio or mounting more segments.
W1008 11:18:30.150382 199214 client_service.cpp:2046] Failed to start put operation for key=prefetch_control_70_1791458309814 due to insufficient space. Consider lowering eviction_high_watermark_ratio or mounting more segments.
W1008 11:18:30.154438 199214 client_service.cpp:2046] Failed to start put operation for key=prefetch_control_71_1791458309814 due to insufficient space. Consider lowering eviction_high_watermark_ratio or mounting more segments.
W1008 11:18:30.158548 199214 client_service.cpp:2046] Failed to start put operation for key=prefetch_control_72_1791458309814 due to insufficient space. Consider lowering eviction_high_watermark_ratio or mounting more segments.
W1008 11:18:30.162626 199214 client_service.cpp:2046] Failed to start put operation for key=prefetch_control_73_1791458309814 due to insufficient space. Consider lowering eviction_high_watermark_ratio or mounting more segments.
W1008 11:18:30.166680 199214 client_service.cpp:2046] Failed to start put operation for key=prefetch_control_74_1791458309814 due to insufficient space. Consider lowering eviction_high_watermark_ratio or mounting more segments.
W1008 11:18:30.170768 199214 client_service.cpp:2046] Failed to start put operation for key=prefetch_control_75_1791458309814 due to insufficient space. Consider lowering eviction_high_watermark_ratio or mounting more segments.
W1008 11:18:30.174856 199214 client_service.cpp:2046] Failed to start put operation for key=prefetch_control_76_1791458309814 due to insufficient space. Consider lowering eviction_high_watermark_ratio or mounting more segments.
W1008 11:18:30.178928 199214 client_service.cpp:2046] Failed to start put operation for key=prefetch_control_77_1791458309814 due to insufficient space. Consider lowering eviction_high_watermark_ratio or mounting more segments.
W1008 11:18:30.183053 199214 client_service.cpp:2046] Failed to start put operation for key=prefetch_control_78_1791458309814 due to insufficient space. Consider lowering eviction_high_watermark_ratio or mounting more segments.
W1008 11:18:30.187153 199214 client_service.cpp:2046] Failed to start put operation for key=prefetch_control_79_1791458309814 due to insufficient space. Consider lowering eviction_high_watermark_ratio or mounting more segments.
W1008 11:18:30.191280 199214 client_service.cpp:2046] Failed to start put operation for key=prefetch_control_80_1791458309814 due to insufficient space. Consider lowering eviction_high_watermark_ratio or mounting more segments.
W1008 11:18:30.195371 199214 client_service.cpp:2046] Failed to start put operation for key=prefetch_control_81_1791458309814 due to insufficient space. Consider lowering eviction_high_watermark_ratio or mounting more segments.
W1008 11:18:30.199990 199214 client_service.cpp:2046] Failed to start put operation for key=prefetch_control_82_1791458309814 due to insufficient space. Consider lowering eviction_high_watermark_ratio or mounting more segments.
W1008 11:18:30.204634 199214 client_service.cpp:2046] Failed to start put operation for key=prefetch_control_83_1791458309814 due to insufficient space. Consider lowering eviction_high_watermark_ratio or mounting more segments.
W1008 11:18:30.208757 199214 client_service.cpp:2046] Failed to start put operation for key=prefetch_control_84_1791458309814 due to insufficient space. Consider lowering eviction_high_watermark_ratio or mounting more segments.
W1008 11:18:30.212877 199214 client_service.cpp:2046] Failed to start put operation for key=prefetch_control_85_1791458309814 due to insufficient space. Consider lowering eviction_high_watermark_ratio or mounting more segments.
W1008 11:18:30.216969 199214 client_service.cpp:2046] Failed to start put operation for key=prefetch_control_86_1791458309814 due to insufficient space. Consider lowering eviction_high_watermark_ratio or mounting more segments.
W1008 11:18:30.221061 199214 client_service.cpp:2046] Failed to start put operation for key=prefetch_control_87_1791458309814 due to insufficient space. Consider lowering eviction_high_watermark_ratio or mounting more segments.
W1008 11:18:30.225165 199214 client_service.cpp:2046] Failed to start put operation for key=prefetch_control_88_1791458309814 due to insufficient space. Consider lowering eviction_high_watermark_ratio or mounting more segments.
W1008 11:18:30.229255 199214 client_service.cpp:2046] Failed to start put operation for key=prefetch_control_89_1791458309814 due to insufficient space. Consider lowering eviction_high_watermark_ratio or mounting more segments.
W1008 11:18:30.233342 199214 client_service.cpp:2046] Failed to start put operation for key=prefetch_control_90_1791458309814 due to insufficient space. Consider lowering eviction_high_watermark_ratio or mounting more segments.
W1008 11:18:30.237428 199214 client_service.cpp:2046] Failed to start put operation for key=prefetch_control_91_1791458309814 due to insufficient space. Consider lowering eviction_high_watermark_ratio or mounting more segments.
W1008 11:18:30.241516 199214 client_service.cpp:2046] Failed to start put operation for key=prefetch_control_92_1791458309814 due to insufficient space. Consider lowering eviction_high_watermark_ratio or mounting more segments.
W1008 11:18:30.245599 199214 client_service.cpp:2046] Failed to start put operation for key=prefetch_control_93_1791458309814 due to insufficient space. Consider lowering eviction_high_watermark_ratio or mounting more segments.
W1008 11:18:30.249671 199214 client_service.cpp:2046] Failed to start put operation for key=prefetch_control_94_1791458309814 due to insufficient space. Consider lowering eviction_high_watermark_ratio or mounting more segments.
W1008 11:18:30.253767 199214 client_service.cpp:2046] Failed to start put operation for key=prefetch_control_95_1791458309814 due to insufficient space. Consider lowering eviction_high_watermark_ratio or mounting more segments.
replica-type histogram: {'DISK,LOCAL_DISK,MEMORY': 6, 'DISK,LOCAL_DISK': 1}
.I1008 11:18:37.270663 199214 storage_backend.cpp:512] Successfully removed file: /tmp/mooncake_ci_prefetch/mooncake_cluster/a/i/prefetch_waitlease_big_1791458009102
I1008 11:18:37.271159 199214 storage_backend.cpp:512] Successfully removed file: /tmp/mooncake_ci_prefetch/mooncake_cluster/m/p/prefetch_waitlease_0_1791458010642
I1008 11:18:37.271610 199214 storage_backend.cpp:512] Successfully removed file: /tmp/mooncake_ci_prefetch/mooncake_cluster/c/p/prefetch_waitlease_1_1791458010642
I1008 11:18:37.272081 199214 storage_backend.cpp:512] Successfully removed file: /tmp/mooncake_ci_prefetch/mooncake_cluster/n/e/prefetch_waitlease_2_1791458010642
I1008 11:18:37.272544 199214 storage_backend.cpp:512] Successfully removed file: /tmp/mooncake_ci_prefetch/mooncake_cluster/p/g/prefetch_waitlease_3_1791458010642
I1008 11:18:37.273002 199214 storage_backend.cpp:512] Successfully removed file: /tmp/mooncake_ci_prefetch/mooncake_cluster/l/g/prefetch_waitlease_4_1791458010642
I1008 11:18:37.273461 199214 storage_backend.cpp:512] Successfully removed file: /tmp/mooncake_ci_prefetch/mooncake_cluster/g/p/prefetch_waitlease_5_1791458010642
I1008 11:18:37.273876 199214 storage_backend.cpp:512] Successfully removed file: /tmp/mooncake_ci_prefetch/mooncake_cluster/k/m/prefetch_waitlease_6_1791458010642
I1008 11:18:37.274296 199214 storage_backend.cpp:512] Successfully removed file: /tmp/mooncake_ci_prefetch/mooncake_cluster/a/b/prefetch_waitlease_7_1791458010642
I1008 11:18:37.274734 199214 storage_backend.cpp:512] Successfully removed file: /tmp/mooncake_ci_prefetch/mooncake_cluster/e/e/prefetch_waitlease_8_1791458010642
I1008 11:18:37.275174 199214 storage_backend.cpp:512] Successfully removed file: /tmp/mooncake_ci_prefetch/mooncake_cluster/o/a/prefetch_waitlease_9_1791458010642
I1008 11:18:37.275585 199214 storage_backend.cpp:512] Successfully removed file: /tmp/mooncake_ci_prefetch/mooncake_cluster/p/a/prefetch_waitlease_10_1791458010642
I1008 11:18:37.275982 199214 storage_backend.cpp:512] Successfully removed file: /tmp/mooncake_ci_prefetch/mooncake_cluster/e/n/prefetch_waitlease_11_1791458010642
I1008 11:18:37.276397 199214 storage_backend.cpp:512] Successfully removed file: /tmp/mooncake_ci_prefetch/mooncake_cluster/f/m/prefetch_waitlease_12_1791458010642
I1008 11:18:37.276818 199214 storage_backend.cpp:512] Successfully removed file: /tmp/mooncake_ci_prefetch/mooncake_cluster/p/c/prefetch_waitlease_13_1791458010642
I1008 11:18:37.277202 199214 storage_backend.cpp:512] Successfully removed file: /tmp/mooncake_ci_prefetch/mooncake_cluster/c/k/prefetch_waitlease_14_1791458010642
I1008 11:18:37.277591 199214 storage_backend.cpp:512] Successfully removed file: /tmp/mooncake_ci_prefetch/mooncake_cluster/h/j/prefetch_waitlease_15_1791458010642
I1008 11:18:37.278036 199214 storage_backend.cpp:512] Successfully removed file: /tmp/mooncake_ci_prefetch/mooncake_cluster/p/d/prefetch_waitlease_16_1791458010642
I1008 11:18:37.278472 199214 storage_backend.cpp:512] Successfully removed file: /tmp/mooncake_ci_prefetch/mooncake_cluster/d/m/prefetch_waitlease_17_1791458010642
I1008 11:18:37.278923 199214 storage_backend.cpp:512] Successfully removed file: /tmp/mooncake_ci_prefetch/mooncake_cluster/b/h/prefetch_waitlease_18_1791458010642
I1008 11:18:37.279335 199214 storage_backend.cpp:512] Successfully removed file: /tmp/mooncake_ci_prefetch/mooncake_cluster/h/i/prefetch_waitlease_19_1791458010642
I1008 11:18:37.279726 199214 storage_backend.cpp:512] Successfully removed file: /tmp/mooncake_ci_prefetch/mooncake_cluster/i/d/prefetch_waitlease_20_1791458010642
I1008 11:18:37.280140 199214 storage_backend.cpp:512] Successfully removed file: /tmp/mooncake_ci_prefetch/mooncake_cluster/o/i/prefetch_waitlease_21_1791458010642
I1008 11:18:37.280543 199214 storage_backend.cpp:512] Successfully removed file: /tmp/mooncake_ci_prefetch/mooncake_cluster/g/a/prefetch_waitlease_22_1791458010642
I1008 11:18:37.280911 199214 storage_backend.cpp:512] Successfully removed file: /tmp/mooncake_ci_prefetch/mooncake_cluster/d/m/prefetch_waitlease_23_1791458010642
I1008 11:18:37.281349 199214 storage_backend.cpp:512] Successfully removed file: /tmp/mooncake_ci_prefetch/mooncake_cluster/b/h/prefetch_waitlease_more0_0_1791458013060
I1008 11:18:37.281833 199214 storage_backend.cpp:512] Successfully removed file: /tmp/mooncake_ci_prefetch/mooncake_cluster/a/c/prefetch_waitlease_more0_1_1791458013060
I1008 11:18:37.282291 199214 storage_backend.cpp:512] Successfully removed file: /tmp/mooncake_ci_prefetch/mooncake_cluster/b/b/prefetch_waitlease_more0_2_1791458013060
I1008 11:18:37.282760 199214 storage_backend.cpp:512] Successfully removed file: /tmp/mooncake_ci_prefetch/mooncake_cluster/j/g/prefetch_waitlease_more0_3_1791458013060
I1008 11:18:37.283188 199214 storage_backend.cpp:512] Successfully removed file: /tmp/mooncake_ci_prefetch/mooncake_cluster/k/n/prefetch_waitlease_more0_4_1791458013060
I1008 11:18:37.283582 199214 storage_backend.cpp:512] Successfully removed file: /tmp/mooncake_ci_prefetch/mooncake_cluster/a/a/prefetch_waitlease_more0_5_1791458013060
I1008 11:18:37.283972 199214 storage_backend.cpp:512] Successfully removed file: /tmp/mooncake_ci_prefetch/mooncake_cluster/p/h/prefetch_waitlease_more0_6_1791458013060
I1008 11:18:37.284363 199214 storage_backend.cpp:512] Successfully removed file: /tmp/mooncake_ci_prefetch/mooncake_cluster/n/g/prefetch_waitlease_more0_7_1791458013060
I1008 11:18:37.284762 199214 storage_backend.cpp:512] Successfully removed file: /tmp/mooncake_ci_prefetch/mooncake_cluster/c/d/prefetch_waitlease_more0_8_1791458013060
I1008 11:18:37.285125 199214 storage_backend.cpp:512] Successfully removed file: /tmp/mooncake_ci_prefetch/mooncake_cluster/e/m/prefetch_waitlease_more0_9_1791458013060
I1008 11:18:37.285480 199214 storage_backend.cpp:512] Successfully removed file: /tmp/mooncake_ci_prefetch/mooncake_cluster/j/b/prefetch_waitlease_more0_10_1791458013060
I1008 11:18:37.285840 199214 storage_backend.cpp:512] Successfully removed file: /tmp/mooncake_ci_prefetch/mooncake_cluster/p/o/prefetch_waitlease_more0_11_1791458013060
I1008 11:18:37.286201 199214 storage_backend.cpp:512] Successfully removed file: /tmp/mooncake_ci_prefetch/mooncake_cluster/o/h/prefetch_waitlease_more0_12_1791458013060
I1008 11:18:37.286540 199214 storage_backend.cpp:512] Successfully removed file: /tmp/mooncake_ci_prefetch/mooncake_cluster/a/l/prefetch_waitlease_more0_13_1791458013060
I1008 11:18:37.286895 199214 storage_backend.cpp:512] Successfully removed file: /tmp/mooncake_ci_prefetch/mooncake_cluster/a/o/prefetch_waitlease_more0_14_1791458013060
I1008 11:18:37.287241 199214 storage_backend.cpp:512] Successfully removed file: /tmp/mooncake_ci_prefetch/mooncake_cluster/g/h/prefetch_waitlease_more0_15_1791458013060
I1008 11:18:37.287601 199214 storage_backend.cpp:512] Successfully removed file: /tmp/mooncake_ci_prefetch/mooncake_cluster/a/f/prefetch_waitlease_more0_16_1791458013060
I1008 11:18:37.287935 199214 storage_backend.cpp:512] Successfully removed file: /tmp/mooncake_ci_prefetch/mooncake_cluster/j/c/prefetch_waitlease_more0_17_1791458013060
I1008 11:18:37.288306 199214 storage_backend.cpp:512] Successfully removed file: /tmp/mooncake_ci_prefetch/mooncake_cluster/o/j/prefetch_promote_0_1791458305374
I1008 11:18:37.288695 199214 storage_backend.cpp:512] Successfully removed file: /tmp/mooncake_ci_prefetch/mooncake_cluster/n/i/prefetch_promote_1_1791458305374
I1008 11:18:37.289048 199214 storage_backend.cpp:512] Successfully removed file: /tmp/mooncake_ci_prefetch/mooncake_cluster/d/h/prefetch_promote_2_1791458305374
I1008 11:18:37.289402 199214 storage_backend.cpp:512] Successfully removed file: /tmp/mooncake_ci_prefetch/mooncake_cluster/j/g/prefetch_promote_3_1791458305374
I1008 11:18:37.289757 199214 storage_backend.cpp:512] Successfully removed file: /tmp/mooncake_ci_prefetch/mooncake_cluster/j/b/prefetch_promote_4_1791458305374
I1008 11:18:37.290097 199214 storage_backend.cpp:512] Successfully removed file: /tmp/mooncake_ci_prefetch/mooncake_cluster/m/i/prefetch_promote_5_1791458305374
I1008 11:18:37.290436 199214 storage_backend.cpp:512] Successfully removed file: /tmp/mooncake_ci_prefetch/mooncake_cluster/i/c/prefetch_promote_6_1791458305374
I1008 11:18:37.290781 199214 storage_backend.cpp:512] Successfully removed file: /tmp/mooncake_ci_prefetch/mooncake_cluster/d/j/prefetch_promote_7_1791458305374
I1008 11:18:37.291131 199214 storage_backend.cpp:512] Successfully removed file: /tmp/mooncake_ci_prefetch/mooncake_cluster/h/g/prefetch_promote_8_1791458305374
I1008 11:18:37.291501 199214 storage_backend.cpp:512] Successfully removed file: /tmp/mooncake_ci_prefetch/mooncake_cluster/p/j/prefetch_promote_9_1791458305374
I1008 11:18:37.291844 199214 storage_backend.cpp:512] Successfully removed file: /tmp/mooncake_ci_prefetch/mooncake_cluster/h/e/prefetch_promote_10_1791458305374
I1008 11:18:37.292186 199214 storage_backend.cpp:512] Successfully removed file: /tmp/mooncake_ci_prefetch/mooncake_cluster/j/o/prefetch_promote_11_1791458305374
I1008 11:18:37.292539 199214 storage_backend.cpp:512] Successfully removed file: /tmp/mooncake_ci_prefetch/mooncake_cluster/e/l/prefetch_promote_12_1791458305374
I1008 11:18:37.292878 199214 storage_backend.cpp:512] Successfully removed file: /tmp/mooncake_ci_prefetch/mooncake_cluster/p/d/prefetch_promote_13_1791458305374
I1008 11:18:37.293221 199214 storage_backend.cpp:512] Successfully removed file: /tmp/mooncake_ci_prefetch/mooncake_cluster/k/k/prefetch_promote_14_1791458305374
I1008 11:18:37.293558 199214 storage_backend.cpp:512] Successfully removed file: /tmp/mooncake_ci_prefetch/mooncake_cluster/l/m/prefetch_promote_15_1791458305374
I1008 11:18:37.293915 199214 storage_backend.cpp:512] Successfully removed file: /tmp/mooncake_ci_prefetch/mooncake_cluster/a/d/prefetch_promote_16_1791458305374
I1008 11:18:37.294260 199214 storage_backend.cpp:512] Successfully removed file: /tmp/mooncake_ci_prefetch/mooncake_cluster/j/c/prefetch_promote_17_1791458305374
I1008 11:18:37.294601 199214 storage_backend.cpp:512] Successfully removed file: /tmp/mooncake_ci_prefetch/mooncake_cluster/l/p/prefetch_promote_18_1791458305374
I1008 11:18:37.294992 199214 storage_backend.cpp:512] Successfully removed file: /tmp/mooncake_ci_prefetch/mooncake_cluster/k/b/prefetch_promote_19_1791458305374
I1008 11:18:37.295331 199214 storage_backend.cpp:512] Successfully removed file: /tmp/mooncake_ci_prefetch/mooncake_cluster/b/h/prefetch_promote_20_1791458305374
I1008 11:18:37.295667 199214 storage_backend.cpp:512] Successfully removed file: /tmp/mooncake_ci_prefetch/mooncake_cluster/i/d/prefetch_promote_21_1791458305374
I1008 11:18:37.296022 199214 storage_backend.cpp:512] Successfully removed file: /tmp/mooncake_ci_prefetch/mooncake_cluster/d/n/prefetch_promote_22_1791458305374
I1008 11:18:37.296379 199214 storage_backend.cpp:512] Successfully removed file: /tmp/mooncake_ci_prefetch/mooncake_cluster/g/p/prefetch_promote_23_1791458305374
I1008 11:18:37.296731 199214 storage_backend.cpp:512] Successfully removed file: /tmp/mooncake_ci_prefetch/mooncake_cluster/n/f/prefetch_promote_24_1791458305374
I1008 11:18:37.297070 199214 storage_backend.cpp:512] Successfully removed file: /tmp/mooncake_ci_prefetch/mooncake_cluster/c/g/prefetch_promote_25_1791458305374
I1008 11:18:37.297410 199214 storage_backend.cpp:512] Successfully removed file: /tmp/mooncake_ci_prefetch/mooncake_cluster/m/m/prefetch_promote_26_1791458305374
I1008 11:18:37.297780 199214 storage_backend.cpp:512] Successfully removed file: /tmp/mooncake_ci_prefetch/mooncake_cluster/e/e/prefetch_promote_27_1791458305374
I1008 11:18:37.299155 199214 storage_backend.cpp:512] Successfully removed file: /tmp/mooncake_ci_prefetch/mooncake_cluster/n/n/prefetch_promote_28_1791458305374
I1008 11:18:37.299547 199214 storage_backend.cpp:512] Successfully removed file: /tmp/mooncake_ci_prefetch/mooncake_cluster/p/j/prefetch_promote_29_1791458305374
I1008 11:18:37.299901 199214 storage_backend.cpp:512] Successfully removed file: /tmp/mooncake_ci_prefetch/mooncake_cluster/g/b/prefetch_promote_30_1791458305374
I1008 11:18:37.300274 199214 storage_backend.cpp:512] Successfully removed file: /tmp/mooncake_ci_prefetch/mooncake_cluster/j/i/prefetch_promote_31_1791458305374
I1008 11:18:37.300681 199214 storage_backend.cpp:512] Successfully removed file: /tmp/mooncake_ci_prefetch/mooncake_cluster/m/p/prefetch_control_0_1791458309814
I1008 11:18:37.301054 199214 storage_backend.cpp:512] Successfully removed file: /tmp/mooncake_ci_prefetch/mooncake_cluster/n/i/prefetch_control_1_1791458309814
I1008 11:18:37.301424 199214 storage_backend.cpp:512] Successfully removed file: /tmp/mooncake_ci_prefetch/mooncake_cluster/p/a/prefetch_control_2_1791458309814
I1008 11:18:37.301795 199214 storage_backend.cpp:512] Successfully removed file: /tmp/mooncake_ci_prefetch/mooncake_cluster/e/h/prefetch_control_3_1791458309814
I1008 11:18:37.302171 199214 storage_backend.cpp:512] Successfully removed file: /tmp/mooncake_ci_prefetch/mooncake_cluster/b/d/prefetch_control_4_1791458309814
I1008 11:18:37.302577 199214 storage_backend.cpp:512] Successfully removed file: /tmp/mooncake_ci_prefetch/mooncake_cluster/h/b/prefetch_control_5_1791458309814
I1008 11:18:37.302958 199214 storage_backend.cpp:512] Successfully removed file: /tmp/mooncake_ci_prefetch/mooncake_cluster/e/o/prefetch_control_6_1791458309814
I1008 11:18:37.303319 199214 storage_backend.cpp:512] Successfully removed file: /tmp/mooncake_ci_prefetch/mooncake_cluster/o/b/prefetch_control_7_1791458309814
I1008 11:18:37.303697 199214 storage_backend.cpp:512] Successfully removed file: /tmp/mooncake_ci_prefetch/mooncake_cluster/k/k/prefetch_control_8_1791458309814
I1008 11:18:37.304059 199214 storage_backend.cpp:512] Successfully removed file: /tmp/mooncake_ci_prefetch/mooncake_cluster/m/n/prefetch_control_9_1791458309814
I1008 11:18:37.304430 199214 storage_backend.cpp:512] Successfully removed file: /tmp/mooncake_ci_prefetch/mooncake_cluster/l/l/prefetch_control_10_1791458309814
I1008 11:18:37.304812 199214 storage_backend.cpp:512] Successfully removed file: /tmp/mooncake_ci_prefetch/mooncake_cluster/e/k/prefetch_control_11_1791458309814
I1008 11:18:37.305181 199214 storage_backend.cpp:512] Successfully removed file: /tmp/mooncake_ci_prefetch/mooncake_cluster/f/e/prefetch_control_12_1791458309814
I1008 11:18:37.305543 199214 storage_backend.cpp:512] Successfully removed file: /tmp/mooncake_ci_prefetch/mooncake_cluster/e/k/prefetch_control_13_1791458309814
I1008 11:18:37.305943 199214 storage_backend.cpp:512] Successfully removed file: /tmp/mooncake_ci_prefetch/mooncake_cluster/e/m/prefetch_control_14_1791458309814
I1008 11:18:37.306327 199214 storage_backend.cpp:512] Successfully removed file: /tmp/mooncake_ci_prefetch/mooncake_cluster/c/j/prefetch_control_15_1791458309814
I1008 11:18:37.306695 199214 storage_backend.cpp:512] Successfully removed file: /tmp/mooncake_ci_prefetch/mooncake_cluster/h/d/prefetch_control_16_1791458309814
I1008 11:18:37.307065 199214 storage_backend.cpp:512] Successfully removed file: /tmp/mooncake_ci_prefetch/mooncake_cluster/o/b/prefetch_control_17_1791458309814
I1008 11:18:37.307427 199214 storage_backend.cpp:512] Successfully removed file: /tmp/mooncake_ci_prefetch/mooncake_cluster/l/c/prefetch_control_18_1791458309814
I1008 11:18:37.307817 199214 storage_backend.cpp:512] Successfully removed file: /tmp/mooncake_ci_prefetch/mooncake_cluster/p/h/prefetch_control_19_1791458309814
I1008 11:18:37.308204 199214 storage_backend.cpp:512] Successfully removed file: /tmp/mooncake_ci_prefetch/mooncake_cluster/o/e/prefetch_control_20_1791458309814
I1008 11:18:37.308571 199214 storage_backend.cpp:512] Successfully removed file: /tmp/mooncake_ci_prefetch/mooncake_cluster/j/d/prefetch_control_21_1791458309814
I1008 11:18:37.308957 199214 storage_backend.cpp:512] Successfully removed file: /tmp/mooncake_ci_prefetch/mooncake_cluster/g/p/prefetch_control_22_1791458309814
I1008 11:18:37.309304 199214 storage_backend.cpp:512] Successfully removed file: /tmp/mooncake_ci_prefetch/mooncake_cluster/m/b/prefetch_control_23_1791458309814
I1008 11:18:37.309691 199214 storage_backend.cpp:512] Successfully removed file: /tmp/mooncake_ci_prefetch/mooncake_cluster/b/n/prefetch_control_24_1791458309814
I1008 11:18:37.310040 199214 storage_backend.cpp:512] Successfully removed file: /tmp/mooncake_ci_prefetch/mooncake_cluster/a/d/prefetch_control_25_1791458309814
I1008 11:18:37.310432 199214 storage_backend.cpp:512] Successfully removed file: /tmp/mooncake_ci_prefetch/mooncake_cluster/b/i/prefetch_control_26_1791458309814
I1008 11:18:37.310807 199214 storage_backend.cpp:512] Successfully removed file: /tmp/mooncake_ci_prefetch/mooncake_cluster/l/p/prefetch_control_27_1791458309814
I1008 11:18:37.311178 199214 storage_backend.cpp:512] Successfully removed file: /tmp/mooncake_ci_prefetch/mooncake_cluster/c/d/prefetch_control_28_1791458309814
I1008 11:18:37.485152 199450 storage_backend.cpp:3324] DeleteBucket: successfully deleted bucket_id=7337810778314, keys_removed=10
I1008 11:18:37.487735 199450 storage_backend.cpp:3324] DeleteBucket: successfully deleted bucket_id=7337810778315, keys_removed=6
I1008 11:18:37.491693 199450 storage_backend.cpp:3324] DeleteBucket: successfully deleted bucket_id=7337810778316, keys_removed=3
I1008 11:18:37.495129 199450 storage_backend.cpp:3324] DeleteBucket: successfully deleted bucket_id=7337810778317, keys_removed=10
I1008 11:18:37.498553 199450 storage_backend.cpp:3324] DeleteBucket: successfully deleted bucket_id=7337810778318, keys_removed=10
I1008 11:18:37.501765 199450 storage_backend.cpp:3324] DeleteBucket: successfully deleted bucket_id=7337810778319, keys_removed=10
I1008 11:18:37.504042 199450 storage_backend.cpp:3324] DeleteBucket: successfully deleted bucket_id=7337810778320, keys_removed=10
I1008 11:18:37.506299 199450 storage_backend.cpp:3324] DeleteBucket: successfully deleted bucket_id=7337810778321, keys_removed=10
I1008 11:18:37.508548 199450 storage_backend.cpp:3324] DeleteBucket: successfully deleted bucket_id=7337810778322, keys_removed=10
I1008 11:18:37.510795 199450 storage_backend.cpp:3324] DeleteBucket: successfully deleted bucket_id=7337810778323, keys_removed=10
I1008 11:18:37.513034 199450 storage_backend.cpp:3324] DeleteBucket: successfully deleted bucket_id=7337810778324, keys_removed=10
I1008 11:18:37.513051 199450 storage_backend.cpp:3350] RemoveAll: removed 11 bucket(s)
I1008 11:18:37.513054 199450 file_storage.cpp:826] FileStorage::RemoveAll: cleared storage backend
W1008 11:18:38.986454 199214 client_service.cpp:2046] Failed to start put operation for key=prefetch_waitlease_24_1791458318851 due to insufficient space. Consider lowering eviction_high_watermark_ratio or mounting more segments.
W1008 11:18:38.991093 199214 client_service.cpp:2046] Failed to start put operation for key=prefetch_waitlease_25_1791458318851 due to insufficient space. Consider lowering eviction_high_watermark_ratio or mounting more segments.
W1008 11:18:38.995144 199214 client_service.cpp:2046] Failed to start put operation for key=prefetch_waitlease_26_1791458318851 due to insufficient space. Consider lowering eviction_high_watermark_ratio or mounting more segments.
W1008 11:18:38.999184 199214 client_service.cpp:2046] Failed to start put operation for key=prefetch_waitlease_27_1791458318851 due to insufficient space. Consider lowering eviction_high_watermark_ratio or mounting more segments.
W1008 11:18:39.003230 199214 client_service.cpp:2046] Failed to start put operation for key=prefetch_waitlease_28_1791458318851 due to insufficient space. Consider lowering eviction_high_watermark_ratio or mounting more segments.
W1008 11:18:39.007386 199214 client_service.cpp:2046] Failed to start put operation for key=prefetch_waitlease_29_1791458318851 due to insufficient space. Consider lowering eviction_high_watermark_ratio or mounting more segments.
W1008 11:18:39.011487 199214 client_service.cpp:2046] Failed to start put operation for key=prefetch_waitlease_30_1791458318851 due to insufficient space. Consider lowering eviction_high_watermark_ratio or mounting more segments.
W1008 11:18:39.015542 199214 client_service.cpp:2046] Failed to start put operation for key=prefetch_waitlease_31_1791458318851 due to insufficient space. Consider lowering eviction_high_watermark_ratio or mounting more segments.
W1008 11:18:39.019574 199214 client_service.cpp:2046] Failed to start put operation for key=prefetch_waitlease_32_1791458318851 due to insufficient space. Consider lowering eviction_high_watermark_ratio or mounting more segments.
W1008 11:18:39.023608 199214 client_service.cpp:2046] Failed to start put operation for key=prefetch_waitlease_33_1791458318851 due to insufficient space. Consider lowering eviction_high_watermark_ratio or mounting more segments.
W1008 11:18:39.027647 199214 client_service.cpp:2046] Failed to start put operation for key=prefetch_waitlease_34_1791458318851 due to insufficient space. Consider lowering eviction_high_watermark_ratio or mounting more segments.
W1008 11:18:39.031678 199214 client_service.cpp:2046] Failed to start put operation for key=prefetch_waitlease_35_1791458318851 due to insufficient space. Consider lowering eviction_high_watermark_ratio or mounting more segments.
W1008 11:18:39.035701 199214 client_service.cpp:2046] Failed to start put operation for key=prefetch_waitlease_36_1791458318851 due to insufficient space. Consider lowering eviction_high_watermark_ratio or mounting more segments.
W1008 11:18:39.039728 199214 client_service.cpp:2046] Failed to start put operation for key=prefetch_waitlease_37_1791458318851 due to insufficient space. Consider lowering eviction_high_watermark_ratio or mounting more segments.
W1008 11:18:39.043753 199214 client_service.cpp:2046] Failed to start put operation for key=prefetch_waitlease_38_1791458318851 due to insufficient space. Consider lowering eviction_high_watermark_ratio or mounting more segments.
W1008 11:18:39.047785 199214 client_service.cpp:2046] Failed to start put operation for key=prefetch_waitlease_39_1791458318851 due to insufficient space. Consider lowering eviction_high_watermark_ratio or mounting more segments.
W1008 11:18:39.051869 199214 client_service.cpp:2046] Failed to start put operation for key=prefetch_waitlease_40_1791458318851 due to insufficient space. Consider lowering eviction_high_watermark_ratio or mounting more segments.
W1008 11:18:39.055940 199214 client_service.cpp:2046] Failed to start put operation for key=prefetch_waitlease_41_1791458318851 due to insufficient space. Consider lowering eviction_high_watermark_ratio or mounting more segments.
W1008 11:18:39.059981 199214 client_service.cpp:2046] Failed to start put operation for key=prefetch_waitlease_42_1791458318851 due to insufficient space. Consider lowering eviction_high_watermark_ratio or mounting more segments.
W1008 11:18:39.064016 199214 client_service.cpp:2046] Failed to start put operation for key=prefetch_waitlease_43_1791458318851 due to insufficient space. Consider lowering eviction_high_watermark_ratio or mounting more segments.
W1008 11:18:39.068113 199214 client_service.cpp:2046] Failed to start put operation for key=prefetch_waitlease_44_1791458318851 due to insufficient space. Consider lowering eviction_high_watermark_ratio or mounting more segments.
W1008 11:18:39.072224 199214 client_service.cpp:2046] Failed to start put operation for key=prefetch_waitlease_45_1791458318851 due to insufficient space. Consider lowering eviction_high_watermark_ratio or mounting more segments.
W1008 11:18:39.076258 199214 client_service.cpp:2046] Failed to start put operation for key=prefetch_waitlease_46_1791458318851 due to insufficient space. Consider lowering eviction_high_watermark_ratio or mounting more segments.
W1008 11:18:39.080474 199214 client_service.cpp:2046] Failed to start put operation for key=prefetch_waitlease_47_1791458318851 due to insufficient space. Consider lowering eviction_high_watermark_ratio or mounting more segments.
W1008 11:18:39.084592 199214 client_service.cpp:2046] Failed to start put operation for key=prefetch_waitlease_48_1791458318851 due to insufficient space. Consider lowering eviction_high_watermark_ratio or mounting more segments.
W1008 11:18:39.088662 199214 client_service.cpp:2046] Failed to start put operation for key=prefetch_waitlease_49_1791458318851 due to insufficient space. Consider lowering eviction_high_watermark_ratio or mounting more segments.
W1008 11:18:39.092705 199214 client_service.cpp:2046] Failed to start put operation for key=prefetch_waitlease_50_1791458318851 due to insufficient space. Consider lowering eviction_high_watermark_ratio or mounting more segments.
W1008 11:18:39.096752 199214 client_service.cpp:2046] Failed to start put operation for key=prefetch_waitlease_51_1791458318851 due to insufficient space. Consider lowering eviction_high_watermark_ratio or mounting more segments.
W1008 11:18:39.100787 199214 client_service.cpp:2046] Failed to start put operation for key=prefetch_waitlease_52_1791458318851 due to insufficient space. Consider lowering eviction_high_watermark_ratio or mounting more segments.
W1008 11:18:39.104818 199214 client_service.cpp:2046] Failed to start put operation for key=prefetch_waitlease_53_1791458318851 due to insufficient space. Consider lowering eviction_high_watermark_ratio or mounting more segments.
W1008 11:18:39.108902 199214 client_service.cpp:2046] Failed to start put operation for key=prefetch_waitlease_54_1791458318851 due to insufficient space. Consider lowering eviction_high_watermark_ratio or mounting more segments.
W1008 11:18:39.113014 199214 client_service.cpp:2046] Failed to start put operation for key=prefetch_waitlease_55_1791458318851 due to insufficient space. Consider lowering eviction_high_watermark_ratio or mounting more segments.
W1008 11:18:39.117120 199214 client_service.cpp:2046] Failed to start put operation for key=prefetch_waitlease_56_1791458318851 due to insufficient space. Consider lowering eviction_high_watermark_ratio or mounting more segments.
W1008 11:18:39.121187 199214 client_service.cpp:2046] Failed to start put operation for key=prefetch_waitlease_57_1791458318851 due to insufficient space. Consider lowering eviction_high_watermark_ratio or mounting more segments.
W1008 11:18:39.125226 199214 client_service.cpp:2046] Failed to start put operation for key=prefetch_waitlease_58_1791458318851 due to insufficient space. Consider lowering eviction_high_watermark_ratio or mounting more segments.
W1008 11:18:39.129256 199214 client_service.cpp:2046] Failed to start put operation for key=prefetch_waitlease_59_1791458318851 due to insufficient space. Consider lowering eviction_high_watermark_ratio or mounting more segments.
W1008 11:18:39.133323 199214 client_service.cpp:2046] Failed to start put operation for key=prefetch_waitlease_60_1791458318851 due to insufficient space. Consider lowering eviction_high_watermark_ratio or mounting more segments.
W1008 11:18:39.137353 199214 client_service.cpp:2046] Failed to start put operation for key=prefetch_waitlease_61_1791458318851 due to insufficient space. Consider lowering eviction_high_watermark_ratio or mounting more segments.
W1008 11:18:39.141378 199214 client_service.cpp:2046] Failed to start put operation for key=prefetch_waitlease_62_1791458318851 due to insufficient space. Consider lowering eviction_high_watermark_ratio or mounting more segments.
W1008 11:18:39.145416 199214 client_service.cpp:2046] Failed to start put operation for key=prefetch_waitlease_63_1791458318851 due to insufficient space. Consider lowering eviction_high_watermark_ratio or mounting more segments.
W1008 11:18:39.149439 199214 client_service.cpp:2046] Failed to start put operation for key=prefetch_waitlease_64_1791458318851 due to insufficient space. Consider lowering eviction_high_watermark_ratio or mounting more segments.
W1008 11:18:39.153481 199214 client_service.cpp:2046] Failed to start put operation for key=prefetch_waitlease_65_1791458318851 due to insufficient space. Consider lowering eviction_high_watermark_ratio or mounting more segments.
W1008 11:18:39.157506 199214 client_service.cpp:2046] Failed to start put operation for key=prefetch_waitlease_66_1791458318851 due to insufficient space. Consider lowering eviction_high_watermark_ratio or mounting more segments.
W1008 11:18:39.161577 199214 client_service.cpp:2046] Failed to start put operation for key=prefetch_waitlease_67_1791458318851 due to insufficient space. Consider lowering eviction_high_watermark_ratio or mounting more segments.
W1008 11:18:39.165634 199214 client_service.cpp:2046] Failed to start put operation for key=prefetch_waitlease_68_1791458318851 due to insufficient space. Consider lowering eviction_high_watermark_ratio or mounting more segments.
W1008 11:18:39.169687 199214 client_service.cpp:2046] Failed to start put operation for key=prefetch_waitlease_69_1791458318851 due to insufficient space. Consider lowering eviction_high_watermark_ratio or mounting more segments.
W1008 11:18:39.173794 199214 client_service.cpp:2046] Failed to start put operation for key=prefetch_waitlease_70_1791458318851 due to insufficient space. Consider lowering eviction_high_watermark_ratio or mounting more segments.
W1008 11:18:39.177850 199214 client_service.cpp:2046] Failed to start put operation for key=prefetch_waitlease_71_1791458318851 due to insufficient space. Consider lowering eviction_high_watermark_ratio or mounting more segments.
W1008 11:18:39.181885 199214 client_service.cpp:2046] Failed to start put operation for key=prefetch_waitlease_72_1791458318851 due to insufficient space. Consider lowering eviction_high_watermark_ratio or mounting more segments.
W1008 11:18:39.185913 199214 client_service.cpp:2046] Failed to start put operation for key=prefetch_waitlease_73_1791458318851 due to insufficient space. Consider lowering eviction_high_watermark_ratio or mounting more segments.
W1008 11:18:39.189965 199214 client_service.cpp:2046] Failed to start put operation for key=prefetch_waitlease_74_1791458318851 due to insufficient space. Consider lowering eviction_high_watermark_ratio or mounting more segments.
W1008 11:18:39.194005 199214 client_service.cpp:2046] Failed to start put operation for key=prefetch_waitlease_75_1791458318851 due to insufficient space. Consider lowering eviction_high_watermark_ratio or mounting more segments.
W1008 11:18:39.198038 199214 client_service.cpp:2046] Failed to start put operation for key=prefetch_waitlease_76_1791458318851 due to insufficient space. Consider lowering eviction_high_watermark_ratio or mounting more segments.
W1008 11:18:39.202085 199214 client_service.cpp:2046] Failed to start put operation for key=prefetch_waitlease_77_1791458318851 due to insufficient space. Consider lowering eviction_high_watermark_ratio or mounting more segments.
W1008 11:18:39.206115 199214 client_service.cpp:2046] Failed to start put operation for key=prefetch_waitlease_78_1791458318851 due to insufficient space. Consider lowering eviction_high_watermark_ratio or mounting more segments.
W1008 11:18:39.210156 199214 client_service.cpp:2046] Failed to start put operation for key=prefetch_waitlease_79_1791458318851 due to insufficient space. Consider lowering eviction_high_watermark_ratio or mounting more segments.
W1008 11:18:39.214196 199214 client_service.cpp:2046] Failed to start put operation for key=prefetch_waitlease_80_1791458318851 due to insufficient space. Consider lowering eviction_high_watermark_ratio or mounting more segments.
W1008 11:18:39.218223 199214 client_service.cpp:2046] Failed to start put operation for key=prefetch_waitlease_81_1791458318851 due to insufficient space. Consider lowering eviction_high_watermark_ratio or mounting more segments.
W1008 11:18:39.222250 199214 client_service.cpp:2046] Failed to start put operation for key=prefetch_waitlease_82_1791458318851 due to insufficient space. Consider lowering eviction_high_watermark_ratio or mounting more segments.
W1008 11:18:39.226277 199214 client_service.cpp:2046] Failed to start put operation for key=prefetch_waitlease_83_1791458318851 due to insufficient space. Consider lowering eviction_high_watermark_ratio or mounting more segments.
W1008 11:18:39.230297 199214 client_service.cpp:2046] Failed to start put operation for key=prefetch_waitlease_84_1791458318851 due to insufficient space. Consider lowering eviction_high_watermark_ratio or mounting more segments.
W1008 11:18:39.234351 199214 client_service.cpp:2046] Failed to start put operation for key=prefetch_waitlease_85_1791458318851 due to insufficient space. Consider lowering eviction_high_watermark_ratio or mounting more segments.
W1008 11:18:39.238384 199214 client_service.cpp:2046] Failed to start put operation for key=prefetch_waitlease_86_1791458318851 due to insufficient space. Consider lowering eviction_high_watermark_ratio or mounting more segments.
W1008 11:18:39.242408 199214 client_service.cpp:2046] Failed to start put operation for key=prefetch_waitlease_87_1791458318851 due to insufficient space. Consider lowering eviction_high_watermark_ratio or mounting more segments.
W1008 11:18:39.246439 199214 client_service.cpp:2046] Failed to start put operation for key=prefetch_waitlease_88_1791458318851 due to insufficient space. Consider lowering eviction_high_watermark_ratio or mounting more segments.
W1008 11:18:39.250456 199214 client_service.cpp:2046] Failed to start put operation for key=prefetch_waitlease_89_1791458318851 due to insufficient space. Consider lowering eviction_high_watermark_ratio or mounting more segments.
W1008 11:18:39.254478 199214 client_service.cpp:2046] Failed to start put operation for key=prefetch_waitlease_90_1791458318851 due to insufficient space. Consider lowering eviction_high_watermark_ratio or mounting more segments.
W1008 11:18:39.258513 199214 client_service.cpp:2046] Failed to start put operation for key=prefetch_waitlease_91_1791458318851 due to insufficient space. Consider lowering eviction_high_watermark_ratio or mounting more segments.
W1008 11:18:39.262681 199214 client_service.cpp:2046] Failed to start put operation for key=prefetch_waitlease_92_1791458318851 due to insufficient space. Consider lowering eviction_high_watermark_ratio or mounting more segments.
W1008 11:18:39.266736 199214 client_service.cpp:2046] Failed to start put operation for key=prefetch_waitlease_93_1791458318851 due to insufficient space. Consider lowering eviction_high_watermark_ratio or mounting more segments.
W1008 11:18:39.271057 199214 client_service.cpp:2046] Failed to start put operation for key=prefetch_waitlease_94_1791458318851 due to insufficient space. Consider lowering eviction_high_watermark_ratio or mounting more segments.
W1008 11:18:39.275110 199214 client_service.cpp:2046] Failed to start put operation for key=prefetch_waitlease_95_1791458318851 due to insufficient space. Consider lowering eviction_high_watermark_ratio or mounting more segments.
waitlease probe 0: ['LOCAL_DISK', 'DISK']
replica-type histogram: ['LOCAL_DISK', 'DISK']
W1008 11:18:41.285660 199214 client_service.cpp:1956] lease_expired_before_data_transfer_completed key=prefetch_waitlease_big_1791458317311
E1008 11:18:41.285737 199214 real_client.cpp:7833] BatchGet failed for key 'prefetch_waitlease_big_1791458317311': LEASE_EXPIRED
batch_get results [-707]
FI1008 11:18:41.326252 199214 file_storage.cpp:118] Shutdown FileStorage...
I1008 11:18:42.375144 199451 file_storage.cpp:1295] action=client_buffer_gc_thread_stopped
I1008 11:18:42.375270 199214 aligned_client_buffer.cpp:161] AlignedClientBufferAllocator: freeing aligned memory at 0xfffb37fff000 (1342177280 bytes)

======================================================================
FAIL: test_get_wait_success_carries_live_lease (__main__.TestPrefetchOnExist.test_get_wait_success_carries_live_lease)
ssd_get_wait_ms > 0: a get that arrives while the promotion is
----------------------------------------------------------------------
Traceback (most recent call last):
  File "<home>/prefetch_916/src/Mooncake-r2/mooncake-wheel/tests/test_prefetch_on_exist.py", line 278, in test_get_wait_success_carries_live_lease
    self.assertEqual(
AssertionError: Lists differ: [-707] != [8388608]

First differing element 0:
-707
8388608

- [-707]
+ [8388608] : post-wait get must succeed; a forced-expired lease turns it into LEASE_EXPIRED

----------------------------------------------------------------------
Ran 3 tests in 19.502s

FAILED (failures=1)
=== metadata ===
2026-10-08 11:16:27,852 - root - INFO - HTTP Metadata Server started on <ip>:8080
2026-10-08 11:16:28,101 - aiohttp.access - INFO - <ip> [08/Oct/2026:11:16:28 +0000] "GET /metadata?key=mooncake%2Frpc_meta%2Flocalhost%3A12730 HTTP/1.1" 404 184 "-" "-"
2026-10-08 11:16:28,102 - aiohttp.access - INFO - <ip> [08/Oct/2026:11:16:28 +0000] "PUT /metadata?key=mooncake%2Frpc_meta%2Flocalhost%3A12730 HTTP/1.1" 200 175 "-" "-"
2026-10-08 11:16:28,102 - aiohttp.access - INFO - <ip> [08/Oct/2026:11:16:28 +0000] "GET /metadata?key=mooncake%2Fram%2Flocalhost%3A12730 HTTP/1.1" 404 184 "-" "-"
2026-10-08 11:16:28,103 - aiohttp.access - INFO - <ip> [08/Oct/2026:11:16:28 +0000] "GET /metadata?key=mooncake%2Fram%2Flocalhost%3A12730 HTTP/1.1" 404 184 "-" "-"
2026-10-08 11:16:28,104 - aiohttp.access - INFO - <ip> [08/Oct/2026:11:16:28 +0000] "PUT /metadata?key=mooncake%2Fram%2Flocalhost%3A12730 HTTP/1.1" 200 175 "-" "-"
2026-10-08 11:16:28,107 - aiohttp.access - INFO - <ip> [08/Oct/2026:11:16:28 +0000] "GET /metadata?key=mooncake%2Fram%2Flocalhost%3A12730 HTTP/1.1" 200 375 "-" "-"
2026-10-08 11:16:28,107 - aiohttp.access - INFO - <ip> [08/Oct/2026:11:16:28 +0000] "PUT /metadata?key=mooncake%2Fram%2Flocalhost%3A12730 HTTP/1.1" 200 175 "-" "-"
2026-10-08 11:16:28,108 - aiohttp.access - INFO - <ip> [08/Oct/2026:11:16:28 +0000] "GET /metadata?key=mooncake%2Fram%2Flocalhost%3A12730 HTTP/1.1" 200 443 "-" "-"
2026-10-08 11:16:28,109 - aiohttp.access - INFO - <ip> [08/Oct/2026:11:16:28 +0000] "PUT /metadata?key=mooncake%2Fram%2Flocalhost%3A12730 HTTP/1.1" 200 175 "-" "-"
2026-10-08 11:16:28,112 - aiohttp.access - INFO - <ip> [08/Oct/2026:11:16:28 +0000] "GET /metadata?key=mooncake%2Fram%2Flocalhost%3A12730 HTTP/1.1" 200 512 "-" "-"
2026-10-08 11:16:28,112 - aiohttp.access - INFO - <ip> [08/Oct/2026:11:16:28 +0000] "PUT /metadata?key=mooncake%2Fram%2Flocalhost%3A12730 HTTP/1.1" 200 175 "-" "-"
2026-10-08 11:16:28,113 - aiohttp.access - INFO - <ip> [08/Oct/2026:11:16:28 +0000] "GET /metadata?key=mooncake%2Frpc_meta%2Flocalhost%3A12730 HTTP/1.1" 200 231 "-" "-"
2026-10-08 11:16:38,109 - aiohttp.access - INFO - <ip> [08/Oct/2026:11:16:38 +0000] "GET /metadata?key=mooncake%2Fram%2Flocalhost%3A12730 HTTP/1.1" 200 512 "-" "-"
2026-10-08 11:16:38,110 - aiohttp.access - INFO - <ip> [08/Oct/2026:11:16:38 +0000] "PUT /metadata?key=mooncake%2Fram%2Flocalhost%3A12730 HTTP/1.1" 200 175 "-" "-"
2026-10-08 11:17:13,847 - aiohttp.access - INFO - <ip> [08/Oct/2026:11:17:13 +0000] "GET /metadata?key=mooncake%2Fram%2Flocalhost%3A12730 HTTP/1.1" 200 579 "-" "-"
2026-10-08 11:17:13,848 - aiohttp.access - INFO - <ip> [08/Oct/2026:11:17:13 +0000] "PUT /metadata?key=mooncake%2Fram%2Flocalhost%3A12730 HTTP/1.1" 200 175 "-" "-"
2026-10-08 11:17:39,420 - aiohttp.access - INFO - <ip> [08/Oct/2026:11:17:39 +0000] "GET /metadata?key=mooncake%2Fram%2Flocalhost%3A12730 HTTP/1.1" 200 512 "-" "-"
2026-10-08 11:17:39,421 - aiohttp.access - INFO - <ip> [08/Oct/2026:11:17:39 +0000] "PUT /metadata?key=mooncake%2Fram%2Flocalhost%3A12730 HTTP/1.1" 200 175 "-" "-"
2026-10-08 11:17:41,138 - aiohttp.access - INFO - <ip> [08/Oct/2026:11:17:41 +0000] "GET /metadata?key=mooncake%2Fram%2Flocalhost%3A12730 HTTP/1.1" 200 443 "-" "-"
2026-10-08 11:17:41,139 - aiohttp.access - INFO - <ip> [08/Oct/2026:11:17:41 +0000] "PUT /metadata?key=mooncake%2Fram%2Flocalhost%3A12730 HTTP/1.1" 200 175 "-" "-"
2026-10-08 11:17:41,144 - aiohttp.access - INFO - <ip> [08/Oct/2026:11:17:41 +0000] "DELETE /metadata?key=mooncake%2Frpc_meta%2Flocalhost%3A12730 HTTP/1.1" 200 175 "-" "-"
2026-10-08 11:17:41,145 - aiohttp.access - INFO - <ip> [08/Oct/2026:11:17:41 +0000] "DELETE /metadata?key=mooncake%2Fram%2Flocalhost%3A12730 HTTP/1.1" 200 175 "-" "-"
2026-10-08 11:17:43,140 - aiohttp.access - INFO - <ip> [08/Oct/2026:11:17:43 +0000] "GET /metadata?key=mooncake%2Frpc_meta%2Flocalhost%3A13279 HTTP/1.1" 404 184 "-" "-"
2026-10-08 11:17:43,140 - aiohttp.access - INFO - <ip> [08/Oct/2026:11:17:43 +0000] "PUT /metadata?key=mooncake%2Frpc_meta%2Flocalhost%3A13279 HTTP/1.1" 200 175 "-" "-"
2026-10-08 11:17:43,141 - aiohttp.access - INFO - <ip> [08/Oct/2026:11:17:43 +0000] "GET /metadata?key=mooncake%2Fram%2Flocalhost%3A13279 HTTP/1.1" 404 184 "-" "-"
2026-10-08 11:17:43,142 - aiohttp.access - INFO - <ip> [08/Oct/2026:11:17:43 +0000] "GET /metadata?key=mooncake%2Fram%2Flocalhost%3A13279 HTTP/1.1" 404 184 "-" "-"
2026-10-08 11:17:43,142 - aiohttp.access - INFO - <ip> [08/Oct/2026:11:17:43 +0000] "PUT /metadata?key=mooncake%2Fram%2Flocalhost%3A13279 HTTP/1.1" 200 175 "-" "-"
2026-10-08 11:17:43,146 - aiohttp.access - INFO - <ip> [08/Oct/2026:11:17:43 +0000] "GET /metadata?key=mooncake%2Fram%2Flocalhost%3A13279 HTTP/1.1" 200 375 "-" "-"
2026-10-08 11:17:43,146 - aiohttp.access - INFO - <ip> [08/Oct/2026:11:17:43 +0000] "PUT /metadata?key=mooncake%2Fram%2Flocalhost%3A13279 HTTP/1.1" 200 175 "-" "-"
2026-10-08 11:17:43,147 - aiohttp.access - INFO - <ip> [08/Oct/2026:11:17:43 +0000] "GET /metadata?key=mooncake%2Fram%2Flocalhost%3A13279 HTTP/1.1" 200 442 "-" "-"
2026-10-08 11:17:43,147 - aiohttp.access - INFO - <ip> [08/Oct/2026:11:17:43 +0000] "PUT /metadata?key=mooncake%2Fram%2Flocalhost%3A13279 HTTP/1.1" 200 175 "-" "-"
2026-10-08 11:17:43,150 - aiohttp.access - INFO - <ip> [08/Oct/2026:11:17:43 +0000] "GET /metadata?key=mooncake%2Fram%2Flocalhost%3A13279 HTTP/1.1" 200 510 "-" "-"
2026-10-08 11:17:43,151 - aiohttp.access - INFO - <ip> [08/Oct/2026:11:17:43 +0000] "PUT /metadata?key=mooncake%2Fram%2Flocalhost%3A13279 HTTP/1.1" 200 175 "-" "-"
2026-10-08 11:17:43,151 - aiohttp.access - INFO - <ip> [08/Oct/2026:11:17:43 +0000] "GET /metadata?key=mooncake%2Frpc_meta%2Flocalhost%3A13279 HTTP/1.1" 200 231 "-" "-"
2026-10-08 11:17:43,327 - aiohttp.access - INFO - <ip> [08/Oct/2026:11:17:43 +0000] "GET /metadata?key=mooncake%2Fram%2Flocalhost%3A13279 HTTP/1.1" 200 510 "-" "-"
2026-10-08 11:17:43,328 - aiohttp.access - INFO - <ip> [08/Oct/2026:11:17:43 +0000] "PUT /metadata?key=mooncake%2Fram%2Flocalhost%3A13279 HTTP/1.1" 200 175 "-" "-"
2026-10-08 11:18:09,339 - aiohttp.access - INFO - <ip> [08/Oct/2026:11:18:09 +0000] "GET /metadata?key=mooncake%2Fram%2Flocalhost%3A13279 HTTP/1.1" 200 580 "-" "-"
2026-10-08 11:18:09,340 - aiohttp.access - INFO - <ip> [08/Oct/2026:11:18:09 +0000] "PUT /metadata?key=mooncake%2Fram%2Flocalhost%3A13279 HTTP/1.1" 200 175 "-" "-"
2026-10-08 11:18:14,164 - aiohttp.access - INFO - <ip> [08/Oct/2026:11:18:14 +0000] "GET /metadata?key=mooncake%2Fram%2Flocalhost%3A13279 HTTP/1.1" 200 512 "-" "-"
2026-10-08 11:18:14,164 - aiohttp.access - INFO - <ip> [08/Oct/2026:11:18:14 +0000] "PUT /metadata?key=mooncake%2Fram%2Flocalhost%3A13279 HTTP/1.1" 200 175 "-" "-"
2026-10-08 11:18:14,166 - aiohttp.access - INFO - <ip> [08/Oct/2026:11:18:14 +0000] "DELETE /metadata?key=mooncake%2Frpc_meta%2Flocalhost%3A13279 HTTP/1.1" 200 175 "-" "-"
2026-10-08 11:18:14,166 - aiohttp.access - INFO - <ip> [08/Oct/2026:11:18:14 +0000] "DELETE /metadata?key=mooncake%2Fram%2Flocalhost%3A13279 HTTP/1.1" 200 175 "-" "-"
2026-10-08 11:18:14,916 - aiohttp.access - INFO - <ip> [08/Oct/2026:11:18:14 +0000] "GET /metadata?key=mooncake%2Frpc_meta%2Flocalhost%3A13735 HTTP/1.1" 404 184 "-" "-"
2026-10-08 11:18:14,917 - aiohttp.access - INFO - <ip> [08/Oct/2026:11:18:14 +0000] "PUT /metadata?key=mooncake%2Frpc_meta%2Flocalhost%3A13735 HTTP/1.1" 200 175 "-" "-"
2026-10-08 11:18:14,918 - aiohttp.access - INFO - <ip> [08/Oct/2026:11:18:14 +0000] "GET /metadata?key=mooncake%2Fram%2Flocalhost%3A13735 HTTP/1.1" 404 184 "-" "-"
2026-10-08 11:18:14,918 - aiohttp.access - INFO - <ip> [08/Oct/2026:11:18:14 +0000] "GET /metadata?key=mooncake%2Fram%2Flocalhost%3A13735 HTTP/1.1" 404 184 "-" "-"
2026-10-08 11:18:14,919 - aiohttp.access - INFO - <ip> [08/Oct/2026:11:18:14 +0000] "PUT /metadata?key=mooncake%2Fram%2Flocalhost%3A13735 HTTP/1.1" 200 175 "-" "-"
2026-10-08 11:18:14,922 - aiohttp.access - INFO - <ip> [08/Oct/2026:11:18:14 +0000] "GET /metadata?key=mooncake%2Fram%2Flocalhost%3A13735 HTTP/1.1" 200 375 "-" "-"
2026-10-08 11:18:14,922 - aiohttp.access - INFO - <ip> [08/Oct/2026:11:18:14 +0000] "PUT /metadata?key=mooncake%2Fram%2Flocalhost%3A13735 HTTP/1.1" 200 175 "-" "-"
2026-10-08 11:18:14,923 - aiohttp.access - INFO - <ip> [08/Oct/2026:11:18:14 +0000] "GET /metadata?key=mooncake%2Fram%2Flocalhost%3A13735 HTTP/1.1" 200 442 "-" "-"
2026-10-08 11:18:14,923 - aiohttp.access - INFO - <ip> [08/Oct/2026:11:18:14 +0000] "PUT /metadata?key=mooncake%2Fram%2Flocalhost%3A13735 HTTP/1.1" 200 175 "-" "-"
2026-10-08 11:18:14,925 - aiohttp.access - INFO - <ip> [08/Oct/2026:11:18:14 +0000] "GET /metadata?key=mooncake%2Fram%2Flocalhost%3A13735 HTTP/1.1" 200 510 "-" "-"
2026-10-08 11:18:14,926 - aiohttp.access - INFO - <ip> [08/Oct/2026:11:18:14 +0000] "PUT /metadata?key=mooncake%2Fram%2Flocalhost%3A13735 HTTP/1.1" 200 175 "-" "-"
2026-10-08 11:18:14,926 - aiohttp.access - INFO - <ip> [08/Oct/2026:11:18:14 +0000] "GET /metadata?key=mooncake%2Frpc_meta%2Flocalhost%3A13735 HTTP/1.1" 200 231 "-" "-"
2026-10-08 11:18:15,103 - aiohttp.access - INFO - <ip> [08/Oct/2026:11:18:15 +0000] "GET /metadata?key=mooncake%2Fram%2Flocalhost%3A13735 HTTP/1.1" 200 510 "-" "-"
2026-10-08 11:18:15,104 - aiohttp.access - INFO - <ip> [08/Oct/2026:11:18:15 +0000] "PUT /metadata?key=mooncake%2Fram%2Flocalhost%3A13735 HTTP/1.1" 200 175 "-" "-"
2026-10-08 11:18:20,561 - aiohttp.access - INFO - <ip> [08/Oct/2026:11:18:20 +0000] "GET /metadata?key=mooncake%2Fram%2Flocalhost%3A13735 HTTP/1.1" 200 580 "-" "-"
2026-10-08 11:18:20,562 - aiohttp.access - INFO - <ip> [08/Oct/2026:11:18:20 +0000] "PUT /metadata?key=mooncake%2Fram%2Flocalhost%3A13735 HTTP/1.1" 200 175 "-" "-"
2026-10-08 11:18:23,929 - aiohttp.access - INFO - <ip> [08/Oct/2026:11:18:23 +0000] "GET /metadata?key=mooncake%2Fram%2Flocalhost%3A13735 HTTP/1.1" 200 512 "-" "-"
2026-10-08 11:18:23,929 - aiohttp.access - INFO - <ip> [08/Oct/2026:11:18:23 +0000] "PUT /metadata?key=mooncake%2Fram%2Flocalhost%3A13735 HTTP/1.1" 200 175 "-" "-"
2026-10-08 11:18:23,930 - aiohttp.access - INFO - <ip> [08/Oct/2026:11:18:23 +0000] "DELETE /metadata?key=mooncake%2Frpc_meta%2Flocalhost%3A13735 HTTP/1.1" 200 175 "-" "-"
2026-10-08 11:18:23,931 - aiohttp.access - INFO - <ip> [08/Oct/2026:11:18:23 +0000] "DELETE /metadata?key=mooncake%2Fram%2Flocalhost%3A13735 HTTP/1.1" 200 175 "-" "-"
2026-10-08 11:18:25,180 - aiohttp.access - INFO - <ip> [08/Oct/2026:11:18:25 +0000] "GET /metadata?key=mooncake%2Frpc_meta%2F127.0.0.1%3A12839 HTTP/1.1" 404 184 "-" "-"
2026-10-08 11:18:25,181 - aiohttp.access - INFO - <ip> [08/Oct/2026:11:18:25 +0000] "PUT /metadata?key=mooncake%2Frpc_meta%2F127.0.0.1%3A12839 HTTP/1.1" 200 175 "-" "-"
2026-10-08 11:18:25,182 - aiohttp.access - INFO - <ip> [08/Oct/2026:11:18:25 +0000] "GET /metadata?key=mooncake%2Fram%2F127.0.0.1%3A12839 HTTP/1.1" 404 184 "-" "-"
2026-10-08 11:18:25,182 - aiohttp.access - INFO - <ip> [08/Oct/2026:11:18:25 +0000] "GET /metadata?key=mooncake%2Fram%2F127.0.0.1%3A12839 HTTP/1.1" 404 184 "-" "-"
2026-10-08 11:18:25,183 - aiohttp.access - INFO - <ip> [08/Oct/2026:11:18:25 +0000] "PUT /metadata?key=mooncake%2Fram%2F127.0.0.1%3A12839 HTTP/1.1" 200 175 "-" "-"
2026-10-08 11:18:25,186 - aiohttp.access - INFO - <ip> [08/Oct/2026:11:18:25 +0000] "GET /metadata?key=mooncake%2Fram%2F127.0.0.1%3A12839 HTTP/1.1" 200 375 "-" "-"
2026-10-08 11:18:25,186 - aiohttp.access - INFO - <ip> [08/Oct/2026:11:18:25 +0000] "PUT /metadata?key=mooncake%2Fram%2F127.0.0.1%3A12839 HTTP/1.1" 200 175 "-" "-"
2026-10-08 11:18:25,187 - aiohttp.access - INFO - <ip> [08/Oct/2026:11:18:25 +0000] "GET /metadata?key=mooncake%2Fram%2F127.0.0.1%3A12839 HTTP/1.1" 200 442 "-" "-"
2026-10-08 11:18:25,187 - aiohttp.access - INFO - <ip> [08/Oct/2026:11:18:25 +0000] "PUT /metadata?key=mooncake%2Fram%2F127.0.0.1%3A12839 HTTP/1.1" 200 175 "-" "-"
2026-10-08 11:18:25,191 - aiohttp.access - INFO - <ip> [08/Oct/2026:11:18:25 +0000] "GET /metadata?key=mooncake%2Fram%2F127.0.0.1%3A12839 HTTP/1.1" 200 510 "-" "-"
2026-10-08 11:18:25,191 - aiohttp.access - INFO - <ip> [08/Oct/2026:11:18:25 +0000] "PUT /metadata?key=mooncake%2Fram%2F127.0.0.1%3A12839 HTTP/1.1" 200 175 "-" "-"
2026-10-08 11:18:25,192 - aiohttp.access - INFO - <ip> [08/Oct/2026:11:18:25 +0000] "GET /metadata?key=mooncake%2Frpc_meta%2F127.0.0.1%3A12839 HTTP/1.1" 200 231 "-" "-"
2026-10-08 11:18:25,368 - aiohttp.access - INFO - <ip> [08/Oct/2026:11:18:25 +0000] "GET /metadata?key=mooncake%2Fram%2F127.0.0.1%3A12839 HTTP/1.1" 200 510 "-" "-"
2026-10-08 11:18:25,369 - aiohttp.access - INFO - <ip> [08/Oct/2026:11:18:25 +0000] "PUT /metadata?key=mooncake%2Fram%2F127.0.0.1%3A12839 HTTP/1.1" 200 175 "-" "-"
2026-10-08 11:18:41,279 - aiohttp.access - INFO - <ip> [08/Oct/2026:11:18:41 +0000] "GET /metadata?key=mooncake%2Fram%2F127.0.0.1%3A12839 HTTP/1.1" 200 580 "-" "-"
2026-10-08 11:18:41,280 - aiohttp.access - INFO - <ip> [08/Oct/2026:11:18:41 +0000] "PUT /metadata?key=mooncake%2Fram%2F127.0.0.1%3A12839 HTTP/1.1" 200 175 "-" "-"
2026-10-08 11:18:41,287 - aiohttp.access - INFO - <ip> [08/Oct/2026:11:18:41 +0000] "GET /metadata?key=mooncake%2Fram%2F127.0.0.1%3A12839 HTTP/1.1" 200 647 "-" "-"
2026-10-08 11:18:41,287 - aiohttp.access - INFO - <ip> [08/Oct/2026:11:18:41 +0000] "PUT /metadata?key=mooncake%2Fram%2F127.0.0.1%3A12839 HTTP/1.1" 200 175 "-" "-"
2026-10-08 11:18:41,289 - aiohttp.access - INFO - <ip> [08/Oct/2026:11:18:41 +0000] "GET /metadata?key=mooncake%2Fram%2F127.0.0.1%3A12839 HTTP/1.1" 200 580 "-" "-"
2026-10-08 11:18:41,290 - aiohttp.access - INFO - <ip> [08/Oct/2026:11:18:41 +0000] "PUT /metadata?key=mooncake%2Fram%2F127.0.0.1%3A12839 HTTP/1.1" 200 175 "-" "-"
2026-10-08 11:18:44,204 - aiohttp.access - INFO - <ip> [08/Oct/2026:11:18:44 +0000] "GET /metadata?key=mooncake%2Fram%2F127.0.0.1%3A12839 HTTP/1.1" 200 512 "-" "-"
2026-10-08 11:18:44,204 - aiohttp.access - INFO - <ip> [08/Oct/2026:11:18:44 +0000] "PUT /metadata?key=mooncake%2Fram%2F127.0.0.1%3A12839 HTTP/1.1" 200 175 "-" "-"
2026-10-08 11:18:44,206 - aiohttp.access - INFO - <ip> [08/Oct/2026:11:18:44 +0000] "DELETE /metadata?key=mooncake%2Frpc_meta%2F127.0.0.1%3A12839 HTTP/1.1" 200 175 "-" "-"
2026-10-08 11:18:44,206 - aiohttp.access - INFO - <ip> [08/Oct/2026:11:18:44 +0000] "DELETE /metadata?key=mooncake%2Fram%2F127.0.0.1%3A12839 HTTP/1.1" 200 175 "-" "-"
2026-10-08 11:18:44,984 - root - INFO - Shutting down...
2026-10-08 11:18:44,985 - root - INFO - Stopping server loop...
2026-10-08 11:18:44,985 - root - INFO - Server thread stopped
=== ssd ===
WARNING: Logging before InitGoogleLogging() is written to STDERR
I1008 11:16:27.904023 192285 master.cpp:1548] Mooncake master version: 0.3.13 (git: af797e8e9)
I1008 11:16:27.904275 192285 master.cpp:1683] Master service started on port 50051, max_threads=16, enable_metric_reporting=1, metrics_port=9003, metrics_host=<ip>, default_kv_lease_ttl=500, default_kv_soft_pin_ttl=1800000, max_kv_soft_pin_ttl=86400000, allow_evict_soft_pinned_objects=1, eviction_ratio=0.05, eviction_high_watermark_ratio=0.9, tenant_eviction_high_watermark_ratio=0.9, enable_ha=0, enable_oplog=0, weight_management_oplog_capability_confirmed=0, enable_oplog_snapshot=0, snapshot_chunk_object_count=1000000, enable_offload=0, enable_kv_events=0, kv_events_bind_endpoint=, kv_events_backend_id=, offload_on_evict=0, offload_force_evict=0, offloading_queue_limit=50000, offload_cap_ratio=0.5, ha_backend_type=etcd, ha_backend_connstring=, etcd_endpoints=, client_active_ttl_sec=10, client_suspicion_ttl_sec=20, rpc_thread_num=16, rpc_port=50051, rpc_address=<ip>, rpc_interface=, rpc_conn_timeout_seconds=0, rpc_enable_tcp_no_delay=1, rpc protocol=tcp, cluster_id=mooncake_cluster, root_fs_dir=/tmp/mooncake_ci_ssd_offload, global_file_segment_size=9223372036854775807, memory_allocator=offset, enable_http_metadata_server=0, http_metadata_server_port=8080, http_metadata_server_host=<ip>, enable_metadata_cleanup_on_timeout=0, put_start_discard_timeout_sec=30, put_start_release_timeout_sec=600, max_total_finished_tasks=10000, max_total_pending_tasks=10000, max_total_processing_tasks=10000, pending_task_timeout_sec=300, processing_task_timeout_sec=300, enable_snapshot=0, enable_snapshot_restore=0, snapshot_interval_seconds=600, snapshot_backup_dir=, snapshot_object_store_type=, snapshot_catalog_store_type=, snapshot_retention_count=2, max_retry_attempts=10, enable_cxl=0, cxl_path=/dev/dax0.0, cxl_size=8589934592
I1008 11:16:27.904989 192288 client_offboarding.cpp:94] Client offboarding worker started
I1008 11:16:27.905267 192291 master_service.cpp:3096] Task cleanup thread started
I1008 11:16:27.907878 192285 master_admin_service.cpp:324] Master admin server started on port 9003
I1008 11:16:27.908334 192296 master_admin_service.cpp:315] Master Admin Metrics: role=leader, state=serving, service_ready=false, master={Mem Storage: 0 B / 0 B | NVMe-oF SSD: 0 B / 0 B | SSD Storage: 0 B / infinite | Keys: 0 (soft-pinned: 0) | Clients: 0 | Requests (Success/Total per sec): PutStart=0.00/0.00, PutEnd=0.00/0.00, PutRevoke=0.00/0.00, Get=0.00/0.00, Exist=0.00/0.00, Del=0.00/0.00, DelAll=0.00/0.00, Ping=0.00/0.00, CopyStart=0.00/0.00, CopyEnd=0.00/0.00, CopyRevoke=0.00/0.00, MoveStart=0.00/0.00, MoveEnd=0.00/0.00, MoveRevoke=0.00/0.00, EvictDiskReplica=0.00/0.00 | Batch Requests (per sec, Req=Success/PartialSuccess/Total, Item=Success/Total): PutStart:(Req=0.00/0.00/0.00, Item=0.00/0.00), PutEnd:(Req=0.00/0.00/0.00, Item=0.00/0.00), PutRevoke:(Req=0.00/0.00/0.00, Item=0.00/0.00), Get:(Req=0.00/0.00/0.00, Item=0.00/0.00), ExistKey:(Req=0.00/0.00/0.00, Item=0.00/0.00), QueryIp:(Req=0.00/0.00/0.00, Item=0.00/0.00), Clear:(Req=0.00/0.00/0.00, Item=0.00/0.00), CreateMoveTask:(Req=0.00/0.00), CreateCopyTask:(Req=0.00/0.00), QueryTask:(Req=0.00/0.00), FetchTasks:(Req=0.00/0.00), MarkTaskToComplete:(Req=0.00/0.00) | Eviction: Success/Attempts=0/0, AllocFail=0, PartialAlloc=0, keys=0, size=0 B | Mem Eviction: Success/Attempts=0/0, keys=0, size=0 B | NoF Eviction: Success/Attempts=0/0, keys=0, size=0 B | Discard: Released/Total=0/0, StagingSize=0 B | Promotion: in_flight=0, admitted=0, completed=0, failed=0, cancelled=0, expired=0, bytes=0 B, rejected(freq/wm/cap)=0/0/0 | Snapshots: Success=0, Fail=0}, ha={HA Metrics Summary: last_seq=0, applied_seq=0, lag=0, pending=0, mutation_queue=0, batch_commits=0, sync_commits=0, skipped=0, checksum_fail=0, etcd_fail=0, watch_disconn=0, state=0, writer_accepting=false, writer_retry_count=0, writer_retry_delay_ms=0, writer_waiting_slots=0, writer_committed_queue=0, writer_callback_queue=0, writer_durable_batch=0, writer_durable_seq=0, writer_last_error=0}
I1008 11:16:28.109145 192304 master_service.cpp:914] client_id=2829200763483813400-15674304473654646719, action=mount_segment, segment_name=localhost:12730
W1008 11:16:28.110754 192304 segment.cpp:333] segment_name=localhost:12730, warn=segment_already_exists
I1008 11:16:30.420478 192289 master_service.cpp:10619] [EVICT-TRIGGER] memory_ratio=0.900391 high_watermark=0.9 need_mem_eviction=0 eviction_ratio=0.05
I1008 11:16:30.424243 192289 master_service.cpp:12526] [EVICT-RESULT] evicted_count=24, eviction_base=461, actual_evict_ratio=0.0520607, target_evict_ratio=0.0503906
I1008 11:16:30.424288 192289 master_service.cpp:10630] [EVICT-DONE] BatchEvict execution completed.
I1008 11:16:30.544983 192289 master_service.cpp:10619] [EVICT-TRIGGER] memory_ratio=0.902344 high_watermark=0.9 need_mem_eviction=0 eviction_ratio=0.05
I1008 11:16:30.547971 192289 master_service.cpp:12526] [EVICT-RESULT] evicted_count=25, eviction_base=462, actual_evict_ratio=0.0541126, target_evict_ratio=0.0523437
I1008 11:16:30.548004 192289 master_service.cpp:10630] [EVICT-DONE] BatchEvict execution completed.
I1008 11:16:30.658633 192289 master_service.cpp:10619] [EVICT-TRIGGER] memory_ratio=0.900391 high_watermark=0.9 need_mem_eviction=0 eviction_ratio=0.05
I1008 11:16:30.661607 192289 master_service.cpp:12526] [EVICT-RESULT] evicted_count=24, eviction_base=461, actual_evict_ratio=0.0520607, target_evict_ratio=0.0503906
I1008 11:16:30.661641 192289 master_service.cpp:10630] [EVICT-DONE] BatchEvict execution completed.
I1008 11:16:30.782328 192289 master_service.cpp:10619] [EVICT-TRIGGER] memory_ratio=0.900391 high_watermark=0.9 need_mem_eviction=0 eviction_ratio=0.05
I1008 11:16:30.785279 192289 master_service.cpp:12526] [EVICT-RESULT] evicted_count=24, eviction_base=461, actual_evict_ratio=0.0520607, target_evict_ratio=0.0503906
I1008 11:16:30.785310 192289 master_service.cpp:10630] [EVICT-DONE] BatchEvict execution completed.
I1008 11:16:30.905997 192289 master_service.cpp:10619] [EVICT-TRIGGER] memory_ratio=0.902344 high_watermark=0.9 need_mem_eviction=0 eviction_ratio=0.05
I1008 11:16:30.908911 192289 master_service.cpp:12526] [EVICT-RESULT] evicted_count=25, eviction_base=462, actual_evict_ratio=0.0541126, target_evict_ratio=0.0523437
I1008 11:16:30.908942 192289 master_service.cpp:10630] [EVICT-DONE] BatchEvict execution completed.
I1008 11:16:31.029629 192289 master_service.cpp:10619] [EVICT-TRIGGER] memory_ratio=0.902344 high_watermark=0.9 need_mem_eviction=0 eviction_ratio=0.05
I1008 11:16:31.032569 192289 master_service.cpp:12526] [EVICT-RESULT] evicted_count=25, eviction_base=462, actual_evict_ratio=0.0541126, target_evict_ratio=0.0523437
I1008 11:16:31.032605 192289 master_service.cpp:10630] [EVICT-DONE] BatchEvict execution completed.
I1008 11:16:31.143237 192289 master_service.cpp:10619] [EVICT-TRIGGER] memory_ratio=0.900391 high_watermark=0.9 need_mem_eviction=0 eviction_ratio=0.05
I1008 11:16:31.146113 192289 master_service.cpp:12526] [EVICT-RESULT] evicted_count=24, eviction_base=461, actual_evict_ratio=0.0520607, target_evict_ratio=0.0503906
I1008 11:16:31.146144 192289 master_service.cpp:10630] [EVICT-DONE] BatchEvict execution completed.
I1008 11:16:31.266830 192289 master_service.cpp:10619] [EVICT-TRIGGER] memory_ratio=0.904297 high_watermark=0.9 need_mem_eviction=0 eviction_ratio=0.05
I1008 11:16:31.269726 192289 master_service.cpp:12526] [EVICT-RESULT] evicted_count=26, eviction_base=463, actual_evict_ratio=0.0561555, target_evict_ratio=0.0542969
I1008 11:16:31.269757 192289 master_service.cpp:10630] [EVICT-DONE] BatchEvict execution completed.
I1008 11:16:31.390446 192289 master_service.cpp:10619] [EVICT-TRIGGER] memory_ratio=0.902344 high_watermark=0.9 need_mem_eviction=0 eviction_ratio=0.05
I1008 11:16:31.393296 192289 master_service.cpp:12526] [EVICT-RESULT] evicted_count=25, eviction_base=462, actual_evict_ratio=0.0541126, target_evict_ratio=0.0523437
I1008 11:16:31.393328 192289 master_service.cpp:10630] [EVICT-DONE] BatchEvict execution completed.
I1008 11:16:31.503958 192289 master_service.cpp:10619] [EVICT-TRIGGER] memory_ratio=0.900391 high_watermark=0.9 need_mem_eviction=0 eviction_ratio=0.05
I1008 11:16:31.506793 192289 master_service.cpp:12526] [EVICT-RESULT] evicted_count=24, eviction_base=461, actual_evict_ratio=0.0520607, target_evict_ratio=0.0503906
I1008 11:16:31.506824 192289 master_service.cpp:10630] [EVICT-DONE] BatchEvict execution completed.
I1008 11:16:31.627508 192289 master_service.cpp:10619] [EVICT-TRIGGER] memory_ratio=0.902344 high_watermark=0.9 need_mem_eviction=0 eviction_ratio=0.05
I1008 11:16:31.630400 192289 master_service.cpp:12526] [EVICT-RESULT] evicted_count=25, eviction_base=462, actual_evict_ratio=0.0541126, target_evict_ratio=0.0523437
I1008 11:16:31.630432 192289 master_service.cpp:10630] [EVICT-DONE] BatchEvict execution completed.
I1008 11:16:31.751127 192289 master_service.cpp:10619] [EVICT-TRIGGER] memory_ratio=0.904297 high_watermark=0.9 need_mem_eviction=0 eviction_ratio=0.05
I1008 11:16:31.754065 192289 master_service.cpp:12526] [EVICT-RESULT] evicted_count=26, eviction_base=463, actual_evict_ratio=0.0561555, target_evict_ratio=0.0542969
I1008 11:16:31.754096 192289 master_service.cpp:10630] [EVICT-DONE] BatchEvict execution completed.
I1008 11:16:31.874782 192289 master_service.cpp:10619] [EVICT-TRIGGER] memory_ratio=0.902344 high_watermark=0.9 need_mem_eviction=0 eviction_ratio=0.05
I1008 11:16:31.877650 192289 master_service.cpp:12526] [EVICT-RESULT] evicted_count=25, eviction_base=462, actual_evict_ratio=0.0541126, target_evict_ratio=0.0523437
I1008 11:16:31.877681 192289 master_service.cpp:10630] [EVICT-DONE] BatchEvict execution completed.
I1008 11:16:31.988315 192289 master_service.cpp:10619] [EVICT-TRIGGER] memory_ratio=0.900391 high_watermark=0.9 need_mem_eviction=0 eviction_ratio=0.05
I1008 11:16:31.991001 192289 master_service.cpp:12526] [EVICT-RESULT] evicted_count=24, eviction_base=461, actual_evict_ratio=0.0520607, target_evict_ratio=0.0503906
I1008 11:16:31.991032 192289 master_service.cpp:10630] [EVICT-DONE] BatchEvict execution completed.
I1008 11:16:32.121755 192289 master_service.cpp:10619] [EVICT-TRIGGER] memory_ratio=0.902344 high_watermark=0.9 need_mem_eviction=0 eviction_ratio=0.05
I1008 11:16:32.124699 192289 master_service.cpp:12526] [EVICT-RESULT] evicted_count=25, eviction_base=462, actual_evict_ratio=0.0541126, target_evict_ratio=0.0523437
I1008 11:16:32.124738 192289 master_service.cpp:10630] [EVICT-DONE] BatchEvict execution completed.
I1008 11:16:32.255475 192289 master_service.cpp:10619] [EVICT-TRIGGER] memory_ratio=0.902344 high_watermark=0.9 need_mem_eviction=0 eviction_ratio=0.05
I1008 11:16:32.258101 192289 master_service.cpp:12526] [EVICT-RESULT] evicted_count=25, eviction_base=462, actual_evict_ratio=0.0541126, target_evict_ratio=0.0523437
I1008 11:16:32.258134 192289 master_service.cpp:10630] [EVICT-DONE] BatchEvict execution completed.
I1008 11:16:32.378827 192289 master_service.cpp:10619] [EVICT-TRIGGER] memory_ratio=0.900391 high_watermark=0.9 need_mem_eviction=0 eviction_ratio=0.05
I1008 11:16:32.381479 192289 master_service.cpp:12526] [EVICT-RESULT] evicted_count=24, eviction_base=461, actual_evict_ratio=0.0520607, target_evict_ratio=0.0503906
I1008 11:16:32.381510 192289 master_service.cpp:10630] [EVICT-DONE] BatchEvict execution completed.
I1008 11:16:32.502208 192289 master_service.cpp:10619] [EVICT-TRIGGER] memory_ratio=0.900391 high_watermark=0.9 need_mem_eviction=0 eviction_ratio=0.05
I1008 11:16:32.504926 192289 master_service.cpp:12526] [EVICT-RESULT] evicted_count=24, eviction_base=461, actual_evict_ratio=0.0520607, target_evict_ratio=0.0503906
I1008 11:16:32.504958 192289 master_service.cpp:10630] [EVICT-DONE] BatchEvict execution completed.
I1008 11:16:32.635704 192289 master_service.cpp:10619] [EVICT-TRIGGER] memory_ratio=0.902344 high_watermark=0.9 need_mem_eviction=0 eviction_ratio=0.05
I1008 11:16:32.638427 192289 master_service.cpp:12526] [EVICT-RESULT] evicted_count=25, eviction_base=462, actual_evict_ratio=0.0541126, target_evict_ratio=0.0523437
I1008 11:16:32.638461 192289 master_service.cpp:10630] [EVICT-DONE] BatchEvict execution completed.
I1008 11:16:32.759162 192289 master_service.cpp:10619] [EVICT-TRIGGER] memory_ratio=0.900391 high_watermark=0.9 need_mem_eviction=0 eviction_ratio=0.05
I1008 11:16:32.761827 192289 master_service.cpp:12526] [EVICT-RESULT] evicted_count=24, eviction_base=461, actual_evict_ratio=0.0520607, target_evict_ratio=0.0503906
I1008 11:16:32.761859 192289 master_service.cpp:10630] [EVICT-DONE] BatchEvict execution completed.
I1008 11:16:32.872493 192289 master_service.cpp:10619] [EVICT-TRIGGER] memory_ratio=0.900391 high_watermark=0.9 need_mem_eviction=0 eviction_ratio=0.05
I1008 11:16:32.875221 192289 master_service.cpp:12526] [EVICT-RESULT] evicted_count=24, eviction_base=461, actual_evict_ratio=0.0520607, target_evict_ratio=0.0503906
I1008 11:16:32.875252 192289 master_service.cpp:10630] [EVICT-DONE] BatchEvict execution completed.
I1008 11:16:32.995944 192289 master_service.cpp:10619] [EVICT-TRIGGER] memory_ratio=0.902344 high_watermark=0.9 need_mem_eviction=0 eviction_ratio=0.05
I1008 11:16:32.999907 192289 master_service.cpp:12526] [EVICT-RESULT] evicted_count=25, eviction_base=462, actual_evict_ratio=0.0541126, target_evict_ratio=0.0523437
I1008 11:16:32.999943 192289 master_service.cpp:10630] [EVICT-DONE] BatchEvict execution completed.
I1008 11:16:37.908717 192296 master_admin_service.cpp:315] Master Admin Metrics: role=leader, state=serving, service_ready=true, master={Mem Storage: 458.00 MB / 512.00 MB (89.5%) | NVMe-oF SSD: 0 B / 0 B | SSD Storage: 1000.00 MB / infinite | Keys: 1000 (soft-pinned: 0) | Clients: 1 | Requests (Success/Total per sec): PutStart=99.99/99.99, PutEnd=199.99/199.99, PutRevoke=0.00/0.00, Get=0.00/0.00, Exist=0.00/0.00, Del=0.00/0.00, DelAll=0.00/0.00, Ping=1.00/1.00, CopyStart=0.00/0.00, CopyEnd=0.00/0.00, CopyRevoke=0.00/0.00, MoveStart=0.00/0.00, MoveEnd=0.00/0.00, MoveRevoke=0.00/0.00, EvictDiskReplica=0.00/0.00 | Batch Requests (per sec, Req=Success/PartialSuccess/Total, Item=Success/Total): PutStart:(Req=0.00/0.00/0.00, Item=0.00/0.00), PutEnd:(Req=0.00/0.00/0.00, Item=0.00/0.00), PutRevoke:(Req=0.00/0.00/0.00, Item=0.00/0.00), Get:(Req=0.00/0.00/0.00, Item=0.00/0.00), ExistKey:(Req=0.00/0.00/0.00, Item=0.00/0.00), QueryIp:(Req=0.00/0.00/0.00, Item=0.00/0.00), Clear:(Req=0.00/0.00/0.00, Item=0.00/0.00), CreateMoveTask:(Req=0.00/0.00), CreateCopyTask:(Req=0.00/0.00), QueryTask:(Req=0.00/0.00), FetchTasks:(Req=1.00/1.00), MarkTaskToComplete:(Req=0.00/0.00) | Eviction: Success/Attempts=22/22, AllocFail=0, PartialAlloc=0, keys=542, size=542.00 MB | Mem Eviction: Success/Attempts=22/22, keys=542, size=542.00 MB | NoF Eviction: Success/Attempts=0/0, keys=0, size=0 B | Discard: Released/Total=0/0, StagingSize=0 B | Promotion: in_flight=0, admitted=0, completed=0, failed=0, cancelled=0, expired=0, bytes=0 B, rejected(freq/wm/cap)=0/0/0 | Snapshots: Success=0, Fail=0}, ha={HA Metrics Summary: last_seq=0, applied_seq=0, lag=0, pending=0, mutation_queue=0, batch_commits=0, sync_commits=0, skipped=0, checksum_fail=0, etcd_fail=0, watch_disconn=0, state=0, writer_accepting=false, writer_retry_count=0, writer_retry_delay_ms=0, writer_waiting_slots=0, writer_committed_queue=0, writer_callback_queue=0, writer_durable_batch=0, writer_durable_seq=0, writer_last_error=0}
I1008 11:16:47.909075 192296 master_admin_service.cpp:315] Master Admin Metrics: role=leader, state=serving, service_ready=true, master={Mem Storage: 458.00 MB / 512.00 MB (89.5%) | NVMe-oF SSD: 0 B / 0 B | SSD Storage: 1000.00 MB / infinite | Keys: 1000 (soft-pinned: 0) | Clients: 1 | Requests (Success/Total per sec): PutStart=0.00/0.00, PutEnd=0.00/0.00, PutRevoke=0.00/0.00, Get=0.00/0.00, Exist=0.00/0.00, Del=0.00/0.00, DelAll=0.00/0.00, Ping=1.00/1.00, CopyStart=0.00/0.00, CopyEnd=0.00/0.00, CopyRevoke=0.00/0.00, MoveStart=0.00/0.00, MoveEnd=0.00/0.00, MoveRevoke=0.00/0.00, EvictDiskReplica=0.00/0.00 | Batch Requests (per sec, Req=Success/PartialSuccess/Total, Item=Success/Total): PutStart:(Req=0.00/0.00/0.00, Item=0.00/0.00), PutEnd:(Req=0.00/0.00/0.00, Item=0.00/0.00), PutRevoke:(Req=0.00/0.00/0.00, Item=0.00/0.00), Get:(Req=6.90/0.00/6.90, Item=27.60/27.60), ExistKey:(Req=0.00/0.00/0.00, Item=0.00/0.00), QueryIp:(Req=0.00/0.00/0.00, Item=0.00/0.00), Clear:(Req=0.00/0.00/0.00, Item=0.00/0.00), CreateMoveTask:(Req=0.00/0.00), CreateCopyTask:(Req=0.00/0.00), QueryTask:(Req=0.00/0.00), FetchTasks:(Req=1.00/1.00), MarkTaskToComplete:(Req=0.00/0.00) | Eviction: Success/Attempts=22/22, AllocFail=0, PartialAlloc=0, keys=542, size=542.00 MB | Mem Eviction: Success/Attempts=22/22, keys=542, size=542.00 MB | NoF Eviction: Success/Attempts=0/0, keys=0, size=0 B | Discard: Released/Total=0/0, StagingSize=0 B | Promotion: in_flight=0, admitted=0, completed=0, failed=0, cancelled=0, expired=0, bytes=0 B, rejected(freq/wm/cap)=0/0/0 | Snapshots: Success=0, Fail=0}, ha={HA Metrics Summary: last_seq=0, applied_seq=0, lag=0, pending=0, mutation_queue=0, batch_commits=0, sync_commits=0, skipped=0, checksum_fail=0, etcd_fail=0, watch_disconn=0, state=0, writer_accepting=false, writer_retry_count=0, writer_retry_delay_ms=0, writer_waiting_slots=0, writer_committed_queue=0, writer_callback_queue=0, writer_durable_batch=0, writer_durable_seq=0, writer_last_error=0}
I1008 11:16:57.909493 192296 master_admin_service.cpp:315] Master Admin Metrics: role=leader, state=serving, service_ready=true, master={Mem Storage: 458.00 MB / 512.00 MB (89.5%) | NVMe-oF SSD: 0 B / 0 B | SSD Storage: 1000.00 MB / infinite | Keys: 1000 (soft-pinned: 0) | Clients: 1 | Requests (Success/Total per sec): PutStart=0.00/0.00, PutEnd=0.00/0.00, PutRevoke=0.00/0.00, Get=0.00/0.00, Exist=0.00/0.00, Del=0.00/0.00, DelAll=0.00/0.00, Ping=1.00/1.00, CopyStart=0.00/0.00, CopyEnd=0.00/0.00, CopyRevoke=0.00/0.00, MoveStart=0.00/0.00, MoveEnd=0.00/0.00, MoveRevoke=0.00/0.00, EvictDiskReplica=0.00/0.00 | Batch Requests (per sec, Req=Success/PartialSuccess/Total, Item=Success/Total): PutStart:(Req=0.00/0.00/0.00, Item=0.00/0.00), PutEnd:(Req=0.00/0.00/0.00, Item=0.00/0.00), PutRevoke:(Req=0.00/0.00/0.00, Item=0.00/0.00), Get:(Req=7.10/0.00/7.10, Item=28.40/28.40), ExistKey:(Req=0.00/0.00/0.00, Item=0.00/0.00), QueryIp:(Req=0.00/0.00/0.00, Item=0.00/0.00), Clear:(Req=0.00/0.00/0.00, Item=0.00/0.00), CreateMoveTask:(Req=0.00/0.00), CreateCopyTask:(Req=0.00/0.00), QueryTask:(Req=0.00/0.00), FetchTasks:(Req=1.00/1.00), MarkTaskToComplete:(Req=0.00/0.00) | Eviction: Success/Attempts=22/22, AllocFail=0, PartialAlloc=0, keys=542, size=542.00 MB | Mem Eviction: Success/Attempts=22/22, keys=542, size=542.00 MB | NoF Eviction: Success/Attempts=0/0, keys=0, size=0 B | Discard: Released/Total=0/0, StagingSize=0 B | Promotion: in_flight=0, admitted=0, completed=0, failed=0, cancelled=0, expired=0, bytes=0 B, rejected(freq/wm/cap)=0/0/0 | Snapshots: Success=0, Fail=0}, ha={HA Metrics Summary: last_seq=0, applied_seq=0, lag=0, pending=0, mutation_queue=0, batch_commits=0, sync_commits=0, skipped=0, checksum_fail=0, etcd_fail=0, watch_disconn=0, state=0, writer_accepting=false, writer_retry_count=0, writer_retry_delay_ms=0, writer_waiting_slots=0, writer_committed_queue=0, writer_callback_queue=0, writer_durable_batch=0, writer_durable_seq=0, writer_last_error=0}
I1008 11:17:07.909857 192296 master_admin_service.cpp:315] Master Admin Metrics: role=leader, state=serving, service_ready=true, master={Mem Storage: 458.00 MB / 512.00 MB (89.5%) | NVMe-oF SSD: 0 B / 0 B | SSD Storage: 1000.00 MB / infinite | Keys: 1000 (soft-pinned: 0) | Clients: 1 | Requests (Success/Total per sec): PutStart=0.00/0.00, PutEnd=0.00/0.00, PutRevoke=0.00/0.00, Get=0.00/0.00, Exist=0.00/0.00, Del=0.00/0.00, DelAll=0.00/0.00, Ping=1.00/1.00, CopyStart=0.00/0.00, CopyEnd=0.00/0.00, CopyRevoke=0.00/0.00, MoveStart=0.00/0.00, MoveEnd=0.00/0.00, MoveRevoke=0.00/0.00, EvictDiskReplica=0.00/0.00 | Batch Requests (per sec, Req=Success/PartialSuccess/Total, Item=Success/Total): PutStart:(Req=0.00/0.00/0.00, Item=0.00/0.00), PutEnd:(Req=0.00/0.00/0.00, Item=0.00/0.00), PutRevoke:(Req=0.00/0.00/0.00, Item=0.00/0.00), Get:(Req=7.20/0.00/7.20, Item=28.80/28.80), ExistKey:(Req=0.00/0.00/0.00, Item=0.00/0.00), QueryIp:(Req=0.00/0.00/0.00, Item=0.00/0.00), Clear:(Req=0.00/0.00/0.00, Item=0.00/0.00), CreateMoveTask:(Req=0.00/0.00), CreateCopyTask:(Req=0.00/0.00), QueryTask:(Req=0.00/0.00), FetchTasks:(Req=1.00/1.00), MarkTaskToComplete:(Req=0.00/0.00) | Eviction: Success/Attempts=22/22, AllocFail=0, PartialAlloc=0, keys=542, size=542.00 MB | Mem Eviction: Success/Attempts=22/22, keys=542, size=542.00 MB | NoF Eviction: Success/Attempts=0/0, keys=0, size=0 B | Discard: Released/Total=0/0, StagingSize=0 B | Promotion: in_flight=0, admitted=0, completed=0, failed=0, cancelled=0, expired=0, bytes=0 B, rejected(freq/wm/cap)=0/0/0 | Snapshots: Success=0, Fail=0}, ha={HA Metrics Summary: last_seq=0, applied_seq=0, lag=0, pending=0, mutation_queue=0, batch_commits=0, sync_commits=0, skipped=0, checksum_fail=0, etcd_fail=0, watch_disconn=0, state=0, writer_accepting=false, writer_retry_count=0, writer_retry_delay_ms=0, writer_waiting_slots=0, writer_committed_queue=0, writer_callback_queue=0, writer_durable_batch=0, writer_durable_seq=0, writer_last_error=0}
I1008 11:17:17.910241 192296 master_admin_service.cpp:315] Master Admin Metrics: role=leader, state=serving, service_ready=true, master={Mem Storage: 0 B / 512.00 MB (0.0%) | NVMe-oF SSD: 0 B / 0 B | SSD Storage: 0 B / infinite | Keys: 0 (soft-pinned: 0) | Clients: 1 | Requests (Success/Total per sec): PutStart=0.00/0.00, PutEnd=0.00/0.00, PutRevoke=0.00/0.00, Get=0.00/0.00, Exist=0.00/0.00, Del=100.00/100.00, DelAll=0.00/0.00, Ping=1.00/1.00, CopyStart=0.00/0.00, CopyEnd=0.00/0.00, CopyRevoke=0.00/0.00, MoveStart=0.00/0.00, MoveEnd=0.00/0.00, MoveRevoke=0.00/0.00, EvictDiskReplica=0.00/0.00 | Batch Requests (per sec, Req=Success/PartialSuccess/Total, Item=Success/Total): PutStart:(Req=0.00/0.00/0.00, Item=0.00/0.00), PutEnd:(Req=0.00/0.00/0.00, Item=0.00/0.00), PutRevoke:(Req=0.00/0.00/0.00, Item=0.00/0.00), Get:(Req=3.80/0.00/3.80, Item=15.20/15.20), ExistKey:(Req=0.00/0.00/0.00, Item=0.00/0.00), QueryIp:(Req=0.00/0.00/0.00, Item=0.00/0.00), Clear:(Req=0.00/0.00/0.00, Item=0.00/0.00), CreateMoveTask:(Req=0.00/0.00), CreateCopyTask:(Req=0.00/0.00), QueryTask:(Req=0.00/0.00), FetchTasks:(Req=1.00/1.00), MarkTaskToComplete:(Req=0.00/0.00) | Eviction: Success/Attempts=22/22, AllocFail=0, PartialAlloc=0, keys=542, size=542.00 MB | Mem Eviction: Success/Attempts=22/22, keys=542, size=542.00 MB | NoF Eviction: Success/Attempts=0/0, keys=0, size=0 B | Discard: Released/Total=0/0, StagingSize=0 B | Promotion: in_flight=0, admitted=0, completed=0, failed=0, cancelled=0, expired=0, bytes=0 B, rejected(freq/wm/cap)=0/0/0 | Snapshots: Success=0, Fail=0}, ha={HA Metrics Summary: last_seq=0, applied_seq=0, lag=0, pending=0, mutation_queue=0, batch_commits=0, sync_commits=0, skipped=0, checksum_fail=0, etcd_fail=0, watch_disconn=0, state=0, writer_accepting=false, writer_retry_count=0, writer_retry_delay_ms=0, writer_waiting_slots=0, writer_committed_queue=0, writer_callback_queue=0, writer_durable_batch=0, writer_durable_seq=0, writer_last_error=0}
W1008 11:17:18.274624 192305 master_service.cpp:4424] key=concurrent_k_0, error=replica_not_ready
W1008 11:17:18.274901 192305 master_service.cpp:4424] key=concurrent_k_0, error=replica_not_ready
W1008 11:17:18.275202 192306 master_service.cpp:4424] key=concurrent_k_0, error=replica_not_ready
W1008 11:17:18.275559 192306 master_service.cpp:4424] key=concurrent_k_1, error=replica_not_ready
W1008 11:17:18.275672 192306 master_service.cpp:4424] key=concurrent_k_1, error=replica_not_ready
W1008 11:17:18.276436 192304 master_service.cpp:4424] key=concurrent_k_1, error=replica_not_ready
W1008 11:17:18.276501 192306 master_service.cpp:4424] key=concurrent_k_2, error=replica_not_ready
W1008 11:17:18.276861 192306 master_service.cpp:4424] key=concurrent_k_2, error=replica_not_ready
W1008 11:17:18.277222 192306 master_service.cpp:4424] key=concurrent_k_2, error=replica_not_ready
W1008 11:17:18.277335 192306 master_service.cpp:4424] key=concurrent_k_3, error=replica_not_ready
W1008 11:17:18.277592 192305 master_service.cpp:4424] key=concurrent_k_3, error=replica_not_ready
W1008 11:17:18.278055 192306 master_service.cpp:4424] key=concurrent_k_3, error=replica_not_ready
W1008 11:17:18.278237 192305 master_service.cpp:4424] key=concurrent_k_4, error=replica_not_ready
W1008 11:17:18.278529 192306 master_service.cpp:4424] key=concurrent_k_4, error=replica_not_ready
W1008 11:17:18.278934 192306 master_service.cpp:4424] key=concurrent_k_4, error=replica_not_ready
W1008 11:17:18.278988 192305 master_service.cpp:4424] key=concurrent_k_5, error=replica_not_ready
W1008 11:17:18.279311 192306 master_service.cpp:4424] key=concurrent_k_5, error=replica_not_ready
W1008 11:17:18.279774 192306 master_service.cpp:4424] key=concurrent_k_6, error=replica_not_ready
W1008 11:17:18.280625 192306 master_service.cpp:4424] key=concurrent_k_6, error=replica_not_ready
W1008 11:17:18.280683 192307 master_service.cpp:4424] key=concurrent_k_6, error=replica_not_ready
W1008 11:17:18.281015 192307 master_service.cpp:4424] key=concurrent_k_7, error=replica_not_ready
W1008 11:17:18.281167 192307 master_service.cpp:4424] key=concurrent_k_7, error=replica_not_ready
W1008 11:17:18.281423 192307 master_service.cpp:4424] key=concurrent_k_7, error=replica_not_ready
W1008 11:17:18.281761 192307 master_service.cpp:4424] key=concurrent_k_8, error=replica_not_ready
W1008 11:17:18.281905 192307 master_service.cpp:4424] key=concurrent_k_8, error=replica_not_ready
W1008 11:17:18.282240 192307 master_service.cpp:4424] key=concurrent_k_8, error=replica_not_ready
W1008 11:17:18.282526 192307 master_service.cpp:4424] key=concurrent_k_9, error=replica_not_ready
W1008 11:17:18.282691 192307 master_service.cpp:4424] key=concurrent_k_9, error=replica_not_ready
W1008 11:17:18.282985 192306 master_service.cpp:4424] key=concurrent_k_9, error=replica_not_ready
W1008 11:17:18.283281 192306 master_service.cpp:4424] key=concurrent_k_10, error=replica_not_ready
W1008 11:17:18.283416 192307 master_service.cpp:4424] key=concurrent_k_10, error=replica_not_ready
W1008 11:17:18.283603 192307 master_service.cpp:4424] key=concurrent_k_10, error=replica_not_ready
W1008 11:17:18.284000 192306 master_service.cpp:4424] key=concurrent_k_11, error=replica_not_ready
W1008 11:17:18.284071 192307 master_service.cpp:4424] key=concurrent_k_11, error=replica_not_ready
W1008 11:17:18.284785 192306 master_service.cpp:4424] key=concurrent_k_12, error=replica_not_ready
W1008 11:17:18.284919 192307 master_service.cpp:4424] key=concurrent_k_12, error=replica_not_ready
W1008 11:17:18.285131 192307 master_service.cpp:4424] key=concurrent_k_12, error=replica_not_ready
W1008 11:17:18.285554 192307 master_service.cpp:4424] key=concurrent_k_13, error=replica_not_ready
W1008 11:17:18.285573 192306 master_service.cpp:4424] key=concurrent_k_13, error=replica_not_ready
W1008 11:17:18.286015 192307 master_service.cpp:4424] key=concurrent_k_13, error=replica_not_ready
W1008 11:17:18.286341 192306 master_service.cpp:4424] key=concurrent_k_14, error=replica_not_ready
W1008 11:17:18.286438 192307 master_service.cpp:4424] key=concurrent_k_14, error=replica_not_ready
W1008 11:17:18.287106 192306 master_service.cpp:4424] key=concurrent_k_15, error=replica_not_ready
W1008 11:17:18.287556 192306 master_service.cpp:4424] key=concurrent_k_15, error=replica_not_ready
W1008 11:17:18.287565 192307 master_service.cpp:4424] key=concurrent_k_15, error=replica_not_ready
W1008 11:17:18.288028 192305 master_service.cpp:4424] key=concurrent_k_16, error=replica_not_ready
W1008 11:17:18.288033 192307 master_service.cpp:4424] key=concurrent_k_16, error=replica_not_ready
W1008 11:17:18.288223 192307 master_service.cpp:4424] key=concurrent_k_16, error=replica_not_ready
W1008 11:17:18.288765 192307 master_service.cpp:4424] key=concurrent_k_17, error=replica_not_ready
W1008 11:17:18.288770 192306 master_service.cpp:4424] key=concurrent_k_17, error=replica_not_ready
W1008 11:17:18.289070 192307 master_service.cpp:4424] key=concurrent_k_17, error=replica_not_ready
W1008 11:17:18.289551 192306 master_service.cpp:4424] key=concurrent_k_18, error=replica_not_ready
W1008 11:17:18.289558 192307 master_service.cpp:4424] key=concurrent_k_18, error=replica_not_ready
W1008 11:17:18.290318 192306 master_service.cpp:4424] key=concurrent_k_19, error=replica_not_ready
W1008 11:17:18.290711 192307 master_service.cpp:4424] key=concurrent_k_19, error=replica_not_ready
W1008 11:17:18.290771 192306 master_service.cpp:4424] key=concurrent_k_19, error=replica_not_ready
W1008 11:17:18.291188 192306 master_service.cpp:4424] key=concurrent_k_20, error=replica_not_ready
W1008 11:17:18.291188 192307 master_service.cpp:4424] key=concurrent_k_20, error=replica_not_ready
W1008 11:17:18.291558 192307 master_service.cpp:4424] key=concurrent_k_20, error=replica_not_ready
W1008 11:17:18.291935 192307 master_service.cpp:4424] key=concurrent_k_21, error=replica_not_ready
W1008 11:17:18.292017 192306 master_service.cpp:4424] key=concurrent_k_21, error=replica_not_ready
W1008 11:17:18.292275 192307 master_service.cpp:4424] key=concurrent_k_21, error=replica_not_ready
W1008 11:17:18.292732 192307 master_service.cpp:4424] key=concurrent_k_22, error=replica_not_ready
W1008 11:17:18.292985 192307 master_service.cpp:4424] key=concurrent_k_22, error=replica_not_ready
W1008 11:17:18.293110 192308 master_service.cpp:4424] key=concurrent_k_22, error=replica_not_ready
W1008 11:17:18.293457 192307 master_service.cpp:4424] key=concurrent_k_23, error=replica_not_ready
W1008 11:17:18.293546 192306 master_service.cpp:4424] key=concurrent_k_23, error=replica_not_ready
W1008 11:17:18.293926 192308 master_service.cpp:4424] key=concurrent_k_23, error=replica_not_ready
W1008 11:17:18.294195 192308 master_service.cpp:4424] key=concurrent_k_24, error=replica_not_ready
W1008 11:17:18.294328 192308 master_service.cpp:4424] key=concurrent_k_24, error=replica_not_ready
W1008 11:17:18.294628 192308 master_service.cpp:4424] key=concurrent_k_24, error=replica_not_ready
W1008 11:17:18.294972 192308 master_service.cpp:4424] key=concurrent_k_25, error=replica_not_ready
W1008 11:17:18.295099 192308 master_service.cpp:4424] key=concurrent_k_25, error=replica_not_ready
W1008 11:17:18.295346 192307 master_service.cpp:4424] key=concurrent_k_25, error=replica_not_ready
W1008 11:17:18.295717 192308 master_service.cpp:4424] key=concurrent_k_26, error=replica_not_ready
W1008 11:17:18.295737 192307 master_service.cpp:4424] key=concurrent_k_26, error=replica_not_ready
W1008 11:17:18.296072 192308 master_service.cpp:4424] key=concurrent_k_26, error=replica_not_ready
W1008 11:17:18.296527 192308 master_service.cpp:4424] key=concurrent_k_27, error=replica_not_ready
W1008 11:17:18.296556 192307 master_service.cpp:4424] key=concurrent_k_27, error=replica_not_ready
W1008 11:17:18.296878 192308 master_service.cpp:4424] key=concurrent_k_27, error=replica_not_ready
W1008 11:17:18.297304 192308 master_service.cpp:4424] key=concurrent_k_28, error=replica_not_ready
W1008 11:17:18.297319 192307 master_service.cpp:4424] key=concurrent_k_28, error=replica_not_ready
W1008 11:17:18.297665 192308 master_service.cpp:4424] key=concurrent_k_28, error=replica_not_ready
W1008 11:17:18.298060 192308 master_service.cpp:4424] key=concurrent_k_29, error=replica_not_ready
W1008 11:17:18.298072 192307 master_service.cpp:4424] key=concurrent_k_29, error=replica_not_ready
W1008 11:17:18.298563 192308 master_service.cpp:4424] key=concurrent_k_29, error=replica_not_ready
W1008 11:17:18.298818 192308 master_service.cpp:4424] key=concurrent_k_30, error=replica_not_ready
W1008 11:17:18.298992 192307 master_service.cpp:4424] key=concurrent_k_30, error=replica_not_ready
W1008 11:17:18.299222 192308 master_service.cpp:4424] key=concurrent_k_30, error=replica_not_ready
W1008 11:17:18.299556 192307 master_service.cpp:4424] key=concurrent_k_31, error=replica_not_ready
W1008 11:17:18.299682 192308 master_service.cpp:4424] key=concurrent_k_31, error=replica_not_ready
W1008 11:17:18.300055 192308 master_service.cpp:4424] key=concurrent_k_31, error=replica_not_ready
W1008 11:17:18.300257 192308 master_service.cpp:4424] key=concurrent_k_32, error=replica_not_ready
W1008 11:17:18.300484 192307 master_service.cpp:4424] key=concurrent_k_32, error=replica_not_ready
W1008 11:17:18.300781 192308 master_service.cpp:4424] key=concurrent_k_32, error=replica_not_ready
W1008 11:17:18.300978 192308 master_service.cpp:4424] key=concurrent_k_33, error=replica_not_ready
W1008 11:17:18.301309 192308 master_service.cpp:4424] key=concurrent_k_33, error=replica_not_ready
W1008 11:17:18.301433 192308 master_service.cpp:4424] key=concurrent_k_33, error=replica_not_ready
W1008 11:17:18.301730 192308 master_service.cpp:4424] key=concurrent_k_34, error=replica_not_ready
W1008 11:17:18.301789 192307 master_service.cpp:4424] key=concurrent_k_34, error=replica_not_ready
W1008 11:17:18.302132 192308 master_service.cpp:4424] key=concurrent_k_34, error=replica_not_ready
W1008 11:17:18.302475 192307 master_service.cpp:4424] key=concurrent_k_35, error=replica_not_ready
W1008 11:17:18.302606 192308 master_service.cpp:4424] key=concurrent_k_35, error=replica_not_ready
W1008 11:17:18.302893 192308 master_service.cpp:4424] key=concurrent_k_35, error=replica_not_ready
W1008 11:17:18.303186 192308 master_service.cpp:4424] key=concurrent_k_36, error=replica_not_ready
W1008 11:17:18.303300 192308 master_service.cpp:4424] key=concurrent_k_36, error=replica_not_ready
W1008 11:17:18.303745 192308 master_service.cpp:4424] key=concurrent_k_36, error=replica_not_ready
W1008 11:17:18.303895 192308 master_service.cpp:4424] key=concurrent_k_37, error=replica_not_ready
W1008 11:17:18.304224 192308 master_service.cpp:4424] key=concurrent_k_37, error=replica_not_ready
W1008 11:17:18.304378 192308 master_service.cpp:4424] key=concurrent_k_37, error=replica_not_ready
W1008 11:17:18.304629 192308 master_service.cpp:4424] key=concurrent_k_38, error=replica_not_ready
W1008 11:17:18.304811 192308 master_service.cpp:4424] key=concurrent_k_38, error=replica_not_ready
W1008 11:17:18.304996 192308 master_service.cpp:4424] key=concurrent_k_38, error=replica_not_ready
W1008 11:17:18.305349 192307 master_service.cpp:4424] key=concurrent_k_39, error=replica_not_ready
W1008 11:17:18.305439 192308 master_service.cpp:4424] key=concurrent_k_39, error=replica_not_ready
W1008 11:17:18.305766 192308 master_service.cpp:4424] key=concurrent_k_39, error=replica_not_ready
W1008 11:17:18.306049 192308 master_service.cpp:4424] key=concurrent_k_40, error=replica_not_ready
W1008 11:17:18.306173 192308 master_service.cpp:4424] key=concurrent_k_40, error=replica_not_ready
W1008 11:17:18.306527 192308 master_service.cpp:4424] key=concurrent_k_40, error=replica_not_ready
W1008 11:17:18.306824 192308 master_service.cpp:4424] key=concurrent_k_41, error=replica_not_ready
W1008 11:17:18.306978 192308 master_service.cpp:4424] key=concurrent_k_41, error=replica_not_ready
W1008 11:17:18.307312 192308 master_service.cpp:4424] key=concurrent_k_41, error=replica_not_ready
W1008 11:17:18.307574 192308 master_service.cpp:4424] key=concurrent_k_42, error=replica_not_ready
W1008 11:17:18.307725 192308 master_service.cpp:4424] key=concurrent_k_42, error=replica_not_ready
W1008 11:17:18.307904 192308 master_service.cpp:4424] key=concurrent_k_42, error=replica_not_ready
W1008 11:17:18.308267 192308 master_service.cpp:4424] key=concurrent_k_43, error=replica_not_ready
W1008 11:17:18.308305 192307 master_service.cpp:4424] key=concurrent_k_43, error=replica_not_ready
W1008 11:17:18.308753 192307 master_service.cpp:4424] key=concurrent_k_43, error=replica_not_ready
W1008 11:17:18.309015 192308 master_service.cpp:4424] key=concurrent_k_44, error=replica_not_ready
W1008 11:17:18.309147 192308 master_service.cpp:4424] key=concurrent_k_44, error=replica_not_ready
W1008 11:17:18.309501 192308 master_service.cpp:4424] key=concurrent_k_44, error=replica_not_ready
W1008 11:17:18.309748 192308 master_service.cpp:4424] key=concurrent_k_45, error=replica_not_ready
W1008 11:17:18.309907 192308 master_service.cpp:4424] key=concurrent_k_45, error=replica_not_ready
W1008 11:17:18.310246 192308 master_service.cpp:4424] key=concurrent_k_45, error=replica_not_ready
W1008 11:17:18.310446 192306 master_service.cpp:4424] key=concurrent_k_46, error=replica_not_ready
W1008 11:17:18.310648 192308 master_service.cpp:4424] key=concurrent_k_46, error=replica_not_ready
W1008 11:17:18.310906 192308 master_service.cpp:4424] key=concurrent_k_46, error=replica_not_ready
W1008 11:17:18.311159 192308 master_service.cpp:4424] key=concurrent_k_47, error=replica_not_ready
W1008 11:17:18.311390 192308 master_service.cpp:4424] key=concurrent_k_47, error=replica_not_ready
W1008 11:17:18.311632 192308 master_service.cpp:4424] key=concurrent_k_47, error=replica_not_ready
W1008 11:17:18.311838 192308 master_service.cpp:4424] key=concurrent_k_48, error=replica_not_ready
W1008 11:17:18.312083 192308 master_service.cpp:4424] key=concurrent_k_48, error=replica_not_ready
W1008 11:17:18.312304 192308 master_service.cpp:4424] key=concurrent_k_48, error=replica_not_ready
W1008 11:17:18.312553 192308 master_service.cpp:4424] key=concurrent_k_49, error=replica_not_ready
W1008 11:17:18.312713 192308 master_service.cpp:4424] key=concurrent_k_49, error=replica_not_ready
W1008 11:17:18.313026 192308 master_service.cpp:4424] key=concurrent_k_49, error=replica_not_ready
W1008 11:17:18.313241 192307 master_service.cpp:4424] key=concurrent_k_50, error=replica_not_ready
W1008 11:17:18.313418 192308 master_service.cpp:4424] key=concurrent_k_50, error=replica_not_ready
W1008 11:17:18.313666 192308 master_service.cpp:4424] key=concurrent_k_50, error=replica_not_ready
W1008 11:17:18.313915 192308 master_service.cpp:4424] key=concurrent_k_51, error=replica_not_ready
W1008 11:17:18.314093 192308 master_service.cpp:4424] key=concurrent_k_51, error=replica_not_ready
W1008 11:17:18.314461 192308 master_service.cpp:4424] key=concurrent_k_51, error=replica_not_ready
W1008 11:17:18.314638 192308 master_service.cpp:4424] key=concurrent_k_52, error=replica_not_ready
W1008 11:17:18.314908 192308 master_service.cpp:4424] key=concurrent_k_52, error=replica_not_ready
W1008 11:17:18.315342 192308 master_service.cpp:4424] key=concurrent_k_53, error=replica_not_ready
W1008 11:17:18.315897 192308 master_service.cpp:4424] key=concurrent_k_53, error=replica_not_ready
W1008 11:17:18.316289 192308 master_service.cpp:4424] key=concurrent_k_54, error=replica_not_ready
W1008 11:17:18.316433 192308 master_service.cpp:4424] key=concurrent_k_54, error=replica_not_ready
W1008 11:17:18.316469 192307 master_service.cpp:4424] key=concurrent_k_54, error=replica_not_ready
W1008 11:17:18.316984 192308 master_service.cpp:4424] key=concurrent_k_55, error=replica_not_ready
W1008 11:17:18.316995 192307 master_service.cpp:4424] key=concurrent_k_55, error=replica_not_ready
W1008 11:17:18.317179 192308 master_service.cpp:4424] key=concurrent_k_55, error=replica_not_ready
W1008 11:17:18.317759 192308 master_service.cpp:4424] key=concurrent_k_56, error=replica_not_ready
W1008 11:17:18.317767 192307 master_service.cpp:4424] key=concurrent_k_56, error=replica_not_ready
W1008 11:17:18.318207 192308 master_service.cpp:4424] key=concurrent_k_56, error=replica_not_ready
W1008 11:17:18.318529 192307 master_service.cpp:4424] key=concurrent_k_57, error=replica_not_ready
W1008 11:17:18.318657 192308 master_service.cpp:4424] key=concurrent_k_57, error=replica_not_ready
W1008 11:17:18.318966 192308 master_service.cpp:4424] key=concurrent_k_57, error=replica_not_ready
W1008 11:17:18.319237 192308 master_service.cpp:4424] key=concurrent_k_58, error=replica_not_ready
W1008 11:17:18.319365 192308 master_service.cpp:4424] key=concurrent_k_58, error=replica_not_ready
W1008 11:17:18.319626 192308 master_service.cpp:4424] key=concurrent_k_58, error=replica_not_ready
W1008 11:17:18.319967 192308 master_service.cpp:4424] key=concurrent_k_59, error=replica_not_ready
W1008 11:17:18.320036 192307 master_service.cpp:4424] key=concurrent_k_59, error=replica_not_ready
W1008 11:17:18.320474 192308 master_service.cpp:4424] key=concurrent_k_59, error=replica_not_ready
W1008 11:17:18.320751 192308 master_service.cpp:4424] key=concurrent_k_60, error=replica_not_ready
W1008 11:17:18.320945 192308 master_service.cpp:4424] key=concurrent_k_60, error=replica_not_ready
W1008 11:17:18.321419 192307 master_service.cpp:4424] key=concurrent_k_61, error=replica_not_ready
W1008 11:17:18.322060 192308 master_service.cpp:4424] key=concurrent_k_61, error=replica_not_ready
W1008 11:17:18.322062 192307 master_service.cpp:4424] key=concurrent_k_61, error=replica_not_ready
W1008 11:17:18.322486 192308 master_service.cpp:4424] key=concurrent_k_62, error=replica_not_ready
W1008 11:17:18.322499 192306 master_service.cpp:4424] key=concurrent_k_62, error=replica_not_ready
W1008 11:17:18.323174 192308 master_service.cpp:4424] key=concurrent_k_63, error=replica_not_ready
W1008 11:17:18.323355 192307 master_service.cpp:4424] key=concurrent_k_63, error=replica_not_ready
W1008 11:17:18.323405 192308 master_service.cpp:4424] key=concurrent_k_63, error=replica_not_ready
W1008 11:17:18.323915 192308 master_service.cpp:4424] key=concurrent_k_64, error=replica_not_ready
W1008 11:17:18.323925 192307 master_service.cpp:4424] key=concurrent_k_64, error=replica_not_ready
W1008 11:17:18.324429 192308 master_service.cpp:4424] key=concurrent_k_64, error=replica_not_ready
W1008 11:17:18.324661 192308 master_service.cpp:4424] key=concurrent_k_65, error=replica_not_ready
W1008 11:17:18.324847 192307 master_service.cpp:4424] key=concurrent_k_65, error=replica_not_ready
W1008 11:17:18.325220 192307 master_service.cpp:4424] key=concurrent_k_65, error=replica_not_ready
W1008 11:17:18.325344 192308 master_service.cpp:4424] key=concurrent_k_66, error=replica_not_ready
W1008 11:17:18.325620 192308 master_service.cpp:4424] key=concurrent_k_66, error=replica_not_ready
W1008 11:17:18.325811 192308 master_service.cpp:4424] key=concurrent_k_66, error=replica_not_ready
W1008 11:17:18.326056 192308 master_service.cpp:4424] key=concurrent_k_67, error=replica_not_ready
W1008 11:17:18.326237 192308 master_service.cpp:4424] key=concurrent_k_67, error=replica_not_ready
W1008 11:17:18.326529 192308 master_service.cpp:4424] key=concurrent_k_67, error=replica_not_ready
W1008 11:17:18.326763 192308 master_service.cpp:4424] key=concurrent_k_68, error=replica_not_ready
W1008 11:17:18.326977 192308 master_service.cpp:4424] key=concurrent_k_68, error=replica_not_ready
W1008 11:17:18.327260 192308 master_service.cpp:4424] key=concurrent_k_68, error=replica_not_ready
W1008 11:17:18.327431 192308 master_service.cpp:4424] key=concurrent_k_69, error=replica_not_ready
W1008 11:17:18.327694 192308 master_service.cpp:4424] key=concurrent_k_69, error=replica_not_ready
W1008 11:17:18.327932 192308 master_service.cpp:4424] key=concurrent_k_69, error=replica_not_ready
W1008 11:17:18.328126 192307 master_service.cpp:4424] key=concurrent_k_70, error=replica_not_ready
W1008 11:17:18.328352 192308 master_service.cpp:4424] key=concurrent_k_70, error=replica_not_ready
W1008 11:17:18.328475 192308 master_service.cpp:4424] key=concurrent_k_70, error=replica_not_ready
W1008 11:17:18.328800 192308 master_service.cpp:4424] key=concurrent_k_71, error=replica_not_ready
W1008 11:17:18.328943 192308 master_service.cpp:4424] key=concurrent_k_71, error=replica_not_ready
W1008 11:17:18.329326 192308 master_service.cpp:4424] key=concurrent_k_71, error=replica_not_ready
W1008 11:17:18.329514 192308 master_service.cpp:4424] key=concurrent_k_72, error=replica_not_ready
W1008 11:17:18.329772 192308 master_service.cpp:4424] key=concurrent_k_72, error=replica_not_ready
W1008 11:17:18.330032 192308 master_service.cpp:4424] key=concurrent_k_72, error=replica_not_ready
W1008 11:17:18.330195 192308 master_service.cpp:4424] key=concurrent_k_73, error=replica_not_ready
W1008 11:17:18.330482 192308 master_service.cpp:4424] key=concurrent_k_73, error=replica_not_ready
W1008 11:17:18.330652 192308 master_service.cpp:4424] key=concurrent_k_73, error=replica_not_ready
W1008 11:17:18.330902 192308 master_service.cpp:4424] key=concurrent_k_74, error=replica_not_ready
W1008 11:17:18.331049 192308 master_service.cpp:4424] key=concurrent_k_74, error=replica_not_ready
W1008 11:17:18.331321 192308 master_service.cpp:4424] key=concurrent_k_74, error=replica_not_ready
W1008 11:17:18.331651 192307 master_service.cpp:4424] key=concurrent_k_75, error=replica_not_ready
W1008 11:17:18.331717 192308 master_service.cpp:4424] key=concurrent_k_75, error=replica_not_ready
W1008 11:17:18.332093 192308 master_service.cpp:4424] key=concurrent_k_75, error=replica_not_ready
W1008 11:17:18.332376 192308 master_service.cpp:4424] key=concurrent_k_76, error=replica_not_ready
W1008 11:17:18.332525 192308 master_service.cpp:4424] key=concurrent_k_76, error=replica_not_ready
W1008 11:17:18.332832 192308 master_service.cpp:4424] key=concurrent_k_76, error=replica_not_ready
W1008 11:17:18.333127 192308 master_service.cpp:4424] key=concurrent_k_77, error=replica_not_ready
W1008 11:17:18.333256 192308 master_service.cpp:4424] key=concurrent_k_77, error=replica_not_ready
W1008 11:17:18.333583 192308 master_service.cpp:4424] key=concurrent_k_77, error=replica_not_ready
W1008 11:17:18.333820 192307 master_service.cpp:4424] key=concurrent_k_78, error=replica_not_ready
W1008 11:17:18.333967 192308 master_service.cpp:4424] key=concurrent_k_78, error=replica_not_ready
W1008 11:17:18.334262 192307 master_service.cpp:4424] key=concurrent_k_78, error=replica_not_ready
W1008 11:17:18.334568 192307 master_service.cpp:4424] key=concurrent_k_79, error=replica_not_ready
W1008 11:17:18.334695 192308 master_service.cpp:4424] key=concurrent_k_79, error=replica_not_ready
W1008 11:17:18.335052 192308 master_service.cpp:4424] key=concurrent_k_79, error=replica_not_ready
W1008 11:17:18.335263 192308 master_service.cpp:4424] key=concurrent_k_80, error=replica_not_ready
W1008 11:17:18.335502 192308 master_service.cpp:4424] key=concurrent_k_80, error=replica_not_ready
W1008 11:17:18.335791 192308 master_service.cpp:4424] key=concurrent_k_80, error=replica_not_ready
W1008 11:17:18.335981 192308 master_service.cpp:4424] key=concurrent_k_81, error=replica_not_ready
W1008 11:17:18.336210 192307 master_service.cpp:4424] key=concurrent_k_81, error=replica_not_ready
W1008 11:17:18.336501 192308 master_service.cpp:4424] key=concurrent_k_81, error=replica_not_ready
W1008 11:17:18.336640 192308 master_service.cpp:4424] key=concurrent_k_82, error=replica_not_ready
W1008 11:17:18.336925 192308 master_service.cpp:4424] key=concurrent_k_82, error=replica_not_ready
W1008 11:17:18.337049 192308 master_service.cpp:4424] key=concurrent_k_82, error=replica_not_ready
W1008 11:17:18.337364 192306 master_service.cpp:4424] key=concurrent_k_83, error=replica_not_ready
W1008 11:17:18.337487 192308 master_service.cpp:4424] key=concurrent_k_83, error=replica_not_ready
W1008 11:17:18.337847 192308 master_service.cpp:4424] key=concurrent_k_83, error=replica_not_ready
W1008 11:17:18.338104 192308 master_service.cpp:4424] key=concurrent_k_84, error=replica_not_ready
W1008 11:17:18.338248 192308 master_service.cpp:4424] key=concurrent_k_84, error=replica_not_ready
W1008 11:17:18.338595 192308 master_service.cpp:4424] key=concurrent_k_84, error=replica_not_ready
W1008 11:17:18.338857 192308 master_service.cpp:4424] key=concurrent_k_85, error=replica_not_ready
W1008 11:17:18.339037 192308 master_service.cpp:4424] key=concurrent_k_85, error=replica_not_ready
W1008 11:17:18.339589 192308 master_service.cpp:4424] key=concurrent_k_86, error=replica_not_ready
W1008 11:17:18.339933 192308 master_service.cpp:4424] key=concurrent_k_86, error=replica_not_ready
W1008 11:17:18.340121 192308 master_service.cpp:4424] key=concurrent_k_86, error=replica_not_ready
W1008 11:17:18.340373 192308 master_service.cpp:4424] key=concurrent_k_87, error=replica_not_ready
W1008 11:17:18.340540 192308 master_service.cpp:4424] key=concurrent_k_87, error=replica_not_ready
W1008 11:17:18.340780 192308 master_service.cpp:4424] key=concurrent_k_87, error=replica_not_ready
W1008 11:17:18.341055 192308 master_service.cpp:4424] key=concurrent_k_88, error=replica_not_ready
W1008 11:17:18.341192 192308 master_service.cpp:4424] key=concurrent_k_88, error=replica_not_ready
W1008 11:17:18.341502 192308 master_service.cpp:4424] key=concurrent_k_88, error=replica_not_ready
W1008 11:17:18.341787 192308 master_service.cpp:4424] key=concurrent_k_89, error=replica_not_ready
W1008 11:17:18.341929 192308 master_service.cpp:4424] key=concurrent_k_89, error=replica_not_ready
W1008 11:17:18.342278 192308 master_service.cpp:4424] key=concurrent_k_89, error=replica_not_ready
W1008 11:17:18.342468 192308 master_service.cpp:4424] key=concurrent_k_90, error=replica_not_ready
W1008 11:17:18.342698 192308 master_service.cpp:4424] key=concurrent_k_90, error=replica_not_ready
W1008 11:17:18.342856 192308 master_service.cpp:4424] key=concurrent_k_90, error=replica_not_ready
W1008 11:17:18.343158 192307 master_service.cpp:4424] key=concurrent_k_91, error=replica_not_ready
W1008 11:17:18.343303 192308 master_service.cpp:4424] key=concurrent_k_91, error=replica_not_ready
W1008 11:17:18.343715 192308 master_service.cpp:4424] key=concurrent_k_91, error=replica_not_ready
W1008 11:17:18.343901 192307 master_service.cpp:4424] key=concurrent_k_92, error=replica_not_ready
W1008 11:17:18.344166 192308 master_service.cpp:4424] key=concurrent_k_92, error=replica_not_ready
W1008 11:17:18.344377 192308 master_service.cpp:4424] key=concurrent_k_92, error=replica_not_ready
W1008 11:17:18.344688 192307 master_service.cpp:4424] key=concurrent_k_93, error=replica_not_ready
W1008 11:17:18.344846 192308 master_service.cpp:4424] key=concurrent_k_93, error=replica_not_ready
W1008 11:17:18.345093 192308 master_service.cpp:4424] key=concurrent_k_93, error=replica_not_ready
W1008 11:17:18.345597 192308 master_service.cpp:4424] key=concurrent_k_94, error=replica_not_ready
W1008 11:17:18.345598 192307 master_service.cpp:4424] key=concurrent_k_94, error=replica_not_ready
W1008 11:17:18.345742 192307 master_service.cpp:4424] key=concurrent_k_94, error=replica_not_ready
W1008 11:17:18.346558 192308 master_service.cpp:4424] key=concurrent_k_95, error=replica_not_ready
W1008 11:17:18.346561 192307 master_service.cpp:4424] key=concurrent_k_95, error=replica_not_ready
W1008 11:17:18.347509 192308 master_service.cpp:4424] key=concurrent_k_96, error=replica_not_ready
W1008 11:17:18.347673 192307 master_service.cpp:4424] key=concurrent_k_96, error=replica_not_ready
W1008 11:17:18.347729 192308 master_service.cpp:4424] key=concurrent_k_96, error=replica_not_ready
W1008 11:17:18.348455 192308 master_service.cpp:4424] key=concurrent_k_97, error=replica_not_ready
W1008 11:17:18.348465 192307 master_service.cpp:4424] key=concurrent_k_97, error=replica_not_ready
W1008 11:17:18.349329 192308 master_service.cpp:4424] key=concurrent_k_98, error=replica_not_ready
W1008 11:17:18.349520 192308 master_service.cpp:4424] key=concurrent_k_98, error=replica_not_ready
W1008 11:17:18.349526 192307 master_service.cpp:4424] key=concurrent_k_98, error=replica_not_ready
W1008 11:17:18.350306 192308 master_service.cpp:4424] key=concurrent_k_99, error=replica_not_ready
W1008 11:17:18.350314 192307 master_service.cpp:4424] key=concurrent_k_99, error=replica_not_ready
W1008 11:17:18.350694 192308 master_service.cpp:4424] key=concurrent_k_99, error=replica_not_ready
W1008 11:17:18.351317 192308 master_service.cpp:4424] key=concurrent_k_100, error=replica_not_ready
W1008 11:17:18.351367 192307 master_service.cpp:4424] key=concurrent_k_100, error=replica_not_ready
W1008 11:17:18.351794 192308 master_service.cpp:4424] key=concurrent_k_100, error=replica_not_ready
W1008 11:17:18.352312 192307 master_service.cpp:4424] key=concurrent_k_101, error=replica_not_ready
W1008 11:17:18.352335 192308 master_service.cpp:4424] key=concurrent_k_101, error=replica_not_ready
W1008 11:17:18.352728 192308 master_service.cpp:4424] key=concurrent_k_101, error=replica_not_ready
W1008 11:17:18.353283 192308 master_service.cpp:4424] key=concurrent_k_102, error=replica_not_ready
W1008 11:17:18.353295 192307 master_service.cpp:4424] key=concurrent_k_102, error=replica_not_ready
W1008 11:17:18.353493 192308 master_service.cpp:4424] key=concurrent_k_102, error=replica_not_ready
W1008 11:17:18.354322 192308 master_service.cpp:4424] key=concurrent_k_103, error=replica_not_ready
W1008 11:17:18.354327 192307 master_service.cpp:4424] key=concurrent_k_103, error=replica_not_ready
W1008 11:17:18.354800 192308 master_service.cpp:4424] key=concurrent_k_103, error=replica_not_ready
W1008 11:17:18.355268 192308 master_service.cpp:4424] key=concurrent_k_104, error=replica_not_ready
W1008 11:17:18.355281 192306 master_service.cpp:4424] key=concurrent_k_104, error=replica_not_ready
W1008 11:17:18.355545 192308 master_service.cpp:4424] key=concurrent_k_104, error=replica_not_ready
W1008 11:17:18.356228 192308 master_service.cpp:4424] key=concurrent_k_105, error=replica_not_ready
W1008 11:17:18.356233 192307 master_service.cpp:4424] key=concurrent_k_105, error=replica_not_ready
W1008 11:17:18.356426 192308 master_service.cpp:4424] key=concurrent_k_105, error=replica_not_ready
W1008 11:17:18.357200 192307 master_service.cpp:4424] key=concurrent_k_106, error=replica_not_ready
W1008 11:17:18.357286 192308 master_service.cpp:4424] key=concurrent_k_106, error=replica_not_ready
W1008 11:17:18.357365 192307 master_service.cpp:4424] key=concurrent_k_106, error=replica_not_ready
W1008 11:17:18.358196 192308 master_service.cpp:4424] key=concurrent_k_107, error=replica_not_ready
W1008 11:17:18.358213 192307 master_service.cpp:4424] key=concurrent_k_107, error=replica_not_ready
W1008 11:17:18.358482 192308 master_service.cpp:4424] key=concurrent_k_107, error=replica_not_ready
W1008 11:17:18.359220 192308 master_service.cpp:4424] key=concurrent_k_108, error=replica_not_ready
W1008 11:17:18.359223 192307 master_service.cpp:4424] key=concurrent_k_108, error=replica_not_ready
W1008 11:17:18.359541 192308 master_service.cpp:4424] key=concurrent_k_108, error=replica_not_ready
W1008 11:17:18.360178 192308 master_service.cpp:4424] key=concurrent_k_109, error=replica_not_ready
W1008 11:17:18.360193 192307 master_service.cpp:4424] key=concurrent_k_109, error=replica_not_ready
W1008 11:17:18.360396 192308 master_service.cpp:4424] key=concurrent_k_109, error=replica_not_ready
W1008 11:17:18.360905 192308 master_service.cpp:4424] key=concurrent_k_110, error=replica_not_ready
W1008 11:17:18.360932 192307 master_service.cpp:4424] key=concurrent_k_110, error=replica_not_ready
W1008 11:17:18.361222 192308 master_service.cpp:4424] key=concurrent_k_110, error=replica_not_ready
W1008 11:17:18.361665 192307 master_service.cpp:4424] key=concurrent_k_111, error=replica_not_ready
W1008 11:17:18.361671 192306 master_service.cpp:4424] key=concurrent_k_111, error=replica_not_ready
W1008 11:17:18.362087 192308 master_service.cpp:4424] key=concurrent_k_111, error=replica_not_ready
W1008 11:17:18.362430 192307 master_service.cpp:4424] key=concurrent_k_112, error=replica_not_ready
W1008 11:17:18.362492 192308 master_service.cpp:4424] key=concurrent_k_112, error=replica_not_ready
W1008 11:17:18.362866 192308 master_service.cpp:4424] key=concurrent_k_112, error=replica_not_ready
W1008 11:17:18.363229 192307 master_service.cpp:4424] key=concurrent_k_113, error=replica_not_ready
W1008 11:17:18.363272 192308 master_service.cpp:4424] key=concurrent_k_113, error=replica_not_ready
W1008 11:17:18.363600 192308 master_service.cpp:4424] key=concurrent_k_113, error=replica_not_ready
W1008 11:17:18.363970 192308 master_service.cpp:4424] key=concurrent_k_114, error=replica_not_ready
W1008 11:17:18.364012 192307 master_service.cpp:4424] key=concurrent_k_114, error=replica_not_ready
W1008 11:17:18.364308 192308 master_service.cpp:4424] key=concurrent_k_114, error=replica_not_ready
W1008 11:17:18.364718 192308 master_service.cpp:4424] key=concurrent_k_115, error=replica_not_ready
W1008 11:17:18.364740 192307 master_service.cpp:4424] key=concurrent_k_115, error=replica_not_ready
W1008 11:17:18.365141 192307 master_service.cpp:4424] key=concurrent_k_115, error=replica_not_ready
W1008 11:17:18.365509 192308 master_service.cpp:4424] key=concurrent_k_116, error=replica_not_ready
W1008 11:17:18.365552 192307 master_service.cpp:4424] key=concurrent_k_116, error=replica_not_ready
W1008 11:17:18.365999 192308 master_service.cpp:4424] key=concurrent_k_116, error=replica_not_ready
W1008 11:17:18.366247 192308 master_service.cpp:4424] key=concurrent_k_117, error=replica_not_ready
W1008 11:17:18.366420 192308 master_service.cpp:4424] key=concurrent_k_117, error=replica_not_ready
W1008 11:17:18.366678 192308 master_service.cpp:4424] key=concurrent_k_117, error=replica_not_ready
W1008 11:17:18.366930 192307 master_service.cpp:4424] key=concurrent_k_118, error=replica_not_ready
W1008 11:17:18.367066 192308 master_service.cpp:4424] key=concurrent_k_118, error=replica_not_ready
W1008 11:17:18.367350 192308 master_service.cpp:4424] key=concurrent_k_118, error=replica_not_ready
W1008 11:17:18.367671 192308 master_service.cpp:4424] key=concurrent_k_119, error=replica_not_ready
W1008 11:17:18.367745 192307 master_service.cpp:4424] key=concurrent_k_119, error=replica_not_ready
W1008 11:17:18.368140 192308 master_service.cpp:4424] key=concurrent_k_119, error=replica_not_ready
W1008 11:17:18.368387 192308 master_service.cpp:4424] key=concurrent_k_120, error=replica_not_ready
W1008 11:17:18.368571 192308 master_service.cpp:4424] key=concurrent_k_120, error=replica_not_ready
W1008 11:17:18.368884 192308 master_service.cpp:4424] key=concurrent_k_120, error=replica_not_ready
W1008 11:17:18.369120 192308 master_service.cpp:4424] key=concurrent_k_121, error=replica_not_ready
W1008 11:17:18.369297 192308 master_service.cpp:4424] key=concurrent_k_121, error=replica_not_ready
W1008 11:17:18.369580 192308 master_service.cpp:4424] key=concurrent_k_121, error=replica_not_ready
W1008 11:17:18.369764 192307 master_service.cpp:4424] key=concurrent_k_122, error=replica_not_ready
W1008 11:17:18.369930 192308 master_service.cpp:4424] key=concurrent_k_122, error=replica_not_ready
W1008 11:17:18.370201 192308 master_service.cpp:4424] key=concurrent_k_122, error=replica_not_ready
W1008 11:17:18.370482 192308 master_service.cpp:4424] key=concurrent_k_123, error=replica_not_ready
W1008 11:17:18.370625 192308 master_service.cpp:4424] key=concurrent_k_123, error=replica_not_ready
W1008 11:17:18.371001 192308 master_service.cpp:4424] key=concurrent_k_123, error=replica_not_ready
W1008 11:17:18.371204 192308 master_service.cpp:4424] key=concurrent_k_124, error=replica_not_ready
W1008 11:17:18.371379 192307 master_service.cpp:4424] key=concurrent_k_124, error=replica_not_ready
W1008 11:17:18.371670 192308 master_service.cpp:4424] key=concurrent_k_124, error=replica_not_ready
W1008 11:17:18.371888 192308 master_service.cpp:4424] key=concurrent_k_125, error=replica_not_ready
W1008 11:17:18.372067 192308 master_service.cpp:4424] key=concurrent_k_125, error=replica_not_ready
W1008 11:17:18.372391 192308 master_service.cpp:4424] key=concurrent_k_125, error=replica_not_ready
W1008 11:17:18.372552 192308 master_service.cpp:4424] key=concurrent_k_126, error=replica_not_ready
W1008 11:17:18.372732 192308 master_service.cpp:4424] key=concurrent_k_126, error=replica_not_ready
W1008 11:17:18.372958 192308 master_service.cpp:4424] key=concurrent_k_126, error=replica_not_ready
W1008 11:17:18.373273 192307 master_service.cpp:4424] key=concurrent_k_127, error=replica_not_ready
W1008 11:17:18.373450 192308 master_service.cpp:4424] key=concurrent_k_127, error=replica_not_ready
W1008 11:17:18.373723 192308 master_service.cpp:4424] key=concurrent_k_127, error=replica_not_ready
W1008 11:17:18.374155 192308 master_service.cpp:4424] key=concurrent_k_128, error=replica_not_ready
W1008 11:17:18.374194 192307 master_service.cpp:4424] key=concurrent_k_128, error=replica_not_ready
W1008 11:17:18.374490 192308 master_service.cpp:4424] key=concurrent_k_128, error=replica_not_ready
W1008 11:17:18.375119 192308 master_service.cpp:4424] key=concurrent_k_129, error=replica_not_ready
W1008 11:17:18.375136 192306 master_service.cpp:4424] key=concurrent_k_129, error=replica_not_ready
W1008 11:17:18.375128 192305 master_service.cpp:4424] key=concurrent_k_129, error=replica_not_ready
W1008 11:17:18.376072 192307 master_service.cpp:4424] key=concurrent_k_130, error=replica_not_ready
W1008 11:17:18.376076 192305 master_service.cpp:4424] key=concurrent_k_130, error=replica_not_ready
W1008 11:17:18.376163 192308 master_service.cpp:4424] key=concurrent_k_130, error=replica_not_ready
W1008 11:17:18.376914 192308 master_service.cpp:4424] key=concurrent_k_131, error=replica_not_ready
W1008 11:17:18.376942 192307 master_service.cpp:4424] key=concurrent_k_131, error=replica_not_ready
W1008 11:17:18.377230 192308 master_service.cpp:4424] key=concurrent_k_131, error=replica_not_ready
W1008 11:17:18.377816 192308 master_service.cpp:4424] key=concurrent_k_132, error=replica_not_ready
W1008 11:17:18.377835 192307 master_service.cpp:4424] key=concurrent_k_132, error=replica_not_ready
W1008 11:17:18.378049 192308 master_service.cpp:4424] key=concurrent_k_132, error=replica_not_ready
W1008 11:17:18.378818 192308 master_service.cpp:4424] key=concurrent_k_133, error=replica_not_ready
W1008 11:17:18.378822 192307 master_service.cpp:4424] key=concurrent_k_133, error=replica_not_ready
W1008 11:17:18.379000 192308 master_service.cpp:4424] key=concurrent_k_133, error=replica_not_ready
W1008 11:17:18.379822 192308 master_service.cpp:4424] key=concurrent_k_134, error=replica_not_ready
W1008 11:17:18.379834 192306 master_service.cpp:4424] key=concurrent_k_134, error=replica_not_ready
W1008 11:17:18.379828 192307 master_service.cpp:4424] key=concurrent_k_134, error=replica_not_ready
W1008 11:17:18.380851 192308 master_service.cpp:4424] key=concurrent_k_135, error=replica_not_ready
W1008 11:17:18.380864 192307 master_service.cpp:4424] key=concurrent_k_135, error=replica_not_ready
W1008 11:17:18.381878 192308 master_service.cpp:4424] key=concurrent_k_136, error=replica_not_ready
W1008 11:17:18.382033 192308 master_service.cpp:4424] key=concurrent_k_136, error=replica_not_ready
W1008 11:17:18.382062 192307 master_service.cpp:4424] key=concurrent_k_136, error=replica_not_ready
W1008 11:17:18.382824 192307 master_service.cpp:4424] key=concurrent_k_137, error=replica_not_ready
W1008 11:17:18.382824 192308 master_service.cpp:4424] key=concurrent_k_137, error=replica_not_ready
W1008 11:17:18.383064 192308 master_service.cpp:4424] key=concurrent_k_137, error=replica_not_ready
W1008 11:17:18.383841 192307 master_service.cpp:4424] key=concurrent_k_138, error=replica_not_ready
W1008 11:17:18.383849 192306 master_service.cpp:4424] key=concurrent_k_138, error=replica_not_ready
W1008 11:17:18.383874 192305 master_service.cpp:4424] key=concurrent_k_138, error=replica_not_ready
W1008 11:17:18.384502 192308 master_service.cpp:4424] key=concurrent_k_139, error=replica_not_ready
W1008 11:17:18.384514 192307 master_service.cpp:4424] key=concurrent_k_139, error=replica_not_ready
W1008 11:17:18.385020 192308 master_service.cpp:4424] key=concurrent_k_139, error=replica_not_ready
W1008 11:17:18.385449 192308 master_service.cpp:4424] key=concurrent_k_140, error=replica_not_ready
W1008 11:17:18.385458 192306 master_service.cpp:4424] key=concurrent_k_140, error=replica_not_ready
W1008 11:17:18.385618 192307 master_service.cpp:4424] key=concurrent_k_140, error=replica_not_ready
W1008 11:17:18.386396 192307 master_service.cpp:4424] key=concurrent_k_141, error=replica_not_ready
W1008 11:17:18.386396 192308 master_service.cpp:4424] key=concurrent_k_141, error=replica_not_ready
W1008 11:17:18.386654 192308 master_service.cpp:4424] key=concurrent_k_141, error=replica_not_ready
W1008 11:17:18.387399 192308 master_service.cpp:4424] key=concurrent_k_142, error=replica_not_ready
W1008 11:17:18.387403 192307 master_service.cpp:4424] key=concurrent_k_142, error=replica_not_ready
W1008 11:17:18.387465 192306 master_service.cpp:4424] key=concurrent_k_142, error=replica_not_ready
W1008 11:17:18.388062 192308 master_service.cpp:4424] key=concurrent_k_143, error=replica_not_ready
W1008 11:17:18.388069 192307 master_service.cpp:4424] key=concurrent_k_143, error=replica_not_ready
W1008 11:17:18.388581 192308 master_service.cpp:4424] key=concurrent_k_143, error=replica_not_ready
W1008 11:17:18.389081 192308 master_service.cpp:4424] key=concurrent_k_144, error=replica_not_ready
W1008 11:17:18.389091 192307 master_service.cpp:4424] key=concurrent_k_144, error=replica_not_ready
W1008 11:17:18.389271 192308 master_service.cpp:4424] key=concurrent_k_144, error=replica_not_ready
W1008 11:17:18.389896 192308 master_service.cpp:4424] key=concurrent_k_145, error=replica_not_ready
W1008 11:17:18.389904 192307 master_service.cpp:4424] key=concurrent_k_145, error=replica_not_ready
W1008 11:17:18.390275 192308 master_service.cpp:4424] key=concurrent_k_145, error=replica_not_ready
W1008 11:17:18.390676 192308 master_service.cpp:4424] key=concurrent_k_146, error=replica_not_ready
W1008 11:17:18.390695 192307 master_service.cpp:4424] key=concurrent_k_146, error=replica_not_ready
W1008 11:17:18.390946 192308 master_service.cpp:4424] key=concurrent_k_146, error=replica_not_ready
W1008 11:17:18.391391 192308 master_service.cpp:4424] key=concurrent_k_147, error=replica_not_ready
W1008 11:17:18.391407 192307 master_service.cpp:4424] key=concurrent_k_147, error=replica_not_ready
W1008 11:17:18.391837 192308 master_service.cpp:4424] key=concurrent_k_147, error=replica_not_ready
W1008 11:17:18.392153 192307 master_service.cpp:4424] key=concurrent_k_148, error=replica_not_ready
W1008 11:17:18.392382 192308 master_service.cpp:4424] key=concurrent_k_148, error=replica_not_ready
W1008 11:17:18.392599 192308 master_service.cpp:4424] key=concurrent_k_148, error=replica_not_ready
W1008 11:17:18.392951 192307 master_service.cpp:4424] key=concurrent_k_149, error=replica_not_ready
W1008 11:17:18.393023 192308 master_service.cpp:4424] key=concurrent_k_149, error=replica_not_ready
W1008 11:17:18.393221 192308 master_service.cpp:4424] key=concurrent_k_149, error=replica_not_ready
W1008 11:17:18.393877 192308 master_service.cpp:4424] key=concurrent_k_150, error=replica_not_ready
W1008 11:17:18.393879 192307 master_service.cpp:4424] key=concurrent_k_150, error=replica_not_ready
W1008 11:17:18.394431 192309 master_service.cpp:4424] key=concurrent_k_150, error=replica_not_ready
W1008 11:17:18.394985 192308 master_service.cpp:4424] key=concurrent_k_151, error=replica_not_ready
W1008 11:17:18.395044 192309 master_service.cpp:4424] key=concurrent_k_151, error=replica_not_ready
W1008 11:17:18.395135 192309 master_service.cpp:4424] key=concurrent_k_151, error=replica_not_ready
W1008 11:17:18.395929 192309 master_service.cpp:4424] key=concurrent_k_152, error=replica_not_ready
W1008 11:17:18.395953 192308 master_service.cpp:4424] key=concurrent_k_152, error=replica_not_ready
W1008 11:17:18.395957 192307 master_service.cpp:4424] key=concurrent_k_152, error=replica_not_ready
W1008 11:17:18.396752 192309 master_service.cpp:4424] key=concurrent_k_153, error=replica_not_ready
W1008 11:17:18.396761 192308 master_service.cpp:4424] key=concurrent_k_153, error=replica_not_ready
W1008 11:17:18.397106 192309 master_service.cpp:4424] key=concurrent_k_153, error=replica_not_ready
W1008 11:17:18.397756 192308 master_service.cpp:4424] key=concurrent_k_154, error=replica_not_ready
W1008 11:17:18.397863 192309 master_service.cpp:4424] key=concurrent_k_154, error=replica_not_ready
W1008 11:17:18.397872 192308 master_service.cpp:4424] key=concurrent_k_154, error=replica_not_ready
W1008 11:17:18.398677 192308 master_service.cpp:4424] key=concurrent_k_155, error=replica_not_ready
W1008 11:17:18.398684 192309 master_service.cpp:4424] key=concurrent_k_155, error=replica_not_ready
W1008 11:17:18.398945 192309 master_service.cpp:4424] key=concurrent_k_155, error=replica_not_ready
W1008 11:17:18.399519 192308 master_service.cpp:4424] key=concurrent_k_156, error=replica_not_ready
W1008 11:17:18.399526 192309 master_service.cpp:4424] key=concurrent_k_156, error=replica_not_ready
W1008 11:17:18.399849 192309 master_service.cpp:4424] key=concurrent_k_156, error=replica_not_ready
W1008 11:17:18.400322 192308 master_service.cpp:4424] key=concurrent_k_157, error=replica_not_ready
W1008 11:17:18.400332 192309 master_service.cpp:4424] key=concurrent_k_157, error=replica_not_ready
W1008 11:17:18.400580 192309 master_service.cpp:4424] key=concurrent_k_157, error=replica_not_ready
W1008 11:17:18.401077 192309 master_service.cpp:4424] key=concurrent_k_158, error=replica_not_ready
W1008 11:17:18.401086 192308 master_service.cpp:4424] key=concurrent_k_158, error=replica_not_ready
W1008 11:17:18.401342 192309 master_service.cpp:4424] key=concurrent_k_158, error=replica_not_ready
W1008 11:17:18.401872 192309 master_service.cpp:4424] key=concurrent_k_159, error=replica_not_ready
W1008 11:17:18.401873 192308 master_service.cpp:4424] key=concurrent_k_159, error=replica_not_ready
W1008 11:17:18.402251 192309 master_service.cpp:4424] key=concurrent_k_159, error=replica_not_ready
W1008 11:17:18.402912 192308 master_service.cpp:4424] key=concurrent_k_160, error=replica_not_ready
W1008 11:17:18.402922 192309 master_service.cpp:4424] key=concurrent_k_160, error=replica_not_ready
W1008 11:17:18.402959 192307 master_service.cpp:4424] key=concurrent_k_160, error=replica_not_ready
W1008 11:17:18.403813 192308 master_service.cpp:4424] key=concurrent_k_161, error=replica_not_ready
W1008 11:17:18.403823 192309 master_service.cpp:4424] key=concurrent_k_161, error=replica_not_ready
W1008 11:17:18.404072 192309 master_service.cpp:4424] key=concurrent_k_161, error=replica_not_ready
W1008 11:17:18.404737 192308 master_service.cpp:4424] key=concurrent_k_162, error=replica_not_ready
W1008 11:17:18.404748 192309 master_service.cpp:4424] key=concurrent_k_162, error=replica_not_ready
W1008 11:17:18.404884 192309 master_service.cpp:4424] key=concurrent_k_162, error=replica_not_ready
W1008 11:17:18.405565 192307 master_service.cpp:4424] key=concurrent_k_163, error=replica_not_ready
W1008 11:17:18.405573 192309 master_service.cpp:4424] key=concurrent_k_163, error=replica_not_ready
W1008 11:17:18.405889 192309 master_service.cpp:4424] key=concurrent_k_163, error=replica_not_ready
W1008 11:17:18.406400 192308 master_service.cpp:4424] key=concurrent_k_164, error=replica_not_ready
W1008 11:17:18.406464 192309 master_service.cpp:4424] key=concurrent_k_164, error=replica_not_ready
W1008 11:17:18.406769 192309 master_service.cpp:4424] key=concurrent_k_164, error=replica_not_ready
W1008 11:17:18.407202 192308 master_service.cpp:4424] key=concurrent_k_165, error=replica_not_ready
W1008 11:17:18.407352 192309 master_service.cpp:4424] key=concurrent_k_165, error=replica_not_ready
W1008 11:17:18.407507 192309 master_service.cpp:4424] key=concurrent_k_165, error=replica_not_ready
W1008 11:17:18.407914 192309 master_service.cpp:4424] key=concurrent_k_166, error=replica_not_ready
W1008 11:17:18.407920 192308 master_service.cpp:4424] key=concurrent_k_166, error=replica_not_ready
W1008 11:17:18.408151 192309 master_service.cpp:4424] key=concurrent_k_166, error=replica_not_ready
W1008 11:17:18.408829 192309 master_service.cpp:4424] key=concurrent_k_167, error=replica_not_ready
W1008 11:17:18.408841 192308 master_service.cpp:4424] key=concurrent_k_167, error=replica_not_ready
W1008 11:17:18.409199 192309 master_service.cpp:4424] key=concurrent_k_167, error=replica_not_ready
W1008 11:17:18.409576 192309 master_service.cpp:4424] key=concurrent_k_168, error=replica_not_ready
W1008 11:17:18.409761 192309 master_service.cpp:4424] key=concurrent_k_168, error=replica_not_ready
W1008 11:17:18.409997 192309 master_service.cpp:4424] key=concurrent_k_168, error=replica_not_ready
W1008 11:17:18.410326 192309 master_service.cpp:4424] key=concurrent_k_169, error=replica_not_ready
W1008 11:17:18.410452 192309 master_service.cpp:4424] key=concurrent_k_169, error=replica_not_ready
W1008 11:17:18.410638 192309 master_service.cpp:4424] key=concurrent_k_169, error=replica_not_ready
W1008 11:17:18.411226 192309 master_service.cpp:4424] key=concurrent_k_170, error=replica_not_ready
W1008 11:17:18.411237 192308 master_service.cpp:4424] key=concurrent_k_170, error=replica_not_ready
W1008 11:17:18.411352 192309 master_service.cpp:4424] key=concurrent_k_170, error=replica_not_ready
W1008 11:17:18.412114 192309 master_service.cpp:4424] key=concurrent_k_171, error=replica_not_ready
W1008 11:17:18.412148 192308 master_service.cpp:4424] key=concurrent_k_171, error=replica_not_ready
W1008 11:17:18.412309 192309 master_service.cpp:4424] key=concurrent_k_171, error=replica_not_ready
W1008 11:17:18.412827 192309 master_service.cpp:4424] key=concurrent_k_172, error=replica_not_ready
W1008 11:17:18.412849 192308 master_service.cpp:4424] key=concurrent_k_172, error=replica_not_ready
W1008 11:17:18.413275 192309 master_service.cpp:4424] key=concurrent_k_172, error=replica_not_ready
W1008 11:17:18.413883 192309 master_service.cpp:4424] key=concurrent_k_173, error=replica_not_ready
W1008 11:17:18.413913 192307 master_service.cpp:4424] key=concurrent_k_173, error=replica_not_ready
W1008 11:17:18.413985 192309 master_service.cpp:4424] key=concurrent_k_173, error=replica_not_ready
W1008 11:17:18.414654 192309 master_service.cpp:4424] key=concurrent_k_174, error=replica_not_ready
W1008 11:17:18.414680 192308 master_service.cpp:4424] key=concurrent_k_174, error=replica_not_ready
W1008 11:17:18.414899 192309 master_service.cpp:4424] key=concurrent_k_174, error=replica_not_ready
W1008 11:17:18.415431 192309 master_service.cpp:4424] key=concurrent_k_175, error=replica_not_ready
W1008 11:17:18.415700 192309 master_service.cpp:4424] key=concurrent_k_175, error=replica_not_ready
W1008 11:17:18.415807 192309 master_service.cpp:4424] key=concurrent_k_175, error=replica_not_ready
W1008 11:17:18.416283 192308 master_service.cpp:4424] key=concurrent_k_176, error=replica_not_ready
W1008 11:17:18.416416 192309 master_service.cpp:4424] key=concurrent_k_176, error=replica_not_ready
W1008 11:17:18.416569 192309 master_service.cpp:4424] key=concurrent_k_176, error=replica_not_ready
W1008 11:17:18.416958 192309 master_service.cpp:4424] key=concurrent_k_177, error=replica_not_ready
W1008 11:17:18.417059 192309 master_service.cpp:4424] key=concurrent_k_177, error=replica_not_ready
W1008 11:17:18.417207 192309 master_service.cpp:4424] key=concurrent_k_177, error=replica_not_ready
W1008 11:17:18.417587 192309 master_service.cpp:4424] key=concurrent_k_178, error=replica_not_ready
W1008 11:17:18.417680 192308 master_service.cpp:4424] key=concurrent_k_178, error=replica_not_ready
W1008 11:17:18.417956 192309 master_service.cpp:4424] key=concurrent_k_178, error=replica_not_ready
W1008 11:17:18.418633 192309 master_service.cpp:4424] key=concurrent_k_179, error=replica_not_ready
W1008 11:17:18.418673 192308 master_service.cpp:4424] key=concurrent_k_179, error=replica_not_ready
W1008 11:17:18.418699 192307 master_service.cpp:4424] key=concurrent_k_179, error=replica_not_ready
W1008 11:17:18.419298 192309 master_service.cpp:4424] key=concurrent_k_180, error=replica_not_ready
W1008 11:17:18.419361 192308 master_service.cpp:4424] key=concurrent_k_180, error=replica_not_ready
W1008 11:17:18.420008 192309 master_service.cpp:4424] key=concurrent_k_181, error=replica_not_ready
W1008 11:17:18.420223 192309 master_service.cpp:4424] key=concurrent_k_181, error=replica_not_ready
W1008 11:17:18.420364 192309 master_service.cpp:4424] key=concurrent_k_181, error=replica_not_ready
W1008 11:17:18.420840 192309 master_service.cpp:4424] key=concurrent_k_182, error=replica_not_ready
W1008 11:17:18.420885 192308 master_service.cpp:4424] key=concurrent_k_182, error=replica_not_ready
W1008 11:17:18.421025 192308 master_service.cpp:4424] key=concurrent_k_182, error=replica_not_ready
W1008 11:17:18.421500 192309 master_service.cpp:4424] key=concurrent_k_183, error=replica_not_ready
W1008 11:17:18.421545 192308 master_service.cpp:4424] key=concurrent_k_183, error=replica_not_ready
W1008 11:17:18.421962 192309 master_service.cpp:4424] key=concurrent_k_183, error=replica_not_ready
W1008 11:17:18.422171 192309 master_service.cpp:4424] key=concurrent_k_184, error=replica_not_ready
W1008 11:17:18.422376 192309 master_service.cpp:4424] key=concurrent_k_184, error=replica_not_ready
W1008 11:17:18.422596 192308 master_service.cpp:4424] key=concurrent_k_184, error=replica_not_ready
W1008 11:17:18.423084 192309 master_service.cpp:4424] key=concurrent_k_185, error=replica_not_ready
W1008 11:17:18.423125 192308 master_service.cpp:4424] key=concurrent_k_185, error=replica_not_ready
W1008 11:17:18.423307 192309 master_service.cpp:4424] key=concurrent_k_185, error=replica_not_ready
W1008 11:17:18.423728 192308 master_service.cpp:4424] key=concurrent_k_186, error=replica_not_ready
W1008 11:17:18.423754 192307 master_service.cpp:4424] key=concurrent_k_186, error=replica_not_ready
W1008 11:17:18.424173 192309 master_service.cpp:4424] key=concurrent_k_186, error=replica_not_ready
W1008 11:17:18.424427 192309 master_service.cpp:4424] key=concurrent_k_187, error=replica_not_ready
W1008 11:17:18.424607 192308 master_service.cpp:4424] key=concurrent_k_187, error=replica_not_ready
W1008 11:17:18.424757 192309 master_service.cpp:4424] key=concurrent_k_187, error=replica_not_ready
W1008 11:17:18.425364 192309 master_service.cpp:4424] key=concurrent_k_188, error=replica_not_ready
W1008 11:17:18.425407 192308 master_service.cpp:4424] key=concurrent_k_188, error=replica_not_ready
W1008 11:17:18.425508 192309 master_service.cpp:4424] key=concurrent_k_188, error=replica_not_ready
W1008 11:17:18.426012 192309 master_service.cpp:4424] key=concurrent_k_189, error=replica_not_ready
W1008 11:17:18.426074 192307 master_service.cpp:4424] key=concurrent_k_189, error=replica_not_ready
W1008 11:17:18.426419 192309 master_service.cpp:4424] key=concurrent_k_189, error=replica_not_ready
W1008 11:17:18.426658 192309 master_service.cpp:4424] key=concurrent_k_190, error=replica_not_ready
W1008 11:17:18.426844 192309 master_service.cpp:4424] key=concurrent_k_190, error=replica_not_ready
W1008 11:17:18.427060 192309 master_service.cpp:4424] key=concurrent_k_190, error=replica_not_ready
W1008 11:17:18.427610 192309 master_service.cpp:4424] key=concurrent_k_191, error=replica_not_ready
W1008 11:17:18.427637 192308 master_service.cpp:4424] key=concurrent_k_191, error=replica_not_ready
W1008 11:17:18.427783 192309 master_service.cpp:4424] key=concurrent_k_191, error=replica_not_ready
W1008 11:17:18.428252 192308 master_service.cpp:4424] key=concurrent_k_192, error=replica_not_ready
W1008 11:17:18.428288 192309 master_service.cpp:4424] key=concurrent_k_192, error=replica_not_ready
W1008 11:17:18.428772 192308 master_service.cpp:4424] key=concurrent_k_192, error=replica_not_ready
W1008 11:17:18.428942 192309 master_service.cpp:4424] key=concurrent_k_193, error=replica_not_ready
W1008 11:17:18.429170 192309 master_service.cpp:4424] key=concurrent_k_193, error=replica_not_ready
W1008 11:17:18.429836 192309 master_service.cpp:4424] key=concurrent_k_194, error=replica_not_ready
W1008 11:17:18.429865 192308 master_service.cpp:4424] key=concurrent_k_194, error=replica_not_ready
W1008 11:17:18.429867 192307 master_service.cpp:4424] key=concurrent_k_194, error=replica_not_ready
W1008 11:17:18.430600 192309 master_service.cpp:4424] key=concurrent_k_195, error=replica_not_ready
W1008 11:17:18.430626 192308 master_service.cpp:4424] key=concurrent_k_195, error=replica_not_ready
W1008 11:17:18.430986 192309 master_service.cpp:4424] key=concurrent_k_195, error=replica_not_ready
W1008 11:17:18.431468 192309 master_service.cpp:4424] key=concurrent_k_196, error=replica_not_ready
W1008 11:17:18.431519 192308 master_service.cpp:4424] key=concurrent_k_196, error=replica_not_ready
W1008 11:17:18.431669 192309 master_service.cpp:4424] key=concurrent_k_196, error=replica_not_ready
W1008 11:17:18.432300 192309 master_service.cpp:4424] key=concurrent_k_197, error=replica_not_ready
W1008 11:17:18.432349 192308 master_service.cpp:4424] key=concurrent_k_197, error=replica_not_ready
W1008 11:17:18.432605 192309 master_service.cpp:4424] key=concurrent_k_197, error=replica_not_ready
W1008 11:17:18.432971 192309 master_service.cpp:4424] key=concurrent_k_198, error=replica_not_ready
W1008 11:17:18.433036 192308 master_service.cpp:4424] key=concurrent_k_198, error=replica_not_ready
W1008 11:17:18.433267 192309 master_service.cpp:4424] key=concurrent_k_198, error=replica_not_ready
W1008 11:17:18.433964 192308 master_service.cpp:4424] key=concurrent_k_199, error=replica_not_ready
W1008 11:17:18.434000 192307 master_service.cpp:4424] key=concurrent_k_199, error=replica_not_ready
W1008 11:17:18.434046 192309 master_service.cpp:4424] key=concurrent_k_199, error=replica_not_ready
W1008 11:17:18.434669 192309 master_service.cpp:4424] key=concurrent_k_200, error=replica_not_ready
W1008 11:17:18.434720 192308 master_service.cpp:4424] key=concurrent_k_200, error=replica_not_ready
W1008 11:17:18.435027 192309 master_service.cpp:4424] key=concurrent_k_200, error=replica_not_ready
W1008 11:17:18.435413 192308 master_service.cpp:4424] key=concurrent_k_201, error=replica_not_ready
W1008 11:17:18.435428 192309 master_service.cpp:4424] key=concurrent_k_201, error=replica_not_ready
W1008 11:17:18.435883 192309 master_service.cpp:4424] key=concurrent_k_201, error=replica_not_ready
W1008 11:17:18.436479 192309 master_service.cpp:4424] key=concurrent_k_202, error=replica_not_ready
W1008 11:17:18.436486 192308 master_service.cpp:4424] key=concurrent_k_202, error=replica_not_ready
W1008 11:17:18.436532 192307 master_service.cpp:4424] key=concurrent_k_202, error=replica_not_ready
W1008 11:17:18.437233 192309 master_service.cpp:4424] key=concurrent_k_203, error=replica_not_ready
W1008 11:17:18.437263 192308 master_service.cpp:4424] key=concurrent_k_203, error=replica_not_ready
W1008 11:17:18.437577 192309 master_service.cpp:4424] key=concurrent_k_203, error=replica_not_ready
W1008 11:17:18.437909 192309 master_service.cpp:4424] key=concurrent_k_204, error=replica_not_ready
W1008 11:17:18.438017 192309 master_service.cpp:4424] key=concurrent_k_204, error=replica_not_ready
W1008 11:17:18.438351 192309 master_service.cpp:4424] key=concurrent_k_204, error=replica_not_ready
W1008 11:17:18.438841 192309 master_service.cpp:4424] key=concurrent_k_205, error=replica_not_ready
W1008 11:17:18.438889 192308 master_service.cpp:4424] key=concurrent_k_205, error=replica_not_ready
W1008 11:17:18.439010 192309 master_service.cpp:4424] key=concurrent_k_205, error=replica_not_ready
W1008 11:17:18.439474 192309 master_service.cpp:4424] key=concurrent_k_206, error=replica_not_ready
W1008 11:17:18.439525 192308 master_service.cpp:4424] key=concurrent_k_206, error=replica_not_ready
W1008 11:17:18.440155 192309 master_service.cpp:4424] key=concurrent_k_207, error=replica_not_ready
W1008 11:17:18.440476 192309 master_service.cpp:4424] key=concurrent_k_207, error=replica_not_ready
W1008 11:17:18.440595 192309 master_service.cpp:4424] key=concurrent_k_207, error=replica_not_ready
W1008 11:17:18.440999 192309 master_service.cpp:4424] key=concurrent_k_208, error=replica_not_ready
W1008 11:17:18.441018 192308 master_service.cpp:4424] key=concurrent_k_208, error=replica_not_ready
W1008 11:17:18.441167 192309 master_service.cpp:4424] key=concurrent_k_208, error=replica_not_ready
W1008 11:17:18.441807 192308 master_service.cpp:4424] key=concurrent_k_209, error=replica_not_ready
W1008 11:17:18.441840 192309 master_service.cpp:4424] key=concurrent_k_209, error=replica_not_ready
W1008 11:17:18.442211 192309 master_service.cpp:4424] key=concurrent_k_209, error=replica_not_ready
W1008 11:17:18.442535 192308 master_service.cpp:4424] key=concurrent_k_210, error=replica_not_ready
W1008 11:17:18.442595 192309 master_service.cpp:4424] key=concurrent_k_210, error=replica_not_ready
W1008 11:17:18.442984 192309 master_service.cpp:4424] key=concurrent_k_210, error=replica_not_ready
W1008 11:17:18.443495 192309 master_service.cpp:4424] key=concurrent_k_211, error=replica_not_ready
W1008 11:17:18.443540 192308 master_service.cpp:4424] key=concurrent_k_211, error=replica_not_ready
W1008 11:17:18.443588 192307 master_service.cpp:4424] key=concurrent_k_211, error=replica_not_ready
W1008 11:17:18.444216 192309 master_service.cpp:4424] key=concurrent_k_212, error=replica_not_ready
W1008 11:17:18.444245 192308 master_service.cpp:4424] key=concurrent_k_212, error=replica_not_ready
W1008 11:17:18.444597 192309 master_service.cpp:4424] key=concurrent_k_212, error=replica_not_ready
W1008 11:17:18.445019 192309 master_service.cpp:4424] key=concurrent_k_213, error=replica_not_ready
W1008 11:17:18.445060 192308 master_service.cpp:4424] key=concurrent_k_213, error=replica_not_ready
W1008 11:17:18.445312 192309 master_service.cpp:4424] key=concurrent_k_213, error=replica_not_ready
W1008 11:17:18.445691 192308 master_service.cpp:4424] key=concurrent_k_214, error=replica_not_ready
W1008 11:17:18.445703 192309 master_service.cpp:4424] key=concurrent_k_214, error=replica_not_ready
W1008 11:17:18.446017 192309 master_service.cpp:4424] key=concurrent_k_214, error=replica_not_ready
W1008 11:17:18.446741 192309 master_service.cpp:4424] key=concurrent_k_215, error=replica_not_ready
W1008 11:17:18.446780 192308 master_service.cpp:4424] key=concurrent_k_215, error=replica_not_ready
W1008 11:17:18.446825 192307 master_service.cpp:4424] key=concurrent_k_215, error=replica_not_ready
W1008 11:17:18.447479 192309 master_service.cpp:4424] key=concurrent_k_216, error=replica_not_ready
W1008 11:17:18.447515 192308 master_service.cpp:4424] key=concurrent_k_216, error=replica_not_ready
W1008 11:17:18.447997 192309 master_service.cpp:4424] key=concurrent_k_216, error=replica_not_ready
W1008 11:17:18.448388 192308 master_service.cpp:4424] key=concurrent_k_217, error=replica_not_ready
W1008 11:17:18.448441 192307 master_service.cpp:4424] key=concurrent_k_217, error=replica_not_ready
W1008 11:17:18.448722 192308 master_service.cpp:4424] key=concurrent_k_217, error=replica_not_ready
W1008 11:17:18.449412 192309 master_service.cpp:4424] key=concurrent_k_218, error=replica_not_ready
W1008 11:17:18.449433 192308 master_service.cpp:4424] key=concurrent_k_218, error=replica_not_ready
W1008 11:17:18.449463 192307 master_service.cpp:4424] key=concurrent_k_218, error=replica_not_ready
W1008 11:17:18.450198 192309 master_service.cpp:4424] key=concurrent_k_219, error=replica_not_ready
W1008 11:17:18.450237 192308 master_service.cpp:4424] key=concurrent_k_219, error=replica_not_ready
W1008 11:17:18.450558 192309 master_service.cpp:4424] key=concurrent_k_219, error=replica_not_ready
W1008 11:17:18.450909 192309 master_service.cpp:4424] key=concurrent_k_220, error=replica_not_ready
W1008 11:17:18.451027 192309 master_service.cpp:4424] key=concurrent_k_220, error=replica_not_ready
W1008 11:17:18.451912 192309 master_service.cpp:4424] key=concurrent_k_221, error=replica_not_ready
W1008 11:17:18.451934 192308 master_service.cpp:4424] key=concurrent_k_221, error=replica_not_ready
W1008 11:17:18.452145 192309 master_service.cpp:4424] key=concurrent_k_221, error=replica_not_ready
W1008 11:17:18.452703 192308 master_service.cpp:4424] key=concurrent_k_222, error=replica_not_ready
W1008 11:17:18.452708 192309 master_service.cpp:4424] key=concurrent_k_222, error=replica_not_ready
W1008 11:17:18.452996 192309 master_service.cpp:4424] key=concurrent_k_222, error=replica_not_ready
W1008 11:17:18.453547 192309 master_service.cpp:4424] key=concurrent_k_223, error=replica_not_ready
W1008 11:17:18.453640 192308 master_service.cpp:4424] key=concurrent_k_223, error=replica_not_ready
W1008 11:17:18.453784 192309 master_service.cpp:4424] key=concurrent_k_223, error=replica_not_ready
W1008 11:17:18.454212 192309 master_service.cpp:4424] key=concurrent_k_224, error=replica_not_ready
W1008 11:17:18.454293 192308 master_service.cpp:4424] key=concurrent_k_224, error=replica_not_ready
W1008 11:17:18.454632 192309 master_service.cpp:4424] key=concurrent_k_224, error=replica_not_ready
W1008 11:17:18.454945 192309 master_service.cpp:4424] key=concurrent_k_225, error=replica_not_ready
W1008 11:17:18.455070 192309 master_service.cpp:4424] key=concurrent_k_225, error=replica_not_ready
W1008 11:17:18.455314 192309 master_service.cpp:4424] key=concurrent_k_225, error=replica_not_ready
W1008 11:17:18.455952 192309 master_service.cpp:4424] key=concurrent_k_226, error=replica_not_ready
W1008 11:17:18.456000 192308 master_service.cpp:4424] key=concurrent_k_226, error=replica_not_ready
W1008 11:17:18.456044 192307 master_service.cpp:4424] key=concurrent_k_226, error=replica_not_ready
W1008 11:17:18.456631 192309 master_service.cpp:4424] key=concurrent_k_227, error=replica_not_ready
W1008 11:17:18.456672 192308 master_service.cpp:4424] key=concurrent_k_227, error=replica_not_ready
W1008 11:17:18.456991 192309 master_service.cpp:4424] key=concurrent_k_227, error=replica_not_ready
W1008 11:17:18.457636 192309 master_service.cpp:4424] key=concurrent_k_228, error=replica_not_ready
W1008 11:17:18.457767 192309 master_service.cpp:4424] key=concurrent_k_228, error=replica_not_ready
W1008 11:17:18.457794 192308 master_service.cpp:4424] key=concurrent_k_228, error=replica_not_ready
W1008 11:17:18.458459 192309 master_service.cpp:4424] key=concurrent_k_229, error=replica_not_ready
W1008 11:17:18.458566 192309 master_service.cpp:4424] key=concurrent_k_229, error=replica_not_ready
W1008 11:17:18.459172 192309 master_service.cpp:4424] key=concurrent_k_230, error=replica_not_ready
W1008 11:17:18.459213 192307 master_service.cpp:4424] key=concurrent_k_230, error=replica_not_ready
W1008 11:17:18.459278 192309 master_service.cpp:4424] key=concurrent_k_230, error=replica_not_ready
W1008 11:17:18.459822 192309 master_service.cpp:4424] key=concurrent_k_231, error=replica_not_ready
W1008 11:17:18.459863 192308 master_service.cpp:4424] key=concurrent_k_231, error=replica_not_ready
W1008 11:17:18.460173 192309 master_service.cpp:4424] key=concurrent_k_231, error=replica_not_ready
W1008 11:17:18.460496 192308 master_service.cpp:4424] key=concurrent_k_232, error=replica_not_ready
W1008 11:17:18.460563 192309 master_service.cpp:4424] key=concurrent_k_232, error=replica_not_ready
W1008 11:17:18.460935 192309 master_service.cpp:4424] key=concurrent_k_232, error=replica_not_ready
W1008 11:17:18.461364 192309 master_service.cpp:4424] key=concurrent_k_233, error=replica_not_ready
W1008 11:17:18.461416 192308 master_service.cpp:4424] key=concurrent_k_233, error=replica_not_ready
W1008 11:17:18.461551 192309 master_service.cpp:4424] key=concurrent_k_233, error=replica_not_ready
W1008 11:17:18.461956 192309 master_service.cpp:4424] key=concurrent_k_234, error=replica_not_ready
W1008 11:17:18.462042 192307 master_service.cpp:4424] key=concurrent_k_234, error=replica_not_ready
W1008 11:17:18.462342 192308 master_service.cpp:4424] key=concurrent_k_234, error=replica_not_ready
W1008 11:17:18.462990 192309 master_service.cpp:4424] key=concurrent_k_235, error=replica_not_ready
W1008 11:17:18.463023 192308 master_service.cpp:4424] key=concurrent_k_235, error=replica_not_ready
W1008 11:17:18.463092 192309 master_service.cpp:4424] key=concurrent_k_235, error=replica_not_ready
W1008 11:17:18.463837 192309 master_service.cpp:4424] key=concurrent_k_236, error=replica_not_ready
W1008 11:17:18.463883 192308 master_service.cpp:4424] key=concurrent_k_236, error=replica_not_ready
W1008 11:17:18.464111 192309 master_service.cpp:4424] key=concurrent_k_236, error=replica_not_ready
W1008 11:17:18.464495 192308 master_service.cpp:4424] key=concurrent_k_237, error=replica_not_ready
W1008 11:17:18.464510 192309 master_service.cpp:4424] key=concurrent_k_237, error=replica_not_ready
W1008 11:17:18.465003 192309 master_service.cpp:4424] key=concurrent_k_237, error=replica_not_ready
W1008 11:17:18.465584 192309 master_service.cpp:4424] key=concurrent_k_238, error=replica_not_ready
W1008 11:17:18.465610 192308 master_service.cpp:4424] key=concurrent_k_238, error=replica_not_ready
W1008 11:17:18.465662 192307 master_service.cpp:4424] key=concurrent_k_238, error=replica_not_ready
W1008 11:17:18.466320 192309 master_service.cpp:4424] key=concurrent_k_239, error=replica_not_ready
W1008 11:17:18.466374 192308 master_service.cpp:4424] key=concurrent_k_239, error=replica_not_ready
W1008 11:17:18.466655 192309 master_service.cpp:4424] key=concurrent_k_239, error=replica_not_ready
W1008 11:17:18.467000 192308 master_service.cpp:4424] key=concurrent_k_240, error=replica_not_ready
W1008 11:17:18.467063 192309 master_service.cpp:4424] key=concurrent_k_240, error=replica_not_ready
W1008 11:17:18.467450 192309 master_service.cpp:4424] key=concurrent_k_240, error=replica_not_ready
W1008 11:17:18.467901 192309 master_service.cpp:4424] key=concurrent_k_241, error=replica_not_ready
W1008 11:17:18.467945 192307 master_service.cpp:4424] key=concurrent_k_241, error=replica_not_ready
W1008 11:17:18.467993 192309 master_service.cpp:4424] key=concurrent_k_241, error=replica_not_ready
W1008 11:17:18.468480 192308 master_service.cpp:4424] key=concurrent_k_242, error=replica_not_ready
W1008 11:17:18.468623 192309 master_service.cpp:4424] key=concurrent_k_242, error=replica_not_ready
W1008 11:17:18.468962 192309 master_service.cpp:4424] key=concurrent_k_242, error=replica_not_ready
W1008 11:17:18.469241 192309 master_service.cpp:4424] key=concurrent_k_243, error=replica_not_ready
W1008 11:17:18.469369 192309 master_service.cpp:4424] key=concurrent_k_243, error=replica_not_ready
W1008 11:17:18.470093 192309 master_service.cpp:4424] key=concurrent_k_244, error=replica_not_ready
W1008 11:17:18.470151 192308 master_service.cpp:4424] key=concurrent_k_244, error=replica_not_ready
W1008 11:17:18.470213 192309 master_service.cpp:4424] key=concurrent_k_244, error=replica_not_ready
W1008 11:17:18.470790 192309 master_service.cpp:4424] key=concurrent_k_245, error=replica_not_ready
W1008 11:17:18.470830 192308 master_service.cpp:4424] key=concurrent_k_245, error=replica_not_ready
W1008 11:17:18.471266 192309 master_service.cpp:4424] key=concurrent_k_245, error=replica_not_ready
W1008 11:17:18.471517 192309 master_service.cpp:4424] key=concurrent_k_246, error=replica_not_ready
W1008 11:17:18.471647 192308 master_service.cpp:4424] key=concurrent_k_246, error=replica_not_ready
W1008 11:17:18.471693 192309 master_service.cpp:4424] key=concurrent_k_246, error=replica_not_ready
W1008 11:17:18.472443 192309 master_service.cpp:4424] key=concurrent_k_247, error=replica_not_ready
W1008 11:17:18.472498 192308 master_service.cpp:4424] key=concurrent_k_247, error=replica_not_ready
W1008 11:17:18.472635 192309 master_service.cpp:4424] key=concurrent_k_247, error=replica_not_ready
W1008 11:17:18.473083 192309 master_service.cpp:4424] key=concurrent_k_248, error=replica_not_ready
W1008 11:17:18.473133 192308 master_service.cpp:4424] key=concurrent_k_248, error=replica_not_ready
W1008 11:17:18.474255 192308 master_service.cpp:4424] key=concurrent_k_249, error=replica_not_ready
W1008 11:17:18.474255 192309 master_service.cpp:4424] key=concurrent_k_249, error=replica_not_ready
W1008 11:17:18.474299 192307 master_service.cpp:4424] key=concurrent_k_249, error=replica_not_ready
W1008 11:17:18.475033 192309 master_service.cpp:4424] key=concurrent_k_250, error=replica_not_ready
W1008 11:17:18.475062 192308 master_service.cpp:4424] key=concurrent_k_250, error=replica_not_ready
W1008 11:17:18.475332 192309 master_service.cpp:4424] key=concurrent_k_250, error=replica_not_ready
W1008 11:17:18.475905 192307 master_service.cpp:4424] key=concurrent_k_251, error=replica_not_ready
W1008 11:17:18.475915 192309 master_service.cpp:4424] key=concurrent_k_251, error=replica_not_ready
W1008 11:17:18.476153 192309 master_service.cpp:4424] key=concurrent_k_251, error=replica_not_ready
W1008 11:17:18.476976 192309 master_service.cpp:4424] key=concurrent_k_252, error=replica_not_ready
W1008 11:17:18.477025 192308 master_service.cpp:4424] key=concurrent_k_252, error=replica_not_ready
W1008 11:17:18.477142 192309 master_service.cpp:4424] key=concurrent_k_252, error=replica_not_ready
W1008 11:17:18.477640 192309 master_service.cpp:4424] key=concurrent_k_253, error=replica_not_ready
W1008 11:17:18.477687 192308 master_service.cpp:4424] key=concurrent_k_253, error=replica_not_ready
W1008 11:17:18.478169 192309 master_service.cpp:4424] key=concurrent_k_253, error=replica_not_ready
W1008 11:17:18.478310 192309 master_service.cpp:4424] key=concurrent_k_254, error=replica_not_ready
W1008 11:17:18.478564 192309 master_service.cpp:4424] key=concurrent_k_254, error=replica_not_ready
W1008 11:17:18.478628 192308 master_service.cpp:4424] key=concurrent_k_254, error=replica_not_ready
W1008 11:17:18.479168 192309 master_service.cpp:4424] key=concurrent_k_255, error=replica_not_ready
W1008 11:17:18.479218 192308 master_service.cpp:4424] key=concurrent_k_255, error=replica_not_ready
W1008 11:17:18.479398 192309 master_service.cpp:4424] key=concurrent_k_255, error=replica_not_ready
W1008 11:17:18.479844 192309 master_service.cpp:4424] key=concurrent_k_256, error=replica_not_ready
W1008 11:17:18.479847 192307 master_service.cpp:4424] key=concurrent_k_256, error=replica_not_ready
W1008 11:17:18.480315 192309 master_service.cpp:4424] key=concurrent_k_256, error=replica_not_ready
W1008 11:17:18.480929 192309 master_service.cpp:4424] key=concurrent_k_257, error=replica_not_ready
W1008 11:17:18.480944 192308 master_service.cpp:4424] key=concurrent_k_257, error=replica_not_ready
W1008 11:17:18.480994 192307 master_service.cpp:4424] key=concurrent_k_257, error=replica_not_ready
W1008 11:17:18.481750 192309 master_service.cpp:4424] key=concurrent_k_258, error=replica_not_ready
W1008 11:17:18.481797 192307 master_service.cpp:4424] key=concurrent_k_258, error=replica_not_ready
W1008 11:17:18.481848 192309 master_service.cpp:4424] key=concurrent_k_258, error=replica_not_ready
W1008 11:17:18.482575 192309 master_service.cpp:4424] key=concurrent_k_259, error=replica_not_ready
W1008 11:17:18.482609 192308 master_service.cpp:4424] key=concurrent_k_259, error=replica_not_ready
W1008 11:17:18.482894 192309 master_service.cpp:4424] key=concurrent_k_259, error=replica_not_ready
W1008 11:17:18.483246 192308 master_service.cpp:4424] key=concurrent_k_260, error=replica_not_ready
W1008 11:17:18.483312 192309 master_service.cpp:4424] key=concurrent_k_260, error=replica_not_ready
W1008 11:17:18.484164 192309 master_service.cpp:4424] key=concurrent_k_261, error=replica_not_ready
W1008 11:17:18.484179 192308 master_service.cpp:4424] key=concurrent_k_261, error=replica_not_ready
W1008 11:17:18.484349 192308 master_service.cpp:4424] key=concurrent_k_261, error=replica_not_ready
W1008 11:17:18.485082 192309 master_service.cpp:4424] key=concurrent_k_262, error=replica_not_ready
W1008 11:17:18.485126 192308 master_service.cpp:4424] key=concurrent_k_262, error=replica_not_ready
W1008 11:17:18.485210 192309 master_service.cpp:4424] key=concurrent_k_262, error=replica_not_ready
W1008 11:17:18.485855 192309 master_service.cpp:4424] key=concurrent_k_263, error=replica_not_ready
W1008 11:17:18.485909 192306 master_service.cpp:4424] key=concurrent_k_263, error=replica_not_ready
W1008 11:17:18.486233 192309 master_service.cpp:4424] key=concurrent_k_263, error=replica_not_ready
W1008 11:17:18.486521 192309 master_service.cpp:4424] key=concurrent_k_264, error=replica_not_ready
W1008 11:17:18.486655 192309 master_service.cpp:4424] key=concurrent_k_264, error=replica_not_ready
W1008 11:17:18.487558 192307 master_service.cpp:4424] key=concurrent_k_265, error=replica_not_ready
W1008 11:17:18.487565 192308 master_service.cpp:4424] key=concurrent_k_265, error=replica_not_ready
W1008 11:17:18.487614 192309 master_service.cpp:4424] key=concurrent_k_265, error=replica_not_ready
W1008 11:17:18.488242 192309 master_service.cpp:4424] key=concurrent_k_266, error=replica_not_ready
W1008 11:17:18.488320 192308 master_service.cpp:4424] key=concurrent_k_266, error=replica_not_ready
W1008 11:17:18.488694 192309 master_service.cpp:4424] key=concurrent_k_266, error=replica_not_ready
W1008 11:17:18.488919 192309 master_service.cpp:4424] key=concurrent_k_267, error=replica_not_ready
W1008 11:17:18.489099 192309 master_service.cpp:4424] key=concurrent_k_267, error=replica_not_ready
W1008 11:17:18.489354 192308 master_service.cpp:4424] key=concurrent_k_267, error=replica_not_ready
W1008 11:17:18.489805 192309 master_service.cpp:4424] key=concurrent_k_268, error=replica_not_ready
W1008 11:17:18.489810 192308 master_service.cpp:4424] key=concurrent_k_268, error=replica_not_ready
W1008 11:17:18.489933 192309 master_service.cpp:4424] key=concurrent_k_268, error=replica_not_ready
W1008 11:17:18.490572 192309 master_service.cpp:4424] key=concurrent_k_269, error=replica_not_ready
W1008 11:17:18.490610 192308 master_service.cpp:4424] key=concurrent_k_269, error=replica_not_ready
W1008 11:17:18.490980 192309 master_service.cpp:4424] key=concurrent_k_269, error=replica_not_ready
W1008 11:17:18.491525 192309 master_service.cpp:4424] key=concurrent_k_270, error=replica_not_ready
W1008 11:17:18.491561 192308 master_service.cpp:4424] key=concurrent_k_270, error=replica_not_ready
W1008 11:17:18.491581 192307 master_service.cpp:4424] key=concurrent_k_270, error=replica_not_ready
W1008 11:17:18.492483 192309 master_service.cpp:4424] key=concurrent_k_271, error=replica_not_ready
W1008 11:17:18.492550 192306 master_service.cpp:4424] key=concurrent_k_271, error=replica_not_ready
W1008 11:17:18.492635 192309 master_service.cpp:4424] key=concurrent_k_271, error=replica_not_ready
W1008 11:17:18.493117 192309 master_service.cpp:4424] key=concurrent_k_272, error=replica_not_ready
W1008 11:17:18.493233 192309 master_service.cpp:4424] key=concurrent_k_272, error=replica_not_ready
W1008 11:17:18.493450 192309 master_service.cpp:4424] key=concurrent_k_272, error=replica_not_ready
W1008 11:17:18.494109 192309 master_service.cpp:4424] key=concurrent_k_273, error=replica_not_ready
W1008 11:17:18.494165 192308 master_service.cpp:4424] key=concurrent_k_273, error=replica_not_ready
W1008 11:17:18.494307 192309 master_service.cpp:4424] key=concurrent_k_273, error=replica_not_ready
W1008 11:17:18.494700 192309 master_service.cpp:4424] key=concurrent_k_274, error=replica_not_ready
W1008 11:17:18.494819 192308 master_service.cpp:4424] key=concurrent_k_274, error=replica_not_ready
W1008 11:17:18.495194 192309 master_service.cpp:4424] key=concurrent_k_274, error=replica_not_ready
W1008 11:17:18.495436 192309 master_service.cpp:4424] key=concurrent_k_275, error=replica_not_ready
W1008 11:17:18.495615 192309 master_service.cpp:4424] key=concurrent_k_275, error=replica_not_ready
W1008 11:17:18.495793 192308 master_service.cpp:4424] key=concurrent_k_275, error=replica_not_ready
W1008 11:17:18.496304 192309 master_service.cpp:4424] key=concurrent_k_276, error=replica_not_ready
W1008 11:17:18.496356 192308 master_service.cpp:4424] key=concurrent_k_276, error=replica_not_ready
W1008 11:17:18.496560 192309 master_service.cpp:4424] key=concurrent_k_276, error=replica_not_ready
W1008 11:17:18.496985 192308 master_service.cpp:4424] key=concurrent_k_277, error=replica_not_ready
W1008 11:17:18.496989 192309 master_service.cpp:4424] key=concurrent_k_277, error=replica_not_ready
W1008 11:17:18.497376 192308 master_service.cpp:4424] key=concurrent_k_277, error=replica_not_ready
W1008 11:17:18.497651 192309 master_service.cpp:4424] key=concurrent_k_278, error=replica_not_ready
W1008 11:17:18.497754 192309 master_service.cpp:4424] key=concurrent_k_278, error=replica_not_ready
W1008 11:17:18.497885 192309 master_service.cpp:4424] key=concurrent_k_278, error=replica_not_ready
W1008 11:17:18.498644 192309 master_service.cpp:4424] key=concurrent_k_279, error=replica_not_ready
W1008 11:17:18.498692 192307 master_service.cpp:4424] key=concurrent_k_279, error=replica_not_ready
W1008 11:17:18.498759 192309 master_service.cpp:4424] key=concurrent_k_279, error=replica_not_ready
W1008 11:17:18.499365 192309 master_service.cpp:4424] key=concurrent_k_280, error=replica_not_ready
W1008 11:17:18.499414 192308 master_service.cpp:4424] key=concurrent_k_280, error=replica_not_ready
W1008 11:17:18.499740 192309 master_service.cpp:4424] key=concurrent_k_280, error=replica_not_ready
W1008 11:17:18.500182 192308 master_service.cpp:4424] key=concurrent_k_281, error=replica_not_ready
W1008 11:17:18.500191 192309 master_service.cpp:4424] key=concurrent_k_281, error=replica_not_ready
W1008 11:17:18.500478 192309 master_service.cpp:4424] key=concurrent_k_281, error=replica_not_ready
W1008 11:17:18.500849 192308 master_service.cpp:4424] key=concurrent_k_282, error=replica_not_ready
W1008 11:17:18.500854 192309 master_service.cpp:4424] key=concurrent_k_282, error=replica_not_ready
W1008 11:17:18.501219 192309 master_service.cpp:4424] key=concurrent_k_282, error=replica_not_ready
W1008 11:17:18.501773 192309 master_service.cpp:4424] key=concurrent_k_283, error=replica_not_ready
W1008 11:17:18.501840 192308 master_service.cpp:4424] key=concurrent_k_283, error=replica_not_ready
W1008 11:17:18.501950 192309 master_service.cpp:4424] key=concurrent_k_283, error=replica_not_ready
W1008 11:17:18.502417 192309 master_service.cpp:4424] key=concurrent_k_284, error=replica_not_ready
W1008 11:17:18.502491 192308 master_service.cpp:4424] key=concurrent_k_284, error=replica_not_ready
W1008 11:17:18.503140 192309 master_service.cpp:4424] key=concurrent_k_285, error=replica_not_ready
W1008 11:17:18.503361 192309 master_service.cpp:4424] key=concurrent_k_285, error=replica_not_ready
W1008 11:17:18.503531 192309 master_service.cpp:4424] key=concurrent_k_285, error=replica_not_ready
W1008 11:17:18.504055 192309 master_service.cpp:4424] key=concurrent_k_286, error=replica_not_ready
W1008 11:17:18.504062 192308 master_service.cpp:4424] key=concurrent_k_286, error=replica_not_ready
W1008 11:17:18.504103 192307 master_service.cpp:4424] key=concurrent_k_286, error=replica_not_ready
W1008 11:17:18.504740 192309 master_service.cpp:4424] key=concurrent_k_287, error=replica_not_ready
W1008 11:17:18.504789 192308 master_service.cpp:4424] key=concurrent_k_287, error=replica_not_ready
W1008 11:17:18.505280 192306 master_service.cpp:4424] key=concurrent_k_287, error=replica_not_ready
W1008 11:17:18.505405 192309 master_service.cpp:4424] key=concurrent_k_288, error=replica_not_ready
W1008 11:17:18.505776 192309 master_service.cpp:4424] key=concurrent_k_288, error=replica_not_ready
W1008 11:17:18.506265 192309 master_service.cpp:4424] key=concurrent_k_289, error=replica_not_ready
W1008 11:17:18.506342 192307 master_service.cpp:4424] key=concurrent_k_289, error=replica_not_ready
W1008 11:17:18.506386 192309 master_service.cpp:4424] key=concurrent_k_289, error=replica_not_ready
W1008 11:17:18.506973 192309 master_service.cpp:4424] key=concurrent_k_290, error=replica_not_ready
W1008 11:17:18.506992 192308 master_service.cpp:4424] key=concurrent_k_290, error=replica_not_ready
W1008 11:17:18.507682 192309 master_service.cpp:4424] key=concurrent_k_291, error=replica_not_ready
W1008 11:17:18.508070 192309 master_service.cpp:4424] key=concurrent_k_291, error=replica_not_ready
W1008 11:17:18.508452 192308 master_service.cpp:4424] key=concurrent_k_292, error=replica_not_ready
W1008 11:17:18.508745 192309 master_service.cpp:4424] key=concurrent_k_292, error=replica_not_ready
W1008 11:17:18.509130 192309 master_service.cpp:4424] key=concurrent_k_293, error=replica_not_ready
W1008 11:17:18.509465 192309 master_service.cpp:4424] key=concurrent_k_293, error=replica_not_ready
W1008 11:17:18.509689 192309 master_service.cpp:4424] key=concurrent_k_293, error=replica_not_ready
W1008 11:17:18.509799 192309 master_service.cpp:4424] key=concurrent_k_294, error=replica_not_ready
W1008 11:17:18.510239 192309 master_service.cpp:4424] key=concurrent_k_294, error=replica_not_ready
W1008 11:17:18.510632 192309 master_service.cpp:4424] key=concurrent_k_295, error=replica_not_ready
W1008 11:17:18.510828 192309 master_service.cpp:4424] key=concurrent_k_295, error=replica_not_ready
W1008 11:17:18.510856 192308 master_service.cpp:4424] key=concurrent_k_295, error=replica_not_ready
W1008 11:17:18.511319 192309 master_service.cpp:4424] key=concurrent_k_296, error=replica_not_ready
W1008 11:17:18.511492 192309 master_service.cpp:4424] key=concurrent_k_296, error=replica_not_ready
W1008 11:17:18.511687 192309 master_service.cpp:4424] key=concurrent_k_296, error=replica_not_ready
W1008 11:17:18.512104 192309 master_service.cpp:4424] key=concurrent_k_297, error=replica_not_ready
W1008 11:17:18.512111 192308 master_service.cpp:4424] key=concurrent_k_297, error=replica_not_ready
W1008 11:17:18.512445 192309 master_service.cpp:4424] key=concurrent_k_297, error=replica_not_ready
W1008 11:17:18.512766 192309 master_service.cpp:4424] key=concurrent_k_298, error=replica_not_ready
W1008 11:17:18.512861 192309 master_service.cpp:4424] key=concurrent_k_298, error=replica_not_ready
W1008 11:17:18.512950 192309 master_service.cpp:4424] key=concurrent_k_298, error=replica_not_ready
W1008 11:17:18.513800 192308 master_service.cpp:4424] key=concurrent_k_299, error=replica_not_ready
W1008 11:17:18.513813 192307 master_service.cpp:4424] key=concurrent_k_299, error=replica_not_ready
W1008 11:17:18.513854 192306 master_service.cpp:4424] key=concurrent_k_299, error=replica_not_ready
W1008 11:17:18.514509 192309 master_service.cpp:4424] key=concurrent_k_300, error=replica_not_ready
W1008 11:17:18.514534 192308 master_service.cpp:4424] key=concurrent_k_300, error=replica_not_ready
W1008 11:17:18.514880 192309 master_service.cpp:4424] key=concurrent_k_300, error=replica_not_ready
W1008 11:17:18.515192 192309 master_service.cpp:4424] key=concurrent_k_301, error=replica_not_ready
W1008 11:17:18.515290 192309 master_service.cpp:4424] key=concurrent_k_301, error=replica_not_ready
W1008 11:17:18.515681 192309 master_service.cpp:4424] key=concurrent_k_301, error=replica_not_ready
W1008 11:17:18.516111 192309 master_service.cpp:4424] key=concurrent_k_302, error=replica_not_ready
W1008 11:17:18.516172 192308 master_service.cpp:4424] key=concurrent_k_302, error=replica_not_ready
W1008 11:17:18.516199 192309 master_service.cpp:4424] key=concurrent_k_302, error=replica_not_ready
W1008 11:17:18.516767 192309 master_service.cpp:4424] key=concurrent_k_303, error=replica_not_ready
W1008 11:17:18.516830 192308 master_service.cpp:4424] key=concurrent_k_303, error=replica_not_ready
W1008 11:17:18.517463 192309 master_service.cpp:4424] key=concurrent_k_304, error=replica_not_ready
W1008 11:17:18.517724 192309 master_service.cpp:4424] key=concurrent_k_304, error=replica_not_ready
W1008 11:17:18.517846 192309 master_service.cpp:4424] key=concurrent_k_304, error=replica_not_ready
W1008 11:17:18.518440 192309 master_service.cpp:4424] key=concurrent_k_305, error=replica_not_ready
W1008 11:17:18.518496 192308 master_service.cpp:4424] key=concurrent_k_305, error=replica_not_ready
W1008 11:17:18.518530 192307 master_service.cpp:4424] key=concurrent_k_305, error=replica_not_ready
W1008 11:17:18.519104 192309 master_service.cpp:4424] key=concurrent_k_306, error=replica_not_ready
W1008 11:17:18.519151 192308 master_service.cpp:4424] key=concurrent_k_306, error=replica_not_ready
W1008 11:17:18.519481 192309 master_service.cpp:4424] key=concurrent_k_306, error=replica_not_ready
W1008 11:17:18.519790 192309 master_service.cpp:4424] key=concurrent_k_307, error=replica_not_ready
W1008 11:17:18.519891 192309 master_service.cpp:4424] key=concurrent_k_307, error=replica_not_ready
W1008 11:17:18.520746 192309 master_service.cpp:4424] key=concurrent_k_308, error=replica_not_ready
W1008 11:17:18.520784 192308 master_service.cpp:4424] key=concurrent_k_308, error=replica_not_ready
W1008 11:17:18.520838 192309 master_service.cpp:4424] key=concurrent_k_308, error=replica_not_ready
W1008 11:17:18.521579 192308 master_service.cpp:4424] key=concurrent_k_309, error=replica_not_ready
W1008 11:17:18.521586 192309 master_service.cpp:4424] key=concurrent_k_309, error=replica_not_ready
W1008 11:17:18.521907 192309 master_service.cpp:4424] key=concurrent_k_309, error=replica_not_ready
W1008 11:17:18.522605 192309 master_service.cpp:4424] key=concurrent_k_310, error=replica_not_ready
W1008 11:17:18.522616 192307 master_service.cpp:4424] key=concurrent_k_310, error=replica_not_ready
W1008 11:17:18.522634 192308 master_service.cpp:4424] key=concurrent_k_310, error=replica_not_ready
W1008 11:17:18.523290 192308 master_service.cpp:4424] key=concurrent_k_311, error=replica_not_ready
W1008 11:17:18.523420 192309 master_service.cpp:4424] key=concurrent_k_311, error=replica_not_ready
W1008 11:17:18.523761 192308 master_service.cpp:4424] key=concurrent_k_311, error=replica_not_ready
W1008 11:17:18.524027 192309 master_service.cpp:4424] key=concurrent_k_312, error=replica_not_ready
W1008 11:17:18.524147 192308 master_service.cpp:4424] key=concurrent_k_312, error=replica_not_ready
W1008 11:17:18.524376 192309 master_service.cpp:4424] key=concurrent_k_312, error=replica_not_ready
W1008 11:17:18.525064 192309 master_service.cpp:4424] key=concurrent_k_313, error=replica_not_ready
W1008 11:17:18.525074 192308 master_service.cpp:4424] key=concurrent_k_313, error=replica_not_ready
W1008 11:17:18.525100 192307 master_service.cpp:4424] key=concurrent_k_313, error=replica_not_ready
W1008 11:17:18.525887 192309 master_service.cpp:4424] key=concurrent_k_314, error=replica_not_ready
W1008 11:17:18.525915 192308 master_service.cpp:4424] key=concurrent_k_314, error=replica_not_ready
W1008 11:17:18.526127 192309 master_service.cpp:4424] key=concurrent_k_314, error=replica_not_ready
W1008 11:17:18.526540 192309 master_service.cpp:4424] key=concurrent_k_315, error=replica_not_ready
W1008 11:17:18.526580 192308 master_service.cpp:4424] key=concurrent_k_315, error=replica_not_ready
W1008 11:17:18.527609 192309 master_service.cpp:4424] key=concurrent_k_316, error=replica_not_ready
W1008 11:17:18.527639 192308 master_service.cpp:4424] key=concurrent_k_316, error=replica_not_ready
W1008 11:17:18.527658 192307 master_service.cpp:4424] key=concurrent_k_316, error=replica_not_ready
W1008 11:17:18.528319 192309 master_service.cpp:4424] key=concurrent_k_317, error=replica_not_ready
W1008 11:17:18.528424 192309 master_service.cpp:4424] key=concurrent_k_317, error=replica_not_ready
W1008 11:17:18.528664 192309 master_service.cpp:4424] key=concurrent_k_317, error=replica_not_ready
W1008 11:17:18.529014 192309 master_service.cpp:4424] key=concurrent_k_318, error=replica_not_ready
W1008 11:17:18.529054 192307 master_service.cpp:4424] key=concurrent_k_318, error=replica_not_ready
W1008 11:17:18.529323 192309 master_service.cpp:4424] key=concurrent_k_318, error=replica_not_ready
W1008 11:17:18.529690 192308 master_service.cpp:4424] key=concurrent_k_319, error=replica_not_ready
W1008 11:17:18.529739 192309 master_service.cpp:4424] key=concurrent_k_319, error=replica_not_ready
W1008 11:17:18.530021 192309 master_service.cpp:4424] key=concurrent_k_319, error=replica_not_ready
W1008 11:17:18.530756 192308 master_service.cpp:4424] key=concurrent_k_320, error=replica_not_ready
W1008 11:17:18.530791 192307 master_service.cpp:4424] key=concurrent_k_320, error=replica_not_ready
W1008 11:17:18.530822 192309 master_service.cpp:4424] key=concurrent_k_320, error=replica_not_ready
W1008 11:17:18.531543 192308 master_service.cpp:4424] key=concurrent_k_321, error=replica_not_ready
W1008 11:17:18.531579 192309 master_service.cpp:4424] key=concurrent_k_321, error=replica_not_ready
W1008 11:17:18.531821 192309 master_service.cpp:4424] key=concurrent_k_321, error=replica_not_ready
W1008 11:17:18.532387 192309 master_service.cpp:4424] key=concurrent_k_322, error=replica_not_ready
W1008 11:17:18.532435 192307 master_service.cpp:4424] key=concurrent_k_322, error=replica_not_ready
W1008 11:17:18.532485 192309 master_service.cpp:4424] key=concurrent_k_322, error=replica_not_ready
W1008 11:17:18.533398 192309 master_service.cpp:4424] key=concurrent_k_323, error=replica_not_ready
W1008 11:17:18.533455 192308 master_service.cpp:4424] key=concurrent_k_323, error=replica_not_ready
W1008 11:17:18.533484 192309 master_service.cpp:4424] key=concurrent_k_323, error=replica_not_ready
W1008 11:17:18.534204 192309 master_service.cpp:4424] key=concurrent_k_324, error=replica_not_ready
W1008 11:17:18.534240 192308 master_service.cpp:4424] key=concurrent_k_324, error=replica_not_ready
W1008 11:17:18.534552 192309 master_service.cpp:4424] key=concurrent_k_324, error=replica_not_ready
W1008 11:17:18.535090 192309 master_service.cpp:4424] key=concurrent_k_325, error=replica_not_ready
W1008 11:17:18.535127 192308 master_service.cpp:4424] key=concurrent_k_325, error=replica_not_ready
W1008 11:17:18.535291 192309 master_service.cpp:4424] key=concurrent_k_325, error=replica_not_ready
W1008 11:17:18.536054 192309 master_service.cpp:4424] key=concurrent_k_326, error=replica_not_ready
W1008 11:17:18.536091 192308 master_service.cpp:4424] key=concurrent_k_326, error=replica_not_ready
W1008 11:17:18.536127 192307 master_service.cpp:4424] key=concurrent_k_326, error=replica_not_ready
W1008 11:17:18.537075 192308 master_service.cpp:4424] key=concurrent_k_327, error=replica_not_ready
W1008 11:17:18.537101 192307 master_service.cpp:4424] key=concurrent_k_327, error=replica_not_ready
W1008 11:17:18.537118 192309 master_service.cpp:4424] key=concurrent_k_327, error=replica_not_ready
W1008 11:17:18.538009 192309 master_service.cpp:4424] key=concurrent_k_328, error=replica_not_ready
W1008 11:17:18.538058 192308 master_service.cpp:4424] key=concurrent_k_328, error=replica_not_ready
W1008 11:17:18.538218 192309 master_service.cpp:4424] key=concurrent_k_328, error=replica_not_ready
W1008 11:17:18.538987 192309 master_service.cpp:4424] key=concurrent_k_329, error=replica_not_ready
W1008 11:17:18.539014 192307 master_service.cpp:4424] key=concurrent_k_329, error=replica_not_ready
W1008 11:17:18.539083 192309 master_service.cpp:4424] key=concurrent_k_329, error=replica_not_ready
W1008 11:17:18.539956 192309 master_service.cpp:4424] key=concurrent_k_330, error=replica_not_ready
W1008 11:17:18.540012 192308 master_service.cpp:4424] key=concurrent_k_330, error=replica_not_ready
W1008 11:17:18.540014 192307 master_service.cpp:4424] key=concurrent_k_330, error=replica_not_ready
W1008 11:17:18.540946 192309 master_service.cpp:4424] key=concurrent_k_331, error=replica_not_ready
W1008 11:17:18.540983 192308 master_service.cpp:4424] key=concurrent_k_331, error=replica_not_ready
W1008 11:17:18.541116 192309 master_service.cpp:4424] key=concurrent_k_331, error=replica_not_ready
W1008 11:17:18.541879 192309 master_service.cpp:4424] key=concurrent_k_332, error=replica_not_ready
W1008 11:17:18.541927 192308 master_service.cpp:4424] key=concurrent_k_332, error=replica_not_ready
W1008 11:17:18.542037 192309 master_service.cpp:4424] key=concurrent_k_332, error=replica_not_ready
W1008 11:17:18.542825 192309 master_service.cpp:4424] key=concurrent_k_333, error=replica_not_ready
W1008 11:17:18.542862 192308 master_service.cpp:4424] key=concurrent_k_333, error=replica_not_ready
W1008 11:17:18.542982 192309 master_service.cpp:4424] key=concurrent_k_333, error=replica_not_ready
W1008 11:17:18.543792 192309 master_service.cpp:4424] key=concurrent_k_334, error=replica_not_ready
W1008 11:17:18.543834 192308 master_service.cpp:4424] key=concurrent_k_334, error=replica_not_ready
W1008 11:17:18.543884 192309 master_service.cpp:4424] key=concurrent_k_334, error=replica_not_ready
W1008 11:17:18.544785 192308 master_service.cpp:4424] key=concurrent_k_335, error=replica_not_ready
W1008 11:17:18.544822 192307 master_service.cpp:4424] key=concurrent_k_335, error=replica_not_ready
W1008 11:17:18.544881 192309 master_service.cpp:4424] key=concurrent_k_335, error=replica_not_ready
W1008 11:17:18.545769 192309 master_service.cpp:4424] key=concurrent_k_336, error=replica_not_ready
W1008 11:17:18.545825 192308 master_service.cpp:4424] key=concurrent_k_336, error=replica_not_ready
W1008 11:17:18.545936 192309 master_service.cpp:4424] key=concurrent_k_336, error=replica_not_ready
W1008 11:17:18.546775 192309 master_service.cpp:4424] key=concurrent_k_337, error=replica_not_ready
W1008 11:17:18.546828 192308 master_service.cpp:4424] key=concurrent_k_337, error=replica_not_ready
W1008 11:17:18.547145 192309 master_service.cpp:4424] key=concurrent_k_337, error=replica_not_ready
W1008 11:17:18.547721 192309 master_service.cpp:4424] key=concurrent_k_338, error=replica_not_ready
W1008 11:17:18.547758 192308 master_service.cpp:4424] key=concurrent_k_338, error=replica_not_ready
W1008 11:17:18.547794 192307 master_service.cpp:4424] key=concurrent_k_338, error=replica_not_ready
W1008 11:17:18.548758 192308 master_service.cpp:4424] key=concurrent_k_339, error=replica_not_ready
W1008 11:17:18.548765 192309 master_service.cpp:4424] key=concurrent_k_339, error=replica_not_ready
W1008 11:17:18.548878 192309 master_service.cpp:4424] key=concurrent_k_339, error=replica_not_ready
W1008 11:17:18.549712 192309 master_service.cpp:4424] key=concurrent_k_340, error=replica_not_ready
W1008 11:17:18.549762 192307 master_service.cpp:4424] key=concurrent_k_340, error=replica_not_ready
W1008 11:17:18.549809 192309 master_service.cpp:4424] key=concurrent_k_340, error=replica_not_ready
W1008 11:17:18.550693 192309 master_service.cpp:4424] key=concurrent_k_341, error=replica_not_ready
W1008 11:17:18.550721 192308 master_service.cpp:4424] key=concurrent_k_341, error=replica_not_ready
W1008 11:17:18.550869 192309 master_service.cpp:4424] key=concurrent_k_341, error=replica_not_ready
W1008 11:17:18.551311 192309 master_service.cpp:4424] key=concurrent_k_342, error=replica_not_ready
W1008 11:17:18.551353 192308 master_service.cpp:4424] key=concurrent_k_342, error=replica_not_ready
W1008 11:17:18.551681 192309 master_service.cpp:4424] key=concurrent_k_342, error=replica_not_ready
W1008 11:17:18.551980 192309 master_service.cpp:4424] key=concurrent_k_343, error=replica_not_ready
W1008 11:17:18.552073 192309 master_service.cpp:4424] key=concurrent_k_343, error=replica_not_ready
W1008 11:17:18.552927 192309 master_service.cpp:4424] key=concurrent_k_344, error=replica_not_ready
W1008 11:17:18.552937 192306 master_service.cpp:4424] key=concurrent_k_344, error=replica_not_ready
W1008 11:17:18.553100 192309 master_service.cpp:4424] key=concurrent_k_344, error=replica_not_ready
W1008 11:17:18.553934 192309 master_service.cpp:4424] key=concurrent_k_345, error=replica_not_ready
W1008 11:17:18.553972 192308 master_service.cpp:4424] key=concurrent_k_345, error=replica_not_ready
W1008 11:17:18.554081 192309 master_service.cpp:4424] key=concurrent_k_345, error=replica_not_ready
W1008 11:17:18.554623 192309 master_service.cpp:4424] key=concurrent_k_346, error=replica_not_ready
W1008 11:17:18.554666 192308 master_service.cpp:4424] key=concurrent_k_346, error=replica_not_ready
W1008 11:17:18.554973 192309 master_service.cpp:4424] key=concurrent_k_346, error=replica_not_ready
W1008 11:17:18.555307 192309 master_service.cpp:4424] key=concurrent_k_347, error=replica_not_ready
W1008 11:17:18.555409 192309 master_service.cpp:4424] key=concurrent_k_347, error=replica_not_ready
W1008 11:17:18.555696 192309 master_service.cpp:4424] key=concurrent_k_347, error=replica_not_ready
W1008 11:17:18.556238 192309 master_service.cpp:4424] key=concurrent_k_348, error=replica_not_ready
W1008 11:17:18.556291 192308 master_service.cpp:4424] key=concurrent_k_348, error=replica_not_ready
W1008 11:17:18.556413 192309 master_service.cpp:4424] key=concurrent_k_348, error=replica_not_ready
W1008 11:17:18.556910 192309 master_service.cpp:4424] key=concurrent_k_349, error=replica_not_ready
W1008 11:17:18.556949 192308 master_service.cpp:4424] key=concurrent_k_349, error=replica_not_ready
W1008 11:17:18.557312 192309 master_service.cpp:4424] key=concurrent_k_349, error=replica_not_ready
W1008 11:17:18.557574 192309 master_service.cpp:4424] key=concurrent_k_350, error=replica_not_ready
W1008 11:17:18.557704 192309 master_service.cpp:4424] key=concurrent_k_350, error=replica_not_ready
W1008 11:17:18.557821 192309 master_service.cpp:4424] key=concurrent_k_350, error=replica_not_ready
W1008 11:17:18.558537 192309 master_service.cpp:4424] key=concurrent_k_351, error=replica_not_ready
W1008 11:17:18.558595 192308 master_service.cpp:4424] key=concurrent_k_351, error=replica_not_ready
W1008 11:17:18.558712 192309 master_service.cpp:4424] key=concurrent_k_351, error=replica_not_ready
W1008 11:17:18.559178 192309 master_service.cpp:4424] key=concurrent_k_352, error=replica_not_ready
W1008 11:17:18.559275 192308 master_service.cpp:4424] key=concurrent_k_352, error=replica_not_ready
W1008 11:17:18.559928 192309 master_service.cpp:4424] key=concurrent_k_353, error=replica_not_ready
W1008 11:17:18.560151 192309 master_service.cpp:4424] key=concurrent_k_353, error=replica_not_ready
W1008 11:17:18.560334 192309 master_service.cpp:4424] key=concurrent_k_353, error=replica_not_ready
W1008 11:17:18.560793 192309 master_service.cpp:4424] key=concurrent_k_354, error=replica_not_ready
W1008 11:17:18.560849 192308 master_service.cpp:4424] key=concurrent_k_354, error=replica_not_ready
W1008 11:17:18.560856 192307 master_service.cpp:4424] key=concurrent_k_354, error=replica_not_ready
W1008 11:17:18.561578 192309 master_service.cpp:4424] key=concurrent_k_355, error=replica_not_ready
W1008 11:17:18.561604 192308 master_service.cpp:4424] key=concurrent_k_355, error=replica_not_ready
W1008 11:17:18.562001 192309 master_service.cpp:4424] key=concurrent_k_355, error=replica_not_ready
W1008 11:17:18.562239 192309 master_service.cpp:4424] key=concurrent_k_356, error=replica_not_ready
W1008 11:17:18.562422 192308 master_service.cpp:4424] key=concurrent_k_356, error=replica_not_ready
W1008 11:17:18.562770 192309 master_service.cpp:4424] key=concurrent_k_356, error=replica_not_ready
W1008 11:17:18.563215 192309 master_service.cpp:4424] key=concurrent_k_357, error=replica_not_ready
W1008 11:17:18.563228 192308 master_service.cpp:4424] key=concurrent_k_357, error=replica_not_ready
W1008 11:17:18.563349 192309 master_service.cpp:4424] key=concurrent_k_357, error=replica_not_ready
W1008 11:17:18.564041 192309 master_service.cpp:4424] key=concurrent_k_358, error=replica_not_ready
W1008 11:17:18.564090 192308 master_service.cpp:4424] key=concurrent_k_358, error=replica_not_ready
W1008 11:17:18.564250 192309 master_service.cpp:4424] key=concurrent_k_358, error=replica_not_ready
W1008 11:17:18.564692 192309 master_service.cpp:4424] key=concurrent_k_359, error=replica_not_ready
W1008 11:17:18.564700 192308 master_service.cpp:4424] key=concurrent_k_359, error=replica_not_ready
W1008 11:17:18.565479 192309 master_service.cpp:4424] key=concurrent_k_360, error=replica_not_ready
W1008 11:17:18.565663 192309 master_service.cpp:4424] key=concurrent_k_360, error=replica_not_ready
W1008 11:17:18.565781 192309 master_service.cpp:4424] key=concurrent_k_360, error=replica_not_ready
W1008 11:17:18.566375 192309 master_service.cpp:4424] key=concurrent_k_361, error=replica_not_ready
W1008 11:17:18.566416 192308 master_service.cpp:4424] key=concurrent_k_361, error=replica_not_ready
W1008 11:17:18.566614 192309 master_service.cpp:4424] key=concurrent_k_361, error=replica_not_ready
W1008 11:17:18.567031 192308 master_service.cpp:4424] key=concurrent_k_362, error=replica_not_ready
W1008 11:17:18.567049 192307 master_service.cpp:4424] key=concurrent_k_362, error=replica_not_ready
W1008 11:17:18.567464 192309 master_service.cpp:4424] key=concurrent_k_362, error=replica_not_ready
W1008 11:17:18.568020 192309 master_service.cpp:4424] key=concurrent_k_363, error=replica_not_ready
W1008 11:17:18.568085 192307 master_service.cpp:4424] key=concurrent_k_363, error=replica_not_ready
W1008 11:17:18.568142 192309 master_service.cpp:4424] key=concurrent_k_363, error=replica_not_ready
W1008 11:17:18.568845 192308 master_service.cpp:4424] key=concurrent_k_364, error=replica_not_ready
W1008 11:17:18.568846 192309 master_service.cpp:4424] key=concurrent_k_364, error=replica_not_ready
W1008 11:17:18.569191 192308 master_service.cpp:4424] key=concurrent_k_364, error=replica_not_ready
W1008 11:17:18.569636 192308 master_service.cpp:4424] key=concurrent_k_365, error=replica_not_ready
W1008 11:17:18.569657 192307 master_service.cpp:4424] key=concurrent_k_365, error=replica_not_ready
W1008 11:17:18.569834 192309 master_service.cpp:4424] key=concurrent_k_365, error=replica_not_ready
W1008 11:17:18.570269 192309 master_service.cpp:4424] key=concurrent_k_366, error=replica_not_ready
W1008 11:17:18.570292 192308 master_service.cpp:4424] key=concurrent_k_366, error=replica_not_ready
W1008 11:17:18.570628 192309 master_service.cpp:4424] key=concurrent_k_366, error=replica_not_ready
W1008 11:17:18.571238 192308 master_service.cpp:4424] key=concurrent_k_367, error=replica_not_ready
W1008 11:17:18.571283 192307 master_service.cpp:4424] key=concurrent_k_367, error=replica_not_ready
W1008 11:17:18.571436 192309 master_service.cpp:4424] key=concurrent_k_367, error=replica_not_ready
W1008 11:17:18.571887 192308 master_service.cpp:4424] key=concurrent_k_368, error=replica_not_ready
W1008 11:17:18.571913 192307 master_service.cpp:4424] key=concurrent_k_368, error=replica_not_ready
W1008 11:17:18.572209 192309 master_service.cpp:4424] key=concurrent_k_368, error=replica_not_ready
W1008 11:17:18.572922 192306 master_service.cpp:4424] key=concurrent_k_369, error=replica_not_ready
W1008 11:17:18.572939 192307 master_service.cpp:4424] key=concurrent_k_369, error=replica_not_ready
W1008 11:17:18.572984 192308 master_service.cpp:4424] key=concurrent_k_369, error=replica_not_ready
W1008 11:17:18.573788 192309 master_service.cpp:4424] key=concurrent_k_370, error=replica_not_ready
W1008 11:17:18.573825 192308 master_service.cpp:4424] key=concurrent_k_370, error=replica_not_ready
W1008 11:17:18.573975 192309 master_service.cpp:4424] key=concurrent_k_370, error=replica_not_ready
W1008 11:17:18.574426 192308 master_service.cpp:4424] key=concurrent_k_371, error=replica_not_ready
W1008 11:17:18.574445 192307 master_service.cpp:4424] key=concurrent_k_371, error=replica_not_ready
W1008 11:17:18.575085 192309 master_service.cpp:4424] key=concurrent_k_372, error=replica_not_ready
W1008 11:17:18.575373 192309 master_service.cpp:4424] key=concurrent_k_372, error=replica_not_ready
W1008 11:17:18.575578 192309 master_service.cpp:4424] key=concurrent_k_372, error=replica_not_ready
W1008 11:17:18.575922 192309 master_service.cpp:4424] key=concurrent_k_373, error=replica_not_ready
W1008 11:17:18.575994 192308 master_service.cpp:4424] key=concurrent_k_373, error=replica_not_ready
W1008 11:17:18.576155 192309 master_service.cpp:4424] key=concurrent_k_373, error=replica_not_ready
W1008 11:17:18.576920 192309 master_service.cpp:4424] key=concurrent_k_374, error=replica_not_ready
W1008 11:17:18.576964 192307 master_service.cpp:4424] key=concurrent_k_374, error=replica_not_ready
W1008 11:17:18.576970 192308 master_service.cpp:4424] key=concurrent_k_374, error=replica_not_ready
W1008 11:17:18.577631 192309 master_service.cpp:4424] key=concurrent_k_375, error=replica_not_ready
W1008 11:17:18.577668 192308 master_service.cpp:4424] key=concurrent_k_375, error=replica_not_ready
W1008 11:17:18.578034 192309 master_service.cpp:4424] key=concurrent_k_375, error=replica_not_ready
W1008 11:17:18.578289 192309 master_service.cpp:4424] key=concurrent_k_376, error=replica_not_ready
W1008 11:17:18.578423 192309 master_service.cpp:4424] key=concurrent_k_376, error=replica_not_ready
W1008 11:17:18.578742 192309 master_service.cpp:4424] key=concurrent_k_376, error=replica_not_ready
W1008 11:17:18.579192 192309 master_service.cpp:4424] key=concurrent_k_377, error=replica_not_ready
W1008 11:17:18.579237 192308 master_service.cpp:4424] key=concurrent_k_377, error=replica_not_ready
W1008 11:17:18.579475 192309 master_service.cpp:4424] key=concurrent_k_377, error=replica_not_ready
W1008 11:17:18.579846 192309 master_service.cpp:4424] key=concurrent_k_378, error=replica_not_ready
W1008 11:17:18.579896 192307 master_service.cpp:4424] key=concurrent_k_378, error=replica_not_ready
W1008 11:17:18.580363 192309 master_service.cpp:4424] key=concurrent_k_378, error=replica_not_ready
W1008 11:17:18.580893 192309 master_service.cpp:4424] key=concurrent_k_379, error=replica_not_ready
W1008 11:17:18.580958 192307 master_service.cpp:4424] key=concurrent_k_379, error=replica_not_ready
W1008 11:17:18.580983 192306 master_service.cpp:4424] key=concurrent_k_379, error=replica_not_ready
W1008 11:17:18.581609 192309 master_service.cpp:4424] key=concurrent_k_380, error=replica_not_ready
W1008 11:17:18.581647 192308 master_service.cpp:4424] key=concurrent_k_380, error=replica_not_ready
W1008 11:17:18.582069 192309 master_service.cpp:4424] key=concurrent_k_380, error=replica_not_ready
W1008 11:17:18.582286 192309 master_service.cpp:4424] key=concurrent_k_381, error=replica_not_ready
W1008 11:17:18.582480 192309 master_service.cpp:4424] key=concurrent_k_381, error=replica_not_ready
W1008 11:17:18.582738 192309 master_service.cpp:4424] key=concurrent_k_381, error=replica_not_ready
W1008 11:17:18.583177 192309 master_service.cpp:4424] key=concurrent_k_382, error=replica_not_ready
W1008 11:17:18.583225 192308 master_service.cpp:4424] key=concurrent_k_382, error=replica_not_ready
W1008 11:17:18.583312 192309 master_service.cpp:4424] key=concurrent_k_382, error=replica_not_ready
W1008 11:17:18.583914 192309 master_service.cpp:4424] key=concurrent_k_383, error=replica_not_ready
W1008 11:17:18.583972 192307 master_service.cpp:4424] key=concurrent_k_383, error=replica_not_ready
W1008 11:17:18.584359 192309 master_service.cpp:4424] key=concurrent_k_383, error=replica_not_ready
W1008 11:17:18.584615 192309 master_service.cpp:4424] key=concurrent_k_384, error=replica_not_ready
W1008 11:17:18.584754 192309 master_service.cpp:4424] key=concurrent_k_384, error=replica_not_ready
W1008 11:17:18.585109 192309 master_service.cpp:4424] key=concurrent_k_384, error=replica_not_ready
W1008 11:17:18.585595 192308 master_service.cpp:4424] key=concurrent_k_385, error=replica_not_ready
W1008 11:17:18.585659 192306 master_service.cpp:4424] key=concurrent_k_385, error=replica_not_ready
W1008 11:17:18.585695 192309 master_service.cpp:4424] key=concurrent_k_385, error=replica_not_ready
W1008 11:17:18.586234 192308 master_service.cpp:4424] key=concurrent_k_386, error=replica_not_ready
W1008 11:17:18.586411 192309 master_service.cpp:4424] key=concurrent_k_386, error=replica_not_ready
W1008 11:17:18.586660 192309 master_service.cpp:4424] key=concurrent_k_386, error=replica_not_ready
W1008 11:17:18.587041 192308 master_service.cpp:4424] key=concurrent_k_387, error=replica_not_ready
W1008 11:17:18.587085 192309 master_service.cpp:4424] key=concurrent_k_387, error=replica_not_ready
W1008 11:17:18.588054 192309 master_service.cpp:4424] key=concurrent_k_388, error=replica_not_ready
W1008 11:17:18.588071 192308 master_service.cpp:4424] key=concurrent_k_388, error=replica_not_ready
W1008 11:17:18.588122 192307 master_service.cpp:4424] key=concurrent_k_388, error=replica_not_ready
W1008 11:17:18.588775 192309 master_service.cpp:4424] key=concurrent_k_389, error=replica_not_ready
W1008 11:17:18.588805 192308 master_service.cpp:4424] key=concurrent_k_389, error=replica_not_ready
W1008 11:17:18.589270 192309 master_service.cpp:4424] key=concurrent_k_389, error=replica_not_ready
W1008 11:17:18.589891 192309 master_service.cpp:4424] key=concurrent_k_390, error=replica_not_ready
W1008 11:17:18.589903 192307 master_service.cpp:4424] key=concurrent_k_390, error=replica_not_ready
W1008 11:17:18.589922 192308 master_service.cpp:4424] key=concurrent_k_390, error=replica_not_ready
W1008 11:17:18.590549 192308 master_service.cpp:4424] key=concurrent_k_391, error=replica_not_ready
W1008 11:17:18.590679 192309 master_service.cpp:4424] key=concurrent_k_391, error=replica_not_ready
W1008 11:17:18.591043 192309 master_service.cpp:4424] key=concurrent_k_391, error=replica_not_ready
W1008 11:17:18.591296 192309 master_service.cpp:4424] key=concurrent_k_392, error=replica_not_ready
W1008 11:17:18.591437 192309 master_service.cpp:4424] key=concurrent_k_392, error=replica_not_ready
W1008 11:17:18.591707 192309 master_service.cpp:4424] key=concurrent_k_392, error=replica_not_ready
W1008 11:17:18.592262 192309 master_service.cpp:4424] key=concurrent_k_393, error=replica_not_ready
W1008 11:17:18.592304 192308 master_service.cpp:4424] key=concurrent_k_393, error=replica_not_ready
W1008 11:17:18.592338 192307 master_service.cpp:4424] key=concurrent_k_393, error=replica_not_ready
W1008 11:17:18.592878 192308 master_service.cpp:4424] key=concurrent_k_394, error=replica_not_ready
W1008 11:17:18.592984 192309 master_service.cpp:4424] key=concurrent_k_394, error=replica_not_ready
W1008 11:17:18.593357 192309 master_service.cpp:4424] key=concurrent_k_394, error=replica_not_ready
W1008 11:17:18.593608 192309 master_service.cpp:4424] key=concurrent_k_395, error=replica_not_ready
W1008 11:17:18.593767 192309 master_service.cpp:4424] key=concurrent_k_395, error=replica_not_ready
W1008 11:17:18.594022 192309 master_service.cpp:4424] key=concurrent_k_395, error=replica_not_ready
W1008 11:17:18.594467 192309 master_service.cpp:4424] key=concurrent_k_396, error=replica_not_ready
W1008 11:17:18.594513 192308 master_service.cpp:4424] key=concurrent_k_396, error=replica_not_ready
W1008 11:17:18.594627 192309 master_service.cpp:4424] key=concurrent_k_396, error=replica_not_ready
W1008 11:17:18.595197 192309 master_service.cpp:4424] key=concurrent_k_397, error=replica_not_ready
W1008 11:17:18.595230 192308 master_service.cpp:4424] key=concurrent_k_397, error=replica_not_ready
W1008 11:17:18.595718 192306 master_service.cpp:4424] key=concurrent_k_397, error=replica_not_ready
W1008 11:17:18.595839 192309 master_service.cpp:4424] key=concurrent_k_398, error=replica_not_ready
W1008 11:17:18.596168 192309 master_service.cpp:4424] key=concurrent_k_398, error=replica_not_ready
W1008 11:17:18.596309 192309 master_service.cpp:4424] key=concurrent_k_398, error=replica_not_ready
W1008 11:17:18.596666 192309 master_service.cpp:4424] key=concurrent_k_399, error=replica_not_ready
W1008 11:17:18.596735 192308 master_service.cpp:4424] key=concurrent_k_399, error=replica_not_ready
W1008 11:17:18.596933 192309 master_service.cpp:4424] key=concurrent_k_399, error=replica_not_ready
W1008 11:17:18.597390 192309 master_service.cpp:4424] key=concurrent_k_400, error=replica_not_ready
W1008 11:17:18.597415 192307 master_service.cpp:4424] key=concurrent_k_400, error=replica_not_ready
W1008 11:17:18.598095 192309 master_service.cpp:4424] key=concurrent_k_401, error=replica_not_ready
W1008 11:17:18.598644 192309 master_service.cpp:4424] key=concurrent_k_401, error=replica_not_ready
W1008 11:17:18.599048 192309 master_service.cpp:4424] key=concurrent_k_402, error=replica_not_ready
W1008 11:17:18.599156 192309 master_service.cpp:4424] key=concurrent_k_402, error=replica_not_ready
W1008 11:17:18.599766 192309 master_service.cpp:4424] key=concurrent_k_403, error=replica_not_ready
W1008 11:17:18.599869 192309 master_service.cpp:4424] key=concurrent_k_403, error=replica_not_ready
W1008 11:17:18.600180 192309 master_service.cpp:4424] key=concurrent_k_403, error=replica_not_ready
W1008 11:17:18.600468 192309 master_service.cpp:4424] key=concurrent_k_404, error=replica_not_ready
W1008 11:17:18.600720 192309 master_service.cpp:4424] key=concurrent_k_404, error=replica_not_ready
W1008 11:17:18.600984 192309 master_service.cpp:4424] key=concurrent_k_404, error=replica_not_ready
W1008 11:17:18.601341 192309 master_service.cpp:4424] key=concurrent_k_405, error=replica_not_ready
W1008 11:17:18.601387 192308 master_service.cpp:4424] key=concurrent_k_405, error=replica_not_ready
W1008 11:17:18.601635 192309 master_service.cpp:4424] key=concurrent_k_405, error=replica_not_ready
W1008 11:17:18.602344 192308 master_service.cpp:4424] key=concurrent_k_406, error=replica_not_ready
W1008 11:17:18.602370 192307 master_service.cpp:4424] key=concurrent_k_406, error=replica_not_ready
W1008 11:17:18.602380 192309 master_service.cpp:4424] key=concurrent_k_406, error=replica_not_ready
W1008 11:17:18.603032 192309 master_service.cpp:4424] key=concurrent_k_407, error=replica_not_ready
W1008 11:17:18.603186 192309 master_service.cpp:4424] key=concurrent_k_407, error=replica_not_ready
W1008 11:17:18.603582 192308 master_service.cpp:4424] key=concurrent_k_407, error=replica_not_ready
W1008 11:17:18.603819 192309 master_service.cpp:4424] key=concurrent_k_408, error=replica_not_ready
W1008 11:17:18.604008 192309 master_service.cpp:4424] key=concurrent_k_408, error=replica_not_ready
W1008 11:17:18.604686 192308 master_service.cpp:4424] key=concurrent_k_409, error=replica_not_ready
W1008 11:17:18.604728 192307 master_service.cpp:4424] key=concurrent_k_409, error=replica_not_ready
W1008 11:17:18.604759 192309 master_service.cpp:4424] key=concurrent_k_409, error=replica_not_ready
W1008 11:17:18.605341 192309 master_service.cpp:4424] key=concurrent_k_410, error=replica_not_ready
W1008 11:17:18.605425 192308 master_service.cpp:4424] key=concurrent_k_410, error=replica_not_ready
W1008 11:17:18.605834 192308 master_service.cpp:4424] key=concurrent_k_410, error=replica_not_ready
W1008 11:17:18.606035 192309 master_service.cpp:4424] key=concurrent_k_411, error=replica_not_ready
W1008 11:17:18.606243 192309 master_service.cpp:4424] key=concurrent_k_411, error=replica_not_ready
W1008 11:17:18.606949 192308 master_service.cpp:4424] key=concurrent_k_412, error=replica_not_ready
W1008 11:17:18.606953 192307 master_service.cpp:4424] key=concurrent_k_412, error=replica_not_ready
W1008 11:17:18.607003 192309 master_service.cpp:4424] key=concurrent_k_412, error=replica_not_ready
W1008 11:17:18.607957 192309 master_service.cpp:4424] key=concurrent_k_413, error=replica_not_ready
W1008 11:17:18.608002 192307 master_service.cpp:4424] key=concurrent_k_413, error=replica_not_ready
W1008 11:17:18.608070 192309 master_service.cpp:4424] key=concurrent_k_413, error=replica_not_ready
W1008 11:17:18.608968 192308 master_service.cpp:4424] key=concurrent_k_414, error=replica_not_ready
W1008 11:17:18.609011 192307 master_service.cpp:4424] key=concurrent_k_414, error=replica_not_ready
W1008 11:17:18.609128 192309 master_service.cpp:4424] key=concurrent_k_414, error=replica_not_ready
W1008 11:17:18.609969 192309 master_service.cpp:4424] key=concurrent_k_415, error=replica_not_ready
W1008 11:17:18.610001 192308 master_service.cpp:4424] key=concurrent_k_415, error=replica_not_ready
W1008 11:17:18.610181 192309 master_service.cpp:4424] key=concurrent_k_415, error=replica_not_ready
W1008 11:17:18.611070 192308 master_service.cpp:4424] key=concurrent_k_416, error=replica_not_ready
W1008 11:17:18.611084 192309 master_service.cpp:4424] key=concurrent_k_416, error=replica_not_ready
W1008 11:17:18.611235 192309 master_service.cpp:4424] key=concurrent_k_416, error=replica_not_ready
W1008 11:17:18.612185 192309 master_service.cpp:4424] key=concurrent_k_417, error=replica_not_ready
W1008 11:17:18.612195 192308 master_service.cpp:4424] key=concurrent_k_417, error=replica_not_ready
W1008 11:17:18.612258 192307 master_service.cpp:4424] key=concurrent_k_417, error=replica_not_ready
W1008 11:17:18.613148 192309 master_service.cpp:4424] key=concurrent_k_418, error=replica_not_ready
W1008 11:17:18.613183 192307 master_service.cpp:4424] key=concurrent_k_418, error=replica_not_ready
W1008 11:17:18.613246 192309 master_service.cpp:4424] key=concurrent_k_418, error=replica_not_ready
W1008 11:17:18.614215 192309 master_service.cpp:4424] key=concurrent_k_419, error=replica_not_ready
W1008 11:17:18.614226 192308 master_service.cpp:4424] key=concurrent_k_419, error=replica_not_ready
W1008 11:17:18.614346 192309 master_service.cpp:4424] key=concurrent_k_419, error=replica_not_ready
W1008 11:17:18.615253 192309 master_service.cpp:4424] key=concurrent_k_420, error=replica_not_ready
W1008 11:17:18.615288 192308 master_service.cpp:4424] key=concurrent_k_420, error=replica_not_ready
W1008 11:17:18.615438 192309 master_service.cpp:4424] key=concurrent_k_420, error=replica_not_ready
W1008 11:17:18.616204 192308 master_service.cpp:4424] key=concurrent_k_421, error=replica_not_ready
W1008 11:17:18.616223 192307 master_service.cpp:4424] key=concurrent_k_421, error=replica_not_ready
W1008 11:17:18.617556 192309 master_service.cpp:4424] key=concurrent_k_422, error=replica_not_ready
W1008 11:17:18.617597 192308 master_service.cpp:4424] key=concurrent_k_422, error=replica_not_ready
W1008 11:17:18.617663 192309 master_service.cpp:4424] key=concurrent_k_422, error=replica_not_ready
W1008 11:17:18.618537 192309 master_service.cpp:4424] key=concurrent_k_423, error=replica_not_ready
W1008 11:17:18.618582 192308 master_service.cpp:4424] key=concurrent_k_423, error=replica_not_ready
W1008 11:17:18.618721 192309 master_service.cpp:4424] key=concurrent_k_423, error=replica_not_ready
W1008 11:17:18.619554 192307 master_service.cpp:4424] key=concurrent_k_424, error=replica_not_ready
W1008 11:17:18.619561 192308 master_service.cpp:4424] key=concurrent_k_424, error=replica_not_ready
W1008 11:17:18.619621 192309 master_service.cpp:4424] key=concurrent_k_424, error=replica_not_ready
W1008 11:17:18.620641 192309 master_service.cpp:4424] key=concurrent_k_425, error=replica_not_ready
W1008 11:17:18.620697 192308 master_service.cpp:4424] key=concurrent_k_425, error=replica_not_ready
W1008 11:17:18.620739 192309 master_service.cpp:4424] key=concurrent_k_425, error=replica_not_ready
W1008 11:17:18.621657 192309 master_service.cpp:4424] key=concurrent_k_426, error=replica_not_ready
W1008 11:17:18.621692 192308 master_service.cpp:4424] key=concurrent_k_426, error=replica_not_ready
W1008 11:17:18.621748 192307 master_service.cpp:4424] key=concurrent_k_426, error=replica_not_ready
W1008 11:17:18.622651 192309 master_service.cpp:4424] key=concurrent_k_427, error=replica_not_ready
W1008 11:17:18.622685 192308 master_service.cpp:4424] key=concurrent_k_427, error=replica_not_ready
W1008 11:17:18.622720 192307 master_service.cpp:4424] key=concurrent_k_427, error=replica_not_ready
W1008 11:17:18.623621 192309 master_service.cpp:4424] key=concurrent_k_428, error=replica_not_ready
W1008 11:17:18.623638 192307 master_service.cpp:4424] key=concurrent_k_428, error=replica_not_ready
W1008 11:17:18.623826 192309 master_service.cpp:4424] key=concurrent_k_428, error=replica_not_ready
W1008 11:17:18.624368 192308 master_service.cpp:4424] key=concurrent_k_429, error=replica_not_ready
W1008 11:17:18.624383 192309 master_service.cpp:4424] key=concurrent_k_429, error=replica_not_ready
W1008 11:17:18.624689 192309 master_service.cpp:4424] key=concurrent_k_429, error=replica_not_ready
W1008 11:17:18.625524 192309 master_service.cpp:4424] key=concurrent_k_430, error=replica_not_ready
W1008 11:17:18.625552 192308 master_service.cpp:4424] key=concurrent_k_430, error=replica_not_ready
W1008 11:17:18.625576 192307 master_service.cpp:4424] key=concurrent_k_430, error=replica_not_ready
W1008 11:17:18.626529 192309 master_service.cpp:4424] key=concurrent_k_431, error=replica_not_ready
W1008 11:17:18.626567 192308 master_service.cpp:4424] key=concurrent_k_431, error=replica_not_ready
W1008 11:17:18.626718 192309 master_service.cpp:4424] key=concurrent_k_431, error=replica_not_ready
W1008 11:17:18.627514 192309 master_service.cpp:4424] key=concurrent_k_432, error=replica_not_ready
W1008 11:17:18.627562 192307 master_service.cpp:4424] key=concurrent_k_432, error=replica_not_ready
W1008 11:17:18.627635 192309 master_service.cpp:4424] key=concurrent_k_432, error=replica_not_ready
W1008 11:17:18.628512 192309 master_service.cpp:4424] key=concurrent_k_433, error=replica_not_ready
W1008 11:17:18.628559 192308 master_service.cpp:4424] key=concurrent_k_433, error=replica_not_ready
W1008 11:17:18.628677 192309 master_service.cpp:4424] key=concurrent_k_433, error=replica_not_ready
W1008 11:17:18.629508 192309 master_service.cpp:4424] key=concurrent_k_434, error=replica_not_ready
W1008 11:17:18.629528 192308 master_service.cpp:4424] key=concurrent_k_434, error=replica_not_ready
W1008 11:17:18.629552 192307 master_service.cpp:4424] key=concurrent_k_434, error=replica_not_ready
W1008 11:17:18.630517 192309 master_service.cpp:4424] key=concurrent_k_435, error=replica_not_ready
W1008 11:17:18.630528 192308 master_service.cpp:4424] key=concurrent_k_435, error=replica_not_ready
W1008 11:17:18.630654 192309 master_service.cpp:4424] key=concurrent_k_435, error=replica_not_ready
W1008 11:17:18.631659 192308 master_service.cpp:4424] key=concurrent_k_436, error=replica_not_ready
W1008 11:17:18.631661 192309 master_service.cpp:4424] key=concurrent_k_436, error=replica_not_ready
W1008 11:17:18.631696 192307 master_service.cpp:4424] key=concurrent_k_436, error=replica_not_ready
W1008 11:17:18.632666 192309 master_service.cpp:4424] key=concurrent_k_437, error=replica_not_ready
W1008 11:17:18.632707 192308 master_service.cpp:4424] key=concurrent_k_437, error=replica_not_ready
W1008 11:17:18.632836 192309 master_service.cpp:4424] key=concurrent_k_437, error=replica_not_ready
W1008 11:17:18.633669 192309 master_service.cpp:4424] key=concurrent_k_438, error=replica_not_ready
W1008 11:17:18.633677 192307 master_service.cpp:4424] key=concurrent_k_438, error=replica_not_ready
W1008 11:17:18.633687 192308 master_service.cpp:4424] key=concurrent_k_438, error=replica_not_ready
W1008 11:17:18.634660 192309 master_service.cpp:4424] key=concurrent_k_439, error=replica_not_ready
W1008 11:17:18.634716 192308 master_service.cpp:4424] key=concurrent_k_439, error=replica_not_ready
W1008 11:17:18.634841 192309 master_service.cpp:4424] key=concurrent_k_439, error=replica_not_ready
W1008 11:17:18.635624 192309 master_service.cpp:4424] key=concurrent_k_440, error=replica_not_ready
W1008 11:17:18.635658 192308 master_service.cpp:4424] key=concurrent_k_440, error=replica_not_ready
W1008 11:17:18.635787 192309 master_service.cpp:4424] key=concurrent_k_440, error=replica_not_ready
W1008 11:17:18.636590 192309 master_service.cpp:4424] key=concurrent_k_441, error=replica_not_ready
W1008 11:17:18.636631 192308 master_service.cpp:4424] key=concurrent_k_441, error=replica_not_ready
W1008 11:17:18.636780 192309 master_service.cpp:4424] key=concurrent_k_441, error=replica_not_ready
W1008 11:17:18.637585 192309 master_service.cpp:4424] key=concurrent_k_442, error=replica_not_ready
W1008 11:17:18.637603 192308 master_service.cpp:4424] key=concurrent_k_442, error=replica_not_ready
W1008 11:17:18.637666 192307 master_service.cpp:4424] key=concurrent_k_442, error=replica_not_ready
W1008 11:17:18.638625 192309 master_service.cpp:4424] key=concurrent_k_443, error=replica_not_ready
W1008 11:17:18.638636 192308 master_service.cpp:4424] key=concurrent_k_443, error=replica_not_ready
W1008 11:17:18.638666 192307 master_service.cpp:4424] key=concurrent_k_443, error=replica_not_ready
W1008 11:17:18.639531 192309 master_service.cpp:4424] key=concurrent_k_444, error=replica_not_ready
W1008 11:17:18.639578 192308 master_service.cpp:4424] key=concurrent_k_444, error=replica_not_ready
W1008 11:17:18.639802 192309 master_service.cpp:4424] key=concurrent_k_444, error=replica_not_ready
W1008 11:17:18.640427 192309 master_service.cpp:4424] key=concurrent_k_445, error=replica_not_ready
W1008 11:17:18.640465 192308 master_service.cpp:4424] key=concurrent_k_445, error=replica_not_ready
W1008 11:17:18.640620 192309 master_service.cpp:4424] key=concurrent_k_445, error=replica_not_ready
W1008 11:17:18.641484 192309 master_service.cpp:4424] key=concurrent_k_446, error=replica_not_ready
W1008 11:17:18.641513 192308 master_service.cpp:4424] key=concurrent_k_446, error=replica_not_ready
W1008 11:17:18.641544 192307 master_service.cpp:4424] key=concurrent_k_446, error=replica_not_ready
W1008 11:17:18.642546 192309 master_service.cpp:4424] key=concurrent_k_447, error=replica_not_ready
W1008 11:17:18.642566 192308 master_service.cpp:4424] key=concurrent_k_447, error=replica_not_ready
W1008 11:17:18.642680 192309 master_service.cpp:4424] key=concurrent_k_447, error=replica_not_ready
W1008 11:17:18.643345 192309 master_service.cpp:4424] key=concurrent_k_448, error=replica_not_ready
W1008 11:17:18.643389 192308 master_service.cpp:4424] key=concurrent_k_448, error=replica_not_ready
W1008 11:17:18.643711 192309 master_service.cpp:4424] key=concurrent_k_448, error=replica_not_ready
W1008 11:17:18.644032 192308 master_service.cpp:4424] key=concurrent_k_449, error=replica_not_ready
W1008 11:17:18.644126 192309 master_service.cpp:4424] key=concurrent_k_449, error=replica_not_ready
W1008 11:17:18.644995 192309 master_service.cpp:4424] key=concurrent_k_450, error=replica_not_ready
W1008 11:17:18.645046 192308 master_service.cpp:4424] key=concurrent_k_450, error=replica_not_ready
W1008 11:17:18.645057 192307 master_service.cpp:4424] key=concurrent_k_450, error=replica_not_ready
W1008 11:17:18.645742 192309 master_service.cpp:4424] key=concurrent_k_451, error=replica_not_ready
W1008 11:17:18.645766 192308 master_service.cpp:4424] key=concurrent_k_451, error=replica_not_ready
W1008 11:17:18.646219 192309 master_service.cpp:4424] key=concurrent_k_451, error=replica_not_ready
W1008 11:17:18.646529 192309 master_service.cpp:4424] key=concurrent_k_452, error=replica_not_ready
W1008 11:17:18.646694 192309 master_service.cpp:4424] key=concurrent_k_452, error=replica_not_ready
W1008 11:17:18.646908 192309 master_service.cpp:4424] key=concurrent_k_452, error=replica_not_ready
W1008 11:17:18.647522 192309 master_service.cpp:4424] key=concurrent_k_453, error=replica_not_ready
W1008 11:17:18.647563 192308 master_service.cpp:4424] key=concurrent_k_453, error=replica_not_ready
W1008 11:17:18.647687 192309 master_service.cpp:4424] key=concurrent_k_453, error=replica_not_ready
W1008 11:17:18.648138 192309 master_service.cpp:4424] key=concurrent_k_454, error=replica_not_ready
W1008 11:17:18.648203 192307 master_service.cpp:4424] key=concurrent_k_454, error=replica_not_ready
W1008 11:17:18.648682 192309 master_service.cpp:4424] key=concurrent_k_454, error=replica_not_ready
W1008 11:17:18.648859 192309 master_service.cpp:4424] key=concurrent_k_455, error=replica_not_ready
W1008 11:17:18.649070 192309 master_service.cpp:4424] key=concurrent_k_455, error=replica_not_ready
W1008 11:17:18.649729 192309 master_service.cpp:4424] key=concurrent_k_456, error=replica_not_ready
W1008 11:17:18.649793 192307 master_service.cpp:4424] key=concurrent_k_456, error=replica_not_ready
W1008 11:17:18.649864 192309 master_service.cpp:4424] key=concurrent_k_456, error=replica_not_ready
W1008 11:17:18.650768 192309 master_service.cpp:4424] key=concurrent_k_457, error=replica_not_ready
W1008 11:17:18.650806 192308 master_service.cpp:4424] key=concurrent_k_457, error=replica_not_ready
W1008 11:17:18.650960 192309 master_service.cpp:4424] key=concurrent_k_457, error=replica_not_ready
W1008 11:17:18.651399 192309 master_service.cpp:4424] key=concurrent_k_458, error=replica_not_ready
W1008 11:17:18.651427 192308 master_service.cpp:4424] key=concurrent_k_458, error=replica_not_ready
W1008 11:17:18.651830 192309 master_service.cpp:4424] key=concurrent_k_458, error=replica_not_ready
W1008 11:17:18.652086 192308 master_service.cpp:4424] key=concurrent_k_459, error=replica_not_ready
W1008 11:17:18.652261 192309 master_service.cpp:4424] key=concurrent_k_459, error=replica_not_ready
W1008 11:17:18.652575 192309 master_service.cpp:4424] key=concurrent_k_459, error=replica_not_ready
W1008 11:17:18.652981 192309 master_service.cpp:4424] key=concurrent_k_460, error=replica_not_ready
W1008 11:17:18.653004 192308 master_service.cpp:4424] key=concurrent_k_460, error=replica_not_ready
W1008 11:17:18.653244 192309 master_service.cpp:4424] key=concurrent_k_460, error=replica_not_ready
W1008 11:17:18.653855 192309 master_service.cpp:4424] key=concurrent_k_461, error=replica_not_ready
W1008 11:17:18.653939 192308 master_service.cpp:4424] key=concurrent_k_461, error=replica_not_ready
W1008 11:17:18.654079 192309 master_service.cpp:4424] key=concurrent_k_461, error=replica_not_ready
W1008 11:17:18.654469 192309 master_service.cpp:4424] key=concurrent_k_462, error=replica_not_ready
W1008 11:17:18.654541 192307 master_service.cpp:4424] key=concurrent_k_462, error=replica_not_ready
W1008 11:17:18.654951 192309 master_service.cpp:4424] key=concurrent_k_462, error=replica_not_ready
W1008 11:17:18.655187 192309 master_service.cpp:4424] key=concurrent_k_463, error=replica_not_ready
W1008 11:17:18.655375 192309 master_service.cpp:4424] key=concurrent_k_463, error=replica_not_ready
W1008 11:17:18.655653 192309 master_service.cpp:4424] key=concurrent_k_463, error=replica_not_ready
W1008 11:17:18.656072 192309 master_service.cpp:4424] key=concurrent_k_464, error=replica_not_ready
W1008 11:17:18.656075 192308 master_service.cpp:4424] key=concurrent_k_464, error=replica_not_ready
W1008 11:17:18.656261 192309 master_service.cpp:4424] key=concurrent_k_464, error=replica_not_ready
W1008 11:17:18.657119 192309 master_service.cpp:4424] key=concurrent_k_465, error=replica_not_ready
W1008 11:17:18.657164 192308 master_service.cpp:4424] key=concurrent_k_465, error=replica_not_ready
W1008 11:17:18.657359 192309 master_service.cpp:4424] key=concurrent_k_465, error=replica_not_ready
I1008 11:17:18.657483 192289 master_service.cpp:10619] [EVICT-TRIGGER] memory_ratio=0.910156 high_watermark=0.9 need_mem_eviction=0 eviction_ratio=0.05
W1008 11:17:18.657868 192309 master_service.cpp:4424] key=concurrent_k_466, error=replica_not_ready
W1008 11:17:18.657899 192308 master_service.cpp:4424] key=concurrent_k_466, error=replica_not_ready
W1008 11:17:18.658131 192309 master_service.cpp:4424] key=concurrent_k_466, error=replica_not_ready
W1008 11:17:18.658599 192309 master_service.cpp:4424] key=concurrent_k_467, error=replica_not_ready
W1008 11:17:18.658649 192308 master_service.cpp:4424] key=concurrent_k_467, error=replica_not_ready
W1008 11:17:18.659278 192308 master_service.cpp:4424] key=concurrent_k_468, error=replica_not_ready
W1008 11:17:18.659863 192309 master_service.cpp:4424] key=concurrent_k_468, error=replica_not_ready
W1008 11:17:18.659884 192308 master_service.cpp:4424] key=concurrent_k_468, error=replica_not_ready
W1008 11:17:18.660356 192309 master_service.cpp:4424] key=concurrent_k_469, error=replica_not_ready
W1008 11:17:18.660377 192308 master_service.cpp:4424] key=concurrent_k_469, error=replica_not_ready
W1008 11:17:18.660531 192309 master_service.cpp:4424] key=concurrent_k_469, error=replica_not_ready
W1008 11:17:18.661087 192309 master_service.cpp:4424] key=concurrent_k_470, error=replica_not_ready
W1008 11:17:18.661101 192308 master_service.cpp:4424] key=concurrent_k_470, error=replica_not_ready
I1008 11:17:18.661238 192289 master_service.cpp:12526] [EVICT-RESULT] evicted_count=29, eviction_base=467, actual_evict_ratio=0.0620985, target_evict_ratio=0.0601562
I1008 11:17:18.661296 192289 master_service.cpp:10630] [EVICT-DONE] BatchEvict execution completed.
W1008 11:17:18.661801 192309 master_service.cpp:4424] key=concurrent_k_471, error=replica_not_ready
W1008 11:17:18.661859 192308 master_service.cpp:4424] key=concurrent_k_470, error=replica_not_ready
W1008 11:17:18.663677 192309 master_service.cpp:4424] key=concurrent_k_473, error=replica_not_ready
W1008 11:17:18.663712 192308 master_service.cpp:4424] key=concurrent_k_473, error=replica_not_ready
W1008 11:17:18.663892 192309 master_service.cpp:4424] key=concurrent_k_473, error=replica_not_ready
W1008 11:17:18.664739 192309 master_service.cpp:4424] key=concurrent_k_474, error=replica_not_ready
W1008 11:17:18.664744 192308 master_service.cpp:4424] key=concurrent_k_474, error=replica_not_ready
W1008 11:17:18.664773 192307 master_service.cpp:4424] key=concurrent_k_474, error=replica_not_ready
W1008 11:17:18.665572 192309 master_service.cpp:4424] key=concurrent_k_475, error=replica_not_ready
W1008 11:17:18.665614 192308 master_service.cpp:4424] key=concurrent_k_475, error=replica_not_ready
W1008 11:17:18.665664 192307 master_service.cpp:4424] key=concurrent_k_475, error=replica_not_ready
W1008 11:17:18.666234 192309 master_service.cpp:4424] key=concurrent_k_476, error=replica_not_ready
W1008 11:17:18.666277 192308 master_service.cpp:4424] key=concurrent_k_476, error=replica_not_ready
W1008 11:17:18.666641 192309 master_service.cpp:4424] key=concurrent_k_476, error=replica_not_ready
W1008 11:17:18.666934 192309 master_service.cpp:4424] key=concurrent_k_477, error=replica_not_ready
W1008 11:17:18.667064 192308 master_service.cpp:4424] key=concurrent_k_477, error=replica_not_ready
W1008 11:17:18.667143 192309 master_service.cpp:4424] key=concurrent_k_477, error=replica_not_ready
W1008 11:17:18.667846 192309 master_service.cpp:4424] key=concurrent_k_478, error=replica_not_ready
W1008 11:17:18.667898 192308 master_service.cpp:4424] key=concurrent_k_478, error=replica_not_ready
W1008 11:17:18.667930 192309 master_service.cpp:4424] key=concurrent_k_478, error=replica_not_ready
W1008 11:17:18.668629 192309 master_service.cpp:4424] key=concurrent_k_479, error=replica_not_ready
W1008 11:17:18.668680 192308 master_service.cpp:4424] key=concurrent_k_479, error=replica_not_ready
W1008 11:17:18.669294 192309 master_service.cpp:4424] key=concurrent_k_480, error=replica_not_ready
W1008 11:17:18.669330 192307 master_service.cpp:4424] key=concurrent_k_480, error=replica_not_ready
W1008 11:17:18.669397 192309 master_service.cpp:4424] key=concurrent_k_480, error=replica_not_ready
W1008 11:17:18.670254 192308 master_service.cpp:4424] key=concurrent_k_481, error=replica_not_ready
W1008 11:17:18.670284 192307 master_service.cpp:4424] key=concurrent_k_481, error=replica_not_ready
W1008 11:17:18.670358 192309 master_service.cpp:4424] key=concurrent_k_481, error=replica_not_ready
W1008 11:17:18.670990 192309 master_service.cpp:4424] key=concurrent_k_482, error=replica_not_ready
W1008 11:17:18.671010 192307 master_service.cpp:4424] key=concurrent_k_482, error=replica_not_ready
W1008 11:17:18.671037 192306 master_service.cpp:4424] key=concurrent_k_482, error=replica_not_ready
W1008 11:17:18.671687 192309 master_service.cpp:4424] key=concurrent_k_483, error=replica_not_ready
W1008 11:17:18.671689 192307 master_service.cpp:4424] key=concurrent_k_483, error=replica_not_ready
W1008 11:17:18.672684 192308 master_service.cpp:4424] key=concurrent_k_484, error=replica_not_ready
W1008 11:17:18.672729 192307 master_service.cpp:4424] key=concurrent_k_484, error=replica_not_ready
W1008 11:17:18.672760 192309 master_service.cpp:4424] key=concurrent_k_484, error=replica_not_ready
W1008 11:17:18.673396 192309 master_service.cpp:4424] key=concurrent_k_485, error=replica_not_ready
W1008 11:17:18.673552 192309 master_service.cpp:4424] key=concurrent_k_485, error=replica_not_ready
W1008 11:17:18.674149 192309 master_service.cpp:4424] key=concurrent_k_486, error=replica_not_ready
W1008 11:17:18.674286 192308 master_service.cpp:4424] key=concurrent_k_486, error=replica_not_ready
W1008 11:17:18.674325 192307 master_service.cpp:4424] key=concurrent_k_486, error=replica_not_ready
W1008 11:17:18.675037 192309 master_service.cpp:4424] key=concurrent_k_487, error=replica_not_ready
W1008 11:17:18.675062 192307 master_service.cpp:4424] key=concurrent_k_487, error=replica_not_ready
W1008 11:17:18.675141 192309 master_service.cpp:4424] key=concurrent_k_487, error=replica_not_ready
W1008 11:17:18.675787 192308 master_service.cpp:4424] key=concurrent_k_488, error=replica_not_ready
W1008 11:17:18.675818 192307 master_service.cpp:4424] key=concurrent_k_488, error=replica_not_ready
W1008 11:17:18.676162 192309 master_service.cpp:4424] key=concurrent_k_488, error=replica_not_ready
W1008 11:17:18.676458 192309 master_service.cpp:4424] key=concurrent_k_489, error=replica_not_ready
W1008 11:17:18.676568 192309 master_service.cpp:4424] key=concurrent_k_489, error=replica_not_ready
W1008 11:17:18.676888 192309 master_service.cpp:4424] key=concurrent_k_489, error=replica_not_ready
W1008 11:17:18.677397 192308 master_service.cpp:4424] key=concurrent_k_490, error=replica_not_ready
W1008 11:17:18.677399 192309 master_service.cpp:4424] key=concurrent_k_490, error=replica_not_ready
W1008 11:17:18.677443 192306 master_service.cpp:4424] key=concurrent_k_490, error=replica_not_ready
W1008 11:17:18.678231 192309 master_service.cpp:4424] key=concurrent_k_491, error=replica_not_ready
W1008 11:17:18.678260 192308 master_service.cpp:4424] key=concurrent_k_491, error=replica_not_ready
W1008 11:17:18.678601 192309 master_service.cpp:4424] key=concurrent_k_491, error=replica_not_ready
W1008 11:17:18.678903 192309 master_service.cpp:4424] key=concurrent_k_492, error=replica_not_ready
W1008 11:17:18.679086 192309 master_service.cpp:4424] key=concurrent_k_492, error=replica_not_ready
W1008 11:17:18.679802 192309 master_service.cpp:4424] key=concurrent_k_493, error=replica_not_ready
W1008 11:17:18.679829 192308 master_service.cpp:4424] key=concurrent_k_493, error=replica_not_ready
W1008 11:17:18.679996 192309 master_service.cpp:4424] key=concurrent_k_493, error=replica_not_ready
W1008 11:17:18.680927 192309 master_service.cpp:4424] key=concurrent_k_494, error=replica_not_ready
W1008 11:17:18.680953 192308 master_service.cpp:4424] key=concurrent_k_494, error=replica_not_ready
W1008 11:17:18.680984 192307 master_service.cpp:4424] key=concurrent_k_494, error=replica_not_ready
I1008 11:17:18.681421 192289 master_service.cpp:10619] [EVICT-TRIGGER] memory_ratio=0.910156 high_watermark=0.9 need_mem_eviction=0 eviction_ratio=0.05
W1008 11:17:18.682102 192309 master_service.cpp:4424] key=concurrent_k_495, error=replica_not_ready
W1008 11:17:18.682140 192308 master_service.cpp:4424] key=concurrent_k_495, error=replica_not_ready
W1008 11:17:18.682147 192307 master_service.cpp:4424] key=concurrent_k_495, error=replica_not_ready
W1008 11:17:18.683008 192309 master_service.cpp:4424] key=concurrent_k_496, error=replica_not_ready
W1008 11:17:18.683086 192308 master_service.cpp:4424] key=concurrent_k_496, error=replica_not_ready
W1008 11:17:18.683245 192309 master_service.cpp:4424] key=concurrent_k_496, error=replica_not_ready
W1008 11:17:18.684379 192309 master_service.cpp:4424] key=concurrent_k_497, error=replica_not_ready
W1008 11:17:18.684397 192308 master_service.cpp:4424] key=concurrent_k_497, error=replica_not_ready
W1008 11:17:18.684437 192307 master_service.cpp:4424] key=concurrent_k_497, error=replica_not_ready
I1008 11:17:18.684691 192289 master_service.cpp:12526] [EVICT-RESULT] evicted_count=29, eviction_base=466, actual_evict_ratio=0.0622318, target_evict_ratio=0.0601562
I1008 11:17:18.684772 192289 master_service.cpp:10630] [EVICT-DONE] BatchEvict execution completed.
W1008 11:17:18.685415 192309 master_service.cpp:4424] key=concurrent_k_498, error=replica_not_ready
W1008 11:17:18.685431 192307 master_service.cpp:4424] key=concurrent_k_498, error=replica_not_ready
W1008 11:17:18.685447 192308 master_service.cpp:4424] key=concurrent_k_498, error=replica_not_ready
W1008 11:17:18.686283 192309 master_service.cpp:4424] key=concurrent_k_499, error=replica_not_ready
W1008 11:17:18.686333 192308 master_service.cpp:4424] key=concurrent_k_499, error=replica_not_ready
W1008 11:17:18.686554 192309 master_service.cpp:4424] key=concurrent_k_499, error=replica_not_ready
W1008 11:17:18.687389 192309 master_service.cpp:4424] key=concurrent_k_500, error=replica_not_ready
W1008 11:17:18.687423 192308 master_service.cpp:4424] key=concurrent_k_500, error=replica_not_ready
W1008 11:17:18.687587 192309 master_service.cpp:4424] key=concurrent_k_500, error=replica_not_ready
W1008 11:17:18.688547 192309 master_service.cpp:4424] key=concurrent_k_501, error=replica_not_ready
W1008 11:17:18.688560 192308 master_service.cpp:4424] key=concurrent_k_501, error=replica_not_ready
W1008 11:17:18.688575 192307 master_service.cpp:4424] key=concurrent_k_501, error=replica_not_ready
W1008 11:17:18.689559 192309 master_service.cpp:4424] key=concurrent_k_502, error=replica_not_ready
W1008 11:17:18.689559 192308 master_service.cpp:4424] key=concurrent_k_502, error=replica_not_ready
W1008 11:17:18.689584 192307 master_service.cpp:4424] key=concurrent_k_502, error=replica_not_ready
W1008 11:17:18.690732 192309 master_service.cpp:4424] key=concurrent_k_503, error=replica_not_ready
W1008 11:17:18.690747 192308 master_service.cpp:4424] key=concurrent_k_503, error=replica_not_ready
W1008 11:17:18.690775 192307 master_service.cpp:4424] key=concurrent_k_503, error=replica_not_ready
W1008 11:17:18.691859 192309 master_service.cpp:4424] key=concurrent_k_504, error=replica_not_ready
W1008 11:17:18.691876 192308 master_service.cpp:4424] key=concurrent_k_504, error=replica_not_ready
W1008 11:17:18.691898 192307 master_service.cpp:4424] key=concurrent_k_504, error=replica_not_ready
W1008 11:17:18.693007 192309 master_service.cpp:4424] key=concurrent_k_505, error=replica_not_ready
W1008 11:17:18.693027 192307 master_service.cpp:4424] key=concurrent_k_505, error=replica_not_ready
W1008 11:17:18.693037 192308 master_service.cpp:4424] key=concurrent_k_505, error=replica_not_ready
W1008 11:17:18.694175 192309 master_service.cpp:4424] key=concurrent_k_506, error=replica_not_ready
W1008 11:17:18.694180 192308 master_service.cpp:4424] key=concurrent_k_506, error=replica_not_ready
W1008 11:17:18.694211 192307 master_service.cpp:4424] key=concurrent_k_506, error=replica_not_ready
W1008 11:17:18.695464 192309 master_service.cpp:4424] key=concurrent_k_507, error=replica_not_ready
W1008 11:17:18.695487 192308 master_service.cpp:4424] key=concurrent_k_507, error=replica_not_ready
W1008 11:17:18.695509 192307 master_service.cpp:4424] key=concurrent_k_507, error=replica_not_ready
W1008 11:17:18.696619 192309 master_service.cpp:4424] key=concurrent_k_508, error=replica_not_ready
W1008 11:17:18.696626 192308 master_service.cpp:4424] key=concurrent_k_508, error=replica_not_ready
W1008 11:17:18.696651 192307 master_service.cpp:4424] key=concurrent_k_508, error=replica_not_ready
W1008 11:17:18.697741 192309 master_service.cpp:4424] key=concurrent_k_509, error=replica_not_ready
W1008 11:17:18.697745 192308 master_service.cpp:4424] key=concurrent_k_509, error=replica_not_ready
W1008 11:17:18.697777 192307 master_service.cpp:4424] key=concurrent_k_509, error=replica_not_ready
W1008 11:17:18.698841 192309 master_service.cpp:4424] key=concurrent_k_510, error=replica_not_ready
W1008 11:17:18.698863 192308 master_service.cpp:4424] key=concurrent_k_510, error=replica_not_ready
W1008 11:17:18.698894 192307 master_service.cpp:4424] key=concurrent_k_510, error=replica_not_ready
W1008 11:17:18.700013 192309 master_service.cpp:4424] key=concurrent_k_511, error=replica_not_ready
W1008 11:17:18.700035 192308 master_service.cpp:4424] key=concurrent_k_511, error=replica_not_ready
W1008 11:17:18.700060 192307 master_service.cpp:4424] key=concurrent_k_511, error=replica_not_ready
W1008 11:17:18.701166 192309 master_service.cpp:4424] key=concurrent_k_512, error=replica_not_ready
W1008 11:17:18.701193 192307 master_service.cpp:4424] key=concurrent_k_512, error=replica_not_ready
W1008 11:17:18.701202 192308 master_service.cpp:4424] key=concurrent_k_512, error=replica_not_ready
W1008 11:17:18.702272 192309 master_service.cpp:4424] key=concurrent_k_513, error=replica_not_ready
W1008 11:17:18.702312 192308 master_service.cpp:4424] key=concurrent_k_513, error=replica_not_ready
W1008 11:17:18.702350 192307 master_service.cpp:4424] key=concurrent_k_513, error=replica_not_ready
W1008 11:17:18.703401 192309 master_service.cpp:4424] key=concurrent_k_514, error=replica_not_ready
W1008 11:17:18.703404 192308 master_service.cpp:4424] key=concurrent_k_514, error=replica_not_ready
W1008 11:17:18.703433 192307 master_service.cpp:4424] key=concurrent_k_514, error=replica_not_ready
W1008 11:17:18.704586 192309 master_service.cpp:4424] key=concurrent_k_515, error=replica_not_ready
W1008 11:17:18.704602 192308 master_service.cpp:4424] key=concurrent_k_515, error=replica_not_ready
W1008 11:17:18.704635 192307 master_service.cpp:4424] key=concurrent_k_515, error=replica_not_ready
W1008 11:17:18.705689 192309 master_service.cpp:4424] key=concurrent_k_516, error=replica_not_ready
W1008 11:17:18.705741 192308 master_service.cpp:4424] key=concurrent_k_516, error=replica_not_ready
W1008 11:17:18.705744 192307 master_service.cpp:4424] key=concurrent_k_516, error=replica_not_ready
W1008 11:17:18.706573 192309 master_service.cpp:4424] key=concurrent_k_517, error=replica_not_ready
W1008 11:17:18.706651 192308 master_service.cpp:4424] key=concurrent_k_517, error=replica_not_ready
W1008 11:17:18.706887 192309 master_service.cpp:4424] key=concurrent_k_517, error=replica_not_ready
W1008 11:17:18.707726 192308 master_service.cpp:4424] key=concurrent_k_518, error=replica_not_ready
W1008 11:17:18.707731 192309 master_service.cpp:4424] key=concurrent_k_518, error=replica_not_ready
W1008 11:17:18.707773 192307 master_service.cpp:4424] key=concurrent_k_518, error=replica_not_ready
W1008 11:17:18.708945 192309 master_service.cpp:4424] key=concurrent_k_519, error=replica_not_ready
W1008 11:17:18.708976 192307 master_service.cpp:4424] key=concurrent_k_519, error=replica_not_ready
W1008 11:17:18.708981 192308 master_service.cpp:4424] key=concurrent_k_519, error=replica_not_ready
W1008 11:17:18.709825 192309 master_service.cpp:4424] key=concurrent_k_520, error=replica_not_ready
W1008 11:17:18.709923 192308 master_service.cpp:4424] key=concurrent_k_520, error=replica_not_ready
W1008 11:17:18.710160 192309 master_service.cpp:4424] key=concurrent_k_520, error=replica_not_ready
W1008 11:17:18.710635 192309 master_service.cpp:4424] key=concurrent_k_521, error=replica_not_ready
W1008 11:17:18.710685 192308 master_service.cpp:4424] key=concurrent_k_521, error=replica_not_ready
W1008 11:17:18.710947 192309 master_service.cpp:4424] key=concurrent_k_521, error=replica_not_ready
W1008 11:17:18.711566 192309 master_service.cpp:4424] key=concurrent_k_522, error=replica_not_ready
W1008 11:17:18.711608 192308 master_service.cpp:4424] key=concurrent_k_522, error=replica_not_ready
W1008 11:17:18.711621 192307 master_service.cpp:4424] key=concurrent_k_522, error=replica_not_ready
W1008 11:17:18.712414 192309 master_service.cpp:4424] key=concurrent_k_523, error=replica_not_ready
W1008 11:17:18.712508 192308 master_service.cpp:4424] key=concurrent_k_523, error=replica_not_ready
W1008 11:17:18.712741 192309 master_service.cpp:4424] key=concurrent_k_523, error=replica_not_ready
W1008 11:17:18.713306 192309 master_service.cpp:4424] key=concurrent_k_524, error=replica_not_ready
W1008 11:17:18.713317 192308 master_service.cpp:4424] key=concurrent_k_524, error=replica_not_ready
W1008 11:17:18.713501 192309 master_service.cpp:4424] key=concurrent_k_524, error=replica_not_ready
W1008 11:17:18.714530 192309 master_service.cpp:4424] key=concurrent_k_525, error=replica_not_ready
W1008 11:17:18.714545 192308 master_service.cpp:4424] key=concurrent_k_525, error=replica_not_ready
W1008 11:17:18.714563 192307 master_service.cpp:4424] key=concurrent_k_525, error=replica_not_ready
I1008 11:17:18.714949 192289 master_service.cpp:10619] [EVICT-TRIGGER] memory_ratio=0.914062 high_watermark=0.9 need_mem_eviction=0 eviction_ratio=0.05
W1008 11:17:18.715695 192309 master_service.cpp:4424] key=concurrent_k_526, error=replica_not_ready
W1008 11:17:18.715708 192308 master_service.cpp:4424] key=concurrent_k_526, error=replica_not_ready
W1008 11:17:18.715731 192307 master_service.cpp:4424] key=concurrent_k_526, error=replica_not_ready
W1008 11:17:18.716843 192309 master_service.cpp:4424] key=concurrent_k_527, error=replica_not_ready
W1008 11:17:18.716858 192308 master_service.cpp:4424] key=concurrent_k_527, error=replica_not_ready
W1008 11:17:18.716895 192307 master_service.cpp:4424] key=concurrent_k_527, error=replica_not_ready
W1008 11:17:18.717948 192309 master_service.cpp:4424] key=concurrent_k_528, error=replica_not_ready
W1008 11:17:18.717998 192308 master_service.cpp:4424] key=concurrent_k_528, error=replica_not_ready
W1008 11:17:18.718005 192307 master_service.cpp:4424] key=concurrent_k_528, error=replica_not_ready
I1008 11:17:18.718084 192289 master_service.cpp:12526] [EVICT-RESULT] evicted_count=30, eviction_base=468, actual_evict_ratio=0.0641026, target_evict_ratio=0.0640625
I1008 11:17:18.718133 192289 master_service.cpp:10630] [EVICT-DONE] BatchEvict execution completed.
W1008 11:17:18.718818 192308 master_service.cpp:4424] key=concurrent_k_529, error=replica_not_ready
W1008 11:17:18.718904 192309 master_service.cpp:4424] key=concurrent_k_529, error=replica_not_ready
W1008 11:17:18.719208 192309 master_service.cpp:4424] key=concurrent_k_529, error=replica_not_ready
W1008 11:17:18.720022 192309 master_service.cpp:4424] key=concurrent_k_530, error=replica_not_ready
W1008 11:17:18.720042 192308 master_service.cpp:4424] key=concurrent_k_530, error=replica_not_ready
W1008 11:17:18.720062 192307 master_service.cpp:4424] key=concurrent_k_530, error=replica_not_ready
W1008 11:17:18.721237 192309 master_service.cpp:4424] key=concurrent_k_531, error=replica_not_ready
W1008 11:17:18.721283 192308 master_service.cpp:4424] key=concurrent_k_531, error=replica_not_ready
W1008 11:17:18.721292 192307 master_service.cpp:4424] key=concurrent_k_531, error=replica_not_ready
W1008 11:17:18.722366 192309 master_service.cpp:4424] key=concurrent_k_532, error=replica_not_ready
W1008 11:17:18.722385 192308 master_service.cpp:4424] key=concurrent_k_532, error=replica_not_ready
W1008 11:17:18.722528 192308 master_service.cpp:4424] key=concurrent_k_532, error=replica_not_ready
W1008 11:17:18.723097 192308 master_service.cpp:4424] key=concurrent_k_533, error=replica_not_ready
W1008 11:17:18.723097 192309 master_service.cpp:4424] key=concurrent_k_533, error=replica_not_ready
W1008 11:17:18.723356 192309 master_service.cpp:4424] key=concurrent_k_533, error=replica_not_ready
W1008 11:17:18.724277 192309 master_service.cpp:4424] key=concurrent_k_534, error=replica_not_ready
W1008 11:17:18.724308 192308 master_service.cpp:4424] key=concurrent_k_534, error=replica_not_ready
W1008 11:17:18.724328 192307 master_service.cpp:4424] key=concurrent_k_534, error=replica_not_ready
W1008 11:17:18.725368 192309 master_service.cpp:4424] key=concurrent_k_535, error=replica_not_ready
W1008 11:17:18.725417 192307 master_service.cpp:4424] key=concurrent_k_535, error=replica_not_ready
W1008 11:17:18.725479 192309 master_service.cpp:4424] key=concurrent_k_535, error=replica_not_ready
W1008 11:17:18.726596 192309 master_service.cpp:4424] key=concurrent_k_536, error=replica_not_ready
W1008 11:17:18.726639 192308 master_service.cpp:4424] key=concurrent_k_536, error=replica_not_ready
W1008 11:17:18.726658 192307 master_service.cpp:4424] key=concurrent_k_536, error=replica_not_ready
W1008 11:17:18.727669 192308 master_service.cpp:4424] key=concurrent_k_537, error=replica_not_ready
W1008 11:17:18.727720 192307 master_service.cpp:4424] key=concurrent_k_537, error=replica_not_ready
W1008 11:17:18.727820 192309 master_service.cpp:4424] key=concurrent_k_537, error=replica_not_ready
W1008 11:17:18.728777 192309 master_service.cpp:4424] key=concurrent_k_538, error=replica_not_ready
W1008 11:17:18.728785 192308 master_service.cpp:4424] key=concurrent_k_538, error=replica_not_ready
W1008 11:17:18.728787 192307 master_service.cpp:4424] key=concurrent_k_538, error=replica_not_ready
W1008 11:17:18.729825 192309 master_service.cpp:4424] key=concurrent_k_539, error=replica_not_ready
W1008 11:17:18.729856 192308 master_service.cpp:4424] key=concurrent_k_539, error=replica_not_ready
W1008 11:17:18.729978 192308 master_service.cpp:4424] key=concurrent_k_539, error=replica_not_ready
W1008 11:17:18.730630 192309 master_service.cpp:4424] key=concurrent_k_540, error=replica_not_ready
W1008 11:17:18.730646 192308 master_service.cpp:4424] key=concurrent_k_540, error=replica_not_ready
W1008 11:17:18.730911 192309 master_service.cpp:4424] key=concurrent_k_540, error=replica_not_ready
W1008 11:17:18.731628 192309 master_service.cpp:4424] key=concurrent_k_541, error=replica_not_ready
W1008 11:17:18.731657 192308 master_service.cpp:4424] key=concurrent_k_541, error=replica_not_ready
W1008 11:17:18.731791 192309 master_service.cpp:4424] key=concurrent_k_541, error=replica_not_ready
W1008 11:17:18.732424 192309 master_service.cpp:4424] key=concurrent_k_542, error=replica_not_ready
W1008 11:17:18.732432 192308 master_service.cpp:4424] key=concurrent_k_542, error=replica_not_ready
W1008 11:17:18.732694 192309 master_service.cpp:4424] key=concurrent_k_542, error=replica_not_ready
W1008 11:17:18.733090 192309 master_service.cpp:4424] key=concurrent_k_543, error=replica_not_ready
W1008 11:17:18.733096 192308 master_service.cpp:4424] key=concurrent_k_543, error=replica_not_ready
W1008 11:17:18.733503 192309 master_service.cpp:4424] key=concurrent_k_543, error=replica_not_ready
W1008 11:17:18.733968 192309 master_service.cpp:4424] key=concurrent_k_544, error=replica_not_ready
W1008 11:17:18.734074 192308 master_service.cpp:4424] key=concurrent_k_544, error=replica_not_ready
W1008 11:17:18.734192 192309 master_service.cpp:4424] key=concurrent_k_544, error=replica_not_ready
W1008 11:17:18.735001 192309 master_service.cpp:4424] key=concurrent_k_545, error=replica_not_ready
W1008 11:17:18.735117 192309 master_service.cpp:4424] key=concurrent_k_545, error=replica_not_ready
W1008 11:17:18.735131 192308 master_service.cpp:4424] key=concurrent_k_545, error=replica_not_ready
W1008 11:17:18.735689 192308 master_service.cpp:4424] key=concurrent_k_546, error=replica_not_ready
W1008 11:17:18.735689 192309 master_service.cpp:4424] key=concurrent_k_546, error=replica_not_ready
W1008 11:17:18.736078 192309 master_service.cpp:4424] key=concurrent_k_546, error=replica_not_ready
W1008 11:17:18.736618 192309 master_service.cpp:4424] key=concurrent_k_547, error=replica_not_ready
W1008 11:17:18.736629 192308 master_service.cpp:4424] key=concurrent_k_547, error=replica_not_ready
W1008 11:17:18.736989 192309 master_service.cpp:4424] key=concurrent_k_547, error=replica_not_ready
W1008 11:17:18.737538 192309 master_service.cpp:4424] key=concurrent_k_548, error=replica_not_ready
W1008 11:17:18.737562 192308 master_service.cpp:4424] key=concurrent_k_548, error=replica_not_ready
W1008 11:17:18.737747 192309 master_service.cpp:4424] key=concurrent_k_548, error=replica_not_ready
I1008 11:17:18.738255 192289 master_service.cpp:10619] [EVICT-TRIGGER] memory_ratio=0.900391 high_watermark=0.9 need_mem_eviction=0 eviction_ratio=0.05
W1008 11:17:18.738756 192308 master_service.cpp:4424] key=concurrent_k_549, error=replica_not_ready
W1008 11:17:18.738778 192306 master_service.cpp:4424] key=concurrent_k_549, error=replica_not_ready
W1008 11:17:18.738777 192307 master_service.cpp:4424] key=concurrent_k_549, error=replica_not_ready
W1008 11:17:18.739847 192309 master_service.cpp:4424] key=concurrent_k_550, error=replica_not_ready
W1008 11:17:18.739873 192308 master_service.cpp:4424] key=concurrent_k_550, error=replica_not_ready
W1008 11:17:18.739905 192307 master_service.cpp:4424] key=concurrent_k_550, error=replica_not_ready
W1008 11:17:18.740972 192309 master_service.cpp:4424] key=concurrent_k_551, error=replica_not_ready
W1008 11:17:18.740984 192308 master_service.cpp:4424] key=concurrent_k_551, error=replica_not_ready
W1008 11:17:18.741019 192307 master_service.cpp:4424] key=concurrent_k_551, error=replica_not_ready
I1008 11:17:18.741367 192289 master_service.cpp:12526] [EVICT-RESULT] evicted_count=24, eviction_base=461, actual_evict_ratio=0.0520607, target_evict_ratio=0.0503906
I1008 11:17:18.741420 192289 master_service.cpp:10630] [EVICT-DONE] BatchEvict execution completed.
W1008 11:17:18.742060 192308 master_service.cpp:4424] key=concurrent_k_552, error=replica_not_ready
W1008 11:17:18.742113 192307 master_service.cpp:4424] key=concurrent_k_552, error=replica_not_ready
W1008 11:17:18.742133 192309 master_service.cpp:4424] key=concurrent_k_552, error=replica_not_ready
W1008 11:17:18.743038 192309 master_service.cpp:4424] key=concurrent_k_553, error=replica_not_ready
W1008 11:17:18.743079 192308 master_service.cpp:4424] key=concurrent_k_553, error=replica_not_ready
W1008 11:17:18.743250 192309 master_service.cpp:4424] key=concurrent_k_553, error=replica_not_ready
W1008 11:17:18.744199 192309 master_service.cpp:4424] key=concurrent_k_554, error=replica_not_ready
W1008 11:17:18.744220 192308 master_service.cpp:4424] key=concurrent_k_554, error=replica_not_ready
W1008 11:17:18.744249 192307 master_service.cpp:4424] key=concurrent_k_554, error=replica_not_ready
W1008 11:17:18.745249 192309 master_service.cpp:4424] key=concurrent_k_555, error=replica_not_ready
W1008 11:17:18.745270 192308 master_service.cpp:4424] key=concurrent_k_555, error=replica_not_ready
W1008 11:17:18.745316 192307 master_service.cpp:4424] key=concurrent_k_555, error=replica_not_ready
W1008 11:17:18.746382 192309 master_service.cpp:4424] key=concurrent_k_556, error=replica_not_ready
W1008 11:17:18.746403 192307 master_service.cpp:4424] key=concurrent_k_556, error=replica_not_ready
W1008 11:17:18.746414 192308 master_service.cpp:4424] key=concurrent_k_556, error=replica_not_ready
W1008 11:17:18.747520 192309 master_service.cpp:4424] key=concurrent_k_557, error=replica_not_ready
W1008 11:17:18.747547 192308 master_service.cpp:4424] key=concurrent_k_557, error=replica_not_ready
W1008 11:17:18.747651 192309 master_service.cpp:4424] key=concurrent_k_557, error=replica_not_ready
W1008 11:17:18.748700 192309 master_service.cpp:4424] key=concurrent_k_558, error=replica_not_ready
W1008 11:17:18.748704 192308 master_service.cpp:4424] key=concurrent_k_558, error=replica_not_ready
W1008 11:17:18.748747 192307 master_service.cpp:4424] key=concurrent_k_558, error=replica_not_ready
W1008 11:17:18.749814 192309 master_service.cpp:4424] key=concurrent_k_559, error=replica_not_ready
W1008 11:17:18.749840 192307 master_service.cpp:4424] key=concurrent_k_559, error=replica_not_ready
W1008 11:17:18.749882 192308 master_service.cpp:4424] key=concurrent_k_559, error=replica_not_ready
W1008 11:17:18.750629 192309 master_service.cpp:4424] key=concurrent_k_560, error=replica_not_ready
W1008 11:17:18.750778 192309 master_service.cpp:4424] key=concurrent_k_560, error=replica_not_ready
W1008 11:17:18.750960 192309 master_service.cpp:4424] key=concurrent_k_560, error=replica_not_ready
W1008 11:17:18.751529 192309 master_service.cpp:4424] key=concurrent_k_561, error=replica_not_ready
W1008 11:17:18.751571 192308 master_service.cpp:4424] key=concurrent_k_561, error=replica_not_ready
W1008 11:17:18.751754 192309 master_service.cpp:4424] key=concurrent_k_561, error=replica_not_ready
W1008 11:17:18.752573 192309 master_service.cpp:4424] key=concurrent_k_562, error=replica_not_ready
W1008 11:17:18.752604 192307 master_service.cpp:4424] key=concurrent_k_562, error=replica_not_ready
W1008 11:17:18.752671 192309 master_service.cpp:4424] key=concurrent_k_562, error=replica_not_ready
W1008 11:17:18.753746 192309 master_service.cpp:4424] key=concurrent_k_563, error=replica_not_ready
W1008 11:17:18.753747 192308 master_service.cpp:4424] key=concurrent_k_563, error=replica_not_ready
W1008 11:17:18.753779 192307 master_service.cpp:4424] key=concurrent_k_563, error=replica_not_ready
W1008 11:17:18.754585 192309 master_service.cpp:4424] key=concurrent_k_564, error=replica_not_ready
W1008 11:17:18.754671 192308 master_service.cpp:4424] key=concurrent_k_564, error=replica_not_ready
W1008 11:17:18.754961 192309 master_service.cpp:4424] key=concurrent_k_564, error=replica_not_ready
W1008 11:17:18.755614 192309 master_service.cpp:4424] key=concurrent_k_565, error=replica_not_ready
W1008 11:17:18.755628 192308 master_service.cpp:4424] key=concurrent_k_565, error=replica_not_ready
W1008 11:17:18.755764 192309 master_service.cpp:4424] key=concurrent_k_565, error=replica_not_ready
W1008 11:17:18.756815 192309 master_service.cpp:4424] key=concurrent_k_566, error=replica_not_ready
W1008 11:17:18.756815 192308 master_service.cpp:4424] key=concurrent_k_566, error=replica_not_ready
W1008 11:17:18.756839 192307 master_service.cpp:4424] key=concurrent_k_566, error=replica_not_ready
W1008 11:17:18.757925 192309 master_service.cpp:4424] key=concurrent_k_567, error=replica_not_ready
W1008 11:17:18.757951 192308 master_service.cpp:4424] key=concurrent_k_567, error=replica_not_ready
W1008 11:17:18.757972 192307 master_service.cpp:4424] key=concurrent_k_567, error=replica_not_ready
W1008 11:17:18.759111 192309 master_service.cpp:4424] key=concurrent_k_568, error=replica_not_ready
W1008 11:17:18.759164 192308 master_service.cpp:4424] key=concurrent_k_568, error=replica_not_ready
W1008 11:17:18.759166 192307 master_service.cpp:4424] key=concurrent_k_568, error=replica_not_ready
W1008 11:17:18.759927 192309 master_service.cpp:4424] key=concurrent_k_569, error=replica_not_ready
W1008 11:17:18.760069 192309 master_service.cpp:4424] key=concurrent_k_569, error=replica_not_ready
W1008 11:17:18.760344 192309 master_service.cpp:4424] key=concurrent_k_569, error=replica_not_ready
W1008 11:17:18.760767 192309 master_service.cpp:4424] key=concurrent_k_570, error=replica_not_ready
W1008 11:17:18.760798 192308 master_service.cpp:4424] key=concurrent_k_570, error=replica_not_ready
W1008 11:17:18.761027 192309 master_service.cpp:4424] key=concurrent_k_570, error=replica_not_ready
W1008 11:17:18.761814 192309 master_service.cpp:4424] key=concurrent_k_571, error=replica_not_ready
W1008 11:17:18.761865 192308 master_service.cpp:4424] key=concurrent_k_571, error=replica_not_ready
W1008 11:17:18.761875 192307 master_service.cpp:4424] key=concurrent_k_571, error=replica_not_ready
W1008 11:17:18.762722 192309 master_service.cpp:4424] key=concurrent_k_572, error=replica_not_ready
W1008 11:17:18.762769 192308 master_service.cpp:4424] key=concurrent_k_572, error=replica_not_ready
W1008 11:17:18.762954 192309 master_service.cpp:4424] key=concurrent_k_572, error=replica_not_ready
W1008 11:17:18.763702 192309 master_service.cpp:4424] key=concurrent_k_573, error=replica_not_ready
W1008 11:17:18.763751 192308 master_service.cpp:4424] key=concurrent_k_573, error=replica_not_ready
W1008 11:17:18.763877 192309 master_service.cpp:4424] key=concurrent_k_573, error=replica_not_ready
W1008 11:17:18.764747 192309 master_service.cpp:4424] key=concurrent_k_574, error=replica_not_ready
W1008 11:17:18.764747 192308 master_service.cpp:4424] key=concurrent_k_574, error=replica_not_ready
W1008 11:17:18.764750 192307 master_service.cpp:4424] key=concurrent_k_574, error=replica_not_ready
W1008 11:17:18.765931 192309 master_service.cpp:4424] key=concurrent_k_575, error=replica_not_ready
W1008 11:17:18.765931 192308 master_service.cpp:4424] key=concurrent_k_575, error=replica_not_ready
W1008 11:17:18.765966 192306 master_service.cpp:4424] key=concurrent_k_575, error=replica_not_ready
W1008 11:17:18.766901 192309 master_service.cpp:4424] key=concurrent_k_576, error=replica_not_ready
W1008 11:17:18.766952 192308 master_service.cpp:4424] key=concurrent_k_576, error=replica_not_ready
W1008 11:17:18.767077 192309 master_service.cpp:4424] key=concurrent_k_576, error=replica_not_ready
W1008 11:17:18.767853 192309 master_service.cpp:4424] key=concurrent_k_577, error=replica_not_ready
W1008 11:17:18.767900 192308 master_service.cpp:4424] key=concurrent_k_577, error=replica_not_ready
W1008 11:17:18.768014 192309 master_service.cpp:4424] key=concurrent_k_577, error=replica_not_ready
W1008 11:17:18.768899 192309 master_service.cpp:4424] key=concurrent_k_578, error=replica_not_ready
W1008 11:17:18.768925 192308 master_service.cpp:4424] key=concurrent_k_578, error=replica_not_ready
W1008 11:17:18.768947 192307 master_service.cpp:4424] key=concurrent_k_578, error=replica_not_ready
W1008 11:17:18.769932 192309 master_service.cpp:4424] key=concurrent_k_579, error=replica_not_ready
W1008 11:17:18.769980 192307 master_service.cpp:4424] key=concurrent_k_579, error=replica_not_ready
W1008 11:17:18.770035 192309 master_service.cpp:4424] key=concurrent_k_579, error=replica_not_ready
W1008 11:17:18.770890 192309 master_service.cpp:4424] key=concurrent_k_580, error=replica_not_ready
W1008 11:17:18.770911 192308 master_service.cpp:4424] key=concurrent_k_580, error=replica_not_ready
W1008 11:17:18.771082 192309 master_service.cpp:4424] key=concurrent_k_580, error=replica_not_ready
I1008 11:17:18.771596 192289 master_service.cpp:10619] [EVICT-TRIGGER] memory_ratio=0.916016 high_watermark=0.9 need_mem_eviction=0 eviction_ratio=0.05
W1008 11:17:18.771888 192309 master_service.cpp:4424] key=concurrent_k_581, error=replica_not_ready
W1008 11:17:18.771932 192308 master_service.cpp:4424] key=concurrent_k_581, error=replica_not_ready
W1008 11:17:18.772113 192309 master_service.cpp:4424] key=concurrent_k_581, error=replica_not_ready
W1008 11:17:18.772779 192309 master_service.cpp:4424] key=concurrent_k_582, error=replica_not_ready
W1008 11:17:18.772830 192307 master_service.cpp:4424] key=concurrent_k_582, error=replica_not_ready
W1008 11:17:18.772895 192309 master_service.cpp:4424] key=concurrent_k_582, error=replica_not_ready
W1008 11:17:18.773576 192309 master_service.cpp:4424] key=concurrent_k_583, error=replica_not_ready
W1008 11:17:18.773741 192309 master_service.cpp:4424] key=concurrent_k_583, error=replica_not_ready
W1008 11:17:18.774020 192309 master_service.cpp:4424] key=concurrent_k_583, error=replica_not_ready
W1008 11:17:18.774454 192309 master_service.cpp:4424] key=concurrent_k_584, error=replica_not_ready
W1008 11:17:18.774457 192307 master_service.cpp:4424] key=concurrent_k_584, error=replica_not_ready
I1008 11:17:18.774763 192289 master_service.cpp:12526] [EVICT-RESULT] evicted_count=32, eviction_base=470, actual_evict_ratio=0.0680851, target_evict_ratio=0.0660156
W1008 11:17:18.774778 192309 master_service.cpp:4424] key=concurrent_k_584, error=replica_not_ready
I1008 11:17:18.774825 192289 master_service.cpp:10630] [EVICT-DONE] BatchEvict execution completed.
W1008 11:17:18.775631 192309 master_service.cpp:4424] key=concurrent_k_585, error=replica_not_ready
W1008 11:17:18.775646 192308 master_service.cpp:4424] key=concurrent_k_585, error=replica_not_ready
W1008 11:17:18.775713 192307 master_service.cpp:4424] key=concurrent_k_585, error=replica_not_ready
W1008 11:17:18.776764 192309 master_service.cpp:4424] key=concurrent_k_586, error=replica_not_ready
W1008 11:17:18.776804 192307 master_service.cpp:4424] key=concurrent_k_586, error=replica_not_ready
W1008 11:17:18.776841 192309 master_service.cpp:4424] key=concurrent_k_586, error=replica_not_ready
W1008 11:17:18.777590 192309 master_service.cpp:4424] key=concurrent_k_587, error=replica_not_ready
W1008 11:17:18.777652 192308 master_service.cpp:4424] key=concurrent_k_587, error=replica_not_ready
W1008 11:17:18.777658 192307 master_service.cpp:4424] key=concurrent_k_587, error=replica_not_ready
W1008 11:17:18.778447 192308 master_service.cpp:4424] key=concurrent_k_588, error=replica_not_ready
W1008 11:17:18.778447 192307 master_service.cpp:4424] key=concurrent_k_588, error=replica_not_ready
W1008 11:17:18.778448 192306 master_service.cpp:4424] key=concurrent_k_588, error=replica_not_ready
W1008 11:17:18.779616 192309 master_service.cpp:4424] key=concurrent_k_589, error=replica_not_ready
W1008 11:17:18.779619 192308 master_service.cpp:4424] key=concurrent_k_589, error=replica_not_ready
W1008 11:17:18.779646 192307 master_service.cpp:4424] key=concurrent_k_589, error=replica_not_ready
W1008 11:17:18.780642 192309 master_service.cpp:4424] key=concurrent_k_590, error=replica_not_ready
W1008 11:17:18.780691 192308 master_service.cpp:4424] key=concurrent_k_590, error=replica_not_ready
W1008 11:17:18.780721 192307 master_service.cpp:4424] key=concurrent_k_590, error=replica_not_ready
W1008 11:17:18.781402 192308 master_service.cpp:4424] key=concurrent_k_591, error=replica_not_ready
W1008 11:17:18.781543 192309 master_service.cpp:4424] key=concurrent_k_591, error=replica_not_ready
W1008 11:17:18.781674 192309 master_service.cpp:4424] key=concurrent_k_591, error=replica_not_ready
W1008 11:17:18.782181 192309 master_service.cpp:4424] key=concurrent_k_592, error=replica_not_ready
W1008 11:17:18.782259 192308 master_service.cpp:4424] key=concurrent_k_592, error=replica_not_ready
W1008 11:17:18.782495 192309 master_service.cpp:4424] key=concurrent_k_592, error=replica_not_ready
W1008 11:17:18.783092 192307 master_service.cpp:4424] key=concurrent_k_593, error=replica_not_ready
W1008 11:17:18.783114 192309 master_service.cpp:4424] key=concurrent_k_593, error=replica_not_ready
W1008 11:17:18.783301 192309 master_service.cpp:4424] key=concurrent_k_593, error=replica_not_ready
W1008 11:17:18.784250 192309 master_service.cpp:4424] key=concurrent_k_594, error=replica_not_ready
W1008 11:17:18.784269 192308 master_service.cpp:4424] key=concurrent_k_594, error=replica_not_ready
W1008 11:17:18.784616 192309 master_service.cpp:4424] key=concurrent_k_594, error=replica_not_ready
W1008 11:17:18.785640 192309 master_service.cpp:4424] key=concurrent_k_595, error=replica_not_ready
W1008 11:17:18.785645 192308 master_service.cpp:4424] key=concurrent_k_595, error=replica_not_ready
W1008 11:17:18.785665 192307 master_service.cpp:4424] key=concurrent_k_595, error=replica_not_ready
W1008 11:17:18.786412 192309 master_service.cpp:4424] key=concurrent_k_596, error=replica_not_ready
W1008 11:17:18.786520 192309 master_service.cpp:4424] key=concurrent_k_596, error=replica_not_ready
W1008 11:17:18.786682 192309 master_service.cpp:4424] key=concurrent_k_596, error=replica_not_ready
W1008 11:17:18.787501 192309 master_service.cpp:4424] key=concurrent_k_597, error=replica_not_ready
W1008 11:17:18.787576 192307 master_service.cpp:4424] key=concurrent_k_597, error=replica_not_ready
W1008 11:17:18.787611 192309 master_service.cpp:4424] key=concurrent_k_597, error=replica_not_ready
W1008 11:17:18.788286 192309 master_service.cpp:4424] key=concurrent_k_598, error=replica_not_ready
W1008 11:17:18.788362 192307 master_service.cpp:4424] key=concurrent_k_598, error=replica_not_ready
W1008 11:17:18.788371 192309 master_service.cpp:4424] key=concurrent_k_598, error=replica_not_ready
W1008 11:17:18.789106 192309 master_service.cpp:4424] key=concurrent_k_599, error=replica_not_ready
W1008 11:17:18.789201 192309 master_service.cpp:4424] key=concurrent_k_599, error=replica_not_ready
W1008 11:17:18.789608 192309 master_service.cpp:4424] key=concurrent_k_599, error=replica_not_ready
W1008 11:17:18.790021 192309 master_service.cpp:4424] key=concurrent_k_600, error=replica_not_ready
W1008 11:17:18.790155 192308 master_service.cpp:4424] key=concurrent_k_600, error=replica_not_ready
W1008 11:17:18.790247 192309 master_service.cpp:4424] key=concurrent_k_600, error=replica_not_ready
W1008 11:17:18.791057 192309 master_service.cpp:4424] key=concurrent_k_601, error=replica_not_ready
W1008 11:17:18.791071 192308 master_service.cpp:4424] key=concurrent_k_601, error=replica_not_ready
W1008 11:17:18.791100 192307 master_service.cpp:4424] key=concurrent_k_601, error=replica_not_ready
W1008 11:17:18.792240 192309 master_service.cpp:4424] key=concurrent_k_602, error=replica_not_ready
W1008 11:17:18.792248 192307 master_service.cpp:4424] key=concurrent_k_602, error=replica_not_ready
W1008 11:17:18.792265 192308 master_service.cpp:4424] key=concurrent_k_602, error=replica_not_ready
W1008 11:17:18.793279 192309 master_service.cpp:4424] key=concurrent_k_603, error=replica_not_ready
W1008 11:17:18.793320 192308 master_service.cpp:4424] key=concurrent_k_603, error=replica_not_ready
W1008 11:17:18.793347 192307 master_service.cpp:4424] key=concurrent_k_603, error=replica_not_ready
W1008 11:17:18.794006 192309 master_service.cpp:4424] key=concurrent_k_604, error=replica_not_ready
W1008 11:17:18.794153 192309 master_service.cpp:4424] key=concurrent_k_604, error=replica_not_ready
W1008 11:17:18.794289 192309 master_service.cpp:4424] key=concurrent_k_604, error=replica_not_ready
W1008 11:17:18.794866 192308 master_service.cpp:4424] key=concurrent_k_605, error=replica_not_ready
W1008 11:17:18.794884 192309 master_service.cpp:4424] key=concurrent_k_605, error=replica_not_ready
I1008 11:17:18.794955 192289 master_service.cpp:10619] [EVICT-TRIGGER] memory_ratio=0.902344 high_watermark=0.9 need_mem_eviction=0 eviction_ratio=0.05
W1008 11:17:18.795111 192309 master_service.cpp:4424] key=concurrent_k_605, error=replica_not_ready
W1008 11:17:18.795815 192308 master_service.cpp:4424] key=concurrent_k_606, error=replica_not_ready
W1008 11:17:18.795868 192307 master_service.cpp:4424] key=concurrent_k_606, error=replica_not_ready
W1008 11:17:18.795914 192309 master_service.cpp:4424] key=concurrent_k_606, error=replica_not_ready
W1008 11:17:18.796759 192309 master_service.cpp:4424] key=concurrent_k_607, error=replica_not_ready
W1008 11:17:18.796789 192308 master_service.cpp:4424] key=concurrent_k_607, error=replica_not_ready
W1008 11:17:18.797156 192309 master_service.cpp:4424] key=concurrent_k_607, error=replica_not_ready
W1008 11:17:18.797921 192309 master_service.cpp:4424] key=concurrent_k_608, error=replica_not_ready
W1008 11:17:18.797938 192308 master_service.cpp:4424] key=concurrent_k_608, error=replica_not_ready
W1008 11:17:18.797948 192307 master_service.cpp:4424] key=concurrent_k_608, error=replica_not_ready
I1008 11:17:18.798074 192289 master_service.cpp:12526] [EVICT-RESULT] evicted_count=25, eviction_base=462, actual_evict_ratio=0.0541126, target_evict_ratio=0.0523437
I1008 11:17:18.798127 192289 master_service.cpp:10630] [EVICT-DONE] BatchEvict execution completed.
W1008 11:17:18.799321 192309 master_service.cpp:4424] key=concurrent_k_609, error=replica_not_ready
W1008 11:17:18.799324 192308 master_service.cpp:4424] key=concurrent_k_609, error=replica_not_ready
W1008 11:17:18.799352 192307 master_service.cpp:4424] key=concurrent_k_609, error=replica_not_ready
W1008 11:17:18.800614 192309 master_service.cpp:4424] key=concurrent_k_610, error=replica_not_ready
W1008 11:17:18.800638 192308 master_service.cpp:4424] key=concurrent_k_610, error=replica_not_ready
W1008 11:17:18.800668 192307 master_service.cpp:4424] key=concurrent_k_610, error=replica_not_ready
W1008 11:17:18.801592 192309 master_service.cpp:4424] key=concurrent_k_611, error=replica_not_ready
W1008 11:17:18.801596 192308 master_service.cpp:4424] key=concurrent_k_611, error=replica_not_ready
W1008 11:17:18.801640 192307 master_service.cpp:4424] key=concurrent_k_611, error=replica_not_ready
W1008 11:17:18.802517 192309 master_service.cpp:4424] key=concurrent_k_612, error=replica_not_ready
W1008 11:17:18.802538 192308 master_service.cpp:4424] key=concurrent_k_612, error=replica_not_ready
W1008 11:17:18.802713 192309 master_service.cpp:4424] key=concurrent_k_612, error=replica_not_ready
W1008 11:17:18.803615 192309 master_service.cpp:4424] key=concurrent_k_613, error=replica_not_ready
W1008 11:17:18.803632 192308 master_service.cpp:4424] key=concurrent_k_613, error=replica_not_ready
W1008 11:17:18.803781 192308 master_service.cpp:4424] key=concurrent_k_613, error=replica_not_ready
W1008 11:17:18.804497 192309 master_service.cpp:4424] key=concurrent_k_614, error=replica_not_ready
W1008 11:17:18.804507 192308 master_service.cpp:4424] key=concurrent_k_614, error=replica_not_ready
W1008 11:17:18.804543 192307 master_service.cpp:4424] key=concurrent_k_614, error=replica_not_ready
W1008 11:17:18.805511 192309 master_service.cpp:4424] key=concurrent_k_615, error=replica_not_ready
W1008 11:17:18.805546 192307 master_service.cpp:4424] key=concurrent_k_615, error=replica_not_ready
W1008 11:17:18.805606 192309 master_service.cpp:4424] key=concurrent_k_615, error=replica_not_ready
W1008 11:17:18.806277 192309 master_service.cpp:4424] key=concurrent_k_616, error=replica_not_ready
W1008 11:17:18.806406 192308 master_service.cpp:4424] key=concurrent_k_616, error=replica_not_ready
W1008 11:17:18.806434 192309 master_service.cpp:4424] key=concurrent_k_616, error=replica_not_ready
W1008 11:17:18.807159 192309 master_service.cpp:4424] key=concurrent_k_617, error=replica_not_ready
W1008 11:17:18.807224 192308 master_service.cpp:4424] key=concurrent_k_617, error=replica_not_ready
W1008 11:17:18.807422 192309 master_service.cpp:4424] key=concurrent_k_617, error=replica_not_ready
W1008 11:17:18.808494 192309 master_service.cpp:4424] key=concurrent_k_618, error=replica_not_ready
W1008 11:17:18.808528 192308 master_service.cpp:4424] key=concurrent_k_618, error=replica_not_ready
W1008 11:17:18.808570 192307 master_service.cpp:4424] key=concurrent_k_618, error=replica_not_ready
W1008 11:17:18.809612 192309 master_service.cpp:4424] key=concurrent_k_619, error=replica_not_ready
W1008 11:17:18.809629 192308 master_service.cpp:4424] key=concurrent_k_619, error=replica_not_ready
W1008 11:17:18.809710 192306 master_service.cpp:4424] key=concurrent_k_619, error=replica_not_ready
W1008 11:17:18.810418 192309 master_service.cpp:4424] key=concurrent_k_620, error=replica_not_ready
W1008 11:17:18.810456 192308 master_service.cpp:4424] key=concurrent_k_620, error=replica_not_ready
W1008 11:17:18.810663 192309 master_service.cpp:4424] key=concurrent_k_620, error=replica_not_ready
W1008 11:17:18.811481 192309 master_service.cpp:4424] key=concurrent_k_621, error=replica_not_ready
W1008 11:17:18.811486 192308 master_service.cpp:4424] key=concurrent_k_621, error=replica_not_ready
W1008 11:17:18.811546 192307 master_service.cpp:4424] key=concurrent_k_621, error=replica_not_ready
W1008 11:17:18.812601 192309 master_service.cpp:4424] key=concurrent_k_622, error=replica_not_ready
W1008 11:17:18.812644 192307 master_service.cpp:4424] key=concurrent_k_622, error=replica_not_ready
W1008 11:17:18.812652 192306 master_service.cpp:4424] key=concurrent_k_622, error=replica_not_ready
W1008 11:17:18.813587 192309 master_service.cpp:4424] key=concurrent_k_623, error=replica_not_ready
W1008 11:17:18.813594 192308 master_service.cpp:4424] key=concurrent_k_623, error=replica_not_ready
W1008 11:17:18.813802 192309 master_service.cpp:4424] key=concurrent_k_623, error=replica_not_ready
W1008 11:17:18.814502 192308 master_service.cpp:4424] key=concurrent_k_624, error=replica_not_ready
W1008 11:17:18.814502 192309 master_service.cpp:4424] key=concurrent_k_624, error=replica_not_ready
W1008 11:17:18.814644 192309 master_service.cpp:4424] key=concurrent_k_624, error=replica_not_ready
W1008 11:17:18.815491 192309 master_service.cpp:4424] key=concurrent_k_625, error=replica_not_ready
W1008 11:17:18.815527 192308 master_service.cpp:4424] key=concurrent_k_625, error=replica_not_ready
W1008 11:17:18.815977 192309 master_service.cpp:4424] key=concurrent_k_625, error=replica_not_ready
W1008 11:17:18.816789 192309 master_service.cpp:4424] key=concurrent_k_626, error=replica_not_ready
W1008 11:17:18.816815 192308 master_service.cpp:4424] key=concurrent_k_626, error=replica_not_ready
W1008 11:17:18.816818 192307 master_service.cpp:4424] key=concurrent_k_626, error=replica_not_ready
W1008 11:17:18.817878 192309 master_service.cpp:4424] key=concurrent_k_627, error=replica_not_ready
W1008 11:17:18.817900 192308 master_service.cpp:4424] key=concurrent_k_627, error=replica_not_ready
W1008 11:17:18.817914 192307 master_service.cpp:4424] key=concurrent_k_627, error=replica_not_ready
W1008 11:17:18.818830 192308 master_service.cpp:4424] key=concurrent_k_628, error=replica_not_ready
W1008 11:17:18.818830 192309 master_service.cpp:4424] key=concurrent_k_628, error=replica_not_ready
W1008 11:17:18.819013 192309 master_service.cpp:4424] key=concurrent_k_628, error=replica_not_ready
W1008 11:17:18.819847 192309 master_service.cpp:4424] key=concurrent_k_629, error=replica_not_ready
W1008 11:17:18.819890 192308 master_service.cpp:4424] key=concurrent_k_629, error=replica_not_ready
W1008 11:17:18.820186 192309 master_service.cpp:4424] key=concurrent_k_629, error=replica_not_ready
W1008 11:17:18.820515 192307 master_service.cpp:4424] key=concurrent_k_630, error=replica_not_ready
W1008 11:17:18.820552 192309 master_service.cpp:4424] key=concurrent_k_630, error=replica_not_ready
W1008 11:17:18.820979 192309 master_service.cpp:4424] key=concurrent_k_630, error=replica_not_ready
W1008 11:17:18.821403 192309 master_service.cpp:4424] key=concurrent_k_631, error=replica_not_ready
W1008 11:17:18.821461 192307 master_service.cpp:4424] key=concurrent_k_631, error=replica_not_ready
W1008 11:17:18.821527 192309 master_service.cpp:4424] key=concurrent_k_631, error=replica_not_ready
W1008 11:17:18.822429 192309 master_service.cpp:4424] key=concurrent_k_632, error=replica_not_ready
W1008 11:17:18.822453 192308 master_service.cpp:4424] key=concurrent_k_632, error=replica_not_ready
W1008 11:17:18.822887 192309 master_service.cpp:4424] key=concurrent_k_632, error=replica_not_ready
W1008 11:17:18.823112 192309 master_service.cpp:4424] key=concurrent_k_633, error=replica_not_ready
W1008 11:17:18.823282 192309 master_service.cpp:4424] key=concurrent_k_633, error=replica_not_ready
W1008 11:17:18.823966 192309 master_service.cpp:4424] key=concurrent_k_634, error=replica_not_ready
W1008 11:17:18.824060 192309 master_service.cpp:4424] key=concurrent_k_634, error=replica_not_ready
W1008 11:17:18.824093 192308 master_service.cpp:4424] key=concurrent_k_634, error=replica_not_ready
W1008 11:17:18.824971 192309 master_service.cpp:4424] key=concurrent_k_635, error=replica_not_ready
W1008 11:17:18.825004 192308 master_service.cpp:4424] key=concurrent_k_635, error=replica_not_ready
W1008 11:17:18.825636 192309 master_service.cpp:4424] key=concurrent_k_636, error=replica_not_ready
W1008 11:17:18.825730 192309 master_service.cpp:4424] key=concurrent_k_636, error=replica_not_ready
W1008 11:17:18.825863 192309 master_service.cpp:4424] key=concurrent_k_636, error=replica_not_ready
W1008 11:17:18.826529 192309 master_service.cpp:4424] key=concurrent_k_637, error=replica_not_ready
W1008 11:17:18.826539 192308 master_service.cpp:4424] key=concurrent_k_637, error=replica_not_ready
W1008 11:17:18.826756 192309 master_service.cpp:4424] key=concurrent_k_637, error=replica_not_ready
W1008 11:17:18.827538 192308 master_service.cpp:4424] key=concurrent_k_638, error=replica_not_ready
W1008 11:17:18.827553 192309 master_service.cpp:4424] key=concurrent_k_638, error=replica_not_ready
W1008 11:17:18.827565 192307 master_service.cpp:4424] key=concurrent_k_638, error=replica_not_ready
I1008 11:17:18.828302 192289 master_service.cpp:10619] [EVICT-TRIGGER] memory_ratio=0.919922 high_watermark=0.9 need_mem_eviction=0 eviction_ratio=0.05
W1008 11:17:18.828399 192308 master_service.cpp:4424] key=concurrent_k_639, error=replica_not_ready
W1008 11:17:18.828399 192309 master_service.cpp:4424] key=concurrent_k_639, error=replica_not_ready
W1008 11:17:18.828686 192309 master_service.cpp:4424] key=concurrent_k_639, error=replica_not_ready
W1008 11:17:18.829313 192309 master_service.cpp:4424] key=concurrent_k_640, error=replica_not_ready
W1008 11:17:18.829319 192308 master_service.cpp:4424] key=concurrent_k_640, error=replica_not_ready
W1008 11:17:18.829453 192309 master_service.cpp:4424] key=concurrent_k_640, error=replica_not_ready
W1008 11:17:18.830346 192308 master_service.cpp:4424] key=concurrent_k_641, error=replica_not_ready
W1008 11:17:18.830353 192309 master_service.cpp:4424] key=concurrent_k_641, error=replica_not_ready
W1008 11:17:18.830374 192307 master_service.cpp:4424] key=concurrent_k_641, error=replica_not_ready
W1008 11:17:18.831436 192308 master_service.cpp:4424] key=concurrent_k_642, error=replica_not_ready
I1008 11:17:18.831458 192289 master_service.cpp:12526] [EVICT-RESULT] evicted_count=33, eviction_base=471, actual_evict_ratio=0.0700637, target_evict_ratio=0.0699219
W1008 11:17:18.831436 192309 master_service.cpp:4424] key=concurrent_k_642, error=replica_not_ready
I1008 11:17:18.831522 192289 master_service.cpp:10630] [EVICT-DONE] BatchEvict execution completed.
W1008 11:17:18.831529 192307 master_service.cpp:4424] key=concurrent_k_642, error=replica_not_ready
W1008 11:17:18.832386 192309 master_service.cpp:4424] key=concurrent_k_643, error=replica_not_ready
W1008 11:17:18.832394 192308 master_service.cpp:4424] key=concurrent_k_643, error=replica_not_ready
W1008 11:17:18.832517 192309 master_service.cpp:4424] key=concurrent_k_643, error=replica_not_ready
W1008 11:17:18.833423 192309 master_service.cpp:4424] key=concurrent_k_644, error=replica_not_ready
W1008 11:17:18.833477 192308 master_service.cpp:4424] key=concurrent_k_644, error=replica_not_ready
W1008 11:17:18.833493 192307 master_service.cpp:4424] key=concurrent_k_644, error=replica_not_ready
W1008 11:17:18.834157 192309 master_service.cpp:4424] key=concurrent_k_645, error=replica_not_ready
W1008 11:17:18.834170 192308 master_service.cpp:4424] key=concurrent_k_645, error=replica_not_ready
W1008 11:17:18.834487 192309 master_service.cpp:4424] key=concurrent_k_645, error=replica_not_ready
W1008 11:17:18.835014 192309 master_service.cpp:4424] key=concurrent_k_646, error=replica_not_ready
W1008 11:17:18.835062 192308 master_service.cpp:4424] key=concurrent_k_646, error=replica_not_ready
W1008 11:17:18.835063 192307 master_service.cpp:4424] key=concurrent_k_646, error=replica_not_ready
W1008 11:17:18.835790 192309 master_service.cpp:4424] key=concurrent_k_647, error=replica_not_ready
W1008 11:17:18.835791 192308 master_service.cpp:4424] key=concurrent_k_647, error=replica_not_ready
W1008 11:17:18.836663 192308 master_service.cpp:4424] key=concurrent_k_648, error=replica_not_ready
W1008 11:17:18.836664 192309 master_service.cpp:4424] key=concurrent_k_648, error=replica_not_ready
W1008 11:17:18.836683 192307 master_service.cpp:4424] key=concurrent_k_648, error=replica_not_ready
W1008 11:17:18.837666 192308 master_service.cpp:4424] key=concurrent_k_649, error=replica_not_ready
W1008 11:17:18.837672 192307 master_service.cpp:4424] key=concurrent_k_649, error=replica_not_ready
W1008 11:17:18.837723 192309 master_service.cpp:4424] key=concurrent_k_649, error=replica_not_ready
W1008 11:17:18.838717 192309 master_service.cpp:4424] key=concurrent_k_650, error=replica_not_ready
W1008 11:17:18.838769 192307 master_service.cpp:4424] key=concurrent_k_650, error=replica_not_ready
W1008 11:17:18.838771 192308 master_service.cpp:4424] key=concurrent_k_650, error=replica_not_ready
W1008 11:17:18.839936 192307 master_service.cpp:4424] key=concurrent_k_651, error=replica_not_ready
W1008 11:17:18.840011 192309 master_service.cpp:4424] key=concurrent_k_651, error=replica_not_ready
W1008 11:17:18.840039 192308 master_service.cpp:4424] key=concurrent_k_651, error=replica_not_ready
W1008 11:17:18.840853 192308 master_service.cpp:4424] key=concurrent_k_652, error=replica_not_ready
W1008 11:17:18.840860 192309 master_service.cpp:4424] key=concurrent_k_652, error=replica_not_ready
W1008 11:17:18.841037 192309 master_service.cpp:4424] key=concurrent_k_652, error=replica_not_ready
W1008 11:17:18.841626 192309 master_service.cpp:4424] key=concurrent_k_653, error=replica_not_ready
W1008 11:17:18.841666 192308 master_service.cpp:4424] key=concurrent_k_653, error=replica_not_ready
W1008 11:17:18.842504 192309 master_service.cpp:4424] key=concurrent_k_654, error=replica_not_ready
W1008 11:17:18.842643 192309 master_service.cpp:4424] key=concurrent_k_654, error=replica_not_ready
W1008 11:17:18.842739 192308 master_service.cpp:4424] key=concurrent_k_654, error=replica_not_ready
W1008 11:17:18.843513 192309 master_service.cpp:4424] key=concurrent_k_655, error=replica_not_ready
W1008 11:17:18.843525 192308 master_service.cpp:4424] key=concurrent_k_655, error=replica_not_ready
W1008 11:17:18.843600 192307 master_service.cpp:4424] key=concurrent_k_655, error=replica_not_ready
W1008 11:17:18.844492 192309 master_service.cpp:4424] key=concurrent_k_656, error=replica_not_ready
W1008 11:17:18.844512 192307 master_service.cpp:4424] key=concurrent_k_656, error=replica_not_ready
W1008 11:17:18.844503 192308 master_service.cpp:4424] key=concurrent_k_656, error=replica_not_ready
W1008 11:17:18.845635 192309 master_service.cpp:4424] key=concurrent_k_657, error=replica_not_ready
W1008 11:17:18.845654 192308 master_service.cpp:4424] key=concurrent_k_657, error=replica_not_ready
W1008 11:17:18.845685 192307 master_service.cpp:4424] key=concurrent_k_657, error=replica_not_ready
W1008 11:17:18.846796 192309 master_service.cpp:4424] key=concurrent_k_658, error=replica_not_ready
W1008 11:17:18.846800 192308 master_service.cpp:4424] key=concurrent_k_658, error=replica_not_ready
W1008 11:17:18.846834 192306 master_service.cpp:4424] key=concurrent_k_658, error=replica_not_ready
W1008 11:17:18.847966 192309 master_service.cpp:4424] key=concurrent_k_659, error=replica_not_ready
W1008 11:17:18.847978 192308 master_service.cpp:4424] key=concurrent_k_659, error=replica_not_ready
W1008 11:17:18.847980 192307 master_service.cpp:4424] key=concurrent_k_659, error=replica_not_ready
W1008 11:17:18.849134 192309 master_service.cpp:4424] key=concurrent_k_660, error=replica_not_ready
W1008 11:17:18.849138 192308 master_service.cpp:4424] key=concurrent_k_660, error=replica_not_ready
W1008 11:17:18.849143 192307 master_service.cpp:4424] key=concurrent_k_660, error=replica_not_ready
W1008 11:17:18.850260 192309 master_service.cpp:4424] key=concurrent_k_661, error=replica_not_ready
W1008 11:17:18.850281 192307 master_service.cpp:4424] key=concurrent_k_661, error=replica_not_ready
W1008 11:17:18.850273 192308 master_service.cpp:4424] key=concurrent_k_661, error=replica_not_ready
W1008 11:17:18.851356 192309 master_service.cpp:4424] key=concurrent_k_662, error=replica_not_ready
W1008 11:17:18.851372 192308 master_service.cpp:4424] key=concurrent_k_662, error=replica_not_ready
W1008 11:17:18.851454 192306 master_service.cpp:4424] key=concurrent_k_662, error=replica_not_ready
I1008 11:17:18.851655 192289 master_service.cpp:10619] [EVICT-TRIGGER] memory_ratio=0.900391 high_watermark=0.9 need_mem_eviction=0 eviction_ratio=0.05
W1008 11:17:18.852427 192309 master_service.cpp:4424] key=concurrent_k_663, error=replica_not_ready
W1008 11:17:18.852454 192308 master_service.cpp:4424] key=concurrent_k_663, error=replica_not_ready
W1008 11:17:18.852579 192309 master_service.cpp:4424] key=concurrent_k_663, error=replica_not_ready
W1008 11:17:18.853330 192308 master_service.cpp:4424] key=concurrent_k_664, error=replica_not_ready
W1008 11:17:18.853330 192309 master_service.cpp:4424] key=concurrent_k_664, error=replica_not_ready
W1008 11:17:18.854431 192309 master_service.cpp:4424] key=concurrent_k_665, error=replica_not_ready
W1008 11:17:18.854437 192308 master_service.cpp:4424] key=concurrent_k_665, error=replica_not_ready
W1008 11:17:18.854444 192307 master_service.cpp:4424] key=concurrent_k_665, error=replica_not_ready
I1008 11:17:18.854727 192289 master_service.cpp:12526] [EVICT-RESULT] evicted_count=24, eviction_base=460, actual_evict_ratio=0.0521739, target_evict_ratio=0.0503906
I1008 11:17:18.854784 192289 master_service.cpp:10630] [EVICT-DONE] BatchEvict execution completed.
W1008 11:17:18.855492 192308 master_service.cpp:4424] key=concurrent_k_666, error=replica_not_ready
W1008 11:17:18.855495 192309 master_service.cpp:4424] key=concurrent_k_666, error=replica_not_ready
W1008 11:17:18.855515 192307 master_service.cpp:4424] key=concurrent_k_666, error=replica_not_ready
W1008 11:17:18.856570 192309 master_service.cpp:4424] key=concurrent_k_667, error=replica_not_ready
W1008 11:17:18.856577 192308 master_service.cpp:4424] key=concurrent_k_667, error=replica_not_ready
W1008 11:17:18.856599 192307 master_service.cpp:4424] key=concurrent_k_667, error=replica_not_ready
W1008 11:17:18.857635 192309 master_service.cpp:4424] key=concurrent_k_668, error=replica_not_ready
W1008 11:17:18.857676 192306 master_service.cpp:4424] key=concurrent_k_668, error=replica_not_ready
W1008 11:17:18.857653 192308 master_service.cpp:4424] key=concurrent_k_668, error=replica_not_ready
W1008 11:17:18.858392 192309 master_service.cpp:4424] key=concurrent_k_669, error=replica_not_ready
W1008 11:17:18.858417 192308 master_service.cpp:4424] key=concurrent_k_669, error=replica_not_ready
W1008 11:17:18.859266 192308 master_service.cpp:4424] key=concurrent_k_670, error=replica_not_ready
W1008 11:17:18.859386 192309 master_service.cpp:4424] key=concurrent_k_670, error=replica_not_ready
W1008 11:17:18.859616 192309 master_service.cpp:4424] key=concurrent_k_670, error=replica_not_ready
W1008 11:17:18.860117 192308 master_service.cpp:4424] key=concurrent_k_671, error=replica_not_ready
W1008 11:17:18.860250 192309 master_service.cpp:4424] key=concurrent_k_671, error=replica_not_ready
W1008 11:17:18.860939 192308 master_service.cpp:4424] key=concurrent_k_672, error=replica_not_ready
W1008 11:17:18.861167 192309 master_service.cpp:4424] key=concurrent_k_672, error=replica_not_ready
W1008 11:17:18.861236 192308 master_service.cpp:4424] key=concurrent_k_672, error=replica_not_ready
W1008 11:17:18.861829 192308 master_service.cpp:4424] key=concurrent_k_673, error=replica_not_ready
W1008 11:17:18.861840 192307 master_service.cpp:4424] key=concurrent_k_673, error=replica_not_ready
W1008 11:17:18.862308 192309 master_service.cpp:4424] key=concurrent_k_673, error=replica_not_ready
W1008 11:17:18.862779 192309 master_service.cpp:4424] key=concurrent_k_674, error=replica_not_ready
W1008 11:17:18.862989 192309 master_service.cpp:4424] key=concurrent_k_674, error=replica_not_ready
W1008 11:17:18.863001 192308 master_service.cpp:4424] key=concurrent_k_674, error=replica_not_ready
W1008 11:17:18.863711 192309 master_service.cpp:4424] key=concurrent_k_675, error=replica_not_ready
W1008 11:17:18.863747 192308 master_service.cpp:4424] key=concurrent_k_675, error=replica_not_ready
W1008 11:17:18.864310 192309 master_service.cpp:4424] key=concurrent_k_675, error=replica_not_ready
W1008 11:17:18.864775 192309 master_service.cpp:4424] key=concurrent_k_676, error=replica_not_ready
W1008 11:17:18.864996 192309 master_service.cpp:4424] key=concurrent_k_676, error=replica_not_ready
W1008 11:17:18.865159 192309 master_service.cpp:4424] key=concurrent_k_676, error=replica_not_ready
W1008 11:17:18.865689 192309 master_service.cpp:4424] key=concurrent_k_677, error=replica_not_ready
W1008 11:17:18.865694 192308 master_service.cpp:4424] key=concurrent_k_677, error=replica_not_ready
W1008 11:17:18.865694 192307 master_service.cpp:4424] key=concurrent_k_677, error=replica_not_ready
W1008 11:17:18.866875 192308 master_service.cpp:4424] key=concurrent_k_678, error=replica_not_ready
W1008 11:17:18.866881 192309 master_service.cpp:4424] key=concurrent_k_678, error=replica_not_ready
W1008 11:17:18.867116 192309 master_service.cpp:4424] key=concurrent_k_678, error=replica_not_ready
W1008 11:17:18.867774 192309 master_service.cpp:4424] key=concurrent_k_679, error=replica_not_ready
W1008 11:17:18.867789 192307 master_service.cpp:4424] key=concurrent_k_679, error=replica_not_ready
W1008 11:17:18.867782 192308 master_service.cpp:4424] key=concurrent_k_679, error=replica_not_ready
W1008 11:17:18.868847 192309 master_service.cpp:4424] key=concurrent_k_680, error=replica_not_ready
W1008 11:17:18.868850 192308 master_service.cpp:4424] key=concurrent_k_680, error=replica_not_ready
W1008 11:17:18.868861 192307 master_service.cpp:4424] key=concurrent_k_680, error=replica_not_ready
W1008 11:17:18.869688 192309 master_service.cpp:4424] key=concurrent_k_681, error=replica_not_ready
W1008 11:17:18.869697 192308 master_service.cpp:4424] key=concurrent_k_681, error=replica_not_ready
W1008 11:17:18.869699 192307 master_service.cpp:4424] key=concurrent_k_681, error=replica_not_ready
W1008 11:17:18.870796 192308 master_service.cpp:4424] key=concurrent_k_682, error=replica_not_ready
W1008 11:17:18.870810 192307 master_service.cpp:4424] key=concurrent_k_682, error=replica_not_ready
W1008 11:17:18.870800 192309 master_service.cpp:4424] key=concurrent_k_682, error=replica_not_ready
W1008 11:17:18.871665 192309 master_service.cpp:4424] key=concurrent_k_683, error=replica_not_ready
W1008 11:17:18.871670 192308 master_service.cpp:4424] key=concurrent_k_683, error=replica_not_ready
W1008 11:17:18.871840 192309 master_service.cpp:4424] key=concurrent_k_683, error=replica_not_ready
W1008 11:17:18.872582 192309 master_service.cpp:4424] key=concurrent_k_684, error=replica_not_ready
W1008 11:17:18.872605 192308 master_service.cpp:4424] key=concurrent_k_684, error=replica_not_ready
W1008 11:17:18.873931 192309 master_service.cpp:4424] key=concurrent_k_685, error=replica_not_ready
W1008 11:17:18.873948 192307 master_service.cpp:4424] key=concurrent_k_685, error=replica_not_ready
W1008 11:17:18.873934 192308 master_service.cpp:4424] key=concurrent_k_685, error=replica_not_ready
W1008 11:17:18.875067 192309 master_service.cpp:4424] key=concurrent_k_686, error=replica_not_ready
W1008 11:17:18.875093 192308 master_service.cpp:4424] key=concurrent_k_686, error=replica_not_ready
W1008 11:17:18.875108 192307 master_service.cpp:4424] key=concurrent_k_686, error=replica_not_ready
W1008 11:17:18.876398 192309 master_service.cpp:4424] key=concurrent_k_687, error=replica_not_ready
W1008 11:17:18.876420 192308 master_service.cpp:4424] key=concurrent_k_687, error=replica_not_ready
W1008 11:17:18.876650 192309 master_service.cpp:4424] key=concurrent_k_687, error=replica_not_ready
W1008 11:17:18.877575 192309 master_service.cpp:4424] key=concurrent_k_688, error=replica_not_ready
W1008 11:17:18.877591 192307 master_service.cpp:4424] key=concurrent_k_688, error=replica_not_ready
W1008 11:17:18.877591 192308 master_service.cpp:4424] key=concurrent_k_688, error=replica_not_ready
W1008 11:17:18.878639 192308 master_service.cpp:4424] key=concurrent_k_689, error=replica_not_ready
W1008 11:17:18.878648 192307 master_service.cpp:4424] key=concurrent_k_689, error=replica_not_ready
W1008 11:17:18.878643 192309 master_service.cpp:4424] key=concurrent_k_689, error=replica_not_ready
W1008 11:17:18.879869 192309 master_service.cpp:4424] key=concurrent_k_690, error=replica_not_ready
W1008 11:17:18.879889 192307 master_service.cpp:4424] key=concurrent_k_690, error=replica_not_ready
W1008 11:17:18.879880 192308 master_service.cpp:4424] key=concurrent_k_690, error=replica_not_ready
W1008 11:17:18.881049 192309 master_service.cpp:4424] key=concurrent_k_691, error=replica_not_ready
W1008 11:17:18.881067 192307 master_service.cpp:4424] key=concurrent_k_691, error=replica_not_ready
W1008 11:17:18.881052 192308 master_service.cpp:4424] key=concurrent_k_691, error=replica_not_ready
W1008 11:17:18.882074 192309 master_service.cpp:4424] key=concurrent_k_692, error=replica_not_ready
W1008 11:17:18.882091 192307 master_service.cpp:4424] key=concurrent_k_692, error=replica_not_ready
W1008 11:17:18.882083 192308 master_service.cpp:4424] key=concurrent_k_692, error=replica_not_ready
W1008 11:17:18.882970 192309 master_service.cpp:4424] key=concurrent_k_693, error=replica_not_ready
W1008 11:17:18.882992 192308 master_service.cpp:4424] key=concurrent_k_693, error=replica_not_ready
W1008 11:17:18.882997 192307 master_service.cpp:4424] key=concurrent_k_693, error=replica_not_ready
W1008 11:17:18.884210 192309 master_service.cpp:4424] key=concurrent_k_694, error=replica_not_ready
W1008 11:17:18.884217 192308 master_service.cpp:4424] key=concurrent_k_694, error=replica_not_ready
W1008 11:17:18.884222 192307 master_service.cpp:4424] key=concurrent_k_694, error=replica_not_ready
I1008 11:17:18.884960 192289 master_service.cpp:10619] [EVICT-TRIGGER] memory_ratio=0.916016 high_watermark=0.9 need_mem_eviction=0 eviction_ratio=0.05
W1008 11:17:18.885272 192309 master_service.cpp:4424] key=concurrent_k_695, error=replica_not_ready
W1008 11:17:18.885288 192307 master_service.cpp:4424] key=concurrent_k_695, error=replica_not_ready
W1008 11:17:18.885279 192308 master_service.cpp:4424] key=concurrent_k_695, error=replica_not_ready
W1008 11:17:18.886503 192309 master_service.cpp:4424] key=concurrent_k_696, error=replica_not_ready
W1008 11:17:18.886507 192308 master_service.cpp:4424] key=concurrent_k_696, error=replica_not_ready
W1008 11:17:18.886518 192307 master_service.cpp:4424] key=concurrent_k_696, error=replica_not_ready
W1008 11:17:18.887621 192309 master_service.cpp:4424] key=concurrent_k_697, error=replica_not_ready
W1008 11:17:18.887640 192307 master_service.cpp:4424] key=concurrent_k_697, error=replica_not_ready
W1008 11:17:18.887647 192306 master_service.cpp:4424] key=concurrent_k_697, error=replica_not_ready
I1008 11:17:18.888037 192289 master_service.cpp:12526] [EVICT-RESULT] evicted_count=31, eviction_base=469, actual_evict_ratio=0.0660981, target_evict_ratio=0.0660156
I1008 11:17:18.888089 192289 master_service.cpp:10630] [EVICT-DONE] BatchEvict execution completed.
W1008 11:17:18.888664 192309 master_service.cpp:4424] key=concurrent_k_698, error=replica_not_ready
W1008 11:17:18.888667 192308 master_service.cpp:4424] key=concurrent_k_698, error=replica_not_ready
W1008 11:17:18.888819 192309 master_service.cpp:4424] key=concurrent_k_698, error=replica_not_ready
W1008 11:17:18.889673 192308 master_service.cpp:4424] key=concurrent_k_699, error=replica_not_ready
W1008 11:17:18.889675 192309 master_service.cpp:4424] key=concurrent_k_699, error=replica_not_ready
W1008 11:17:18.890228 192308 master_service.cpp:4424] key=concurrent_k_699, error=replica_not_ready
W1008 11:17:18.890578 192309 master_service.cpp:4424] key=concurrent_k_700, error=replica_not_ready
W1008 11:17:18.890870 192309 master_service.cpp:4424] key=concurrent_k_700, error=replica_not_ready
W1008 11:17:18.890928 192308 master_service.cpp:4424] key=concurrent_k_700, error=replica_not_ready
W1008 11:17:18.891501 192308 master_service.cpp:4424] key=concurrent_k_701, error=replica_not_ready
W1008 11:17:18.891510 192309 master_service.cpp:4424] key=concurrent_k_701, error=replica_not_ready
W1008 11:17:18.892125 192308 master_service.cpp:4424] key=concurrent_k_701, error=replica_not_ready
W1008 11:17:18.892329 192308 master_service.cpp:4424] key=concurrent_k_702, error=replica_not_ready
W1008 11:17:18.892777 192309 master_service.cpp:4424] key=concurrent_k_702, error=replica_not_ready
W1008 11:17:18.892812 192308 master_service.cpp:4424] key=concurrent_k_702, error=replica_not_ready
W1008 11:17:18.893452 192309 master_service.cpp:4424] key=concurrent_k_703, error=replica_not_ready
W1008 11:17:18.893460 192308 master_service.cpp:4424] key=concurrent_k_703, error=replica_not_ready
W1008 11:17:18.893652 192309 master_service.cpp:4424] key=concurrent_k_703, error=replica_not_ready
W1008 11:17:18.894455 192309 master_service.cpp:4424] key=concurrent_k_704, error=replica_not_ready
W1008 11:17:18.894467 192308 master_service.cpp:4424] key=concurrent_k_704, error=replica_not_ready
W1008 11:17:18.894743 192309 master_service.cpp:4424] key=concurrent_k_704, error=replica_not_ready
W1008 11:17:18.895502 192308 master_service.cpp:4424] key=concurrent_k_705, error=replica_not_ready
W1008 11:17:18.895507 192309 master_service.cpp:4424] key=concurrent_k_705, error=replica_not_ready
W1008 11:17:18.895653 192308 master_service.cpp:4424] key=concurrent_k_705, error=replica_not_ready
W1008 11:17:18.896665 192308 master_service.cpp:4424] key=concurrent_k_706, error=replica_not_ready
W1008 11:17:18.896667 192309 master_service.cpp:4424] key=concurrent_k_706, error=replica_not_ready
W1008 11:17:18.896965 192309 master_service.cpp:4424] key=concurrent_k_706, error=replica_not_ready
W1008 11:17:18.897660 192309 master_service.cpp:4424] key=concurrent_k_707, error=replica_not_ready
W1008 11:17:18.897712 192308 master_service.cpp:4424] key=concurrent_k_707, error=replica_not_ready
W1008 11:17:18.897830 192308 master_service.cpp:4424] key=concurrent_k_707, error=replica_not_ready
W1008 11:17:18.898813 192309 master_service.cpp:4424] key=concurrent_k_708, error=replica_not_ready
W1008 11:17:18.898834 192308 master_service.cpp:4424] key=concurrent_k_708, error=replica_not_ready
W1008 11:17:18.899181 192309 master_service.cpp:4424] key=concurrent_k_708, error=replica_not_ready
W1008 11:17:18.900174 192309 master_service.cpp:4424] key=concurrent_k_709, error=replica_not_ready
W1008 11:17:18.900188 192307 master_service.cpp:4424] key=concurrent_k_709, error=replica_not_ready
W1008 11:17:18.900179 192308 master_service.cpp:4424] key=concurrent_k_709, error=replica_not_ready
W1008 11:17:18.901372 192308 master_service.cpp:4424] key=concurrent_k_710, error=replica_not_ready
W1008 11:17:18.901387 192309 master_service.cpp:4424] key=concurrent_k_710, error=replica_not_ready
W1008 11:17:18.901407 192307 master_service.cpp:4424] key=concurrent_k_710, error=replica_not_ready
W1008 11:17:18.902240 192308 master_service.cpp:4424] key=concurrent_k_711, error=replica_not_ready
W1008 11:17:18.902266 192307 master_service.cpp:4424] key=concurrent_k_711, error=replica_not_ready
W1008 11:17:18.903143 192308 master_service.cpp:4424] key=concurrent_k_712, error=replica_not_ready
W1008 11:17:18.903178 192309 master_service.cpp:4424] key=concurrent_k_712, error=replica_not_ready
W1008 11:17:18.903577 192309 master_service.cpp:4424] key=concurrent_k_712, error=replica_not_ready
W1008 11:17:18.904198 192309 master_service.cpp:4424] key=concurrent_k_713, error=replica_not_ready
W1008 11:17:18.904245 192308 master_service.cpp:4424] key=concurrent_k_713, error=replica_not_ready
W1008 11:17:18.905403 192309 master_service.cpp:4424] key=concurrent_k_714, error=replica_not_ready
W1008 11:17:18.905414 192308 master_service.cpp:4424] key=concurrent_k_714, error=replica_not_ready
W1008 11:17:18.905426 192307 master_service.cpp:4424] key=concurrent_k_714, error=replica_not_ready
W1008 11:17:18.906311 192308 master_service.cpp:4424] key=concurrent_k_715, error=replica_not_ready
W1008 11:17:18.906314 192309 master_service.cpp:4424] key=concurrent_k_715, error=replica_not_ready
W1008 11:17:18.906328 192307 master_service.cpp:4424] key=concurrent_k_715, error=replica_not_ready
W1008 11:17:18.907270 192309 master_service.cpp:4424] key=concurrent_k_716, error=replica_not_ready
W1008 11:17:18.907289 192308 master_service.cpp:4424] key=concurrent_k_716, error=replica_not_ready
W1008 11:17:18.908608 192308 master_service.cpp:4424] key=concurrent_k_717, error=replica_not_ready
W1008 11:17:18.908613 192307 master_service.cpp:4424] key=concurrent_k_717, error=replica_not_ready
W1008 11:17:18.908609 192309 master_service.cpp:4424] key=concurrent_k_717, error=replica_not_ready
W1008 11:17:18.909801 192309 master_service.cpp:4424] key=concurrent_k_718, error=replica_not_ready
W1008 11:17:18.909821 192307 master_service.cpp:4424] key=concurrent_k_718, error=replica_not_ready
W1008 11:17:18.909804 192308 master_service.cpp:4424] key=concurrent_k_718, error=replica_not_ready
W1008 11:17:18.911136 192309 master_service.cpp:4424] key=concurrent_k_719, error=replica_not_ready
W1008 11:17:18.911151 192308 master_service.cpp:4424] key=concurrent_k_719, error=replica_not_ready
W1008 11:17:18.911157 192307 master_service.cpp:4424] key=concurrent_k_719, error=replica_not_ready
W1008 11:17:18.912032 192308 master_service.cpp:4424] key=concurrent_k_720, error=replica_not_ready
W1008 11:17:18.912038 192309 master_service.cpp:4424] key=concurrent_k_720, error=replica_not_ready
W1008 11:17:18.912050 192307 master_service.cpp:4424] key=concurrent_k_720, error=replica_not_ready
W1008 11:17:18.912900 192309 master_service.cpp:4424] key=concurrent_k_721, error=replica_not_ready
W1008 11:17:18.912909 192307 master_service.cpp:4424] key=concurrent_k_721, error=replica_not_ready
W1008 11:17:18.914170 192309 master_service.cpp:4424] key=concurrent_k_722, error=replica_not_ready
W1008 11:17:18.914176 192307 master_service.cpp:4424] key=concurrent_k_722, error=replica_not_ready
W1008 11:17:18.914178 192308 master_service.cpp:4424] key=concurrent_k_722, error=replica_not_ready
W1008 11:17:18.915083 192309 master_service.cpp:4424] key=concurrent_k_723, error=replica_not_ready
W1008 11:17:18.915088 192308 master_service.cpp:4424] key=concurrent_k_723, error=replica_not_ready
W1008 11:17:18.915130 192307 master_service.cpp:4424] key=concurrent_k_723, error=replica_not_ready
W1008 11:17:18.916319 192309 master_service.cpp:4424] key=concurrent_k_724, error=replica_not_ready
W1008 11:17:18.916337 192308 master_service.cpp:4424] key=concurrent_k_724, error=replica_not_ready
W1008 11:17:18.916613 192309 master_service.cpp:4424] key=concurrent_k_724, error=replica_not_ready
W1008 11:17:18.917478 192309 master_service.cpp:4424] key=concurrent_k_725, error=replica_not_ready
W1008 11:17:18.917487 192308 master_service.cpp:4424] key=concurrent_k_725, error=replica_not_ready
W1008 11:17:18.917515 192307 master_service.cpp:4424] key=concurrent_k_725, error=replica_not_ready
I1008 11:17:18.918263 192289 master_service.cpp:10619] [EVICT-TRIGGER] memory_ratio=0.916016 high_watermark=0.9 need_mem_eviction=0 eviction_ratio=0.05
W1008 11:17:18.918672 192309 master_service.cpp:4424] key=concurrent_k_726, error=replica_not_ready
W1008 11:17:18.918702 192308 master_service.cpp:4424] key=concurrent_k_726, error=replica_not_ready
W1008 11:17:18.918723 192307 master_service.cpp:4424] key=concurrent_k_726, error=replica_not_ready
W1008 11:17:18.919971 192309 master_service.cpp:4424] key=concurrent_k_727, error=replica_not_ready
W1008 11:17:18.919977 192308 master_service.cpp:4424] key=concurrent_k_727, error=replica_not_ready
W1008 11:17:18.919981 192307 master_service.cpp:4424] key=concurrent_k_727, error=replica_not_ready
W1008 11:17:18.921109 192307 master_service.cpp:4424] key=concurrent_k_728, error=replica_not_ready
W1008 11:17:18.921114 192308 master_service.cpp:4424] key=concurrent_k_728, error=replica_not_ready
W1008 11:17:18.921144 192306 master_service.cpp:4424] key=concurrent_k_728, error=replica_not_ready
I1008 11:17:18.921367 192289 master_service.cpp:12526] [EVICT-RESULT] evicted_count=32, eviction_base=470, actual_evict_ratio=0.0680851, target_evict_ratio=0.0660156
I1008 11:17:18.921418 192289 master_service.cpp:10630] [EVICT-DONE] BatchEvict execution completed.
W1008 11:17:18.922291 192309 master_service.cpp:4424] key=concurrent_k_729, error=replica_not_ready
W1008 11:17:18.922303 192308 master_service.cpp:4424] key=concurrent_k_729, error=replica_not_ready
W1008 11:17:18.922621 192309 master_service.cpp:4424] key=concurrent_k_729, error=replica_not_ready
W1008 11:17:18.923607 192309 master_service.cpp:4424] key=concurrent_k_730, error=replica_not_ready
W1008 11:17:18.923617 192307 master_service.cpp:4424] key=concurrent_k_730, error=replica_not_ready
W1008 11:17:18.923616 192308 master_service.cpp:4424] key=concurrent_k_730, error=replica_not_ready
W1008 11:17:18.924772 192309 master_service.cpp:4424] key=concurrent_k_731, error=replica_not_ready
W1008 11:17:18.924780 192307 master_service.cpp:4424] key=concurrent_k_731, error=replica_not_ready
W1008 11:17:18.924904 192309 master_service.cpp:4424] key=concurrent_k_731, error=replica_not_ready
W1008 11:17:18.925776 192309 master_service.cpp:4424] key=concurrent_k_732, error=replica_not_ready
W1008 11:17:18.925797 192308 master_service.cpp:4424] key=concurrent_k_732, error=replica_not_ready
W1008 11:17:18.926721 192309 master_service.cpp:4424] key=concurrent_k_733, error=replica_not_ready
W1008 11:17:18.926990 192309 master_service.cpp:4424] key=concurrent_k_733, error=replica_not_ready
W1008 11:17:18.927035 192308 master_service.cpp:4424] key=concurrent_k_733, error=replica_not_ready
W1008 11:17:18.927624 192309 master_service.cpp:4424] key=concurrent_k_734, error=replica_not_ready
W1008 11:17:18.927690 192308 master_service.cpp:4424] key=concurrent_k_734, error=replica_not_ready
W1008 11:17:18.928139 192309 master_service.cpp:4424] key=concurrent_k_734, error=replica_not_ready
W1008 11:17:18.928514 192309 master_service.cpp:4424] key=concurrent_k_735, error=replica_not_ready
W1008 11:17:18.928824 192309 master_service.cpp:4424] key=concurrent_k_735, error=replica_not_ready
W1008 11:17:18.929548 192309 master_service.cpp:4424] key=concurrent_k_736, error=replica_not_ready
W1008 11:17:18.929553 192308 master_service.cpp:4424] key=concurrent_k_736, error=replica_not_ready
W1008 11:17:18.929680 192309 master_service.cpp:4424] key=concurrent_k_736, error=replica_not_ready
W1008 11:17:18.930583 192309 master_service.cpp:4424] key=concurrent_k_737, error=replica_not_ready
W1008 11:17:18.930588 192308 master_service.cpp:4424] key=concurrent_k_737, error=replica_not_ready
W1008 11:17:18.930922 192309 master_service.cpp:4424] key=concurrent_k_737, error=replica_not_ready
W1008 11:17:18.931545 192309 master_service.cpp:4424] key=concurrent_k_738, error=replica_not_ready
W1008 11:17:18.931663 192309 master_service.cpp:4424] key=concurrent_k_738, error=replica_not_ready
W1008 11:17:18.931759 192309 master_service.cpp:4424] key=concurrent_k_738, error=replica_not_ready
W1008 11:17:18.932418 192309 master_service.cpp:4424] key=concurrent_k_739, error=replica_not_ready
W1008 11:17:18.932442 192308 master_service.cpp:4424] key=concurrent_k_739, error=replica_not_ready
W1008 11:17:18.933450 192309 master_service.cpp:4424] key=concurrent_k_740, error=replica_not_ready
W1008 11:17:18.933554 192309 master_service.cpp:4424] key=concurrent_k_740, error=replica_not_ready
W1008 11:17:18.933655 192308 master_service.cpp:4424] key=concurrent_k_740, error=replica_not_ready
W1008 11:17:18.934587 192309 master_service.cpp:4424] key=concurrent_k_741, error=replica_not_ready
W1008 11:17:18.934599 192308 master_service.cpp:4424] key=concurrent_k_741, error=replica_not_ready
W1008 11:17:18.934978 192309 master_service.cpp:4424] key=concurrent_k_741, error=replica_not_ready
W1008 11:17:18.935770 192309 master_service.cpp:4424] key=concurrent_k_742, error=replica_not_ready
W1008 11:17:18.935794 192307 master_service.cpp:4424] key=concurrent_k_742, error=replica_not_ready
W1008 11:17:18.935809 192306 master_service.cpp:4424] key=concurrent_k_742, error=replica_not_ready
W1008 11:17:18.936888 192309 master_service.cpp:4424] key=concurrent_k_743, error=replica_not_ready
W1008 11:17:18.936911 192308 master_service.cpp:4424] key=concurrent_k_743, error=replica_not_ready
W1008 11:17:18.937845 192309 master_service.cpp:4424] key=concurrent_k_744, error=replica_not_ready
W1008 11:17:18.938081 192309 master_service.cpp:4424] key=concurrent_k_744, error=replica_not_ready
W1008 11:17:18.938143 192307 master_service.cpp:4424] key=concurrent_k_744, error=replica_not_ready
W1008 11:17:18.938956 192309 master_service.cpp:4424] key=concurrent_k_745, error=replica_not_ready
W1008 11:17:18.938967 192308 master_service.cpp:4424] key=concurrent_k_745, error=replica_not_ready
W1008 11:17:18.940141 192309 master_service.cpp:4424] key=concurrent_k_746, error=replica_not_ready
W1008 11:17:18.940155 192308 master_service.cpp:4424] key=concurrent_k_746, error=replica_not_ready
W1008 11:17:18.940153 192307 master_service.cpp:4424] key=concurrent_k_746, error=replica_not_ready
W1008 11:17:18.941295 192309 master_service.cpp:4424] key=concurrent_k_747, error=replica_not_ready
W1008 11:17:18.941313 192307 master_service.cpp:4424] key=concurrent_k_747, error=replica_not_ready
W1008 11:17:18.941298 192308 master_service.cpp:4424] key=concurrent_k_747, error=replica_not_ready
W1008 11:17:18.942220 192308 master_service.cpp:4424] key=concurrent_k_748, error=replica_not_ready
W1008 11:17:18.942226 192309 master_service.cpp:4424] key=concurrent_k_748, error=replica_not_ready
W1008 11:17:18.942237 192307 master_service.cpp:4424] key=concurrent_k_748, error=replica_not_ready
W1008 11:17:18.943416 192309 master_service.cpp:4424] key=concurrent_k_749, error=replica_not_ready
W1008 11:17:18.943434 192308 master_service.cpp:4424] key=concurrent_k_749, error=replica_not_ready
W1008 11:17:18.943733 192309 master_service.cpp:4424] key=concurrent_k_749, error=replica_not_ready
W1008 11:17:18.944851 192309 master_service.cpp:4424] key=concurrent_k_750, error=replica_not_ready
W1008 11:17:18.944859 192307 master_service.cpp:4424] key=concurrent_k_750, error=replica_not_ready
W1008 11:17:18.944859 192308 master_service.cpp:4424] key=concurrent_k_750, error=replica_not_ready
W1008 11:17:18.946065 192309 master_service.cpp:4424] key=concurrent_k_751, error=replica_not_ready
W1008 11:17:18.946069 192308 master_service.cpp:4424] key=concurrent_k_751, error=replica_not_ready
W1008 11:17:18.946072 192307 master_service.cpp:4424] key=concurrent_k_751, error=replica_not_ready
W1008 11:17:18.947393 192309 master_service.cpp:4424] key=concurrent_k_752, error=replica_not_ready
W1008 11:17:18.947399 192308 master_service.cpp:4424] key=concurrent_k_752, error=replica_not_ready
W1008 11:17:18.947410 192307 master_service.cpp:4424] key=concurrent_k_752, error=replica_not_ready
W1008 11:17:18.948724 192309 master_service.cpp:4424] key=concurrent_k_753, error=replica_not_ready
W1008 11:17:18.948727 192308 master_service.cpp:4424] key=concurrent_k_753, error=replica_not_ready
W1008 11:17:18.948731 192307 master_service.cpp:4424] key=concurrent_k_753, error=replica_not_ready
W1008 11:17:18.949923 192309 master_service.cpp:4424] key=concurrent_k_754, error=replica_not_ready
W1008 11:17:18.949931 192307 master_service.cpp:4424] key=concurrent_k_754, error=replica_not_ready
W1008 11:17:18.949931 192308 master_service.cpp:4424] key=concurrent_k_754, error=replica_not_ready
W1008 11:17:18.951159 192307 master_service.cpp:4424] key=concurrent_k_755, error=replica_not_ready
W1008 11:17:18.951159 192309 master_service.cpp:4424] key=concurrent_k_755, error=replica_not_ready
W1008 11:17:18.951159 192308 master_service.cpp:4424] key=concurrent_k_755, error=replica_not_ready
I1008 11:17:18.951591 192289 master_service.cpp:10619] [EVICT-TRIGGER] memory_ratio=0.912109 high_watermark=0.9 need_mem_eviction=0 eviction_ratio=0.05
W1008 11:17:18.952324 192308 master_service.cpp:4424] key=concurrent_k_756, error=replica_not_ready
W1008 11:17:18.952338 192306 master_service.cpp:4424] key=concurrent_k_756, error=replica_not_ready
W1008 11:17:18.952334 192307 master_service.cpp:4424] key=concurrent_k_756, error=replica_not_ready
W1008 11:17:18.953642 192308 master_service.cpp:4424] key=concurrent_k_757, error=replica_not_ready
W1008 11:17:18.953652 192307 master_service.cpp:4424] key=concurrent_k_757, error=replica_not_ready
W1008 11:17:18.953646 192309 master_service.cpp:4424] key=concurrent_k_757, error=replica_not_ready
I1008 11:17:18.954677 192289 master_service.cpp:12526] [EVICT-RESULT] evicted_count=30, eviction_base=467, actual_evict_ratio=0.0642398, target_evict_ratio=0.0621094
I1008 11:17:18.954742 192289 master_service.cpp:10630] [EVICT-DONE] BatchEvict execution completed.
W1008 11:17:18.954754 192309 master_service.cpp:4424] key=concurrent_k_758, error=replica_not_ready
W1008 11:17:18.954756 192308 master_service.cpp:4424] key=concurrent_k_758, error=replica_not_ready
W1008 11:17:18.954759 192307 master_service.cpp:4424] key=concurrent_k_758, error=replica_not_ready
W1008 11:17:18.955971 192309 master_service.cpp:4424] key=concurrent_k_759, error=replica_not_ready
W1008 11:17:18.955981 192308 master_service.cpp:4424] key=concurrent_k_759, error=replica_not_ready
W1008 11:17:18.955986 192307 master_service.cpp:4424] key=concurrent_k_759, error=replica_not_ready
W1008 11:17:18.957051 192309 master_service.cpp:4424] key=concurrent_k_760, error=replica_not_ready
W1008 11:17:18.957063 192308 master_service.cpp:4424] key=concurrent_k_760, error=replica_not_ready
W1008 11:17:18.957093 192306 master_service.cpp:4424] key=concurrent_k_760, error=replica_not_ready
W1008 11:17:18.957828 192309 master_service.cpp:4424] key=concurrent_k_761, error=replica_not_ready
W1008 11:17:18.957854 192308 master_service.cpp:4424] key=concurrent_k_761, error=replica_not_ready
W1008 11:17:18.957870 192307 master_service.cpp:4424] key=concurrent_k_761, error=replica_not_ready
W1008 11:17:18.958660 192309 master_service.cpp:4424] key=concurrent_k_762, error=replica_not_ready
W1008 11:17:18.958678 192308 master_service.cpp:4424] key=concurrent_k_762, error=replica_not_ready
W1008 11:17:18.958840 192309 master_service.cpp:4424] key=concurrent_k_762, error=replica_not_ready
W1008 11:17:18.959487 192308 master_service.cpp:4424] key=concurrent_k_763, error=replica_not_ready
W1008 11:17:18.959513 192307 master_service.cpp:4424] key=concurrent_k_763, error=replica_not_ready
W1008 11:17:18.959674 192309 master_service.cpp:4424] key=concurrent_k_763, error=replica_not_ready
W1008 11:17:18.960199 192309 master_service.cpp:4424] key=concurrent_k_764, error=replica_not_ready
W1008 11:17:18.960270 192308 master_service.cpp:4424] key=concurrent_k_764, error=replica_not_ready
W1008 11:17:18.960911 192309 master_service.cpp:4424] key=concurrent_k_765, error=replica_not_ready
W1008 11:17:18.961056 192308 master_service.cpp:4424] key=concurrent_k_765, error=replica_not_ready
W1008 11:17:18.961097 192309 master_service.cpp:4424] key=concurrent_k_765, error=replica_not_ready
W1008 11:17:18.961869 192309 master_service.cpp:4424] key=concurrent_k_766, error=replica_not_ready
W1008 11:17:18.961905 192308 master_service.cpp:4424] key=concurrent_k_766, error=replica_not_ready
W1008 11:17:18.961928 192307 master_service.cpp:4424] key=concurrent_k_766, error=replica_not_ready
W1008 11:17:18.962785 192309 master_service.cpp:4424] key=concurrent_k_767, error=replica_not_ready
W1008 11:17:18.962868 192307 master_service.cpp:4424] key=concurrent_k_767, error=replica_not_ready
W1008 11:17:18.962882 192308 master_service.cpp:4424] key=concurrent_k_767, error=replica_not_ready
W1008 11:17:18.963526 192308 master_service.cpp:4424] key=concurrent_k_768, error=replica_not_ready
W1008 11:17:18.963551 192307 master_service.cpp:4424] key=concurrent_k_768, error=replica_not_ready
W1008 11:17:18.963630 192309 master_service.cpp:4424] key=concurrent_k_768, error=replica_not_ready
W1008 11:17:18.964682 192309 master_service.cpp:4424] key=concurrent_k_769, error=replica_not_ready
W1008 11:17:18.964711 192308 master_service.cpp:4424] key=concurrent_k_769, error=replica_not_ready
W1008 11:17:18.964744 192307 master_service.cpp:4424] key=concurrent_k_769, error=replica_not_ready
W1008 11:17:18.965363 192308 master_service.cpp:4424] key=concurrent_k_770, error=replica_not_ready
W1008 11:17:18.965461 192309 master_service.cpp:4424] key=concurrent_k_770, error=replica_not_ready
W1008 11:17:18.966192 192308 master_service.cpp:4424] key=concurrent_k_771, error=replica_not_ready
W1008 11:17:18.966195 192309 master_service.cpp:4424] key=concurrent_k_771, error=replica_not_ready
W1008 11:17:18.966216 192307 master_service.cpp:4424] key=concurrent_k_771, error=replica_not_ready
W1008 11:17:18.967139 192308 master_service.cpp:4424] key=concurrent_k_772, error=replica_not_ready
W1008 11:17:18.967141 192309 master_service.cpp:4424] key=concurrent_k_772, error=replica_not_ready
W1008 11:17:18.968014 192308 master_service.cpp:4424] key=concurrent_k_773, error=replica_not_ready
W1008 11:17:18.968026 192309 master_service.cpp:4424] key=concurrent_k_773, error=replica_not_ready
W1008 11:17:18.968254 192309 master_service.cpp:4424] key=concurrent_k_773, error=replica_not_ready
W1008 11:17:18.969183 192309 master_service.cpp:4424] key=concurrent_k_774, error=replica_not_ready
W1008 11:17:18.969195 192308 master_service.cpp:4424] key=concurrent_k_774, error=replica_not_ready
W1008 11:17:18.969429 192309 master_service.cpp:4424] key=concurrent_k_774, error=replica_not_ready
W1008 11:17:18.970408 192309 master_service.cpp:4424] key=concurrent_k_775, error=replica_not_ready
W1008 11:17:18.970424 192308 master_service.cpp:4424] key=concurrent_k_775, error=replica_not_ready
W1008 11:17:18.970425 192307 master_service.cpp:4424] key=concurrent_k_775, error=replica_not_ready
W1008 11:17:18.971596 192309 master_service.cpp:4424] key=concurrent_k_776, error=replica_not_ready
W1008 11:17:18.971604 192307 master_service.cpp:4424] key=concurrent_k_776, error=replica_not_ready
W1008 11:17:18.971604 192308 master_service.cpp:4424] key=concurrent_k_776, error=replica_not_ready
W1008 11:17:18.972762 192309 master_service.cpp:4424] key=concurrent_k_777, error=replica_not_ready
W1008 11:17:18.972769 192307 master_service.cpp:4424] key=concurrent_k_777, error=replica_not_ready
W1008 11:17:18.972769 192308 master_service.cpp:4424] key=concurrent_k_777, error=replica_not_ready
W1008 11:17:18.973876 192308 master_service.cpp:4424] key=concurrent_k_778, error=replica_not_ready
W1008 11:17:18.973882 192309 master_service.cpp:4424] key=concurrent_k_778, error=replica_not_ready
W1008 11:17:18.973898 192307 master_service.cpp:4424] key=concurrent_k_778, error=replica_not_ready
W1008 11:17:18.974810 192309 master_service.cpp:4424] key=concurrent_k_779, error=replica_not_ready
W1008 11:17:18.974825 192308 master_service.cpp:4424] key=concurrent_k_779, error=replica_not_ready
W1008 11:17:18.974825 192307 master_service.cpp:4424] key=concurrent_k_779, error=replica_not_ready
I1008 11:17:18.974864 192289 master_service.cpp:10619] [EVICT-TRIGGER] memory_ratio=0.900391 high_watermark=0.9 need_mem_eviction=0 eviction_ratio=0.05
W1008 11:17:18.976054 192309 master_service.cpp:4424] key=concurrent_k_780, error=replica_not_ready
W1008 11:17:18.976087 192308 master_service.cpp:4424] key=concurrent_k_780, error=replica_not_ready
W1008 11:17:18.976090 192307 master_service.cpp:4424] key=concurrent_k_780, error=replica_not_ready
W1008 11:17:18.977257 192309 master_service.cpp:4424] key=concurrent_k_781, error=replica_not_ready
W1008 11:17:18.977279 192308 master_service.cpp:4424] key=concurrent_k_781, error=replica_not_ready
W1008 11:17:18.977280 192307 master_service.cpp:4424] key=concurrent_k_781, error=replica_not_ready
I1008 11:17:18.977902 192289 master_service.cpp:12526] [EVICT-RESULT] evicted_count=24, eviction_base=460, actual_evict_ratio=0.0521739, target_evict_ratio=0.0503906
I1008 11:17:18.977957 192289 master_service.cpp:10630] [EVICT-DONE] BatchEvict execution completed.
W1008 11:17:18.978487 192309 master_service.cpp:4424] key=concurrent_k_782, error=replica_not_ready
W1008 11:17:18.978487 192308 master_service.cpp:4424] key=concurrent_k_782, error=replica_not_ready
W1008 11:17:18.978487 192307 master_service.cpp:4424] key=concurrent_k_782, error=replica_not_ready
W1008 11:17:18.979730 192309 master_service.cpp:4424] key=concurrent_k_783, error=replica_not_ready
W1008 11:17:18.979765 192307 master_service.cpp:4424] key=concurrent_k_783, error=replica_not_ready
W1008 11:17:18.979765 192308 master_service.cpp:4424] key=concurrent_k_783, error=replica_not_ready
W1008 11:17:18.980842 192309 master_service.cpp:4424] key=concurrent_k_784, error=replica_not_ready
W1008 11:17:18.980868 192308 master_service.cpp:4424] key=concurrent_k_784, error=replica_not_ready
W1008 11:17:18.981052 192309 master_service.cpp:4424] key=concurrent_k_784, error=replica_not_ready
W1008 11:17:18.981778 192309 master_service.cpp:4424] key=concurrent_k_785, error=replica_not_ready
W1008 11:17:18.981781 192308 master_service.cpp:4424] key=concurrent_k_785, error=replica_not_ready
W1008 11:17:18.982084 192309 master_service.cpp:4424] key=concurrent_k_785, error=replica_not_ready
W1008 11:17:18.982672 192309 master_service.cpp:4424] key=concurrent_k_786, error=replica_not_ready
W1008 11:17:18.982685 192307 master_service.cpp:4424] key=concurrent_k_786, error=replica_not_ready
W1008 11:17:18.982807 192309 master_service.cpp:4424] key=concurrent_k_786, error=replica_not_ready
W1008 11:17:18.983760 192309 master_service.cpp:4424] key=concurrent_k_787, error=replica_not_ready
W1008 11:17:18.983770 192307 master_service.cpp:4424] key=concurrent_k_787, error=replica_not_ready
W1008 11:17:18.983771 192308 master_service.cpp:4424] key=concurrent_k_787, error=replica_not_ready
W1008 11:17:18.984891 192309 master_service.cpp:4424] key=concurrent_k_788, error=replica_not_ready
W1008 11:17:18.984941 192307 master_service.cpp:4424] key=concurrent_k_788, error=replica_not_ready
W1008 11:17:18.984943 192308 master_service.cpp:4424] key=concurrent_k_788, error=replica_not_ready
W1008 11:17:18.985564 192308 master_service.cpp:4424] key=concurrent_k_789, error=replica_not_ready
W1008 11:17:18.985569 192309 master_service.cpp:4424] key=concurrent_k_789, error=replica_not_ready
W1008 11:17:18.986443 192308 master_service.cpp:4424] key=concurrent_k_790, error=replica_not_ready
W1008 11:17:18.986454 192307 master_service.cpp:4424] key=concurrent_k_790, error=replica_not_ready
W1008 11:17:18.986449 192309 master_service.cpp:4424] key=concurrent_k_790, error=replica_not_ready
W1008 11:17:18.987584 192309 master_service.cpp:4424] key=concurrent_k_791, error=replica_not_ready
W1008 11:17:18.987612 192308 master_service.cpp:4424] key=concurrent_k_791, error=replica_not_ready
W1008 11:17:18.987836 192309 master_service.cpp:4424] key=concurrent_k_791, error=replica_not_ready
W1008 11:17:18.988255 192309 master_service.cpp:4424] key=concurrent_k_792, error=replica_not_ready
W1008 11:17:18.988262 192308 master_service.cpp:4424] key=concurrent_k_792, error=replica_not_ready
W1008 11:17:18.989070 192309 master_service.cpp:4424] key=concurrent_k_793, error=replica_not_ready
W1008 11:17:18.989102 192308 master_service.cpp:4424] key=concurrent_k_793, error=replica_not_ready
W1008 11:17:18.989291 192309 master_service.cpp:4424] key=concurrent_k_793, error=replica_not_ready
W1008 11:17:18.989730 192309 master_service.cpp:4424] key=concurrent_k_794, error=replica_not_ready
W1008 11:17:18.989779 192308 master_service.cpp:4424] key=concurrent_k_794, error=replica_not_ready
W1008 11:17:18.990433 192308 master_service.cpp:4424] key=concurrent_k_795, error=replica_not_ready
W1008 11:17:18.991336 192309 master_service.cpp:4424] key=concurrent_k_796, error=replica_not_ready
W1008 11:17:18.991460 192309 master_service.cpp:4424] key=concurrent_k_796, error=replica_not_ready
W1008 11:17:18.991505 192308 master_service.cpp:4424] key=concurrent_k_796, error=replica_not_ready
W1008 11:17:18.992360 192309 master_service.cpp:4424] key=concurrent_k_797, error=replica_not_ready
W1008 11:17:18.992381 192308 master_service.cpp:4424] key=concurrent_k_797, error=replica_not_ready
W1008 11:17:18.992870 192309 master_service.cpp:4424] key=concurrent_k_797, error=replica_not_ready
W1008 11:17:18.993046 192308 master_service.cpp:4424] key=concurrent_k_798, error=replica_not_ready
W1008 11:17:18.993245 192309 master_service.cpp:4424] key=concurrent_k_798, error=replica_not_ready
W1008 11:17:18.993889 192309 master_service.cpp:4424] key=concurrent_k_799, error=replica_not_ready
W1008 11:17:18.994066 192308 master_service.cpp:4424] key=concurrent_k_799, error=replica_not_ready
W1008 11:17:18.994069 192309 master_service.cpp:4424] key=concurrent_k_799, error=replica_not_ready
W1008 11:17:18.994665 192309 master_service.cpp:4424] key=concurrent_k_800, error=replica_not_ready
W1008 11:17:18.994731 192308 master_service.cpp:4424] key=concurrent_k_800, error=replica_not_ready
W1008 11:17:18.995466 192309 master_service.cpp:4424] key=concurrent_k_800, error=replica_not_ready
W1008 11:17:18.995486 192308 master_service.cpp:4424] key=concurrent_k_801, error=replica_not_ready
W1008 11:17:18.996490 192309 master_service.cpp:4424] key=concurrent_k_802, error=replica_not_ready
W1008 11:17:18.996827 192309 master_service.cpp:4424] key=concurrent_k_802, error=replica_not_ready
W1008 11:17:18.996829 192308 master_service.cpp:4424] key=concurrent_k_802, error=replica_not_ready
W1008 11:17:18.997395 192309 master_service.cpp:4424] key=concurrent_k_803, error=replica_not_ready
W1008 11:17:18.997449 192308 master_service.cpp:4424] key=concurrent_k_803, error=replica_not_ready
W1008 11:17:18.997469 192307 master_service.cpp:4424] key=concurrent_k_803, error=replica_not_ready
I1008 11:17:18.998078 192289 master_service.cpp:10619] [EVICT-TRIGGER] memory_ratio=0.902344 high_watermark=0.9 need_mem_eviction=0 eviction_ratio=0.05
W1008 11:17:18.998114 192308 master_service.cpp:4424] key=concurrent_k_804, error=replica_not_ready
W1008 11:17:18.998116 192309 master_service.cpp:4424] key=concurrent_k_804, error=replica_not_ready
W1008 11:17:18.999009 192308 master_service.cpp:4424] key=concurrent_k_805, error=replica_not_ready
W1008 11:17:18.999011 192309 master_service.cpp:4424] key=concurrent_k_805, error=replica_not_ready
W1008 11:17:18.999343 192309 master_service.cpp:4424] key=concurrent_k_805, error=replica_not_ready
W1008 11:17:18.999696 192309 master_service.cpp:4424] key=concurrent_k_806, error=replica_not_ready
W1008 11:17:18.999766 192307 master_service.cpp:4424] key=concurrent_k_806, error=replica_not_ready
W1008 11:17:19.000594 192308 master_service.cpp:4424] key=concurrent_k_807, error=replica_not_ready
W1008 11:17:19.000604 192309 master_service.cpp:4424] key=concurrent_k_807, error=replica_not_ready
W1008 11:17:19.000820 192309 master_service.cpp:4424] key=concurrent_k_807, error=replica_not_ready
I1008 11:17:19.001209 192289 master_service.cpp:12526] [EVICT-RESULT] evicted_count=25, eviction_base=461, actual_evict_ratio=0.0542299, target_evict_ratio=0.0523437
I1008 11:17:19.001258 192289 master_service.cpp:10630] [EVICT-DONE] BatchEvict execution completed.
W1008 11:17:19.001288 192308 master_service.cpp:4424] key=concurrent_k_808, error=replica_not_ready
W1008 11:17:19.001288 192309 master_service.cpp:4424] key=concurrent_k_808, error=replica_not_ready
W1008 11:17:19.002170 192309 master_service.cpp:4424] key=concurrent_k_809, error=replica_not_ready
W1008 11:17:19.002189 192308 master_service.cpp:4424] key=concurrent_k_809, error=replica_not_ready
W1008 11:17:19.002298 192309 master_service.cpp:4424] key=concurrent_k_809, error=replica_not_ready
W1008 11:17:19.003149 192309 master_service.cpp:4424] key=concurrent_k_810, error=replica_not_ready
W1008 11:17:19.003191 192308 master_service.cpp:4424] key=concurrent_k_810, error=replica_not_ready
W1008 11:17:19.003533 192309 master_service.cpp:4424] key=concurrent_k_810, error=replica_not_ready
W1008 11:17:19.003950 192309 master_service.cpp:4424] key=concurrent_k_811, error=replica_not_ready
W1008 11:17:19.003973 192308 master_service.cpp:4424] key=concurrent_k_811, error=replica_not_ready
W1008 11:17:19.004825 192309 master_service.cpp:4424] key=concurrent_k_812, error=replica_not_ready
W1008 11:17:19.004843 192308 master_service.cpp:4424] key=concurrent_k_812, error=replica_not_ready
W1008 11:17:19.004887 192307 master_service.cpp:4424] key=concurrent_k_812, error=replica_not_ready
W1008 11:17:19.005833 192309 master_service.cpp:4424] key=concurrent_k_813, error=replica_not_ready
W1008 11:17:19.005865 192308 master_service.cpp:4424] key=concurrent_k_813, error=replica_not_ready
W1008 11:17:19.006345 192309 master_service.cpp:4424] key=concurrent_k_813, error=replica_not_ready
W1008 11:17:19.006656 192308 master_service.cpp:4424] key=concurrent_k_814, error=replica_not_ready
W1008 11:17:19.006733 192309 master_service.cpp:4424] key=concurrent_k_814, error=replica_not_ready
W1008 11:17:19.006927 192309 master_service.cpp:4424] key=concurrent_k_814, error=replica_not_ready
W1008 11:17:19.007560 192309 master_service.cpp:4424] key=concurrent_k_815, error=replica_not_ready
W1008 11:17:19.007560 192308 master_service.cpp:4424] key=concurrent_k_815, error=replica_not_ready
W1008 11:17:19.007623 192307 master_service.cpp:4424] key=concurrent_k_815, error=replica_not_ready
W1008 11:17:19.008471 192309 master_service.cpp:4424] key=concurrent_k_816, error=replica_not_ready
W1008 11:17:19.008489 192307 master_service.cpp:4424] key=concurrent_k_816, error=replica_not_ready
W1008 11:17:19.008490 192308 master_service.cpp:4424] key=concurrent_k_816, error=replica_not_ready
W1008 11:17:19.009558 192309 master_service.cpp:4424] key=concurrent_k_817, error=replica_not_ready
W1008 11:17:19.009569 192307 master_service.cpp:4424] key=concurrent_k_817, error=replica_not_ready
W1008 11:17:19.009569 192308 master_service.cpp:4424] key=concurrent_k_817, error=replica_not_ready
W1008 11:17:19.010673 192308 master_service.cpp:4424] key=concurrent_k_818, error=replica_not_ready
W1008 11:17:19.010690 192307 master_service.cpp:4424] key=concurrent_k_818, error=replica_not_ready
W1008 11:17:19.010696 192306 master_service.cpp:4424] key=concurrent_k_818, error=replica_not_ready
W1008 11:17:19.011775 192309 master_service.cpp:4424] key=concurrent_k_819, error=replica_not_ready
W1008 11:17:19.011776 192307 master_service.cpp:4424] key=concurrent_k_819, error=replica_not_ready
W1008 11:17:19.011776 192308 master_service.cpp:4424] key=concurrent_k_819, error=replica_not_ready
W1008 11:17:19.012789 192309 master_service.cpp:4424] key=concurrent_k_820, error=replica_not_ready
W1008 11:17:19.012809 192308 master_service.cpp:4424] key=concurrent_k_820, error=replica_not_ready
W1008 11:17:19.012810 192307 master_service.cpp:4424] key=concurrent_k_820, error=replica_not_ready
W1008 11:17:19.013871 192308 master_service.cpp:4424] key=concurrent_k_821, error=replica_not_ready
W1008 11:17:19.013873 192307 master_service.cpp:4424] key=concurrent_k_821, error=replica_not_ready
W1008 11:17:19.013875 192309 master_service.cpp:4424] key=concurrent_k_821, error=replica_not_ready
W1008 11:17:19.014942 192309 master_service.cpp:4424] key=concurrent_k_822, error=replica_not_ready
W1008 11:17:19.014958 192307 master_service.cpp:4424] key=concurrent_k_822, error=replica_not_ready
W1008 11:17:19.014958 192308 master_service.cpp:4424] key=concurrent_k_822, error=replica_not_ready
W1008 11:17:19.016111 192308 master_service.cpp:4424] key=concurrent_k_823, error=replica_not_ready
W1008 11:17:19.016116 192307 master_service.cpp:4424] key=concurrent_k_823, error=replica_not_ready
W1008 11:17:19.016141 192306 master_service.cpp:4424] key=concurrent_k_823, error=replica_not_ready
W1008 11:17:19.016978 192308 master_service.cpp:4424] key=concurrent_k_824, error=replica_not_ready
W1008 11:17:19.016979 192309 master_service.cpp:4424] key=concurrent_k_824, error=replica_not_ready
W1008 11:17:19.017005 192307 master_service.cpp:4424] key=concurrent_k_824, error=replica_not_ready
W1008 11:17:19.017831 192309 master_service.cpp:4424] key=concurrent_k_825, error=replica_not_ready
W1008 11:17:19.017849 192308 master_service.cpp:4424] key=concurrent_k_825, error=replica_not_ready
W1008 11:17:19.017851 192307 master_service.cpp:4424] key=concurrent_k_825, error=replica_not_ready
W1008 11:17:19.018790 192309 master_service.cpp:4424] key=concurrent_k_826, error=replica_not_ready
W1008 11:17:19.018803 192308 master_service.cpp:4424] key=concurrent_k_826, error=replica_not_ready
W1008 11:17:19.019992 192309 master_service.cpp:4424] key=concurrent_k_827, error=replica_not_ready
W1008 11:17:19.020006 192307 master_service.cpp:4424] key=concurrent_k_827, error=replica_not_ready
W1008 11:17:19.020012 192306 master_service.cpp:4424] key=concurrent_k_827, error=replica_not_ready
W1008 11:17:19.020900 192309 master_service.cpp:4424] key=concurrent_k_828, error=replica_not_ready
W1008 11:17:19.020900 192308 master_service.cpp:4424] key=concurrent_k_828, error=replica_not_ready
W1008 11:17:19.020924 192307 master_service.cpp:4424] key=concurrent_k_828, error=replica_not_ready
I1008 11:17:19.021378 192289 master_service.cpp:10619] [EVICT-TRIGGER] memory_ratio=0.900391 high_watermark=0.9 need_mem_eviction=0 eviction_ratio=0.05
W1008 11:17:19.022075 192309 master_service.cpp:4424] key=concurrent_k_829, error=replica_not_ready
W1008 11:17:19.022083 192307 master_service.cpp:4424] key=concurrent_k_829, error=replica_not_ready
W1008 11:17:19.022084 192306 master_service.cpp:4424] key=concurrent_k_829, error=replica_not_ready
W1008 11:17:19.023376 192309 master_service.cpp:4424] key=concurrent_k_830, error=replica_not_ready
W1008 11:17:19.023397 192308 master_service.cpp:4424] key=concurrent_k_830, error=replica_not_ready
W1008 11:17:19.023397 192307 master_service.cpp:4424] key=concurrent_k_830, error=replica_not_ready
I1008 11:17:19.024418 192289 master_service.cpp:12526] [EVICT-RESULT] evicted_count=24, eviction_base=461, actual_evict_ratio=0.0520607, target_evict_ratio=0.0503906
I1008 11:17:19.024470 192289 master_service.cpp:10630] [EVICT-DONE] BatchEvict execution completed.
W1008 11:17:19.024617 192309 master_service.cpp:4424] key=concurrent_k_831, error=replica_not_ready
W1008 11:17:19.024637 192308 master_service.cpp:4424] key=concurrent_k_831, error=replica_not_ready
W1008 11:17:19.024646 192307 master_service.cpp:4424] key=concurrent_k_831, error=replica_not_ready
W1008 11:17:19.025578 192308 master_service.cpp:4424] key=concurrent_k_832, error=replica_not_ready
W1008 11:17:19.025594 192309 master_service.cpp:4424] key=concurrent_k_832, error=replica_not_ready
W1008 11:17:19.025601 192307 master_service.cpp:4424] key=concurrent_k_832, error=replica_not_ready
W1008 11:17:19.026455 192309 master_service.cpp:4424] key=concurrent_k_833, error=replica_not_ready
W1008 11:17:19.026494 192308 master_service.cpp:4424] key=concurrent_k_833, error=replica_not_ready
W1008 11:17:19.026499 192307 master_service.cpp:4424] key=concurrent_k_833, error=replica_not_ready
W1008 11:17:19.027346 192308 master_service.cpp:4424] key=concurrent_k_834, error=replica_not_ready
W1008 11:17:19.027349 192309 master_service.cpp:4424] key=concurrent_k_834, error=replica_not_ready
W1008 11:17:19.027544 192309 master_service.cpp:4424] key=concurrent_k_834, error=replica_not_ready
W1008 11:17:19.028350 192308 master_service.cpp:4424] key=concurrent_k_835, error=replica_not_ready
W1008 11:17:19.028362 192307 master_service.cpp:4424] key=concurrent_k_835, error=replica_not_ready
W1008 11:17:19.028358 192309 master_service.cpp:4424] key=concurrent_k_835, error=replica_not_ready
W1008 11:17:19.029464 192309 master_service.cpp:4424] key=concurrent_k_836, error=replica_not_ready
W1008 11:17:19.029471 192308 master_service.cpp:4424] key=concurrent_k_836, error=replica_not_ready
W1008 11:17:19.029482 192307 master_service.cpp:4424] key=concurrent_k_836, error=replica_not_ready
W1008 11:17:19.030640 192309 master_service.cpp:4424] key=concurrent_k_837, error=replica_not_ready
W1008 11:17:19.030658 192308 master_service.cpp:4424] key=concurrent_k_837, error=replica_not_ready
W1008 11:17:19.030664 192307 master_service.cpp:4424] key=concurrent_k_837, error=replica_not_ready
W1008 11:17:19.031946 192308 master_service.cpp:4424] key=concurrent_k_838, error=replica_not_ready
W1008 11:17:19.031948 192309 master_service.cpp:4424] key=concurrent_k_838, error=replica_not_ready
W1008 11:17:19.031970 192306 master_service.cpp:4424] key=concurrent_k_838, error=replica_not_ready
W1008 11:17:19.033118 192309 master_service.cpp:4424] key=concurrent_k_839, error=replica_not_ready
W1008 11:17:19.033129 192307 master_service.cpp:4424] key=concurrent_k_839, error=replica_not_ready
W1008 11:17:19.033118 192308 master_service.cpp:4424] key=concurrent_k_839, error=replica_not_ready
W1008 11:17:19.034313 192309 master_service.cpp:4424] key=concurrent_k_840, error=replica_not_ready
W1008 11:17:19.034327 192307 master_service.cpp:4424] key=concurrent_k_840, error=replica_not_ready
W1008 11:17:19.034317 192308 master_service.cpp:4424] key=concurrent_k_840, error=replica_not_ready
W1008 11:17:19.035367 192309 master_service.cpp:4424] key=concurrent_k_841, error=replica_not_ready
W1008 11:17:19.035372 192308 master_service.cpp:4424] key=concurrent_k_841, error=replica_not_ready
W1008 11:17:19.035377 192307 master_service.cpp:4424] key=concurrent_k_841, error=replica_not_ready
W1008 11:17:19.036610 192309 master_service.cpp:4424] key=concurrent_k_842, error=replica_not_ready
W1008 11:17:19.036610 192308 master_service.cpp:4424] key=concurrent_k_842, error=replica_not_ready
W1008 11:17:19.036612 192307 master_service.cpp:4424] key=concurrent_k_842, error=replica_not_ready
W1008 11:17:19.037842 192308 master_service.cpp:4424] key=concurrent_k_843, error=replica_not_ready
W1008 11:17:19.037864 192307 master_service.cpp:4424] key=concurrent_k_843, error=replica_not_ready
W1008 11:17:19.037864 192306 master_service.cpp:4424] key=concurrent_k_843, error=replica_not_ready
W1008 11:17:19.038968 192309 master_service.cpp:4424] key=concurrent_k_844, error=replica_not_ready
W1008 11:17:19.038988 192307 master_service.cpp:4424] key=concurrent_k_844, error=replica_not_ready
W1008 11:17:19.038990 192308 master_service.cpp:4424] key=concurrent_k_844, error=replica_not_ready
W1008 11:17:19.040190 192309 master_service.cpp:4424] key=concurrent_k_845, error=replica_not_ready
W1008 11:17:19.040198 192308 master_service.cpp:4424] key=concurrent_k_845, error=replica_not_ready
W1008 11:17:19.040216 192307 master_service.cpp:4424] key=concurrent_k_845, error=replica_not_ready
W1008 11:17:19.041309 192308 master_service.cpp:4424] key=concurrent_k_846, error=replica_not_ready
W1008 11:17:19.041316 192307 master_service.cpp:4424] key=concurrent_k_846, error=replica_not_ready
W1008 11:17:19.041317 192309 master_service.cpp:4424] key=concurrent_k_846, error=replica_not_ready
W1008 11:17:19.042465 192309 master_service.cpp:4424] key=concurrent_k_847, error=replica_not_ready
W1008 11:17:19.042470 192307 master_service.cpp:4424] key=concurrent_k_847, error=replica_not_ready
W1008 11:17:19.042471 192308 master_service.cpp:4424] key=concurrent_k_847, error=replica_not_ready
W1008 11:17:19.043682 192309 master_service.cpp:4424] key=concurrent_k_848, error=replica_not_ready
W1008 11:17:19.043699 192307 master_service.cpp:4424] key=concurrent_k_848, error=replica_not_ready
W1008 11:17:19.043699 192308 master_service.cpp:4424] key=concurrent_k_848, error=replica_not_ready
W1008 11:17:19.044842 192308 master_service.cpp:4424] key=concurrent_k_849, error=replica_not_ready
W1008 11:17:19.044844 192309 master_service.cpp:4424] key=concurrent_k_849, error=replica_not_ready
W1008 11:17:19.044859 192307 master_service.cpp:4424] key=concurrent_k_849, error=replica_not_ready
W1008 11:17:19.046060 192309 master_service.cpp:4424] key=concurrent_k_850, error=replica_not_ready
W1008 11:17:19.046078 192307 master_service.cpp:4424] key=concurrent_k_850, error=replica_not_ready
W1008 11:17:19.046078 192308 master_service.cpp:4424] key=concurrent_k_850, error=replica_not_ready
W1008 11:17:19.047305 192309 master_service.cpp:4424] key=concurrent_k_851, error=replica_not_ready
W1008 11:17:19.047319 192308 master_service.cpp:4424] key=concurrent_k_851, error=replica_not_ready
W1008 11:17:19.047318 192307 master_service.cpp:4424] key=concurrent_k_851, error=replica_not_ready
W1008 11:17:19.048507 192308 master_service.cpp:4424] key=concurrent_k_852, error=replica_not_ready
W1008 11:17:19.048512 192307 master_service.cpp:4424] key=concurrent_k_852, error=replica_not_ready
W1008 11:17:19.048512 192309 master_service.cpp:4424] key=concurrent_k_852, error=replica_not_ready
W1008 11:17:19.049445 192309 master_service.cpp:4424] key=concurrent_k_853, error=replica_not_ready
W1008 11:17:19.049461 192308 master_service.cpp:4424] key=concurrent_k_853, error=replica_not_ready
W1008 11:17:19.049463 192307 master_service.cpp:4424] key=concurrent_k_853, error=replica_not_ready
W1008 11:17:19.050676 192309 master_service.cpp:4424] key=concurrent_k_854, error=replica_not_ready
W1008 11:17:19.050679 192308 master_service.cpp:4424] key=concurrent_k_854, error=replica_not_ready
W1008 11:17:19.050698 192307 master_service.cpp:4424] key=concurrent_k_854, error=replica_not_ready
W1008 11:17:19.051863 192309 master_service.cpp:4424] key=concurrent_k_855, error=replica_not_ready
W1008 11:17:19.051891 192307 master_service.cpp:4424] key=concurrent_k_855, error=replica_not_ready
W1008 11:17:19.051892 192308 master_service.cpp:4424] key=concurrent_k_855, error=replica_not_ready
W1008 11:17:19.053049 192309 master_service.cpp:4424] key=concurrent_k_856, error=replica_not_ready
W1008 11:17:19.053074 192307 master_service.cpp:4424] key=concurrent_k_856, error=replica_not_ready
W1008 11:17:19.053076 192308 master_service.cpp:4424] key=concurrent_k_856, error=replica_not_ready
W1008 11:17:19.054226 192309 master_service.cpp:4424] key=concurrent_k_857, error=replica_not_ready
W1008 11:17:19.054239 192307 master_service.cpp:4424] key=concurrent_k_857, error=replica_not_ready
W1008 11:17:19.054239 192308 master_service.cpp:4424] key=concurrent_k_857, error=replica_not_ready
I1008 11:17:19.054646 192289 master_service.cpp:10619] [EVICT-TRIGGER] memory_ratio=0.910156 high_watermark=0.9 need_mem_eviction=0 eviction_ratio=0.05
W1008 11:17:19.055369 192309 master_service.cpp:4424] key=concurrent_k_858, error=replica_not_ready
W1008 11:17:19.055377 192307 master_service.cpp:4424] key=concurrent_k_858, error=replica_not_ready
W1008 11:17:19.055378 192308 master_service.cpp:4424] key=concurrent_k_858, error=replica_not_ready
W1008 11:17:19.056562 192309 master_service.cpp:4424] key=concurrent_k_859, error=replica_not_ready
W1008 11:17:19.056576 192307 master_service.cpp:4424] key=concurrent_k_859, error=replica_not_ready
W1008 11:17:19.056578 192308 master_service.cpp:4424] key=concurrent_k_859, error=replica_not_ready
W1008 11:17:19.057816 192309 master_service.cpp:4424] key=concurrent_k_860, error=replica_not_ready
W1008 11:17:19.057832 192308 master_service.cpp:4424] key=concurrent_k_860, error=replica_not_ready
W1008 11:17:19.057845 192307 master_service.cpp:4424] key=concurrent_k_860, error=replica_not_ready
I1008 11:17:19.057874 192289 master_service.cpp:12526] [EVICT-RESULT] evicted_count=29, eviction_base=466, actual_evict_ratio=0.0622318, target_evict_ratio=0.0601562
I1008 11:17:19.057927 192289 master_service.cpp:10630] [EVICT-DONE] BatchEvict execution completed.
W1008 11:17:19.058924 192309 master_service.cpp:4424] key=concurrent_k_861, error=replica_not_ready
W1008 11:17:19.058934 192307 master_service.cpp:4424] key=concurrent_k_861, error=replica_not_ready
W1008 11:17:19.058936 192308 master_service.cpp:4424] key=concurrent_k_861, error=replica_not_ready
W1008 11:17:19.060132 192309 master_service.cpp:4424] key=concurrent_k_862, error=replica_not_ready
W1008 11:17:19.060148 192307 master_service.cpp:4424] key=concurrent_k_862, error=replica_not_ready
W1008 11:17:19.060151 192308 master_service.cpp:4424] key=concurrent_k_862, error=replica_not_ready
W1008 11:17:19.061313 192309 master_service.cpp:4424] key=concurrent_k_863, error=replica_not_ready
W1008 11:17:19.061326 192307 master_service.cpp:4424] key=concurrent_k_863, error=replica_not_ready
W1008 11:17:19.061326 192308 master_service.cpp:4424] key=concurrent_k_863, error=replica_not_ready
W1008 11:17:19.062505 192308 master_service.cpp:4424] key=concurrent_k_864, error=replica_not_ready
W1008 11:17:19.062505 192309 master_service.cpp:4424] key=concurrent_k_864, error=replica_not_ready
W1008 11:17:19.062508 192307 master_service.cpp:4424] key=concurrent_k_864, error=replica_not_ready
W1008 11:17:19.063597 192308 master_service.cpp:4424] key=concurrent_k_865, error=replica_not_ready
W1008 11:17:19.063601 192307 master_service.cpp:4424] key=concurrent_k_865, error=replica_not_ready
W1008 11:17:19.063601 192309 master_service.cpp:4424] key=concurrent_k_865, error=replica_not_ready
W1008 11:17:19.064924 192308 master_service.cpp:4424] key=concurrent_k_866, error=replica_not_ready
W1008 11:17:19.064939 192309 master_service.cpp:4424] key=concurrent_k_866, error=replica_not_ready
W1008 11:17:19.064940 192307 master_service.cpp:4424] key=concurrent_k_866, error=replica_not_ready
W1008 11:17:19.066021 192309 master_service.cpp:4424] key=concurrent_k_867, error=replica_not_ready
W1008 11:17:19.066035 192307 master_service.cpp:4424] key=concurrent_k_867, error=replica_not_ready
W1008 11:17:19.066036 192308 master_service.cpp:4424] key=concurrent_k_867, error=replica_not_ready
W1008 11:17:19.067188 192309 master_service.cpp:4424] key=concurrent_k_868, error=replica_not_ready
W1008 11:17:19.067199 192307 master_service.cpp:4424] key=concurrent_k_868, error=replica_not_ready
W1008 11:17:19.067199 192308 master_service.cpp:4424] key=concurrent_k_868, error=replica_not_ready
W1008 11:17:19.068434 192308 master_service.cpp:4424] key=concurrent_k_869, error=replica_not_ready
W1008 11:17:19.068437 192307 master_service.cpp:4424] key=concurrent_k_869, error=replica_not_ready
W1008 11:17:19.068446 192306 master_service.cpp:4424] key=concurrent_k_869, error=replica_not_ready
W1008 11:17:19.069667 192308 master_service.cpp:4424] key=concurrent_k_870, error=replica_not_ready
W1008 11:17:19.069679 192307 master_service.cpp:4424] key=concurrent_k_870, error=replica_not_ready
W1008 11:17:19.069691 192306 master_service.cpp:4424] key=concurrent_k_870, error=replica_not_ready
W1008 11:17:19.070868 192309 master_service.cpp:4424] key=concurrent_k_871, error=replica_not_ready
W1008 11:17:19.070878 192308 master_service.cpp:4424] key=concurrent_k_871, error=replica_not_ready
W1008 11:17:19.070891 192307 master_service.cpp:4424] key=concurrent_k_871, error=replica_not_ready
W1008 11:17:19.072131 192309 master_service.cpp:4424] key=concurrent_k_872, error=replica_not_ready
W1008 11:17:19.072146 192307 master_service.cpp:4424] key=concurrent_k_872, error=replica_not_ready
W1008 11:17:19.072148 192308 master_service.cpp:4424] key=concurrent_k_872, error=replica_not_ready
W1008 11:17:19.073316 192308 master_service.cpp:4424] key=concurrent_k_873, error=replica_not_ready
W1008 11:17:19.073326 192309 master_service.cpp:4424] key=concurrent_k_873, error=replica_not_ready
W1008 11:17:19.073326 192307 master_service.cpp:4424] key=concurrent_k_873, error=replica_not_ready
W1008 11:17:19.074519 192309 master_service.cpp:4424] key=concurrent_k_874, error=replica_not_ready
W1008 11:17:19.074540 192308 master_service.cpp:4424] key=concurrent_k_874, error=replica_not_ready
W1008 11:17:19.074541 192307 master_service.cpp:4424] key=concurrent_k_874, error=replica_not_ready
W1008 11:17:19.075721 192309 master_service.cpp:4424] key=concurrent_k_875, error=replica_not_ready
W1008 11:17:19.075733 192308 master_service.cpp:4424] key=concurrent_k_875, error=replica_not_ready
W1008 11:17:19.075733 192307 master_service.cpp:4424] key=concurrent_k_875, error=replica_not_ready
W1008 11:17:19.076926 192308 master_service.cpp:4424] key=concurrent_k_876, error=replica_not_ready
W1008 11:17:19.076937 192307 master_service.cpp:4424] key=concurrent_k_876, error=replica_not_ready
W1008 11:17:19.076960 192306 master_service.cpp:4424] key=concurrent_k_876, error=replica_not_ready
W1008 11:17:19.077965 192309 master_service.cpp:4424] key=concurrent_k_877, error=replica_not_ready
W1008 11:17:19.077971 192308 master_service.cpp:4424] key=concurrent_k_877, error=replica_not_ready
W1008 11:17:19.077989 192307 master_service.cpp:4424] key=concurrent_k_877, error=replica_not_ready
W1008 11:17:19.079216 192308 master_service.cpp:4424] key=concurrent_k_878, error=replica_not_ready
W1008 11:17:19.079224 192307 master_service.cpp:4424] key=concurrent_k_878, error=replica_not_ready
W1008 11:17:19.079236 192306 master_service.cpp:4424] key=concurrent_k_878, error=replica_not_ready
W1008 11:17:19.080299 192309 master_service.cpp:4424] key=concurrent_k_879, error=replica_not_ready
W1008 11:17:19.080312 192307 master_service.cpp:4424] key=concurrent_k_879, error=replica_not_ready
W1008 11:17:19.080313 192308 master_service.cpp:4424] key=concurrent_k_879, error=replica_not_ready
W1008 11:17:19.081466 192309 master_service.cpp:4424] key=concurrent_k_880, error=replica_not_ready
W1008 11:17:19.081481 192307 master_service.cpp:4424] key=concurrent_k_880, error=replica_not_ready
W1008 11:17:19.081482 192308 master_service.cpp:4424] key=concurrent_k_880, error=replica_not_ready
W1008 11:17:19.082639 192309 master_service.cpp:4424] key=concurrent_k_881, error=replica_not_ready
W1008 11:17:19.082657 192307 master_service.cpp:4424] key=concurrent_k_881, error=replica_not_ready
W1008 11:17:19.082657 192308 master_service.cpp:4424] key=concurrent_k_881, error=replica_not_ready
W1008 11:17:19.083858 192308 master_service.cpp:4424] key=concurrent_k_882, error=replica_not_ready
W1008 11:17:19.083873 192307 master_service.cpp:4424] key=concurrent_k_882, error=replica_not_ready
W1008 11:17:19.083874 192306 master_service.cpp:4424] key=concurrent_k_882, error=replica_not_ready
W1008 11:17:19.084865 192309 master_service.cpp:4424] key=concurrent_k_883, error=replica_not_ready
W1008 11:17:19.084879 192307 master_service.cpp:4424] key=concurrent_k_883, error=replica_not_ready
W1008 11:17:19.084877 192308 master_service.cpp:4424] key=concurrent_k_883, error=replica_not_ready
W1008 11:17:19.086057 192309 master_service.cpp:4424] key=concurrent_k_884, error=replica_not_ready
W1008 11:17:19.086059 192308 master_service.cpp:4424] key=concurrent_k_884, error=replica_not_ready
W1008 11:17:19.086064 192307 master_service.cpp:4424] key=concurrent_k_884, error=replica_not_ready
W1008 11:17:19.087321 192308 master_service.cpp:4424] key=concurrent_k_885, error=replica_not_ready
W1008 11:17:19.087325 192307 master_service.cpp:4424] key=concurrent_k_885, error=replica_not_ready
W1008 11:17:19.087349 192306 master_service.cpp:4424] key=concurrent_k_885, error=replica_not_ready
I1008 11:17:19.088101 192289 master_service.cpp:10619] [EVICT-TRIGGER] memory_ratio=0.908203 high_watermark=0.9 need_mem_eviction=0 eviction_ratio=0.05
W1008 11:17:19.088768 192309 master_service.cpp:4424] key=concurrent_k_886, error=replica_not_ready
W1008 11:17:19.088789 192307 master_service.cpp:4424] key=concurrent_k_886, error=replica_not_ready
W1008 11:17:19.088778 192308 master_service.cpp:4424] key=concurrent_k_886, error=replica_not_ready
W1008 11:17:19.090086 192306 master_service.cpp:4424] key=concurrent_k_887, error=replica_not_ready
W1008 11:17:19.090127 192308 master_service.cpp:4424] key=concurrent_k_887, error=replica_not_ready
W1008 11:17:19.090140 192307 master_service.cpp:4424] key=concurrent_k_887, error=replica_not_ready
W1008 11:17:19.091499 192309 master_service.cpp:4424] key=concurrent_k_888, error=replica_not_ready
W1008 11:17:19.091521 192307 master_service.cpp:4424] key=concurrent_k_888, error=replica_not_ready
W1008 11:17:19.091542 192308 master_service.cpp:4424] key=concurrent_k_888, error=replica_not_ready
W1008 11:17:19.093375 192309 master_service.cpp:4424] key=concurrent_k_889, error=replica_not_ready
W1008 11:17:19.093394 192307 master_service.cpp:4424] key=concurrent_k_889, error=replica_not_ready
W1008 11:17:19.093468 192306 master_service.cpp:4424] key=concurrent_k_889, error=replica_not_ready
W1008 11:17:19.094738 192309 master_service.cpp:4424] key=concurrent_k_890, error=replica_not_ready
W1008 11:17:19.094777 192307 master_service.cpp:4424] key=concurrent_k_890, error=replica_not_ready
W1008 11:17:19.094803 192308 master_service.cpp:4424] key=concurrent_k_890, error=replica_not_ready
W1008 11:17:19.095940 192309 master_service.cpp:4424] key=concurrent_k_891, error=replica_not_ready
W1008 11:17:19.095971 192308 master_service.cpp:4424] key=concurrent_k_891, error=replica_not_ready
W1008 11:17:19.096525 192309 master_service.cpp:4424] key=concurrent_k_891, error=replica_not_ready
W1008 11:17:19.096870 192309 master_service.cpp:4424] key=concurrent_k_892, error=replica_not_ready
W1008 11:17:19.097299 192309 master_service.cpp:4424] key=concurrent_k_892, error=replica_not_ready
W1008 11:17:19.097316 192308 master_service.cpp:4424] key=concurrent_k_892, error=replica_not_ready
W1008 11:17:19.099987 192308 master_service.cpp:4424] key=concurrent_k_893, error=replica_not_ready
W1008 11:17:19.099994 192309 master_service.cpp:4424] key=concurrent_k_893, error=replica_not_ready
W1008 11:17:19.100018 192307 master_service.cpp:4424] key=concurrent_k_893, error=replica_not_ready
I1008 11:17:19.100056 192289 master_service.cpp:12526] [EVICT-RESULT] evicted_count=28, eviction_base=466, actual_evict_ratio=0.0600858, target_evict_ratio=0.0582031
I1008 11:17:19.100118 192289 master_service.cpp:10630] [EVICT-DONE] BatchEvict execution completed.
W1008 11:17:19.101310 192308 master_service.cpp:4424] key=concurrent_k_894, error=replica_not_ready
W1008 11:17:19.101313 192307 master_service.cpp:4424] key=concurrent_k_894, error=replica_not_ready
W1008 11:17:19.101358 192306 master_service.cpp:4424] key=concurrent_k_894, error=replica_not_ready
W1008 11:17:19.102242 192309 master_service.cpp:4424] key=concurrent_k_895, error=replica_not_ready
W1008 11:17:19.102263 192308 master_service.cpp:4424] key=concurrent_k_895, error=replica_not_ready
W1008 11:17:19.102319 192307 master_service.cpp:4424] key=concurrent_k_895, error=replica_not_ready
W1008 11:17:19.103160 192308 master_service.cpp:4424] key=concurrent_k_896, error=replica_not_ready
W1008 11:17:19.103166 192309 master_service.cpp:4424] key=concurrent_k_896, error=replica_not_ready
W1008 11:17:19.103394 192309 master_service.cpp:4424] key=concurrent_k_896, error=replica_not_ready
W1008 11:17:19.104269 192309 master_service.cpp:4424] key=concurrent_k_897, error=replica_not_ready
W1008 11:17:19.104276 192308 master_service.cpp:4424] key=concurrent_k_897, error=replica_not_ready
W1008 11:17:19.104300 192307 master_service.cpp:4424] key=concurrent_k_897, error=replica_not_ready
W1008 11:17:19.105396 192309 master_service.cpp:4424] key=concurrent_k_898, error=replica_not_ready
W1008 11:17:19.105436 192308 master_service.cpp:4424] key=concurrent_k_898, error=replica_not_ready
W1008 11:17:19.105446 192307 master_service.cpp:4424] key=concurrent_k_898, error=replica_not_ready
W1008 11:17:19.106079 192309 master_service.cpp:4424] key=concurrent_k_899, error=replica_not_ready
W1008 11:17:19.106181 192307 master_service.cpp:4424] key=concurrent_k_899, error=replica_not_ready
W1008 11:17:19.106251 192309 master_service.cpp:4424] key=concurrent_k_899, error=replica_not_ready
W1008 11:17:19.106853 192308 master_service.cpp:4424] key=concurrent_k_900, error=replica_not_ready
W1008 11:17:19.107051 192307 master_service.cpp:4424] key=concurrent_k_900, error=replica_not_ready
W1008 11:17:19.107686 192307 master_service.cpp:4424] key=concurrent_k_901, error=replica_not_ready
W1008 11:17:19.107923 192309 master_service.cpp:4424] key=concurrent_k_901, error=replica_not_ready
W1008 11:17:19.108708 192309 master_service.cpp:4424] key=concurrent_k_902, error=replica_not_ready
W1008 11:17:19.108743 192307 master_service.cpp:4424] key=concurrent_k_902, error=replica_not_ready
W1008 11:17:19.108781 192306 master_service.cpp:4424] key=concurrent_k_902, error=replica_not_ready
W1008 11:17:19.109546 192308 master_service.cpp:4424] key=concurrent_k_903, error=replica_not_ready
W1008 11:17:19.109555 192307 master_service.cpp:4424] key=concurrent_k_903, error=replica_not_ready
W1008 11:17:19.109598 192309 master_service.cpp:4424] key=concurrent_k_903, error=replica_not_ready
W1008 11:17:19.110939 192309 master_service.cpp:4424] key=concurrent_k_904, error=replica_not_ready
W1008 11:17:19.111181 192309 master_service.cpp:4424] key=concurrent_k_904, error=replica_not_ready
W1008 11:17:19.111217 192308 master_service.cpp:4424] key=concurrent_k_904, error=replica_not_ready
W1008 11:17:19.111775 192307 master_service.cpp:4424] key=concurrent_k_905, error=replica_not_ready
W1008 11:17:19.111832 192309 master_service.cpp:4424] key=concurrent_k_905, error=replica_not_ready
W1008 11:17:19.111879 192308 master_service.cpp:4424] key=concurrent_k_905, error=replica_not_ready
W1008 11:17:19.112882 192309 master_service.cpp:4424] key=concurrent_k_906, error=replica_not_ready
W1008 11:17:19.112912 192308 master_service.cpp:4424] key=concurrent_k_906, error=replica_not_ready
W1008 11:17:19.112922 192307 master_service.cpp:4424] key=concurrent_k_906, error=replica_not_ready
W1008 11:17:19.114142 192308 master_service.cpp:4424] key=concurrent_k_907, error=replica_not_ready
W1008 11:17:19.114152 192307 master_service.cpp:4424] key=concurrent_k_907, error=replica_not_ready
W1008 11:17:19.114157 192306 master_service.cpp:4424] key=concurrent_k_907, error=replica_not_ready
W1008 11:17:19.115355 192307 master_service.cpp:4424] key=concurrent_k_908, error=replica_not_ready
W1008 11:17:19.115386 192308 master_service.cpp:4424] key=concurrent_k_908, error=replica_not_ready
W1008 11:17:19.115396 192306 master_service.cpp:4424] key=concurrent_k_908, error=replica_not_ready
W1008 11:17:19.116606 192309 master_service.cpp:4424] key=concurrent_k_909, error=replica_not_ready
W1008 11:17:19.116662 192307 master_service.cpp:4424] key=concurrent_k_909, error=replica_not_ready
W1008 11:17:19.116662 192308 master_service.cpp:4424] key=concurrent_k_909, error=replica_not_ready
W1008 11:17:19.117319 192308 master_service.cpp:4424] key=concurrent_k_910, error=replica_not_ready
W1008 11:17:19.117385 192309 master_service.cpp:4424] key=concurrent_k_910, error=replica_not_ready
W1008 11:17:19.117591 192309 master_service.cpp:4424] key=concurrent_k_910, error=replica_not_ready
W1008 11:17:19.118537 192309 master_service.cpp:4424] key=concurrent_k_911, error=replica_not_ready
W1008 11:17:19.118543 192308 master_service.cpp:4424] key=concurrent_k_911, error=replica_not_ready
W1008 11:17:19.118572 192307 master_service.cpp:4424] key=concurrent_k_911, error=replica_not_ready
W1008 11:17:19.119377 192309 master_service.cpp:4424] key=concurrent_k_912, error=replica_not_ready
W1008 11:17:19.119391 192308 master_service.cpp:4424] key=concurrent_k_912, error=replica_not_ready
W1008 11:17:19.119426 192307 master_service.cpp:4424] key=concurrent_k_912, error=replica_not_ready
I1008 11:17:19.120237 192289 master_service.cpp:10619] [EVICT-TRIGGER] memory_ratio=0.90625 high_watermark=0.9 need_mem_eviction=0 eviction_ratio=0.05
W1008 11:17:19.120579 192308 master_service.cpp:4424] key=concurrent_k_913, error=replica_not_ready
W1008 11:17:19.120580 192307 master_service.cpp:4424] key=concurrent_k_913, error=replica_not_ready
W1008 11:17:19.120599 192309 master_service.cpp:4424] key=concurrent_k_913, error=replica_not_ready
W1008 11:17:19.121997 192309 master_service.cpp:4424] key=concurrent_k_914, error=replica_not_ready
W1008 11:17:19.122045 192308 master_service.cpp:4424] key=concurrent_k_914, error=replica_not_ready
W1008 11:17:19.122125 192307 master_service.cpp:4424] key=concurrent_k_914, error=replica_not_ready
W1008 11:17:19.122727 192308 master_service.cpp:4424] key=concurrent_k_915, error=replica_not_ready
W1008 11:17:19.122974 192309 master_service.cpp:4424] key=concurrent_k_915, error=replica_not_ready
W1008 11:17:19.123116 192309 master_service.cpp:4424] key=concurrent_k_915, error=replica_not_ready
I1008 11:17:19.123479 192289 master_service.cpp:12526] [EVICT-RESULT] evicted_count=27, eviction_base=464, actual_evict_ratio=0.0581897, target_evict_ratio=0.05625
I1008 11:17:19.123534 192289 master_service.cpp:10630] [EVICT-DONE] BatchEvict execution completed.
W1008 11:17:19.123661 192308 master_service.cpp:4424] key=concurrent_k_916, error=replica_not_ready
W1008 11:17:19.123764 192309 master_service.cpp:4424] key=concurrent_k_916, error=replica_not_ready
W1008 11:17:19.123862 192308 master_service.cpp:4424] key=concurrent_k_916, error=replica_not_ready
W1008 11:17:19.124682 192309 master_service.cpp:4424] key=concurrent_k_917, error=replica_not_ready
W1008 11:17:19.124711 192308 master_service.cpp:4424] key=concurrent_k_917, error=replica_not_ready
W1008 11:17:19.124754 192307 master_service.cpp:4424] key=concurrent_k_917, error=replica_not_ready
W1008 11:17:19.125418 192309 master_service.cpp:4424] key=concurrent_k_918, error=replica_not_ready
W1008 11:17:19.125494 192307 master_service.cpp:4424] key=concurrent_k_918, error=replica_not_ready
W1008 11:17:19.125540 192309 master_service.cpp:4424] key=concurrent_k_918, error=replica_not_ready
W1008 11:17:19.126564 192309 master_service.cpp:4424] key=concurrent_k_919, error=replica_not_ready
W1008 11:17:19.126569 192308 master_service.cpp:4424] key=concurrent_k_919, error=replica_not_ready
W1008 11:17:19.126606 192307 master_service.cpp:4424] key=concurrent_k_919, error=replica_not_ready
W1008 11:17:19.127564 192309 master_service.cpp:4424] key=concurrent_k_920, error=replica_not_ready
W1008 11:17:19.127604 192307 master_service.cpp:4424] key=concurrent_k_920, error=replica_not_ready
W1008 11:17:19.127615 192308 master_service.cpp:4424] key=concurrent_k_920, error=replica_not_ready
W1008 11:17:19.128260 192309 master_service.cpp:4424] key=concurrent_k_921, error=replica_not_ready
W1008 11:17:19.128346 192308 master_service.cpp:4424] key=concurrent_k_921, error=replica_not_ready
W1008 11:17:19.129163 192309 master_service.cpp:4424] key=concurrent_k_922, error=replica_not_ready
W1008 11:17:19.129261 192308 master_service.cpp:4424] key=concurrent_k_922, error=replica_not_ready
W1008 11:17:19.129321 192307 master_service.cpp:4424] key=concurrent_k_922, error=replica_not_ready
W1008 11:17:19.130038 192309 master_service.cpp:4424] key=concurrent_k_923, error=replica_not_ready
W1008 11:17:19.130045 192308 master_service.cpp:4424] key=concurrent_k_923, error=replica_not_ready
W1008 11:17:19.130256 192309 master_service.cpp:4424] key=concurrent_k_923, error=replica_not_ready
W1008 11:17:19.131281 192308 master_service.cpp:4424] key=concurrent_k_924, error=replica_not_ready
W1008 11:17:19.131295 192309 master_service.cpp:4424] key=concurrent_k_924, error=replica_not_ready
W1008 11:17:19.131381 192306 master_service.cpp:4424] key=concurrent_k_924, error=replica_not_ready
W1008 11:17:19.132555 192309 master_service.cpp:4424] key=concurrent_k_925, error=replica_not_ready
W1008 11:17:19.132582 192308 master_service.cpp:4424] key=concurrent_k_925, error=replica_not_ready
W1008 11:17:19.132753 192309 master_service.cpp:4424] key=concurrent_k_925, error=replica_not_ready
W1008 11:17:19.133553 192309 master_service.cpp:4424] key=concurrent_k_926, error=replica_not_ready
W1008 11:17:19.133569 192308 master_service.cpp:4424] key=concurrent_k_926, error=replica_not_ready
W1008 11:17:19.133576 192307 master_service.cpp:4424] key=concurrent_k_926, error=replica_not_ready
W1008 11:17:19.134877 192309 master_service.cpp:4424] key=concurrent_k_927, error=replica_not_ready
W1008 11:17:19.134905 192308 master_service.cpp:4424] key=concurrent_k_927, error=replica_not_ready
W1008 11:17:19.134936 192307 master_service.cpp:4424] key=concurrent_k_927, error=replica_not_ready
W1008 11:17:19.136195 192309 master_service.cpp:4424] key=concurrent_k_928, error=replica_not_ready
W1008 11:17:19.136212 192307 master_service.cpp:4424] key=concurrent_k_928, error=replica_not_ready
W1008 11:17:19.136216 192308 master_service.cpp:4424] key=concurrent_k_928, error=replica_not_ready
W1008 11:17:19.137511 192309 master_service.cpp:4424] key=concurrent_k_929, error=replica_not_ready
W1008 11:17:19.137518 192308 master_service.cpp:4424] key=concurrent_k_929, error=replica_not_ready
W1008 11:17:19.137544 192307 master_service.cpp:4424] key=concurrent_k_929, error=replica_not_ready
W1008 11:17:19.138746 192309 master_service.cpp:4424] key=concurrent_k_930, error=replica_not_ready
W1008 11:17:19.138768 192308 master_service.cpp:4424] key=concurrent_k_930, error=replica_not_ready
W1008 11:17:19.138981 192309 master_service.cpp:4424] key=concurrent_k_930, error=replica_not_ready
W1008 11:17:19.140057 192309 master_service.cpp:4424] key=concurrent_k_931, error=replica_not_ready
W1008 11:17:19.140085 192308 master_service.cpp:4424] key=concurrent_k_931, error=replica_not_ready
W1008 11:17:19.140166 192307 master_service.cpp:4424] key=concurrent_k_931, error=replica_not_ready
W1008 11:17:19.141305 192309 master_service.cpp:4424] key=concurrent_k_932, error=replica_not_ready
W1008 11:17:19.141335 192308 master_service.cpp:4424] key=concurrent_k_932, error=replica_not_ready
W1008 11:17:19.141369 192307 master_service.cpp:4424] key=concurrent_k_932, error=replica_not_ready
W1008 11:17:19.142532 192309 master_service.cpp:4424] key=concurrent_k_933, error=replica_not_ready
W1008 11:17:19.142536 192308 master_service.cpp:4424] key=concurrent_k_933, error=replica_not_ready
W1008 11:17:19.142808 192309 master_service.cpp:4424] key=concurrent_k_933, error=replica_not_ready
W1008 11:17:19.143872 192309 master_service.cpp:4424] key=concurrent_k_934, error=replica_not_ready
W1008 11:17:19.143905 192308 master_service.cpp:4424] key=concurrent_k_934, error=replica_not_ready
W1008 11:17:19.143922 192307 master_service.cpp:4424] key=concurrent_k_934, error=replica_not_ready
W1008 11:17:19.145130 192309 master_service.cpp:4424] key=concurrent_k_935, error=replica_not_ready
W1008 11:17:19.145162 192308 master_service.cpp:4424] key=concurrent_k_935, error=replica_not_ready
W1008 11:17:19.145175 192307 master_service.cpp:4424] key=concurrent_k_935, error=replica_not_ready
W1008 11:17:19.145985 192308 master_service.cpp:4424] key=concurrent_k_936, error=replica_not_ready
W1008 11:17:19.145990 192309 master_service.cpp:4424] key=concurrent_k_936, error=replica_not_ready
W1008 11:17:19.147198 192309 master_service.cpp:4424] key=concurrent_k_937, error=replica_not_ready
W1008 11:17:19.147222 192307 master_service.cpp:4424] key=concurrent_k_937, error=replica_not_ready
W1008 11:17:19.147315 192309 master_service.cpp:4424] key=concurrent_k_937, error=replica_not_ready
W1008 11:17:19.148064 192309 master_service.cpp:4424] key=concurrent_k_938, error=replica_not_ready
W1008 11:17:19.148066 192308 master_service.cpp:4424] key=concurrent_k_938, error=replica_not_ready
W1008 11:17:19.149400 192308 master_service.cpp:4424] key=concurrent_k_939, error=replica_not_ready
W1008 11:17:19.149413 192307 master_service.cpp:4424] key=concurrent_k_939, error=replica_not_ready
W1008 11:17:19.149405 192309 master_service.cpp:4424] key=concurrent_k_939, error=replica_not_ready
W1008 11:17:19.150524 192309 master_service.cpp:4424] key=concurrent_k_940, error=replica_not_ready
W1008 11:17:19.150547 192307 master_service.cpp:4424] key=concurrent_k_940, error=replica_not_ready
W1008 11:17:19.150552 192306 master_service.cpp:4424] key=concurrent_k_940, error=replica_not_ready
W1008 11:17:19.151659 192309 master_service.cpp:4424] key=concurrent_k_941, error=replica_not_ready
W1008 11:17:19.151687 192308 master_service.cpp:4424] key=concurrent_k_941, error=replica_not_ready
W1008 11:17:19.151939 192309 master_service.cpp:4424] key=concurrent_k_941, error=replica_not_ready
W1008 11:17:19.152806 192308 master_service.cpp:4424] key=concurrent_k_942, error=replica_not_ready
W1008 11:17:19.152835 192306 master_service.cpp:4424] key=concurrent_k_942, error=replica_not_ready
W1008 11:17:19.152837 192307 master_service.cpp:4424] key=concurrent_k_942, error=replica_not_ready
I1008 11:17:19.153712 192289 master_service.cpp:10619] [EVICT-TRIGGER] memory_ratio=0.912109 high_watermark=0.9 need_mem_eviction=0 eviction_ratio=0.05
W1008 11:17:19.153957 192308 master_service.cpp:4424] key=concurrent_k_943, error=replica_not_ready
W1008 11:17:19.153959 192307 master_service.cpp:4424] key=concurrent_k_943, error=replica_not_ready
W1008 11:17:19.153960 192306 master_service.cpp:4424] key=concurrent_k_943, error=replica_not_ready
W1008 11:17:19.155007 192309 master_service.cpp:4424] key=concurrent_k_944, error=replica_not_ready
W1008 11:17:19.155035 192308 master_service.cpp:4424] key=concurrent_k_944, error=replica_not_ready
W1008 11:17:19.155503 192309 master_service.cpp:4424] key=concurrent_k_944, error=replica_not_ready
W1008 11:17:19.156370 192309 master_service.cpp:4424] key=concurrent_k_945, error=replica_not_ready
W1008 11:17:19.156432 192307 master_service.cpp:4424] key=concurrent_k_945, error=replica_not_ready
W1008 11:17:19.156461 192308 master_service.cpp:4424] key=concurrent_k_945, error=replica_not_ready
I1008 11:17:19.157069 192289 master_service.cpp:12526] [EVICT-RESULT] evicted_count=30, eviction_base=467, actual_evict_ratio=0.0642398, target_evict_ratio=0.0621094
I1008 11:17:19.157135 192289 master_service.cpp:10630] [EVICT-DONE] BatchEvict execution completed.
W1008 11:17:19.157413 192309 master_service.cpp:4424] key=concurrent_k_946, error=replica_not_ready
W1008 11:17:19.157451 192307 master_service.cpp:4424] key=concurrent_k_946, error=replica_not_ready
W1008 11:17:19.157502 192308 master_service.cpp:4424] key=concurrent_k_946, error=replica_not_ready
W1008 11:17:19.158555 192309 master_service.cpp:4424] key=concurrent_k_947, error=replica_not_ready
W1008 11:17:19.158568 192308 master_service.cpp:4424] key=concurrent_k_947, error=replica_not_ready
W1008 11:17:19.158594 192307 master_service.cpp:4424] key=concurrent_k_947, error=replica_not_ready
W1008 11:17:19.159626 192309 master_service.cpp:4424] key=concurrent_k_948, error=replica_not_ready
W1008 11:17:19.159660 192308 master_service.cpp:4424] key=concurrent_k_948, error=replica_not_ready
W1008 11:17:19.159953 192309 master_service.cpp:4424] key=concurrent_k_948, error=replica_not_ready
W1008 11:17:19.160929 192306 master_service.cpp:4424] key=concurrent_k_949, error=replica_not_ready
W1008 11:17:19.160984 192307 master_service.cpp:4424] key=concurrent_k_949, error=replica_not_ready
W1008 11:17:19.160995 192308 master_service.cpp:4424] key=concurrent_k_949, error=replica_not_ready
W1008 11:17:19.161631 192309 master_service.cpp:4424] key=concurrent_k_950, error=replica_not_ready
W1008 11:17:19.161657 192308 master_service.cpp:4424] key=concurrent_k_950, error=replica_not_ready
W1008 11:17:19.162722 192308 master_service.cpp:4424] key=concurrent_k_951, error=replica_not_ready
W1008 11:17:19.162729 192309 master_service.cpp:4424] key=concurrent_k_951, error=replica_not_ready
W1008 11:17:19.163034 192309 master_service.cpp:4424] key=concurrent_k_951, error=replica_not_ready
W1008 11:17:19.163908 192309 master_service.cpp:4424] key=concurrent_k_952, error=replica_not_ready
W1008 11:17:19.163941 192308 master_service.cpp:4424] key=concurrent_k_952, error=replica_not_ready
W1008 11:17:19.164099 192309 master_service.cpp:4424] key=concurrent_k_952, error=replica_not_ready
W1008 11:17:19.165115 192308 master_service.cpp:4424] key=concurrent_k_953, error=replica_not_ready
W1008 11:17:19.165117 192309 master_service.cpp:4424] key=concurrent_k_953, error=replica_not_ready
W1008 11:17:19.165159 192307 master_service.cpp:4424] key=concurrent_k_953, error=replica_not_ready
W1008 11:17:19.166304 192309 master_service.cpp:4424] key=concurrent_k_954, error=replica_not_ready
W1008 11:17:19.166339 192308 master_service.cpp:4424] key=concurrent_k_954, error=replica_not_ready
W1008 11:17:19.166343 192307 master_service.cpp:4424] key=concurrent_k_954, error=replica_not_ready
W1008 11:17:19.167004 192308 master_service.cpp:4424] key=concurrent_k_955, error=replica_not_ready
W1008 11:17:19.167070 192307 master_service.cpp:4424] key=concurrent_k_955, error=replica_not_ready
W1008 11:17:19.168115 192309 master_service.cpp:4424] key=concurrent_k_956, error=replica_not_ready
W1008 11:17:19.168144 192307 master_service.cpp:4424] key=concurrent_k_956, error=replica_not_ready
W1008 11:17:19.168356 192309 master_service.cpp:4424] key=concurrent_k_956, error=replica_not_ready
W1008 11:17:19.169323 192309 master_service.cpp:4424] key=concurrent_k_957, error=replica_not_ready
W1008 11:17:19.169358 192308 master_service.cpp:4424] key=concurrent_k_957, error=replica_not_ready
W1008 11:17:19.169636 192309 master_service.cpp:4424] key=concurrent_k_957, error=replica_not_ready
W1008 11:17:19.170475 192309 master_service.cpp:4424] key=concurrent_k_958, error=replica_not_ready
W1008 11:17:19.170503 192308 master_service.cpp:4424] key=concurrent_k_958, error=replica_not_ready
W1008 11:17:19.170532 192307 master_service.cpp:4424] key=concurrent_k_958, error=replica_not_ready
W1008 11:17:19.171684 192309 master_service.cpp:4424] key=concurrent_k_959, error=replica_not_ready
W1008 11:17:19.171700 192308 master_service.cpp:4424] key=concurrent_k_959, error=replica_not_ready
W1008 11:17:19.171707 192307 master_service.cpp:4424] key=concurrent_k_959, error=replica_not_ready
W1008 11:17:19.172948 192309 master_service.cpp:4424] key=concurrent_k_960, error=replica_not_ready
W1008 11:17:19.172948 192308 master_service.cpp:4424] key=concurrent_k_960, error=replica_not_ready
W1008 11:17:19.172967 192307 master_service.cpp:4424] key=concurrent_k_960, error=replica_not_ready
W1008 11:17:19.174062 192309 master_service.cpp:4424] key=concurrent_k_961, error=replica_not_ready
W1008 11:17:19.174106 192308 master_service.cpp:4424] key=concurrent_k_961, error=replica_not_ready
W1008 11:17:19.174129 192307 master_service.cpp:4424] key=concurrent_k_961, error=replica_not_ready
W1008 11:17:19.174724 192309 master_service.cpp:4424] key=concurrent_k_962, error=replica_not_ready
W1008 11:17:19.174777 192308 master_service.cpp:4424] key=concurrent_k_962, error=replica_not_ready
W1008 11:17:19.175472 192309 master_service.cpp:4424] key=concurrent_k_963, error=replica_not_ready
W1008 11:17:19.175477 192308 master_service.cpp:4424] key=concurrent_k_963, error=replica_not_ready
W1008 11:17:19.175557 192307 master_service.cpp:4424] key=concurrent_k_963, error=replica_not_ready
W1008 11:17:19.176188 192308 master_service.cpp:4424] key=concurrent_k_964, error=replica_not_ready
W1008 11:17:19.176196 192309 master_service.cpp:4424] key=concurrent_k_964, error=replica_not_ready
W1008 11:17:19.176837 192309 master_service.cpp:4424] key=concurrent_k_965, error=replica_not_ready
W1008 11:17:19.177018 192309 master_service.cpp:4424] key=concurrent_k_964, error=replica_not_ready
I1008 11:17:19.177260 192289 master_service.cpp:10619] [EVICT-TRIGGER] memory_ratio=0.900391 high_watermark=0.9 need_mem_eviction=0 eviction_ratio=0.05
W1008 11:17:19.178236 192309 master_service.cpp:4424] key=concurrent_k_967, error=replica_not_ready
W1008 11:17:19.180060 192309 master_service.cpp:4424] key=concurrent_k_969, error=replica_not_ready
W1008 11:17:19.180202 192309 master_service.cpp:4424] key=concurrent_k_969, error=replica_not_ready
I1008 11:17:19.180590 192289 master_service.cpp:12526] [EVICT-RESULT] evicted_count=24, eviction_base=461, actual_evict_ratio=0.0520607, target_evict_ratio=0.0503906
I1008 11:17:19.180646 192289 master_service.cpp:10630] [EVICT-DONE] BatchEvict execution completed.
W1008 11:17:19.180816 192309 master_service.cpp:4424] key=concurrent_k_970, error=replica_not_ready
W1008 11:17:19.180861 192308 master_service.cpp:4424] key=concurrent_k_970, error=replica_not_ready
W1008 11:17:19.181457 192309 master_service.cpp:4424] key=concurrent_k_971, error=replica_not_ready
W1008 11:17:19.181573 192309 master_service.cpp:4424] key=concurrent_k_971, error=replica_not_ready
W1008 11:17:19.182152 192309 master_service.cpp:4424] key=concurrent_k_972, error=replica_not_ready
W1008 11:17:19.182562 192309 master_service.cpp:4424] key=concurrent_k_972, error=replica_not_ready
W1008 11:17:19.183079 192309 master_service.cpp:4424] key=concurrent_k_973, error=replica_not_ready
W1008 11:17:19.183106 192308 master_service.cpp:4424] key=concurrent_k_973, error=replica_not_ready
W1008 11:17:19.183555 192309 master_service.cpp:4424] key=concurrent_k_974, error=replica_not_ready
W1008 11:17:19.183612 192308 master_service.cpp:4424] key=concurrent_k_973, error=replica_not_ready
W1008 11:17:19.184154 192309 master_service.cpp:4424] key=concurrent_k_974, error=replica_not_ready
W1008 11:17:19.184537 192309 master_service.cpp:4424] key=concurrent_k_975, error=replica_not_ready
W1008 11:17:19.184998 192309 master_service.cpp:4424] key=concurrent_k_976, error=replica_not_ready
W1008 11:17:19.185124 192309 master_service.cpp:4424] key=concurrent_k_976, error=replica_not_ready
W1008 11:17:19.185523 192308 master_service.cpp:4424] key=concurrent_k_977, error=replica_not_ready
W1008 11:17:19.185633 192309 master_service.cpp:4424] key=concurrent_k_976, error=replica_not_ready
W1008 11:17:19.186431 192309 master_service.cpp:4424] key=concurrent_k_978, error=replica_not_ready
W1008 11:17:19.186481 192308 master_service.cpp:4424] key=concurrent_k_978, error=replica_not_ready
W1008 11:17:19.186896 192309 master_service.cpp:4424] key=concurrent_k_979, error=replica_not_ready
W1008 11:17:19.186960 192307 master_service.cpp:4424] key=concurrent_k_979, error=replica_not_ready
W1008 11:17:19.187041 192308 master_service.cpp:4424] key=concurrent_k_979, error=replica_not_ready
W1008 11:17:19.187424 192309 master_service.cpp:4424] key=concurrent_k_980, error=replica_not_ready
W1008 11:17:19.187493 192307 master_service.cpp:4424] key=concurrent_k_980, error=replica_not_ready
W1008 11:17:19.187857 192308 master_service.cpp:4424] key=concurrent_k_980, error=replica_not_ready
W1008 11:17:19.187908 192309 master_service.cpp:4424] key=concurrent_k_981, error=replica_not_ready
W1008 11:17:19.188274 192309 master_service.cpp:4424] key=concurrent_k_981, error=replica_not_ready
W1008 11:17:19.188419 192308 master_service.cpp:4424] key=concurrent_k_981, error=replica_not_ready
W1008 11:17:19.188614 192309 master_service.cpp:4424] key=concurrent_k_982, error=replica_not_ready
W1008 11:17:19.188808 192308 master_service.cpp:4424] key=concurrent_k_982, error=replica_not_ready
W1008 11:17:19.188822 192309 master_service.cpp:4424] key=concurrent_k_982, error=replica_not_ready
W1008 11:17:19.189218 192309 master_service.cpp:4424] key=concurrent_k_983, error=replica_not_ready
W1008 11:17:19.189260 192308 master_service.cpp:4424] key=concurrent_k_983, error=replica_not_ready
W1008 11:17:19.189399 192309 master_service.cpp:4424] key=concurrent_k_983, error=replica_not_ready
W1008 11:17:19.189710 192308 master_service.cpp:4424] key=concurrent_k_984, error=replica_not_ready
W1008 11:17:19.189772 192309 master_service.cpp:4424] key=concurrent_k_984, error=replica_not_ready
W1008 11:17:19.190037 192309 master_service.cpp:4424] key=concurrent_k_984, error=replica_not_ready
W1008 11:17:19.190197 192309 master_service.cpp:4424] key=concurrent_k_985, error=replica_not_ready
W1008 11:17:19.190435 192309 master_service.cpp:4424] key=concurrent_k_985, error=replica_not_ready
W1008 11:17:19.190716 192309 master_service.cpp:4424] key=concurrent_k_985, error=replica_not_ready
W1008 11:17:19.190856 192309 master_service.cpp:4424] key=concurrent_k_986, error=replica_not_ready
W1008 11:17:19.191056 192309 master_service.cpp:4424] key=concurrent_k_986, error=replica_not_ready
W1008 11:17:19.191459 192308 master_service.cpp:4424] key=concurrent_k_987, error=replica_not_ready
W1008 11:17:19.191527 192309 master_service.cpp:4424] key=concurrent_k_987, error=replica_not_ready
W1008 11:17:19.191622 192309 master_service.cpp:4424] key=concurrent_k_987, error=replica_not_ready
W1008 11:17:19.191954 192307 master_service.cpp:4424] key=concurrent_k_988, error=replica_not_ready
W1008 11:17:19.192066 192309 master_service.cpp:4424] key=concurrent_k_988, error=replica_not_ready
W1008 11:17:19.192533 192308 master_service.cpp:4424] key=concurrent_k_988, error=replica_not_ready
W1008 11:17:19.192546 192307 master_service.cpp:4424] key=concurrent_k_989, error=replica_not_ready
W1008 11:17:19.192963 192309 master_service.cpp:4424] key=concurrent_k_989, error=replica_not_ready
W1008 11:17:19.193308 192309 master_service.cpp:4424] key=concurrent_k_990, error=replica_not_ready
W1008 11:17:19.193432 192309 master_service.cpp:4424] key=concurrent_k_990, error=replica_not_ready
W1008 11:17:19.193503 192308 master_service.cpp:4424] key=concurrent_k_990, error=replica_not_ready
W1008 11:17:19.193796 192309 master_service.cpp:4424] key=concurrent_k_991, error=replica_not_ready
W1008 11:17:19.193914 192309 master_service.cpp:4424] key=concurrent_k_991, error=replica_not_ready
W1008 11:17:19.193954 192308 master_service.cpp:4424] key=concurrent_k_991, error=replica_not_ready
W1008 11:17:19.194303 192309 master_service.cpp:4424] key=concurrent_k_992, error=replica_not_ready
W1008 11:17:19.194398 192309 master_service.cpp:4424] key=concurrent_k_992, error=replica_not_ready
W1008 11:17:19.194852 192309 master_service.cpp:4424] key=concurrent_k_993, error=replica_not_ready
W1008 11:17:19.195199 192309 master_service.cpp:4424] key=concurrent_k_993, error=replica_not_ready
W1008 11:17:19.195286 192308 master_service.cpp:4424] key=concurrent_k_993, error=replica_not_ready
W1008 11:17:19.195554 192309 master_service.cpp:4424] key=concurrent_k_994, error=replica_not_ready
W1008 11:17:19.195642 192309 master_service.cpp:4424] key=concurrent_k_994, error=replica_not_ready
W1008 11:17:19.195751 192309 master_service.cpp:4424] key=concurrent_k_994, error=replica_not_ready
W1008 11:17:19.196059 192308 master_service.cpp:4424] key=concurrent_k_995, error=replica_not_ready
W1008 11:17:19.196108 192309 master_service.cpp:4424] key=concurrent_k_995, error=replica_not_ready
W1008 11:17:19.196308 192309 master_service.cpp:4424] key=concurrent_k_995, error=replica_not_ready
W1008 11:17:19.196519 192309 master_service.cpp:4424] key=concurrent_k_996, error=replica_not_ready
W1008 11:17:19.196720 192308 master_service.cpp:4424] key=concurrent_k_996, error=replica_not_ready
W1008 11:17:19.196978 192309 master_service.cpp:4424] key=concurrent_k_996, error=replica_not_ready
W1008 11:17:19.197161 192309 master_service.cpp:4424] key=concurrent_k_997, error=replica_not_ready
W1008 11:17:19.197341 192309 master_service.cpp:4424] key=concurrent_k_997, error=replica_not_ready
W1008 11:17:19.197671 192309 master_service.cpp:4424] key=concurrent_k_998, error=replica_not_ready
W1008 11:17:19.197858 192309 master_service.cpp:4424] key=concurrent_k_998, error=replica_not_ready
W1008 11:17:19.197885 192308 master_service.cpp:4424] key=concurrent_k_998, error=replica_not_ready
W1008 11:17:19.198251 192309 master_service.cpp:4424] key=concurrent_k_999, error=replica_not_ready
W1008 11:17:19.198352 192309 master_service.cpp:4424] key=concurrent_k_999, error=replica_not_ready
I1008 11:17:19.200771 192289 master_service.cpp:10619] [EVICT-TRIGGER] memory_ratio=0.917969 high_watermark=0.9 need_mem_eviction=0 eviction_ratio=0.05
I1008 11:17:19.203975 192289 master_service.cpp:12526] [EVICT-RESULT] evicted_count=32, eviction_base=470, actual_evict_ratio=0.0680851, target_evict_ratio=0.0679687
I1008 11:17:19.204061 192289 master_service.cpp:10630] [EVICT-DONE] BatchEvict execution completed.
I1008 11:17:27.910624 192296 master_admin_service.cpp:315] Master Admin Metrics: role=leader, state=serving, service_ready=true, master={Mem Storage: 79.00 MB / 512.00 MB (15.4%) | NVMe-oF SSD: 0 B / 0 B | SSD Storage: 79.00 MB / infinite | Keys: 79 (soft-pinned: 0) | Clients: 1 | Requests (Success/Total per sec): PutStart=107.90/407.88, PutEnd=215.79/215.79, PutRevoke=0.00/0.00, Get=411.88/699.97, Exist=0.00/0.00, Del=100.00/100.00, DelAll=0.00/0.00, Ping=1.00/1.00, CopyStart=0.00/0.00, CopyEnd=0.00/0.00, CopyRevoke=0.00/0.00, MoveStart=0.00/0.00, MoveEnd=0.00/0.00, MoveRevoke=0.00/0.00, EvictDiskReplica=0.00/0.00 | Batch Requests (per sec, Req=Success/PartialSuccess/Total, Item=Success/Total): PutStart:(Req=0.00/0.00/0.00, Item=0.00/0.00), PutEnd:(Req=0.00/0.00/0.00, Item=0.00/0.00), PutRevoke:(Req=0.00/0.00/0.00, Item=0.00/0.00), Get:(Req=0.00/0.00/0.00, Item=0.00/0.00), ExistKey:(Req=0.00/0.00/0.00, Item=0.00/0.00), QueryIp:(Req=0.00/0.00/0.00, Item=0.00/0.00), Clear:(Req=0.00/0.00/0.00, Item=0.00/0.00), CreateMoveTask:(Req=0.00/0.00), CreateCopyTask:(Req=0.00/0.00), QueryTask:(Req=0.00/0.00), FetchTasks:(Req=1.00/1.00), MarkTaskToComplete:(Req=0.00/0.00) | Eviction: Success/Attempts=42/42, AllocFail=0, PartialAlloc=0, keys=1104, size=1.08 GB | Mem Eviction: Success/Attempts=42/42, keys=1104, size=1.08 GB | NoF Eviction: Success/Attempts=0/0, keys=0, size=0 B | Discard: Released/Total=0/0, StagingSize=0 B | Promotion: in_flight=0, admitted=0, completed=0, failed=0, cancelled=0, expired=0, bytes=0 B, rejected(freq/wm/cap)=0/0/0 | Snapshots: Success=0, Fail=0}, ha={HA Metrics Summary: last_seq=0, applied_seq=0, lag=0, pending=0, mutation_queue=0, batch_commits=0, sync_commits=0, skipped=0, checksum_fail=0, etcd_fail=0, watch_disconn=0, state=0, writer_accepting=false, writer_retry_count=0, writer_retry_delay_ms=0, writer_waiting_slots=0, writer_committed_queue=0, writer_callback_queue=0, writer_durable_batch=0, writer_durable_seq=0, writer_last_error=0}
I1008 11:17:29.963333 192289 master_service.cpp:10619] [EVICT-TRIGGER] memory_ratio=0.900391 high_watermark=0.9 need_mem_eviction=0 eviction_ratio=0.05
I1008 11:17:29.966789 192289 master_service.cpp:12526] [EVICT-RESULT] evicted_count=24, eviction_base=461, actual_evict_ratio=0.0520607, target_evict_ratio=0.0503906
I1008 11:17:29.966835 192289 master_service.cpp:10630] [EVICT-DONE] BatchEvict execution completed.
I1008 11:17:30.097585 192289 master_service.cpp:10619] [EVICT-TRIGGER] memory_ratio=0.902344 high_watermark=0.9 need_mem_eviction=0 eviction_ratio=0.05
I1008 11:17:30.100800 192289 master_service.cpp:12526] [EVICT-RESULT] evicted_count=25, eviction_base=462, actual_evict_ratio=0.0541126, target_evict_ratio=0.0523437
I1008 11:17:30.100840 192289 master_service.cpp:10630] [EVICT-DONE] BatchEvict execution completed.
I1008 11:17:30.221571 192289 master_service.cpp:10619] [EVICT-TRIGGER] memory_ratio=0.902344 high_watermark=0.9 need_mem_eviction=0 eviction_ratio=0.05
I1008 11:17:30.224810 192289 master_service.cpp:12526] [EVICT-RESULT] evicted_count=25, eviction_base=462, actual_evict_ratio=0.0541126, target_evict_ratio=0.0523437
I1008 11:17:30.224855 192289 master_service.cpp:10630] [EVICT-DONE] BatchEvict execution completed.
I1008 11:17:30.345541 192289 master_service.cpp:10619] [EVICT-TRIGGER] memory_ratio=0.904297 high_watermark=0.9 need_mem_eviction=0 eviction_ratio=0.05
I1008 11:17:30.348652 192289 master_service.cpp:12526] [EVICT-RESULT] evicted_count=26, eviction_base=463, actual_evict_ratio=0.0561555, target_evict_ratio=0.0542969
I1008 11:17:30.348691 192289 master_service.cpp:10630] [EVICT-DONE] BatchEvict execution completed.
I1008 11:17:30.469327 192289 master_service.cpp:10619] [EVICT-TRIGGER] memory_ratio=0.902344 high_watermark=0.9 need_mem_eviction=0 eviction_ratio=0.05
I1008 11:17:30.472414 192289 master_service.cpp:12526] [EVICT-RESULT] evicted_count=25, eviction_base=462, actual_evict_ratio=0.0541126, target_evict_ratio=0.0523437
I1008 11:17:30.472482 192289 master_service.cpp:10630] [EVICT-DONE] BatchEvict execution completed.
I1008 11:17:30.593164 192289 master_service.cpp:10619] [EVICT-TRIGGER] memory_ratio=0.902344 high_watermark=0.9 need_mem_eviction=0 eviction_ratio=0.05
I1008 11:17:30.596271 192289 master_service.cpp:12526] [EVICT-RESULT] evicted_count=25, eviction_base=462, actual_evict_ratio=0.0541126, target_evict_ratio=0.0523437
I1008 11:17:30.596310 192289 master_service.cpp:10630] [EVICT-DONE] BatchEvict execution completed.
I1008 11:17:30.706943 192289 master_service.cpp:10619] [EVICT-TRIGGER] memory_ratio=0.900391 high_watermark=0.9 need_mem_eviction=0 eviction_ratio=0.05
I1008 11:17:30.709903 192289 master_service.cpp:12526] [EVICT-RESULT] evicted_count=24, eviction_base=461, actual_evict_ratio=0.0520607, target_evict_ratio=0.0503906
I1008 11:17:30.709942 192289 master_service.cpp:10630] [EVICT-DONE] BatchEvict execution completed.
I1008 11:17:30.830657 192289 master_service.cpp:10619] [EVICT-TRIGGER] memory_ratio=0.902344 high_watermark=0.9 need_mem_eviction=0 eviction_ratio=0.05
I1008 11:17:30.833954 192289 master_service.cpp:12526] [EVICT-RESULT] evicted_count=25, eviction_base=462, actual_evict_ratio=0.0541126, target_evict_ratio=0.0523437
I1008 11:17:30.833997 192289 master_service.cpp:10630] [EVICT-DONE] BatchEvict execution completed.
I1008 11:17:30.954694 192289 master_service.cpp:10619] [EVICT-TRIGGER] memory_ratio=0.902344 high_watermark=0.9 need_mem_eviction=0 eviction_ratio=0.05
I1008 11:17:30.957979 192289 master_service.cpp:12526] [EVICT-RESULT] evicted_count=25, eviction_base=462, actual_evict_ratio=0.0541126, target_evict_ratio=0.0523437
I1008 11:17:30.958032 192289 master_service.cpp:10630] [EVICT-DONE] BatchEvict execution completed.
I1008 11:17:31.078715 192289 master_service.cpp:10619] [EVICT-TRIGGER] memory_ratio=0.902344 high_watermark=0.9 need_mem_eviction=0 eviction_ratio=0.05
I1008 11:17:31.081800 192289 master_service.cpp:12526] [EVICT-RESULT] evicted_count=25, eviction_base=462, actual_evict_ratio=0.0541126, target_evict_ratio=0.0523437
I1008 11:17:31.081840 192289 master_service.cpp:10630] [EVICT-DONE] BatchEvict execution completed.
I1008 11:17:31.202525 192289 master_service.cpp:10619] [EVICT-TRIGGER] memory_ratio=0.902344 high_watermark=0.9 need_mem_eviction=0 eviction_ratio=0.05
I1008 11:17:31.205837 192289 master_service.cpp:12526] [EVICT-RESULT] evicted_count=25, eviction_base=462, actual_evict_ratio=0.0541126, target_evict_ratio=0.0523437
I1008 11:17:31.205884 192289 master_service.cpp:10630] [EVICT-DONE] BatchEvict execution completed.
I1008 11:17:31.326568 192289 master_service.cpp:10619] [EVICT-TRIGGER] memory_ratio=0.902344 high_watermark=0.9 need_mem_eviction=0 eviction_ratio=0.05
I1008 11:17:31.329609 192289 master_service.cpp:12526] [EVICT-RESULT] evicted_count=25, eviction_base=463, actual_evict_ratio=0.0539957, target_evict_ratio=0.0523437
I1008 11:17:31.329646 192289 master_service.cpp:10630] [EVICT-DONE] BatchEvict execution completed.
I1008 11:17:31.440271 192289 master_service.cpp:10619] [EVICT-TRIGGER] memory_ratio=0.900391 high_watermark=0.9 need_mem_eviction=0 eviction_ratio=0.05
I1008 11:17:31.443233 192289 master_service.cpp:12526] [EVICT-RESULT] evicted_count=24, eviction_base=461, actual_evict_ratio=0.0520607, target_evict_ratio=0.0503906
I1008 11:17:31.443267 192289 master_service.cpp:10630] [EVICT-DONE] BatchEvict execution completed.
I1008 11:17:31.563948 192289 master_service.cpp:10619] [EVICT-TRIGGER] memory_ratio=0.902344 high_watermark=0.9 need_mem_eviction=0 eviction_ratio=0.05
I1008 11:17:31.566983 192289 master_service.cpp:12526] [EVICT-RESULT] evicted_count=25, eviction_base=462, actual_evict_ratio=0.0541126, target_evict_ratio=0.0523437
I1008 11:17:31.567021 192289 master_service.cpp:10630] [EVICT-DONE] BatchEvict execution completed.
I1008 11:17:31.687711 192289 master_service.cpp:10619] [EVICT-TRIGGER] memory_ratio=0.902344 high_watermark=0.9 need_mem_eviction=0 eviction_ratio=0.05
I1008 11:17:31.690775 192289 master_service.cpp:12526] [EVICT-RESULT] evicted_count=25, eviction_base=462, actual_evict_ratio=0.0541126, target_evict_ratio=0.0523437
I1008 11:17:31.690840 192289 master_service.cpp:10630] [EVICT-DONE] BatchEvict execution completed.
I1008 11:17:31.801466 192289 master_service.cpp:10619] [EVICT-TRIGGER] memory_ratio=0.900391 high_watermark=0.9 need_mem_eviction=0 eviction_ratio=0.05
I1008 11:17:31.804603 192289 master_service.cpp:12526] [EVICT-RESULT] evicted_count=24, eviction_base=461, actual_evict_ratio=0.0520607, target_evict_ratio=0.0503906
I1008 11:17:31.804639 192289 master_service.cpp:10630] [EVICT-DONE] BatchEvict execution completed.
I1008 11:17:31.925323 192289 master_service.cpp:10619] [EVICT-TRIGGER] memory_ratio=0.902344 high_watermark=0.9 need_mem_eviction=0 eviction_ratio=0.05
I1008 11:17:31.928342 192289 master_service.cpp:12526] [EVICT-RESULT] evicted_count=25, eviction_base=462, actual_evict_ratio=0.0541126, target_evict_ratio=0.0523437
I1008 11:17:31.928377 192289 master_service.cpp:10630] [EVICT-DONE] BatchEvict execution completed.
I1008 11:17:32.049058 192289 master_service.cpp:10619] [EVICT-TRIGGER] memory_ratio=0.902344 high_watermark=0.9 need_mem_eviction=0 eviction_ratio=0.05
I1008 11:17:32.052112 192289 master_service.cpp:12526] [EVICT-RESULT] evicted_count=25, eviction_base=462, actual_evict_ratio=0.0541126, target_evict_ratio=0.0523437
I1008 11:17:32.052148 192289 master_service.cpp:10630] [EVICT-DONE] BatchEvict execution completed.
I1008 11:17:32.172828 192289 master_service.cpp:10619] [EVICT-TRIGGER] memory_ratio=0.902344 high_watermark=0.9 need_mem_eviction=0 eviction_ratio=0.05
I1008 11:17:32.180660 192289 master_service.cpp:12526] [EVICT-RESULT] evicted_count=25, eviction_base=462, actual_evict_ratio=0.0541126, target_evict_ratio=0.0523437
I1008 11:17:32.180745 192289 master_service.cpp:10630] [EVICT-DONE] BatchEvict execution completed.
I1008 11:17:32.291375 192289 master_service.cpp:10619] [EVICT-TRIGGER] memory_ratio=0.900391 high_watermark=0.9 need_mem_eviction=0 eviction_ratio=0.05
I1008 11:17:32.294854 192289 master_service.cpp:12526] [EVICT-RESULT] evicted_count=24, eviction_base=461, actual_evict_ratio=0.0520607, target_evict_ratio=0.0503906
I1008 11:17:32.294903 192289 master_service.cpp:10630] [EVICT-DONE] BatchEvict execution completed.
I1008 11:17:32.415583 192289 master_service.cpp:10619] [EVICT-TRIGGER] memory_ratio=0.902344 high_watermark=0.9 need_mem_eviction=0 eviction_ratio=0.05
I1008 11:17:32.419126 192289 master_service.cpp:12526] [EVICT-RESULT] evicted_count=25, eviction_base=462, actual_evict_ratio=0.0541126, target_evict_ratio=0.0523437
I1008 11:17:32.419162 192289 master_service.cpp:10630] [EVICT-DONE] BatchEvict execution completed.
I1008 11:17:32.529783 192289 master_service.cpp:10619] [EVICT-TRIGGER] memory_ratio=0.900391 high_watermark=0.9 need_mem_eviction=0 eviction_ratio=0.05
I1008 11:17:32.533255 192289 master_service.cpp:12526] [EVICT-RESULT] evicted_count=24, eviction_base=461, actual_evict_ratio=0.0520607, target_evict_ratio=0.0503906
I1008 11:17:32.533289 192289 master_service.cpp:10630] [EVICT-DONE] BatchEvict execution completed.
I1008 11:17:37.910970 192296 master_admin_service.cpp:315] Master Admin Metrics: role=leader, state=serving, service_ready=true, master={Mem Storage: 455.00 MB / 512.00 MB (88.9%) | NVMe-oF SSD: 0 B / 0 B | SSD Storage: 1000.00 MB / infinite | Keys: 1000 (soft-pinned: 0) | Clients: 1 | Requests (Success/Total per sec): PutStart=92.10/92.10, PutEnd=184.19/184.19, PutRevoke=0.00/0.00, Get=20.60/20.60, Exist=0.00/0.00, Del=0.00/0.00, DelAll=0.00/0.00, Ping=1.00/1.00, CopyStart=0.00/0.00, CopyEnd=0.00/0.00, CopyRevoke=0.00/0.00, MoveStart=0.00/0.00, MoveEnd=0.00/0.00, MoveRevoke=0.00/0.00, EvictDiskReplica=0.00/0.00 | Batch Requests (per sec, Req=Success/PartialSuccess/Total, Item=Success/Total): PutStart:(Req=0.00/0.00/0.00, Item=0.00/0.00), PutEnd:(Req=0.00/0.00/0.00, Item=0.00/0.00), PutRevoke:(Req=0.00/0.00/0.00, Item=0.00/0.00), Get:(Req=0.00/0.00/0.00, Item=0.00/0.00), ExistKey:(Req=0.00/0.00/0.00, Item=0.00/0.00), QueryIp:(Req=0.00/0.00/0.00, Item=0.00/0.00), Clear:(Req=0.00/0.00/0.00, Item=0.00/0.00), CreateMoveTask:(Req=0.00/0.00), CreateCopyTask:(Req=0.00/0.00), QueryTask:(Req=0.00/0.00), FetchTasks:(Req=1.00/1.00), MarkTaskToComplete:(Req=0.00/0.00) | Eviction: Success/Attempts=64/64, AllocFail=0, PartialAlloc=0, keys=1649, size=1.61 GB | Mem Eviction: Success/Attempts=64/64, keys=1649, size=1.61 GB | NoF Eviction: Success/Attempts=0/0, keys=0, size=0 B | Discard: Released/Total=0/0, StagingSize=0 B | Promotion: in_flight=0, admitted=0, completed=0, failed=0, cancelled=0, expired=0, bytes=0 B, rejected(freq/wm/cap)=0/0/0 | Snapshots: Success=0, Fail=0}, ha={HA Metrics Summary: last_seq=0, applied_seq=0, lag=0, pending=0, mutation_queue=0, batch_commits=0, sync_commits=0, skipped=0, checksum_fail=0, etcd_fail=0, watch_disconn=0, state=0, writer_accepting=false, writer_retry_count=0, writer_retry_delay_ms=0, writer_waiting_slots=0, writer_committed_queue=0, writer_callback_queue=0, writer_durable_batch=0, writer_durable_seq=0, writer_last_error=0}
I1008 11:17:41.952374 192285 master.cpp:1857] Shutdown signal received, exiting gracefully
I1008 11:17:41.953150 192291 master_service.cpp:3119] Task cleanup thread stopped
I1008 11:17:42.911145 192288 client_offboarding.cpp:163] Client offboarding worker stopped
=== promotion ===
WARNING: Logging before InitGoogleLogging() is written to STDERR
I1008 11:17:42.933220 194606 master.cpp:1548] Mooncake master version: 0.3.13 (git: af797e8e9)
I1008 11:17:42.933444 194606 master.cpp:1683] Master service started on port 50051, max_threads=16, enable_metric_reporting=1, metrics_port=9003, metrics_host=<ip>, default_kv_lease_ttl=500, default_kv_soft_pin_ttl=1800000, max_kv_soft_pin_ttl=86400000, allow_evict_soft_pinned_objects=1, eviction_ratio=0.05, eviction_high_watermark_ratio=0.9, tenant_eviction_high_watermark_ratio=0.9, enable_ha=0, enable_oplog=0, weight_management_oplog_capability_confirmed=0, enable_oplog_snapshot=0, snapshot_chunk_object_count=1000000, enable_offload=1, enable_kv_events=0, kv_events_bind_endpoint=, kv_events_backend_id=, offload_on_evict=1, offload_force_evict=0, offloading_queue_limit=50000, offload_cap_ratio=0.5, ha_backend_type=etcd, ha_backend_connstring=, etcd_endpoints=, client_active_ttl_sec=10, client_suspicion_ttl_sec=20, rpc_thread_num=16, rpc_port=50051, rpc_address=<ip>, rpc_interface=, rpc_conn_timeout_seconds=0, rpc_enable_tcp_no_delay=1, rpc protocol=tcp, cluster_id=mooncake_cluster, root_fs_dir=/tmp/mooncake_ci_promotion, global_file_segment_size=9223372036854775807, memory_allocator=offset, enable_http_metadata_server=0, http_metadata_server_port=8080, http_metadata_server_host=<ip>, enable_metadata_cleanup_on_timeout=0, put_start_discard_timeout_sec=30, put_start_release_timeout_sec=600, max_total_finished_tasks=10000, max_total_pending_tasks=10000, max_total_processing_tasks=10000, pending_task_timeout_sec=300, processing_task_timeout_sec=300, enable_snapshot=0, enable_snapshot_restore=0, snapshot_interval_seconds=600, snapshot_backup_dir=, snapshot_object_store_type=, snapshot_catalog_store_type=, snapshot_retention_count=2, max_retry_attempts=10, enable_cxl=0, cxl_path=/dev/dax0.0, cxl_size=8589934592
I1008 11:17:42.933949 194606 master_service.cpp:381] Offload-on-evict mode enabled: DRAM offload to LOCAL_DISK will occur at eviction time instead of PutEnd
I1008 11:17:42.933977 194606 master_service.cpp:422] Promotion-on-hit mode enabled: LOCAL_DISK-only Gets will queue async promotion to MEMORY (threshold=1, queue_limit=50000, max_per_heartbeat=16)
I1008 11:17:42.934160 194609 client_offboarding.cpp:94] Client offboarding worker started
I1008 11:17:42.934423 194612 master_service.cpp:3096] Task cleanup thread started
I1008 11:17:42.937139 194606 master_admin_service.cpp:324] Master admin server started on port 9003
I1008 11:17:42.937549 194618 master_admin_service.cpp:315] Master Admin Metrics: role=leader, state=serving, service_ready=false, master={Mem Storage: 0 B / 0 B | NVMe-oF SSD: 0 B / 0 B | SSD Storage: 0 B / infinite | Keys: 0 (soft-pinned: 0) | Clients: 0 | Requests (Success/Total per sec): PutStart=0.00/0.00, PutEnd=0.00/0.00, PutRevoke=0.00/0.00, Get=0.00/0.00, Exist=0.00/0.00, Del=0.00/0.00, DelAll=0.00/0.00, Ping=0.00/0.00, CopyStart=0.00/0.00, CopyEnd=0.00/0.00, CopyRevoke=0.00/0.00, MoveStart=0.00/0.00, MoveEnd=0.00/0.00, MoveRevoke=0.00/0.00, EvictDiskReplica=0.00/0.00 | Batch Requests (per sec, Req=Success/PartialSuccess/Total, Item=Success/Total): PutStart:(Req=0.00/0.00/0.00, Item=0.00/0.00), PutEnd:(Req=0.00/0.00/0.00, Item=0.00/0.00), PutRevoke:(Req=0.00/0.00/0.00, Item=0.00/0.00), Get:(Req=0.00/0.00/0.00, Item=0.00/0.00), ExistKey:(Req=0.00/0.00/0.00, Item=0.00/0.00), QueryIp:(Req=0.00/0.00/0.00, Item=0.00/0.00), Clear:(Req=0.00/0.00/0.00, Item=0.00/0.00), CreateMoveTask:(Req=0.00/0.00), CreateCopyTask:(Req=0.00/0.00), QueryTask:(Req=0.00/0.00), FetchTasks:(Req=0.00/0.00), MarkTaskToComplete:(Req=0.00/0.00) | Eviction: Success/Attempts=0/0, AllocFail=0, PartialAlloc=0, keys=0, size=0 B | Mem Eviction: Success/Attempts=0/0, keys=0, size=0 B | NoF Eviction: Success/Attempts=0/0, keys=0, size=0 B | Discard: Released/Total=0/0, StagingSize=0 B | Promotion: in_flight=0, admitted=0, completed=0, failed=0, cancelled=0, expired=0, bytes=0 B, rejected(freq/wm/cap)=0/0/0 | Snapshots: Success=0, Fail=0}, ha={HA Metrics Summary: last_seq=0, applied_seq=0, lag=0, pending=0, mutation_queue=0, batch_commits=0, sync_commits=0, skipped=0, checksum_fail=0, etcd_fail=0, watch_disconn=0, state=0, writer_accepting=false, writer_retry_count=0, writer_retry_delay_ms=0, writer_waiting_slots=0, writer_committed_queue=0, writer_callback_queue=0, writer_durable_batch=0, writer_durable_seq=0, writer_last_error=0}
I1008 11:17:43.148162 194625 master_service.cpp:914] client_id=13350723077928090618-8172109720665866151, action=mount_segment, segment_name=localhost:13279
W1008 11:17:43.149611 194625 segment.cpp:333] segment_name=localhost:13279, warn=segment_already_exists
I1008 11:17:43.328819 194626 rpc_service.cpp:1613] Mount local disk segment with client id is : 13350723077928090618-8172109720665866151, enable offloading is: 1
I1008 11:17:52.937873 194618 master_admin_service.cpp:315] Master Admin Metrics: role=leader, state=serving, service_ready=true, master={Mem Storage: 16.00 KB / 32.00 MB (0.0%) | NVMe-oF SSD: 0 B / 0 B | SSD Storage: 16.00 KB / 2.00 TB | Keys: 16 (soft-pinned: 0) | Clients: 1 | Requests (Success/Total per sec): PutStart=1.60/1.60, PutEnd=3.20/3.20, PutRevoke=0.00/0.00, Get=0.00/0.00, Exist=0.00/0.00, Del=0.00/0.00, DelAll=0.00/0.00, Ping=1.00/1.00, CopyStart=0.00/0.00, CopyEnd=0.00/0.00, CopyRevoke=0.00/0.00, MoveStart=0.00/0.00, MoveEnd=0.00/0.00, MoveRevoke=0.00/0.00, EvictDiskReplica=0.00/0.00 | Batch Requests (per sec, Req=Success/PartialSuccess/Total, Item=Success/Total): PutStart:(Req=0.00/0.00/0.00, Item=0.00/0.00), PutEnd:(Req=0.00/0.00/0.00, Item=0.00/0.00), PutRevoke:(Req=0.00/0.00/0.00, Item=0.00/0.00), Get:(Req=0.00/0.00/0.00, Item=0.00/0.00), ExistKey:(Req=0.00/0.00/0.00, Item=0.00/0.00), QueryIp:(Req=0.00/0.00/0.00, Item=0.00/0.00), Clear:(Req=0.00/0.00/0.00, Item=0.00/0.00), CreateMoveTask:(Req=0.00/0.00), CreateCopyTask:(Req=0.00/0.00), QueryTask:(Req=0.00/0.00), FetchTasks:(Req=1.00/1.00), MarkTaskToComplete:(Req=0.00/0.00) | Eviction: Success/Attempts=0/0, AllocFail=0, PartialAlloc=0, keys=0, size=0 B | Mem Eviction: Success/Attempts=0/0, keys=0, size=0 B | NoF Eviction: Success/Attempts=0/0, keys=0, size=0 B | Discard: Released/Total=0/0, StagingSize=0 B | Promotion: in_flight=0, admitted=0, completed=0, failed=0, cancelled=0, expired=0, bytes=0 B, rejected(freq/wm/cap)=0/0/0 | Snapshots: Success=0, Fail=0}, ha={HA Metrics Summary: last_seq=0, applied_seq=0, lag=0, pending=0, mutation_queue=0, batch_commits=0, sync_commits=0, skipped=0, checksum_fail=0, etcd_fail=0, watch_disconn=0, state=0, writer_accepting=false, writer_retry_count=0, writer_retry_delay_ms=0, writer_waiting_slots=0, writer_committed_queue=0, writer_callback_queue=0, writer_durable_batch=0, writer_durable_seq=0, writer_last_error=0}
I1008 11:18:02.938200 194618 master_admin_service.cpp:315] Master Admin Metrics: role=leader, state=serving, service_ready=true, master={Mem Storage: 16.00 KB / 32.00 MB (0.0%) | NVMe-oF SSD: 0 B / 0 B | SSD Storage: 16.00 KB / 2.00 TB | Keys: 16 (soft-pinned: 0) | Clients: 1 | Requests (Success/Total per sec): PutStart=0.00/0.00, PutEnd=0.00/0.00, PutRevoke=0.00/0.00, Get=0.00/0.00, Exist=0.00/0.00, Del=0.00/0.00, DelAll=0.00/0.00, Ping=1.00/1.00, CopyStart=0.00/0.00, CopyEnd=0.00/0.00, CopyRevoke=0.00/0.00, MoveStart=0.00/0.00, MoveEnd=0.00/0.00, MoveRevoke=0.00/0.00, EvictDiskReplica=0.00/0.00 | Batch Requests (per sec, Req=Success/PartialSuccess/Total, Item=Success/Total): PutStart:(Req=0.00/0.00/0.00, Item=0.00/0.00), PutEnd:(Req=0.00/0.00/0.00, Item=0.00/0.00), PutRevoke:(Req=0.00/0.00/0.00, Item=0.00/0.00), Get:(Req=0.00/0.00/0.00, Item=0.00/0.00), ExistKey:(Req=0.00/0.00/0.00, Item=0.00/0.00), QueryIp:(Req=0.00/0.00/0.00, Item=0.00/0.00), Clear:(Req=0.00/0.00/0.00, Item=0.00/0.00), CreateMoveTask:(Req=0.00/0.00), CreateCopyTask:(Req=0.00/0.00), QueryTask:(Req=0.00/0.00), FetchTasks:(Req=1.00/1.00), MarkTaskToComplete:(Req=0.00/0.00) | Eviction: Success/Attempts=0/0, AllocFail=0, PartialAlloc=0, keys=0, size=0 B | Mem Eviction: Success/Attempts=0/0, keys=0, size=0 B | NoF Eviction: Success/Attempts=0/0, keys=0, size=0 B | Discard: Released/Total=0/0, StagingSize=0 B | Promotion: in_flight=0, admitted=0, completed=0, failed=0, cancelled=0, expired=0, bytes=0 B, rejected(freq/wm/cap)=0/0/0 | Snapshots: Success=0, Fail=0}, ha={HA Metrics Summary: last_seq=0, applied_seq=0, lag=0, pending=0, mutation_queue=0, batch_commits=0, sync_commits=0, skipped=0, checksum_fail=0, etcd_fail=0, watch_disconn=0, state=0, writer_accepting=false, writer_retry_count=0, writer_retry_delay_ms=0, writer_waiting_slots=0, writer_committed_queue=0, writer_callback_queue=0, writer_durable_batch=0, writer_durable_seq=0, writer_last_error=0}
I1008 11:18:12.938548 194618 master_admin_service.cpp:315] Master Admin Metrics: role=leader, state=serving, service_ready=true, master={Mem Storage: 16.00 KB / 32.00 MB (0.0%) | NVMe-oF SSD: 0 B / 0 B | SSD Storage: 16.00 KB / 2.00 TB | Keys: 16 (soft-pinned: 0) | Clients: 1 | Requests (Success/Total per sec): PutStart=0.00/0.00, PutEnd=0.00/0.00, PutRevoke=0.00/0.00, Get=0.00/0.00, Exist=0.00/0.00, Del=0.00/1.60, DelAll=0.00/0.00, Ping=1.00/1.00, CopyStart=0.00/0.00, CopyEnd=0.00/0.00, CopyRevoke=0.00/0.00, MoveStart=0.00/0.00, MoveEnd=0.00/0.00, MoveRevoke=0.00/0.00, EvictDiskReplica=0.00/0.00 | Batch Requests (per sec, Req=Success/PartialSuccess/Total, Item=Success/Total): PutStart:(Req=0.00/0.00/0.00, Item=0.00/0.00), PutEnd:(Req=0.00/0.00/0.00, Item=0.00/0.00), PutRevoke:(Req=0.00/0.00/0.00, Item=0.00/0.00), Get:(Req=0.10/0.00/0.10, Item=1.60/1.60), ExistKey:(Req=0.00/0.00/0.00, Item=0.00/0.00), QueryIp:(Req=0.00/0.00/0.00, Item=0.00/0.00), Clear:(Req=0.00/0.00/0.00, Item=0.00/0.00), CreateMoveTask:(Req=0.00/0.00), CreateCopyTask:(Req=0.00/0.00), QueryTask:(Req=0.00/0.00), FetchTasks:(Req=1.00/1.00), MarkTaskToComplete:(Req=0.00/0.00) | Eviction: Success/Attempts=0/0, AllocFail=0, PartialAlloc=0, keys=0, size=0 B | Mem Eviction: Success/Attempts=0/0, keys=0, size=0 B | NoF Eviction: Success/Attempts=0/0, keys=0, size=0 B | Discard: Released/Total=0/0, StagingSize=0 B | Promotion: in_flight=0, admitted=0, completed=0, failed=0, cancelled=0, expired=0, bytes=0 B, rejected(freq/wm/cap)=0/0/0 | Snapshots: Success=0, Fail=0}, ha={HA Metrics Summary: last_seq=0, applied_seq=0, lag=0, pending=0, mutation_queue=0, batch_commits=0, sync_commits=0, skipped=0, checksum_fail=0, etcd_fail=0, watch_disconn=0, state=0, writer_accepting=false, writer_retry_count=0, writer_retry_delay_ms=0, writer_waiting_slots=0, writer_committed_queue=0, writer_callback_queue=0, writer_durable_batch=0, writer_durable_seq=0, writer_last_error=0}
I1008 11:18:14.923657 194626 master_service.cpp:914] client_id=6723221176107400405-10132262822248576683, action=mount_segment, segment_name=localhost:13735
W1008 11:18:14.924667 194626 segment.cpp:333] segment_name=localhost:13735, warn=segment_already_exists
I1008 11:18:15.106076 194626 rpc_service.cpp:1613] Mount local disk segment with client id is : 6723221176107400405-10132262822248576683, enable offloading is: 1
I1008 11:18:15.260779 194610 master_service.cpp:10619] [EVICT-TRIGGER] memory_ratio=0.9375 high_watermark=0.9 need_mem_eviction=0 eviction_ratio=0.05
I1008 11:18:15.265817 194610 master_service.cpp:12526] [EVICT-RESULT] evicted_count=0, eviction_base=30, actual_evict_ratio=0, target_evict_ratio=0.0875
W1008 11:18:15.265851 194610 master_service.cpp:12534] [EVICT] No memory freed this cycle; 30 objects deferred for disk offload. Consider lowering eviction_high_watermark_ratio.
I1008 11:18:15.265862 194610 master_service.cpp:10630] [EVICT-DONE] BatchEvict execution completed.
I1008 11:18:15.275924 194610 master_service.cpp:10619] [EVICT-TRIGGER] memory_ratio=1 high_watermark=0.9 need_mem_eviction=1 eviction_ratio=0.05
I1008 11:18:15.280287 194610 master_service.cpp:12526] [EVICT-RESULT] evicted_count=0, eviction_base=2, actual_evict_ratio=0, target_evict_ratio=0.15
W1008 11:18:15.280318 194610 master_service.cpp:12534] [EVICT] No memory freed this cycle; 2 objects deferred for disk offload. Consider lowering eviction_high_watermark_ratio.
I1008 11:18:15.280326 194610 master_service.cpp:10630] [EVICT-DONE] BatchEvict execution completed.
I1008 11:18:15.290402 194610 master_service.cpp:10619] [EVICT-TRIGGER] memory_ratio=1 high_watermark=0.9 need_mem_eviction=1 eviction_ratio=0.05
I1008 11:18:15.292048 194610 master_service.cpp:10630] [EVICT-DONE] BatchEvict execution completed.
I1008 11:18:15.302129 194610 master_service.cpp:10619] [EVICT-TRIGGER] memory_ratio=1 high_watermark=0.9 need_mem_eviction=1 eviction_ratio=0.05
I1008 11:18:15.304266 194610 master_service.cpp:10630] [EVICT-DONE] BatchEvict execution completed.
I1008 11:18:15.314373 194610 master_service.cpp:10619] [EVICT-TRIGGER] memory_ratio=1 high_watermark=0.9 need_mem_eviction=1 eviction_ratio=0.05
I1008 11:18:15.316114 194610 master_service.cpp:10630] [EVICT-DONE] BatchEvict execution completed.
I1008 11:18:15.326195 194610 master_service.cpp:10619] [EVICT-TRIGGER] memory_ratio=1 high_watermark=0.9 need_mem_eviction=1 eviction_ratio=0.05
I1008 11:18:15.327663 194610 master_service.cpp:10630] [EVICT-DONE] BatchEvict execution completed.
I1008 11:18:15.337741 194610 master_service.cpp:10619] [EVICT-TRIGGER] memory_ratio=1 high_watermark=0.9 need_mem_eviction=1 eviction_ratio=0.05
I1008 11:18:15.339383 194610 master_service.cpp:10630] [EVICT-DONE] BatchEvict execution completed.
I1008 11:18:15.349462 194610 master_service.cpp:10619] [EVICT-TRIGGER] memory_ratio=1 high_watermark=0.9 need_mem_eviction=1 eviction_ratio=0.05
I1008 11:18:15.350927 194610 master_service.cpp:10630] [EVICT-DONE] BatchEvict execution completed.
I1008 11:18:15.361006 194610 master_service.cpp:10619] [EVICT-TRIGGER] memory_ratio=1 high_watermark=0.9 need_mem_eviction=1 eviction_ratio=0.05
I1008 11:18:15.362572 194610 master_service.cpp:10630] [EVICT-DONE] BatchEvict execution completed.
I1008 11:18:15.372649 194610 master_service.cpp:10619] [EVICT-TRIGGER] memory_ratio=1 high_watermark=0.9 need_mem_eviction=1 eviction_ratio=0.05
I1008 11:18:15.374066 194610 master_service.cpp:10630] [EVICT-DONE] BatchEvict execution completed.
I1008 11:18:15.384145 194610 master_service.cpp:10619] [EVICT-TRIGGER] memory_ratio=1 high_watermark=0.9 need_mem_eviction=1 eviction_ratio=0.05
I1008 11:18:15.385690 194610 master_service.cpp:10630] [EVICT-DONE] BatchEvict execution completed.
I1008 11:18:15.395768 194610 master_service.cpp:10619] [EVICT-TRIGGER] memory_ratio=1 high_watermark=0.9 need_mem_eviction=1 eviction_ratio=0.05
I1008 11:18:15.397460 194610 master_service.cpp:10630] [EVICT-DONE] BatchEvict execution completed.
I1008 11:18:15.407538 194610 master_service.cpp:10619] [EVICT-TRIGGER] memory_ratio=1 high_watermark=0.9 need_mem_eviction=1 eviction_ratio=0.05
I1008 11:18:15.409155 194610 master_service.cpp:10630] [EVICT-DONE] BatchEvict execution completed.
I1008 11:18:15.419234 194610 master_service.cpp:10619] [EVICT-TRIGGER] memory_ratio=1 high_watermark=0.9 need_mem_eviction=1 eviction_ratio=0.05
I1008 11:18:15.420816 194610 master_service.cpp:10630] [EVICT-DONE] BatchEvict execution completed.
I1008 11:18:15.430896 194610 master_service.cpp:10619] [EVICT-TRIGGER] memory_ratio=1 high_watermark=0.9 need_mem_eviction=1 eviction_ratio=0.05
I1008 11:18:15.432495 194610 master_service.cpp:10630] [EVICT-DONE] BatchEvict execution completed.
I1008 11:18:15.442574 194610 master_service.cpp:10619] [EVICT-TRIGGER] memory_ratio=1 high_watermark=0.9 need_mem_eviction=1 eviction_ratio=0.05
I1008 11:18:15.444015 194610 master_service.cpp:10630] [EVICT-DONE] BatchEvict execution completed.
I1008 11:18:15.454094 194610 master_service.cpp:10619] [EVICT-TRIGGER] memory_ratio=1 high_watermark=0.9 need_mem_eviction=1 eviction_ratio=0.05
I1008 11:18:15.455899 194610 master_service.cpp:10630] [EVICT-DONE] BatchEvict execution completed.
I1008 11:18:15.465979 194610 master_service.cpp:10619] [EVICT-TRIGGER] memory_ratio=1 high_watermark=0.9 need_mem_eviction=1 eviction_ratio=0.05
I1008 11:18:15.467594 194610 master_service.cpp:10630] [EVICT-DONE] BatchEvict execution completed.
I1008 11:18:15.477674 194610 master_service.cpp:10619] [EVICT-TRIGGER] memory_ratio=1 high_watermark=0.9 need_mem_eviction=1 eviction_ratio=0.05
I1008 11:18:15.479326 194610 master_service.cpp:10630] [EVICT-DONE] BatchEvict execution completed.
I1008 11:18:15.489421 194610 master_service.cpp:10619] [EVICT-TRIGGER] memory_ratio=1 high_watermark=0.9 need_mem_eviction=1 eviction_ratio=0.05
I1008 11:18:15.491101 194610 master_service.cpp:10630] [EVICT-DONE] BatchEvict execution completed.
I1008 11:18:15.501183 194610 master_service.cpp:10619] [EVICT-TRIGGER] memory_ratio=1 high_watermark=0.9 need_mem_eviction=1 eviction_ratio=0.05
I1008 11:18:15.502856 194610 master_service.cpp:10630] [EVICT-DONE] BatchEvict execution completed.
I1008 11:18:15.512933 194610 master_service.cpp:10619] [EVICT-TRIGGER] memory_ratio=1 high_watermark=0.9 need_mem_eviction=1 eviction_ratio=0.05
I1008 11:18:15.514333 194610 master_service.cpp:10630] [EVICT-DONE] BatchEvict execution completed.
I1008 11:18:15.524410 194610 master_service.cpp:10619] [EVICT-TRIGGER] memory_ratio=1 high_watermark=0.9 need_mem_eviction=1 eviction_ratio=0.05
I1008 11:18:15.525974 194610 master_service.cpp:10630] [EVICT-DONE] BatchEvict execution completed.
I1008 11:18:15.536049 194610 master_service.cpp:10619] [EVICT-TRIGGER] memory_ratio=1 high_watermark=0.9 need_mem_eviction=1 eviction_ratio=0.05
I1008 11:18:15.537413 194610 master_service.cpp:10630] [EVICT-DONE] BatchEvict execution completed.
I1008 11:18:15.547487 194610 master_service.cpp:10619] [EVICT-TRIGGER] memory_ratio=1 high_watermark=0.9 need_mem_eviction=0 eviction_ratio=0.05
I1008 11:18:15.549013 194610 master_service.cpp:10630] [EVICT-DONE] BatchEvict execution completed.
I1008 11:18:15.559087 194610 master_service.cpp:10619] [EVICT-TRIGGER] memory_ratio=1 high_watermark=0.9 need_mem_eviction=0 eviction_ratio=0.05
I1008 11:18:15.560468 194610 master_service.cpp:10630] [EVICT-DONE] BatchEvict execution completed.
I1008 11:18:15.570542 194610 master_service.cpp:10619] [EVICT-TRIGGER] memory_ratio=1 high_watermark=0.9 need_mem_eviction=0 eviction_ratio=0.05
I1008 11:18:15.572446 194610 master_service.cpp:10630] [EVICT-DONE] BatchEvict execution completed.
I1008 11:18:15.582571 194610 master_service.cpp:10619] [EVICT-TRIGGER] memory_ratio=1 high_watermark=0.9 need_mem_eviction=0 eviction_ratio=0.05
I1008 11:18:15.583900 194610 master_service.cpp:10630] [EVICT-DONE] BatchEvict execution completed.
I1008 11:18:15.593976 194610 master_service.cpp:10619] [EVICT-TRIGGER] memory_ratio=1 high_watermark=0.9 need_mem_eviction=0 eviction_ratio=0.05
I1008 11:18:15.595376 194610 master_service.cpp:10630] [EVICT-DONE] BatchEvict execution completed.
I1008 11:18:15.605453 194610 master_service.cpp:10619] [EVICT-TRIGGER] memory_ratio=1 high_watermark=0.9 need_mem_eviction=0 eviction_ratio=0.05
I1008 11:18:15.606657 194610 master_service.cpp:10630] [EVICT-DONE] BatchEvict execution completed.
I1008 11:18:15.616731 194610 master_service.cpp:10619] [EVICT-TRIGGER] memory_ratio=1 high_watermark=0.9 need_mem_eviction=0 eviction_ratio=0.05
I1008 11:18:15.618137 194610 master_service.cpp:10630] [EVICT-DONE] BatchEvict execution completed.
I1008 11:18:15.628214 194610 master_service.cpp:10619] [EVICT-TRIGGER] memory_ratio=1 high_watermark=0.9 need_mem_eviction=0 eviction_ratio=0.05
I1008 11:18:15.629379 194610 master_service.cpp:10630] [EVICT-DONE] BatchEvict execution completed.
I1008 11:18:15.639456 194610 master_service.cpp:10619] [EVICT-TRIGGER] memory_ratio=1 high_watermark=0.9 need_mem_eviction=0 eviction_ratio=0.05
I1008 11:18:15.640810 194610 master_service.cpp:10630] [EVICT-DONE] BatchEvict execution completed.
I1008 11:18:15.650885 194610 master_service.cpp:10619] [EVICT-TRIGGER] memory_ratio=1 high_watermark=0.9 need_mem_eviction=0 eviction_ratio=0.05
I1008 11:18:15.652123 194610 master_service.cpp:10630] [EVICT-DONE] BatchEvict execution completed.
I1008 11:18:15.662201 194610 master_service.cpp:10619] [EVICT-TRIGGER] memory_ratio=1 high_watermark=0.9 need_mem_eviction=0 eviction_ratio=0.05
I1008 11:18:15.664551 194610 master_service.cpp:10630] [EVICT-DONE] BatchEvict execution completed.
I1008 11:18:15.674629 194610 master_service.cpp:10619] [EVICT-TRIGGER] memory_ratio=1 high_watermark=0.9 need_mem_eviction=0 eviction_ratio=0.05
I1008 11:18:15.675981 194610 master_service.cpp:10630] [EVICT-DONE] BatchEvict execution completed.
I1008 11:18:15.686058 194610 master_service.cpp:10619] [EVICT-TRIGGER] memory_ratio=1 high_watermark=0.9 need_mem_eviction=0 eviction_ratio=0.05
I1008 11:18:15.687628 194610 master_service.cpp:10630] [EVICT-DONE] BatchEvict execution completed.
I1008 11:18:15.697703 194610 master_service.cpp:10619] [EVICT-TRIGGER] memory_ratio=1 high_watermark=0.9 need_mem_eviction=0 eviction_ratio=0.05
I1008 11:18:15.698930 194610 master_service.cpp:10630] [EVICT-DONE] BatchEvict execution completed.
I1008 11:18:15.709003 194610 master_service.cpp:10619] [EVICT-TRIGGER] memory_ratio=1 high_watermark=0.9 need_mem_eviction=0 eviction_ratio=0.05
I1008 11:18:15.710363 194610 master_service.cpp:10630] [EVICT-DONE] BatchEvict execution completed.
I1008 11:18:15.720438 194610 master_service.cpp:10619] [EVICT-TRIGGER] memory_ratio=1 high_watermark=0.9 need_mem_eviction=0 eviction_ratio=0.05
I1008 11:18:15.721613 194610 master_service.cpp:10630] [EVICT-DONE] BatchEvict execution completed.
I1008 11:18:15.731688 194610 master_service.cpp:10619] [EVICT-TRIGGER] memory_ratio=1 high_watermark=0.9 need_mem_eviction=0 eviction_ratio=0.05
I1008 11:18:15.733050 194610 master_service.cpp:10630] [EVICT-DONE] BatchEvict execution completed.
I1008 11:18:15.743126 194610 master_service.cpp:10619] [EVICT-TRIGGER] memory_ratio=1 high_watermark=0.9 need_mem_eviction=0 eviction_ratio=0.05
I1008 11:18:15.744323 194610 master_service.cpp:10630] [EVICT-DONE] BatchEvict execution completed.
I1008 11:18:15.754398 194610 master_service.cpp:10619] [EVICT-TRIGGER] memory_ratio=1 high_watermark=0.9 need_mem_eviction=0 eviction_ratio=0.05
I1008 11:18:15.755757 194610 master_service.cpp:10630] [EVICT-DONE] BatchEvict execution completed.
I1008 11:18:15.765831 194610 master_service.cpp:10619] [EVICT-TRIGGER] memory_ratio=1 high_watermark=0.9 need_mem_eviction=0 eviction_ratio=0.05
I1008 11:18:15.767117 194610 master_service.cpp:10630] [EVICT-DONE] BatchEvict execution completed.
I1008 11:18:15.777194 194610 master_service.cpp:10619] [EVICT-TRIGGER] memory_ratio=1 high_watermark=0.9 need_mem_eviction=0 eviction_ratio=0.05
I1008 11:18:15.778549 194610 master_service.cpp:10630] [EVICT-DONE] BatchEvict execution completed.
I1008 11:18:15.788626 194610 master_service.cpp:10619] [EVICT-TRIGGER] memory_ratio=1 high_watermark=0.9 need_mem_eviction=0 eviction_ratio=0.05
I1008 11:18:15.789811 194610 master_service.cpp:10630] [EVICT-DONE] BatchEvict execution completed.
I1008 11:18:15.799886 194610 master_service.cpp:10619] [EVICT-TRIGGER] memory_ratio=1 high_watermark=0.9 need_mem_eviction=0 eviction_ratio=0.05
I1008 11:18:15.801227 194610 master_service.cpp:10630] [EVICT-DONE] BatchEvict execution completed.
I1008 11:18:15.811302 194610 master_service.cpp:10619] [EVICT-TRIGGER] memory_ratio=1 high_watermark=0.9 need_mem_eviction=0 eviction_ratio=0.05
I1008 11:18:15.812464 194610 master_service.cpp:10630] [EVICT-DONE] BatchEvict execution completed.
I1008 11:18:15.822539 194610 master_service.cpp:10619] [EVICT-TRIGGER] memory_ratio=1 high_watermark=0.9 need_mem_eviction=0 eviction_ratio=0.05
I1008 11:18:15.823895 194610 master_service.cpp:10630] [EVICT-DONE] BatchEvict execution completed.
I1008 11:18:15.833971 194610 master_service.cpp:10619] [EVICT-TRIGGER] memory_ratio=1 high_watermark=0.9 need_mem_eviction=0 eviction_ratio=0.05
I1008 11:18:15.835152 194610 master_service.cpp:10630] [EVICT-DONE] BatchEvict execution completed.
I1008 11:18:15.845227 194610 master_service.cpp:10619] [EVICT-TRIGGER] memory_ratio=1 high_watermark=0.9 need_mem_eviction=0 eviction_ratio=0.05
I1008 11:18:15.846544 194610 master_service.cpp:10630] [EVICT-DONE] BatchEvict execution completed.
I1008 11:18:15.856614 194610 master_service.cpp:10619] [EVICT-TRIGGER] memory_ratio=1 high_watermark=0.9 need_mem_eviction=0 eviction_ratio=0.05
I1008 11:18:15.857764 194610 master_service.cpp:10630] [EVICT-DONE] BatchEvict execution completed.
I1008 11:18:15.867837 194610 master_service.cpp:10619] [EVICT-TRIGGER] memory_ratio=1 high_watermark=0.9 need_mem_eviction=0 eviction_ratio=0.05
I1008 11:18:15.869196 194610 master_service.cpp:10630] [EVICT-DONE] BatchEvict execution completed.
I1008 11:18:15.879273 194610 master_service.cpp:10619] [EVICT-TRIGGER] memory_ratio=1 high_watermark=0.9 need_mem_eviction=0 eviction_ratio=0.05
I1008 11:18:15.880419 194610 master_service.cpp:10630] [EVICT-DONE] BatchEvict execution completed.
I1008 11:18:15.890493 194610 master_service.cpp:10619] [EVICT-TRIGGER] memory_ratio=1 high_watermark=0.9 need_mem_eviction=0 eviction_ratio=0.05
I1008 11:18:15.891863 194610 master_service.cpp:10630] [EVICT-DONE] BatchEvict execution completed.
I1008 11:18:15.901940 194610 master_service.cpp:10619] [EVICT-TRIGGER] memory_ratio=1 high_watermark=0.9 need_mem_eviction=0 eviction_ratio=0.05
I1008 11:18:15.903085 194610 master_service.cpp:10630] [EVICT-DONE] BatchEvict execution completed.
I1008 11:18:15.913159 194610 master_service.cpp:10619] [EVICT-TRIGGER] memory_ratio=1 high_watermark=0.9 need_mem_eviction=0 eviction_ratio=0.05
I1008 11:18:15.914486 194610 master_service.cpp:10630] [EVICT-DONE] BatchEvict execution completed.
I1008 11:18:15.924564 194610 master_service.cpp:10619] [EVICT-TRIGGER] memory_ratio=1 high_watermark=0.9 need_mem_eviction=0 eviction_ratio=0.05
I1008 11:18:15.925787 194610 master_service.cpp:10630] [EVICT-DONE] BatchEvict execution completed.
I1008 11:18:15.935863 194610 master_service.cpp:10619] [EVICT-TRIGGER] memory_ratio=1 high_watermark=0.9 need_mem_eviction=0 eviction_ratio=0.05
I1008 11:18:15.937193 194610 master_service.cpp:10630] [EVICT-DONE] BatchEvict execution completed.
I1008 11:18:15.947268 194610 master_service.cpp:10619] [EVICT-TRIGGER] memory_ratio=1 high_watermark=0.9 need_mem_eviction=0 eviction_ratio=0.05
I1008 11:18:15.948407 194610 master_service.cpp:10630] [EVICT-DONE] BatchEvict execution completed.
I1008 11:18:15.958482 194610 master_service.cpp:10619] [EVICT-TRIGGER] memory_ratio=1 high_watermark=0.9 need_mem_eviction=0 eviction_ratio=0.05
I1008 11:18:15.959816 194610 master_service.cpp:10630] [EVICT-DONE] BatchEvict execution completed.
I1008 11:18:15.969892 194610 master_service.cpp:10619] [EVICT-TRIGGER] memory_ratio=1 high_watermark=0.9 need_mem_eviction=0 eviction_ratio=0.05
I1008 11:18:15.971041 194610 master_service.cpp:10630] [EVICT-DONE] BatchEvict execution completed.
I1008 11:18:15.981101 194610 master_service.cpp:10619] [EVICT-TRIGGER] memory_ratio=1 high_watermark=0.9 need_mem_eviction=0 eviction_ratio=0.05
I1008 11:18:15.982411 194610 master_service.cpp:10630] [EVICT-DONE] BatchEvict execution completed.
I1008 11:18:15.992486 194610 master_service.cpp:10619] [EVICT-TRIGGER] memory_ratio=1 high_watermark=0.9 need_mem_eviction=0 eviction_ratio=0.05
I1008 11:18:15.993798 194610 master_service.cpp:10630] [EVICT-DONE] BatchEvict execution completed.
I1008 11:18:16.003875 194610 master_service.cpp:10619] [EVICT-TRIGGER] memory_ratio=1 high_watermark=0.9 need_mem_eviction=0 eviction_ratio=0.05
I1008 11:18:16.005244 194610 master_service.cpp:10630] [EVICT-DONE] BatchEvict execution completed.
I1008 11:18:16.015321 194610 master_service.cpp:10619] [EVICT-TRIGGER] memory_ratio=1 high_watermark=0.9 need_mem_eviction=0 eviction_ratio=0.05
I1008 11:18:16.016475 194610 master_service.cpp:10630] [EVICT-DONE] BatchEvict execution completed.
I1008 11:18:16.026551 194610 master_service.cpp:10619] [EVICT-TRIGGER] memory_ratio=1 high_watermark=0.9 need_mem_eviction=0 eviction_ratio=0.05
I1008 11:18:16.027928 194610 master_service.cpp:10630] [EVICT-DONE] BatchEvict execution completed.
I1008 11:18:16.038008 194610 master_service.cpp:10619] [EVICT-TRIGGER] memory_ratio=1 high_watermark=0.9 need_mem_eviction=0 eviction_ratio=0.05
I1008 11:18:16.039227 194610 master_service.cpp:10630] [EVICT-DONE] BatchEvict execution completed.
I1008 11:18:16.049319 194610 master_service.cpp:10619] [EVICT-TRIGGER] memory_ratio=1 high_watermark=0.9 need_mem_eviction=0 eviction_ratio=0.05
I1008 11:18:16.050657 194610 master_service.cpp:10630] [EVICT-DONE] BatchEvict execution completed.
I1008 11:18:16.060746 194610 master_service.cpp:10619] [EVICT-TRIGGER] memory_ratio=1 high_watermark=0.9 need_mem_eviction=0 eviction_ratio=0.05
I1008 11:18:16.061945 194610 master_service.cpp:10630] [EVICT-DONE] BatchEvict execution completed.
I1008 11:18:16.072022 194610 master_service.cpp:10619] [EVICT-TRIGGER] memory_ratio=1 high_watermark=0.9 need_mem_eviction=0 eviction_ratio=0.05
I1008 11:18:16.073336 194610 master_service.cpp:10630] [EVICT-DONE] BatchEvict execution completed.
I1008 11:18:16.083410 194610 master_service.cpp:10619] [EVICT-TRIGGER] memory_ratio=1 high_watermark=0.9 need_mem_eviction=0 eviction_ratio=0.05
I1008 11:18:16.084604 194610 master_service.cpp:10630] [EVICT-DONE] BatchEvict execution completed.
I1008 11:18:16.094679 194610 master_service.cpp:10619] [EVICT-TRIGGER] memory_ratio=1 high_watermark=0.9 need_mem_eviction=0 eviction_ratio=0.05
I1008 11:18:16.096236 194610 master_service.cpp:10630] [EVICT-DONE] BatchEvict execution completed.
I1008 11:18:16.106314 194610 master_service.cpp:10619] [EVICT-TRIGGER] memory_ratio=1 high_watermark=0.9 need_mem_eviction=0 eviction_ratio=0.05
I1008 11:18:16.107514 194610 master_service.cpp:10630] [EVICT-DONE] BatchEvict execution completed.
I1008 11:18:16.117594 194610 master_service.cpp:10619] [EVICT-TRIGGER] memory_ratio=1 high_watermark=0.9 need_mem_eviction=0 eviction_ratio=0.05
I1008 11:18:16.119694 194610 master_service.cpp:10630] [EVICT-DONE] BatchEvict execution completed.
I1008 11:18:16.129776 194610 master_service.cpp:10619] [EVICT-TRIGGER] memory_ratio=1 high_watermark=0.9 need_mem_eviction=0 eviction_ratio=0.05
I1008 11:18:16.131073 194610 master_service.cpp:10630] [EVICT-DONE] BatchEvict execution completed.
I1008 11:18:16.141151 194610 master_service.cpp:10619] [EVICT-TRIGGER] memory_ratio=1 high_watermark=0.9 need_mem_eviction=0 eviction_ratio=0.05
I1008 11:18:16.142469 194610 master_service.cpp:10630] [EVICT-DONE] BatchEvict execution completed.
I1008 11:18:16.152544 194610 master_service.cpp:10619] [EVICT-TRIGGER] memory_ratio=1 high_watermark=0.9 need_mem_eviction=0 eviction_ratio=0.05
I1008 11:18:16.153692 194610 master_service.cpp:10630] [EVICT-DONE] BatchEvict execution completed.
I1008 11:18:16.163765 194610 master_service.cpp:10619] [EVICT-TRIGGER] memory_ratio=1 high_watermark=0.9 need_mem_eviction=0 eviction_ratio=0.05
I1008 11:18:16.165086 194610 master_service.cpp:10630] [EVICT-DONE] BatchEvict execution completed.
I1008 11:18:16.175160 194610 master_service.cpp:10619] [EVICT-TRIGGER] memory_ratio=1 high_watermark=0.9 need_mem_eviction=0 eviction_ratio=0.05
I1008 11:18:16.176303 194610 master_service.cpp:10630] [EVICT-DONE] BatchEvict execution completed.
I1008 11:18:16.186376 194610 master_service.cpp:10619] [EVICT-TRIGGER] memory_ratio=1 high_watermark=0.9 need_mem_eviction=0 eviction_ratio=0.05
I1008 11:18:16.187666 194610 master_service.cpp:10630] [EVICT-DONE] BatchEvict execution completed.
I1008 11:18:16.197743 194610 master_service.cpp:10619] [EVICT-TRIGGER] memory_ratio=1 high_watermark=0.9 need_mem_eviction=0 eviction_ratio=0.05
I1008 11:18:16.198896 194610 master_service.cpp:10630] [EVICT-DONE] BatchEvict execution completed.
I1008 11:18:16.208971 194610 master_service.cpp:10619] [EVICT-TRIGGER] memory_ratio=1 high_watermark=0.9 need_mem_eviction=0 eviction_ratio=0.05
I1008 11:18:16.210273 194610 master_service.cpp:10630] [EVICT-DONE] BatchEvict execution completed.
I1008 11:18:16.220345 194610 master_service.cpp:10619] [EVICT-TRIGGER] memory_ratio=1 high_watermark=0.9 need_mem_eviction=0 eviction_ratio=0.05
I1008 11:18:16.221485 194610 master_service.cpp:10630] [EVICT-DONE] BatchEvict execution completed.
I1008 11:18:16.231559 194610 master_service.cpp:10619] [EVICT-TRIGGER] memory_ratio=1 high_watermark=0.9 need_mem_eviction=0 eviction_ratio=0.05
I1008 11:18:16.232865 194610 master_service.cpp:10630] [EVICT-DONE] BatchEvict execution completed.
I1008 11:18:16.242938 194610 master_service.cpp:10619] [EVICT-TRIGGER] memory_ratio=1 high_watermark=0.9 need_mem_eviction=0 eviction_ratio=0.05
I1008 11:18:16.244078 194610 master_service.cpp:10630] [EVICT-DONE] BatchEvict execution completed.
I1008 11:18:16.254153 194610 master_service.cpp:10619] [EVICT-TRIGGER] memory_ratio=1 high_watermark=0.9 need_mem_eviction=0 eviction_ratio=0.05
I1008 11:18:16.255489 194610 master_service.cpp:10630] [EVICT-DONE] BatchEvict execution completed.
I1008 11:18:16.265564 194610 master_service.cpp:10619] [EVICT-TRIGGER] memory_ratio=1 high_watermark=0.9 need_mem_eviction=0 eviction_ratio=0.05
I1008 11:18:16.266700 194610 master_service.cpp:10630] [EVICT-DONE] BatchEvict execution completed.
I1008 11:18:16.276782 194610 master_service.cpp:10619] [EVICT-TRIGGER] memory_ratio=1 high_watermark=0.9 need_mem_eviction=0 eviction_ratio=0.05
I1008 11:18:16.278062 194610 master_service.cpp:10630] [EVICT-DONE] BatchEvict execution completed.
I1008 11:18:16.288136 194610 master_service.cpp:10619] [EVICT-TRIGGER] memory_ratio=1 high_watermark=0.9 need_mem_eviction=0 eviction_ratio=0.05
I1008 11:18:16.289265 194610 master_service.cpp:10630] [EVICT-DONE] BatchEvict execution completed.
I1008 11:18:16.299340 194610 master_service.cpp:10619] [EVICT-TRIGGER] memory_ratio=1 high_watermark=0.9 need_mem_eviction=0 eviction_ratio=0.05
I1008 11:18:16.301033 194610 master_service.cpp:10630] [EVICT-DONE] BatchEvict execution completed.
I1008 11:18:16.311108 194610 master_service.cpp:10619] [EVICT-TRIGGER] memory_ratio=1 high_watermark=0.9 need_mem_eviction=0 eviction_ratio=0.05
I1008 11:18:16.312294 194610 master_service.cpp:10630] [EVICT-DONE] BatchEvict execution completed.
I1008 11:18:16.322367 194610 master_service.cpp:10619] [EVICT-TRIGGER] memory_ratio=1 high_watermark=0.9 need_mem_eviction=0 eviction_ratio=0.05
I1008 11:18:16.323688 194610 master_service.cpp:10630] [EVICT-DONE] BatchEvict execution completed.
I1008 11:18:16.333763 194610 master_service.cpp:10619] [EVICT-TRIGGER] memory_ratio=1 high_watermark=0.9 need_mem_eviction=0 eviction_ratio=0.05
I1008 11:18:16.334916 194610 master_service.cpp:10630] [EVICT-DONE] BatchEvict execution completed.
I1008 11:18:16.344990 194610 master_service.cpp:10619] [EVICT-TRIGGER] memory_ratio=1 high_watermark=0.9 need_mem_eviction=0 eviction_ratio=0.05
I1008 11:18:16.346297 194610 master_service.cpp:10630] [EVICT-DONE] BatchEvict execution completed.
I1008 11:18:16.356371 194610 master_service.cpp:10619] [EVICT-TRIGGER] memory_ratio=1 high_watermark=0.9 need_mem_eviction=0 eviction_ratio=0.05
I1008 11:18:16.357512 194610 master_service.cpp:10630] [EVICT-DONE] BatchEvict execution completed.
I1008 11:18:16.367586 194610 master_service.cpp:10619] [EVICT-TRIGGER] memory_ratio=1 high_watermark=0.9 need_mem_eviction=0 eviction_ratio=0.05
I1008 11:18:16.368886 194610 master_service.cpp:10630] [EVICT-DONE] BatchEvict execution completed.
I1008 11:18:16.378960 194610 master_service.cpp:10619] [EVICT-TRIGGER] memory_ratio=1 high_watermark=0.9 need_mem_eviction=0 eviction_ratio=0.05
I1008 11:18:16.380065 194610 master_service.cpp:10630] [EVICT-DONE] BatchEvict execution completed.
I1008 11:18:16.390138 194610 master_service.cpp:10619] [EVICT-TRIGGER] memory_ratio=1 high_watermark=0.9 need_mem_eviction=0 eviction_ratio=0.05
I1008 11:18:16.391448 194610 master_service.cpp:10630] [EVICT-DONE] BatchEvict execution completed.
I1008 11:18:16.401522 194610 master_service.cpp:10619] [EVICT-TRIGGER] memory_ratio=1 high_watermark=0.9 need_mem_eviction=0 eviction_ratio=0.05
I1008 11:18:16.402661 194610 master_service.cpp:10630] [EVICT-DONE] BatchEvict execution completed.
I1008 11:18:16.412735 194610 master_service.cpp:10619] [EVICT-TRIGGER] memory_ratio=1 high_watermark=0.9 need_mem_eviction=0 eviction_ratio=0.05
I1008 11:18:16.414052 194610 master_service.cpp:10630] [EVICT-DONE] BatchEvict execution completed.
I1008 11:18:16.424125 194610 master_service.cpp:10619] [EVICT-TRIGGER] memory_ratio=1 high_watermark=0.9 need_mem_eviction=0 eviction_ratio=0.05
I1008 11:18:16.425215 194610 master_service.cpp:10630] [EVICT-DONE] BatchEvict execution completed.
I1008 11:18:16.435287 194610 master_service.cpp:10619] [EVICT-TRIGGER] memory_ratio=1 high_watermark=0.9 need_mem_eviction=0 eviction_ratio=0.05
I1008 11:18:16.436573 194610 master_service.cpp:10630] [EVICT-DONE] BatchEvict execution completed.
I1008 11:18:16.446647 194610 master_service.cpp:10619] [EVICT-TRIGGER] memory_ratio=1 high_watermark=0.9 need_mem_eviction=0 eviction_ratio=0.05
I1008 11:18:16.447805 194610 master_service.cpp:10630] [EVICT-DONE] BatchEvict execution completed.
I1008 11:18:16.457880 194610 master_service.cpp:10619] [EVICT-TRIGGER] memory_ratio=1 high_watermark=0.9 need_mem_eviction=0 eviction_ratio=0.05
I1008 11:18:16.459223 194610 master_service.cpp:10630] [EVICT-DONE] BatchEvict execution completed.
I1008 11:18:16.469297 194610 master_service.cpp:10619] [EVICT-TRIGGER] memory_ratio=1 high_watermark=0.9 need_mem_eviction=0 eviction_ratio=0.05
I1008 11:18:16.470386 194610 master_service.cpp:10630] [EVICT-DONE] BatchEvict execution completed.
I1008 11:18:16.480459 194610 master_service.cpp:10619] [EVICT-TRIGGER] memory_ratio=1 high_watermark=0.9 need_mem_eviction=0 eviction_ratio=0.05
I1008 11:18:16.481729 194610 master_service.cpp:10630] [EVICT-DONE] BatchEvict execution completed.
I1008 11:18:16.491802 194610 master_service.cpp:10619] [EVICT-TRIGGER] memory_ratio=1 high_watermark=0.9 need_mem_eviction=0 eviction_ratio=0.05
I1008 11:18:16.492899 194610 master_service.cpp:10630] [EVICT-DONE] BatchEvict execution completed.
I1008 11:18:16.502974 194610 master_service.cpp:10619] [EVICT-TRIGGER] memory_ratio=1 high_watermark=0.9 need_mem_eviction=0 eviction_ratio=0.05
I1008 11:18:16.504269 194610 master_service.cpp:10630] [EVICT-DONE] BatchEvict execution completed.
I1008 11:18:16.514343 194610 master_service.cpp:10619] [EVICT-TRIGGER] memory_ratio=1 high_watermark=0.9 need_mem_eviction=0 eviction_ratio=0.05
I1008 11:18:16.515489 194610 master_service.cpp:10630] [EVICT-DONE] BatchEvict execution completed.
I1008 11:18:16.525564 194610 master_service.cpp:10619] [EVICT-TRIGGER] memory_ratio=1 high_watermark=0.9 need_mem_eviction=0 eviction_ratio=0.05
I1008 11:18:16.526834 194610 master_service.cpp:10630] [EVICT-DONE] BatchEvict execution completed.
I1008 11:18:16.536907 194610 master_service.cpp:10619] [EVICT-TRIGGER] memory_ratio=1 high_watermark=0.9 need_mem_eviction=0 eviction_ratio=0.05
I1008 11:18:16.538018 194610 master_service.cpp:10630] [EVICT-DONE] BatchEvict execution completed.
I1008 11:18:16.548092 194610 master_service.cpp:10619] [EVICT-TRIGGER] memory_ratio=1 high_watermark=0.9 need_mem_eviction=0 eviction_ratio=0.05
I1008 11:18:16.549386 194610 master_service.cpp:10630] [EVICT-DONE] BatchEvict execution completed.
I1008 11:18:16.559459 194610 master_service.cpp:10619] [EVICT-TRIGGER] memory_ratio=1 high_watermark=0.9 need_mem_eviction=0 eviction_ratio=0.05
I1008 11:18:16.560580 194610 master_service.cpp:10630] [EVICT-DONE] BatchEvict execution completed.
I1008 11:18:16.570654 194610 master_service.cpp:10619] [EVICT-TRIGGER] memory_ratio=1 high_watermark=0.9 need_mem_eviction=0 eviction_ratio=0.05
I1008 11:18:16.571925 194610 master_service.cpp:10630] [EVICT-DONE] BatchEvict execution completed.
I1008 11:18:16.582000 194610 master_service.cpp:10619] [EVICT-TRIGGER] memory_ratio=1 high_watermark=0.9 need_mem_eviction=0 eviction_ratio=0.05
I1008 11:18:16.583209 194610 master_service.cpp:10630] [EVICT-DONE] BatchEvict execution completed.
I1008 11:18:16.593282 194610 master_service.cpp:10619] [EVICT-TRIGGER] memory_ratio=1 high_watermark=0.9 need_mem_eviction=0 eviction_ratio=0.05
I1008 11:18:16.594599 194610 master_service.cpp:10630] [EVICT-DONE] BatchEvict execution completed.
I1008 11:18:16.604672 194610 master_service.cpp:10619] [EVICT-TRIGGER] memory_ratio=1 high_watermark=0.9 need_mem_eviction=0 eviction_ratio=0.05
I1008 11:18:16.605801 194610 master_service.cpp:10630] [EVICT-DONE] BatchEvict execution completed.
I1008 11:18:16.615875 194610 master_service.cpp:10619] [EVICT-TRIGGER] memory_ratio=1 high_watermark=0.9 need_mem_eviction=0 eviction_ratio=0.05
I1008 11:18:16.617163 194610 master_service.cpp:10630] [EVICT-DONE] BatchEvict execution completed.
I1008 11:18:16.627249 194610 master_service.cpp:10619] [EVICT-TRIGGER] memory_ratio=1 high_watermark=0.9 need_mem_eviction=0 eviction_ratio=0.05
I1008 11:18:16.628407 194610 master_service.cpp:10630] [EVICT-DONE] BatchEvict execution completed.
I1008 11:18:16.638481 194610 master_service.cpp:10619] [EVICT-TRIGGER] memory_ratio=1 high_watermark=0.9 need_mem_eviction=0 eviction_ratio=0.05
I1008 11:18:16.639801 194610 master_service.cpp:10630] [EVICT-DONE] BatchEvict execution completed.
I1008 11:18:16.649878 194610 master_service.cpp:10619] [EVICT-TRIGGER] memory_ratio=1 high_watermark=0.9 need_mem_eviction=0 eviction_ratio=0.05
I1008 11:18:16.651046 194610 master_service.cpp:10630] [EVICT-DONE] BatchEvict execution completed.
I1008 11:18:16.661121 194610 master_service.cpp:10619] [EVICT-TRIGGER] memory_ratio=1 high_watermark=0.9 need_mem_eviction=0 eviction_ratio=0.05
I1008 11:18:16.662451 194610 master_service.cpp:10630] [EVICT-DONE] BatchEvict execution completed.
I1008 11:18:16.672524 194610 master_service.cpp:10619] [EVICT-TRIGGER] memory_ratio=1 high_watermark=0.9 need_mem_eviction=0 eviction_ratio=0.05
I1008 11:18:16.673624 194610 master_service.cpp:10630] [EVICT-DONE] BatchEvict execution completed.
I1008 11:18:16.683698 194610 master_service.cpp:10619] [EVICT-TRIGGER] memory_ratio=1 high_watermark=0.9 need_mem_eviction=0 eviction_ratio=0.05
I1008 11:18:16.685010 194610 master_service.cpp:10630] [EVICT-DONE] BatchEvict execution completed.
I1008 11:18:16.695084 194610 master_service.cpp:10619] [EVICT-TRIGGER] memory_ratio=1 high_watermark=0.9 need_mem_eviction=0 eviction_ratio=0.05
I1008 11:18:16.696201 194610 master_service.cpp:10630] [EVICT-DONE] BatchEvict execution completed.
I1008 11:18:16.706275 194610 master_service.cpp:10619] [EVICT-TRIGGER] memory_ratio=1 high_watermark=0.9 need_mem_eviction=0 eviction_ratio=0.05
I1008 11:18:16.707597 194610 master_service.cpp:10630] [EVICT-DONE] BatchEvict execution completed.
I1008 11:18:16.717674 194610 master_service.cpp:10619] [EVICT-TRIGGER] memory_ratio=1 high_watermark=0.9 need_mem_eviction=0 eviction_ratio=0.05
I1008 11:18:16.718817 194610 master_service.cpp:10630] [EVICT-DONE] BatchEvict execution completed.
I1008 11:18:16.728891 194610 master_service.cpp:10619] [EVICT-TRIGGER] memory_ratio=1 high_watermark=0.9 need_mem_eviction=0 eviction_ratio=0.05
I1008 11:18:16.730155 194610 master_service.cpp:10630] [EVICT-DONE] BatchEvict execution completed.
I1008 11:18:16.740229 194610 master_service.cpp:10619] [EVICT-TRIGGER] memory_ratio=1 high_watermark=0.9 need_mem_eviction=0 eviction_ratio=0.05
I1008 11:18:16.741372 194610 master_service.cpp:10630] [EVICT-DONE] BatchEvict execution completed.
I1008 11:18:16.751447 194610 master_service.cpp:10619] [EVICT-TRIGGER] memory_ratio=1 high_watermark=0.9 need_mem_eviction=0 eviction_ratio=0.05
I1008 11:18:16.752758 194610 master_service.cpp:10630] [EVICT-DONE] BatchEvict execution completed.
I1008 11:18:16.762832 194610 master_service.cpp:10619] [EVICT-TRIGGER] memory_ratio=1 high_watermark=0.9 need_mem_eviction=0 eviction_ratio=0.05
I1008 11:18:16.763983 194610 master_service.cpp:10630] [EVICT-DONE] BatchEvict execution completed.
I1008 11:18:16.774056 194610 master_service.cpp:10619] [EVICT-TRIGGER] memory_ratio=1 high_watermark=0.9 need_mem_eviction=0 eviction_ratio=0.05
I1008 11:18:16.775383 194610 master_service.cpp:10630] [EVICT-DONE] BatchEvict execution completed.
I1008 11:18:16.785458 194610 master_service.cpp:10619] [EVICT-TRIGGER] memory_ratio=1 high_watermark=0.9 need_mem_eviction=0 eviction_ratio=0.05
I1008 11:18:16.786620 194610 master_service.cpp:10630] [EVICT-DONE] BatchEvict execution completed.
I1008 11:18:16.796695 194610 master_service.cpp:10619] [EVICT-TRIGGER] memory_ratio=1 high_watermark=0.9 need_mem_eviction=0 eviction_ratio=0.05
I1008 11:18:16.797972 194610 master_service.cpp:10630] [EVICT-DONE] BatchEvict execution completed.
I1008 11:18:16.808046 194610 master_service.cpp:10619] [EVICT-TRIGGER] memory_ratio=1 high_watermark=0.9 need_mem_eviction=0 eviction_ratio=0.05
I1008 11:18:16.809173 194610 master_service.cpp:10630] [EVICT-DONE] BatchEvict execution completed.
I1008 11:18:16.819258 194610 master_service.cpp:10619] [EVICT-TRIGGER] memory_ratio=1 high_watermark=0.9 need_mem_eviction=0 eviction_ratio=0.05
I1008 11:18:16.820530 194610 master_service.cpp:10630] [EVICT-DONE] BatchEvict execution completed.
I1008 11:18:16.830605 194610 master_service.cpp:10619] [EVICT-TRIGGER] memory_ratio=1 high_watermark=0.9 need_mem_eviction=0 eviction_ratio=0.05
I1008 11:18:16.831756 194610 master_service.cpp:10630] [EVICT-DONE] BatchEvict execution completed.
I1008 11:18:16.841832 194610 master_service.cpp:10619] [EVICT-TRIGGER] memory_ratio=1 high_watermark=0.9 need_mem_eviction=0 eviction_ratio=0.05
I1008 11:18:16.843130 194610 master_service.cpp:10630] [EVICT-DONE] BatchEvict execution completed.
I1008 11:18:16.853205 194610 master_service.cpp:10619] [EVICT-TRIGGER] memory_ratio=1 high_watermark=0.9 need_mem_eviction=0 eviction_ratio=0.05
I1008 11:18:16.854329 194610 master_service.cpp:10630] [EVICT-DONE] BatchEvict execution completed.
I1008 11:18:16.864403 194610 master_service.cpp:10619] [EVICT-TRIGGER] memory_ratio=1 high_watermark=0.9 need_mem_eviction=0 eviction_ratio=0.05
I1008 11:18:16.865698 194610 master_service.cpp:10630] [EVICT-DONE] BatchEvict execution completed.
I1008 11:18:16.875772 194610 master_service.cpp:10619] [EVICT-TRIGGER] memory_ratio=1 high_watermark=0.9 need_mem_eviction=0 eviction_ratio=0.05
I1008 11:18:16.876888 194610 master_service.cpp:10630] [EVICT-DONE] BatchEvict execution completed.
I1008 11:18:16.886962 194610 master_service.cpp:10619] [EVICT-TRIGGER] memory_ratio=1 high_watermark=0.9 need_mem_eviction=0 eviction_ratio=0.05
I1008 11:18:16.888270 194610 master_service.cpp:10630] [EVICT-DONE] BatchEvict execution completed.
I1008 11:18:16.898345 194610 master_service.cpp:10619] [EVICT-TRIGGER] memory_ratio=1 high_watermark=0.9 need_mem_eviction=0 eviction_ratio=0.05
I1008 11:18:16.899534 194610 master_service.cpp:10630] [EVICT-DONE] BatchEvict execution completed.
I1008 11:18:16.909610 194610 master_service.cpp:10619] [EVICT-TRIGGER] memory_ratio=1 high_watermark=0.9 need_mem_eviction=0 eviction_ratio=0.05
I1008 11:18:16.910933 194610 master_service.cpp:10630] [EVICT-DONE] BatchEvict execution completed.
I1008 11:18:16.921008 194610 master_service.cpp:10619] [EVICT-TRIGGER] memory_ratio=1 high_watermark=0.9 need_mem_eviction=0 eviction_ratio=0.05
I1008 11:18:16.922147 194610 master_service.cpp:10630] [EVICT-DONE] BatchEvict execution completed.
I1008 11:18:16.932221 194610 master_service.cpp:10619] [EVICT-TRIGGER] memory_ratio=1 high_watermark=0.9 need_mem_eviction=0 eviction_ratio=0.05
I1008 11:18:16.933568 194610 master_service.cpp:10630] [EVICT-DONE] BatchEvict execution completed.
I1008 11:18:16.943642 194610 master_service.cpp:10619] [EVICT-TRIGGER] memory_ratio=1 high_watermark=0.9 need_mem_eviction=0 eviction_ratio=0.05
I1008 11:18:16.944794 194610 master_service.cpp:10630] [EVICT-DONE] BatchEvict execution completed.
I1008 11:18:16.954869 194610 master_service.cpp:10619] [EVICT-TRIGGER] memory_ratio=1 high_watermark=0.9 need_mem_eviction=0 eviction_ratio=0.05
I1008 11:18:16.956135 194610 master_service.cpp:10630] [EVICT-DONE] BatchEvict execution completed.
I1008 11:18:16.966209 194610 master_service.cpp:10619] [EVICT-TRIGGER] memory_ratio=1 high_watermark=0.9 need_mem_eviction=0 eviction_ratio=0.05
I1008 11:18:16.967394 194610 master_service.cpp:10630] [EVICT-DONE] BatchEvict execution completed.
I1008 11:18:16.977470 194610 master_service.cpp:10619] [EVICT-TRIGGER] memory_ratio=1 high_watermark=0.9 need_mem_eviction=0 eviction_ratio=0.05
I1008 11:18:16.978773 194610 master_service.cpp:10630] [EVICT-DONE] BatchEvict execution completed.
I1008 11:18:16.988847 194610 master_service.cpp:10619] [EVICT-TRIGGER] memory_ratio=1 high_watermark=0.9 need_mem_eviction=0 eviction_ratio=0.05
I1008 11:18:16.989944 194610 master_service.cpp:10630] [EVICT-DONE] BatchEvict execution completed.
I1008 11:18:17.000020 194610 master_service.cpp:10619] [EVICT-TRIGGER] memory_ratio=1 high_watermark=0.9 need_mem_eviction=0 eviction_ratio=0.05
I1008 11:18:17.001333 194610 master_service.cpp:10630] [EVICT-DONE] BatchEvict execution completed.
I1008 11:18:17.011407 194610 master_service.cpp:10619] [EVICT-TRIGGER] memory_ratio=1 high_watermark=0.9 need_mem_eviction=0 eviction_ratio=0.05
I1008 11:18:17.012523 194610 master_service.cpp:10630] [EVICT-DONE] BatchEvict execution completed.
I1008 11:18:17.022598 194610 master_service.cpp:10619] [EVICT-TRIGGER] memory_ratio=1 high_watermark=0.9 need_mem_eviction=0 eviction_ratio=0.05
I1008 11:18:17.023887 194610 master_service.cpp:10630] [EVICT-DONE] BatchEvict execution completed.
I1008 11:18:17.033962 194610 master_service.cpp:10619] [EVICT-TRIGGER] memory_ratio=1 high_watermark=0.9 need_mem_eviction=0 eviction_ratio=0.05
I1008 11:18:17.035099 194610 master_service.cpp:10630] [EVICT-DONE] BatchEvict execution completed.
I1008 11:18:17.045173 194610 master_service.cpp:10619] [EVICT-TRIGGER] memory_ratio=1 high_watermark=0.9 need_mem_eviction=0 eviction_ratio=0.05
I1008 11:18:17.046464 194610 master_service.cpp:10630] [EVICT-DONE] BatchEvict execution completed.
I1008 11:18:17.056538 194610 master_service.cpp:10619] [EVICT-TRIGGER] memory_ratio=1 high_watermark=0.9 need_mem_eviction=0 eviction_ratio=0.05
I1008 11:18:17.057653 194610 master_service.cpp:10630] [EVICT-DONE] BatchEvict execution completed.
I1008 11:18:17.067727 194610 master_service.cpp:10619] [EVICT-TRIGGER] memory_ratio=1 high_watermark=0.9 need_mem_eviction=0 eviction_ratio=0.05
I1008 11:18:17.068979 194610 master_service.cpp:10630] [EVICT-DONE] BatchEvict execution completed.
I1008 11:18:17.079052 194610 master_service.cpp:10619] [EVICT-TRIGGER] memory_ratio=1 high_watermark=0.9 need_mem_eviction=0 eviction_ratio=0.05
I1008 11:18:17.080159 194610 master_service.cpp:10630] [EVICT-DONE] BatchEvict execution completed.
I1008 11:18:17.090232 194610 master_service.cpp:10619] [EVICT-TRIGGER] memory_ratio=1 high_watermark=0.9 need_mem_eviction=0 eviction_ratio=0.05
I1008 11:18:17.091565 194610 master_service.cpp:10630] [EVICT-DONE] BatchEvict execution completed.
I1008 11:18:17.101640 194610 master_service.cpp:10619] [EVICT-TRIGGER] memory_ratio=1 high_watermark=0.9 need_mem_eviction=0 eviction_ratio=0.05
I1008 11:18:17.102813 194610 master_service.cpp:10630] [EVICT-DONE] BatchEvict execution completed.
I1008 11:18:17.112888 194610 master_service.cpp:10619] [EVICT-TRIGGER] memory_ratio=1 high_watermark=0.9 need_mem_eviction=0 eviction_ratio=0.05
I1008 11:18:17.114236 194610 master_service.cpp:10630] [EVICT-DONE] BatchEvict execution completed.
I1008 11:18:17.124313 194610 master_service.cpp:10619] [EVICT-TRIGGER] memory_ratio=1 high_watermark=0.9 need_mem_eviction=0 eviction_ratio=0.05
I1008 11:18:17.125464 194610 master_service.cpp:10630] [EVICT-DONE] BatchEvict execution completed.
I1008 11:18:17.135538 194610 master_service.cpp:10619] [EVICT-TRIGGER] memory_ratio=1 high_watermark=0.9 need_mem_eviction=0 eviction_ratio=0.05
I1008 11:18:17.136901 194610 master_service.cpp:12526] [EVICT-RESULT] evicted_count=0, eviction_base=10, actual_evict_ratio=0, target_evict_ratio=0.15
I1008 11:18:17.136929 194610 master_service.cpp:10630] [EVICT-DONE] BatchEvict execution completed.
I1008 11:18:17.146993 194610 master_service.cpp:10619] [EVICT-TRIGGER] memory_ratio=1 high_watermark=0.9 need_mem_eviction=0 eviction_ratio=0.05
I1008 11:18:17.148160 194610 master_service.cpp:12526] [EVICT-RESULT] evicted_count=0, eviction_base=20, actual_evict_ratio=0, target_evict_ratio=0.15
I1008 11:18:17.148185 194610 master_service.cpp:10630] [EVICT-DONE] BatchEvict execution completed.
I1008 11:18:17.158250 194610 master_service.cpp:10619] [EVICT-TRIGGER] memory_ratio=1 high_watermark=0.9 need_mem_eviction=0 eviction_ratio=0.05
I1008 11:18:17.159618 194610 master_service.cpp:12526] [EVICT-RESULT] evicted_count=0, eviction_base=20, actual_evict_ratio=0, target_evict_ratio=0.15
I1008 11:18:17.159739 194610 master_service.cpp:10630] [EVICT-DONE] BatchEvict execution completed.
I1008 11:18:17.169804 194610 master_service.cpp:10619] [EVICT-TRIGGER] memory_ratio=1 high_watermark=0.9 need_mem_eviction=0 eviction_ratio=0.05
I1008 11:18:17.173337 194610 master_service.cpp:12526] [EVICT-RESULT] evicted_count=0, eviction_base=32, actual_evict_ratio=0, target_evict_ratio=0.15
W1008 11:18:17.173364 194610 master_service.cpp:12534] [EVICT] No memory freed this cycle; 2 objects deferred for disk offload. Consider lowering eviction_high_watermark_ratio.
I1008 11:18:17.173373 194610 master_service.cpp:10630] [EVICT-DONE] BatchEvict execution completed.
I1008 11:18:17.183434 194610 master_service.cpp:10619] [EVICT-TRIGGER] memory_ratio=1 high_watermark=0.9 need_mem_eviction=0 eviction_ratio=0.05
I1008 11:18:17.184747 194610 master_service.cpp:12526] [EVICT-RESULT] evicted_count=0, eviction_base=30, actual_evict_ratio=0, target_evict_ratio=0.15
I1008 11:18:17.184772 194610 master_service.cpp:10630] [EVICT-DONE] BatchEvict execution completed.
I1008 11:18:17.194833 194610 master_service.cpp:10619] [EVICT-TRIGGER] memory_ratio=1 high_watermark=0.9 need_mem_eviction=0 eviction_ratio=0.05
I1008 11:18:17.195945 194610 master_service.cpp:12526] [EVICT-RESULT] evicted_count=0, eviction_base=30, actual_evict_ratio=0, target_evict_ratio=0.15
I1008 11:18:17.195969 194610 master_service.cpp:10630] [EVICT-DONE] BatchEvict execution completed.
I1008 11:18:17.206032 194610 master_service.cpp:10619] [EVICT-TRIGGER] memory_ratio=1 high_watermark=0.9 need_mem_eviction=0 eviction_ratio=0.05
I1008 11:18:17.207393 194610 master_service.cpp:12526] [EVICT-RESULT] evicted_count=0, eviction_base=30, actual_evict_ratio=0, target_evict_ratio=0.15
I1008 11:18:17.207419 194610 master_service.cpp:10630] [EVICT-DONE] BatchEvict execution completed.
I1008 11:18:17.217481 194610 master_service.cpp:10619] [EVICT-TRIGGER] memory_ratio=1 high_watermark=0.9 need_mem_eviction=0 eviction_ratio=0.05
I1008 11:18:17.218623 194610 master_service.cpp:12526] [EVICT-RESULT] evicted_count=0, eviction_base=30, actual_evict_ratio=0, target_evict_ratio=0.15
I1008 11:18:17.218647 194610 master_service.cpp:10630] [EVICT-DONE] BatchEvict execution completed.
I1008 11:18:17.228713 194610 master_service.cpp:10619] [EVICT-TRIGGER] memory_ratio=1 high_watermark=0.9 need_mem_eviction=0 eviction_ratio=0.05
I1008 11:18:17.229995 194610 master_service.cpp:12526] [EVICT-RESULT] evicted_count=0, eviction_base=30, actual_evict_ratio=0, target_evict_ratio=0.15
I1008 11:18:17.230018 194610 master_service.cpp:10630] [EVICT-DONE] BatchEvict execution completed.
I1008 11:18:17.240082 194610 master_service.cpp:10619] [EVICT-TRIGGER] memory_ratio=1 high_watermark=0.9 need_mem_eviction=0 eviction_ratio=0.05
I1008 11:18:17.241228 194610 master_service.cpp:12526] [EVICT-RESULT] evicted_count=0, eviction_base=30, actual_evict_ratio=0, target_evict_ratio=0.15
I1008 11:18:17.241252 194610 master_service.cpp:10630] [EVICT-DONE] BatchEvict execution completed.
I1008 11:18:17.251314 194610 master_service.cpp:10619] [EVICT-TRIGGER] memory_ratio=1 high_watermark=0.9 need_mem_eviction=0 eviction_ratio=0.05
I1008 11:18:17.252620 194610 master_service.cpp:12526] [EVICT-RESULT] evicted_count=0, eviction_base=30, actual_evict_ratio=0, target_evict_ratio=0.15
I1008 11:18:17.252645 194610 master_service.cpp:10630] [EVICT-DONE] BatchEvict execution completed.
I1008 11:18:17.262712 194610 master_service.cpp:10619] [EVICT-TRIGGER] memory_ratio=1 high_watermark=0.9 need_mem_eviction=0 eviction_ratio=0.05
I1008 11:18:17.263867 194610 master_service.cpp:12526] [EVICT-RESULT] evicted_count=0, eviction_base=30, actual_evict_ratio=0, target_evict_ratio=0.15
I1008 11:18:17.263892 194610 master_service.cpp:10630] [EVICT-DONE] BatchEvict execution completed.
I1008 11:18:17.273954 194610 master_service.cpp:10619] [EVICT-TRIGGER] memory_ratio=1 high_watermark=0.9 need_mem_eviction=0 eviction_ratio=0.05
I1008 11:18:17.275282 194610 master_service.cpp:12526] [EVICT-RESULT] evicted_count=0, eviction_base=30, actual_evict_ratio=0, target_evict_ratio=0.15
I1008 11:18:17.275308 194610 master_service.cpp:10630] [EVICT-DONE] BatchEvict execution completed.
I1008 11:18:17.285372 194610 master_service.cpp:10619] [EVICT-TRIGGER] memory_ratio=1 high_watermark=0.9 need_mem_eviction=0 eviction_ratio=0.05
I1008 11:18:17.286608 194610 master_service.cpp:12526] [EVICT-RESULT] evicted_count=0, eviction_base=30, actual_evict_ratio=0, target_evict_ratio=0.15
I1008 11:18:17.286633 194610 master_service.cpp:10630] [EVICT-DONE] BatchEvict execution completed.
I1008 11:18:17.296696 194610 master_service.cpp:10619] [EVICT-TRIGGER] memory_ratio=1 high_watermark=0.9 need_mem_eviction=0 eviction_ratio=0.05
I1008 11:18:17.298019 194610 master_service.cpp:12526] [EVICT-RESULT] evicted_count=0, eviction_base=30, actual_evict_ratio=0, target_evict_ratio=0.15
I1008 11:18:17.298043 194610 master_service.cpp:10630] [EVICT-DONE] BatchEvict execution completed.
I1008 11:18:17.308105 194610 master_service.cpp:10619] [EVICT-TRIGGER] memory_ratio=1 high_watermark=0.9 need_mem_eviction=0 eviction_ratio=0.05
I1008 11:18:17.309247 194610 master_service.cpp:12526] [EVICT-RESULT] evicted_count=0, eviction_base=30, actual_evict_ratio=0, target_evict_ratio=0.15
I1008 11:18:17.309273 194610 master_service.cpp:10630] [EVICT-DONE] BatchEvict execution completed.
I1008 11:18:17.319335 194610 master_service.cpp:10619] [EVICT-TRIGGER] memory_ratio=1 high_watermark=0.9 need_mem_eviction=0 eviction_ratio=0.05
I1008 11:18:17.320648 194610 master_service.cpp:12526] [EVICT-RESULT] evicted_count=0, eviction_base=30, actual_evict_ratio=0, target_evict_ratio=0.15
I1008 11:18:17.320673 194610 master_service.cpp:10630] [EVICT-DONE] BatchEvict execution completed.
I1008 11:18:17.330710 194610 master_service.cpp:10619] [EVICT-TRIGGER] memory_ratio=1 high_watermark=0.9 need_mem_eviction=0 eviction_ratio=0.05
I1008 11:18:17.331890 194610 master_service.cpp:12526] [EVICT-RESULT] evicted_count=0, eviction_base=30, actual_evict_ratio=0, target_evict_ratio=0.15
I1008 11:18:17.331915 194610 master_service.cpp:10630] [EVICT-DONE] BatchEvict execution completed.
I1008 11:18:17.341977 194610 master_service.cpp:10619] [EVICT-TRIGGER] memory_ratio=1 high_watermark=0.9 need_mem_eviction=0 eviction_ratio=0.05
I1008 11:18:17.343297 194610 master_service.cpp:12526] [EVICT-RESULT] evicted_count=0, eviction_base=30, actual_evict_ratio=0, target_evict_ratio=0.15
I1008 11:18:17.343323 194610 master_service.cpp:10630] [EVICT-DONE] BatchEvict execution completed.
I1008 11:18:17.353385 194610 master_service.cpp:10619] [EVICT-TRIGGER] memory_ratio=1 high_watermark=0.9 need_mem_eviction=0 eviction_ratio=0.05
I1008 11:18:17.354538 194610 master_service.cpp:12526] [EVICT-RESULT] evicted_count=0, eviction_base=30, actual_evict_ratio=0, target_evict_ratio=0.15
I1008 11:18:17.354562 194610 master_service.cpp:10630] [EVICT-DONE] BatchEvict execution completed.
I1008 11:18:17.364625 194610 master_service.cpp:10619] [EVICT-TRIGGER] memory_ratio=1 high_watermark=0.9 need_mem_eviction=0 eviction_ratio=0.05
I1008 11:18:17.365952 194610 master_service.cpp:12526] [EVICT-RESULT] evicted_count=0, eviction_base=30, actual_evict_ratio=0, target_evict_ratio=0.15
I1008 11:18:17.365976 194610 master_service.cpp:10630] [EVICT-DONE] BatchEvict execution completed.
I1008 11:18:17.376039 194610 master_service.cpp:10619] [EVICT-TRIGGER] memory_ratio=1 high_watermark=0.9 need_mem_eviction=0 eviction_ratio=0.05
I1008 11:18:17.377189 194610 master_service.cpp:12526] [EVICT-RESULT] evicted_count=0, eviction_base=30, actual_evict_ratio=0, target_evict_ratio=0.15
I1008 11:18:17.377213 194610 master_service.cpp:10630] [EVICT-DONE] BatchEvict execution completed.
I1008 11:18:17.387275 194610 master_service.cpp:10619] [EVICT-TRIGGER] memory_ratio=1 high_watermark=0.9 need_mem_eviction=0 eviction_ratio=0.05
I1008 11:18:17.388602 194610 master_service.cpp:12526] [EVICT-RESULT] evicted_count=0, eviction_base=30, actual_evict_ratio=0, target_evict_ratio=0.15
I1008 11:18:17.388628 194610 master_service.cpp:10630] [EVICT-DONE] BatchEvict execution completed.
I1008 11:18:17.398689 194610 master_service.cpp:10619] [EVICT-TRIGGER] memory_ratio=1 high_watermark=0.9 need_mem_eviction=0 eviction_ratio=0.05
I1008 11:18:17.399829 194610 master_service.cpp:12526] [EVICT-RESULT] evicted_count=0, eviction_base=30, actual_evict_ratio=0, target_evict_ratio=0.15
I1008 11:18:17.399863 194610 master_service.cpp:10630] [EVICT-DONE] BatchEvict execution completed.
I1008 11:18:17.409926 194610 master_service.cpp:10619] [EVICT-TRIGGER] memory_ratio=1 high_watermark=0.9 need_mem_eviction=0 eviction_ratio=0.05
I1008 11:18:17.411244 194610 master_service.cpp:12526] [EVICT-RESULT] evicted_count=0, eviction_base=30, actual_evict_ratio=0, target_evict_ratio=0.15
I1008 11:18:17.411269 194610 master_service.cpp:10630] [EVICT-DONE] BatchEvict execution completed.
I1008 11:18:17.421330 194610 master_service.cpp:10619] [EVICT-TRIGGER] memory_ratio=1 high_watermark=0.9 need_mem_eviction=0 eviction_ratio=0.05
I1008 11:18:17.422466 194610 master_service.cpp:12526] [EVICT-RESULT] evicted_count=0, eviction_base=30, actual_evict_ratio=0, target_evict_ratio=0.15
I1008 11:18:17.422492 194610 master_service.cpp:10630] [EVICT-DONE] BatchEvict execution completed.
I1008 11:18:17.432554 194610 master_service.cpp:10619] [EVICT-TRIGGER] memory_ratio=1 high_watermark=0.9 need_mem_eviction=0 eviction_ratio=0.05
I1008 11:18:17.433856 194610 master_service.cpp:12526] [EVICT-RESULT] evicted_count=0, eviction_base=30, actual_evict_ratio=0, target_evict_ratio=0.15
I1008 11:18:17.433880 194610 master_service.cpp:10630] [EVICT-DONE] BatchEvict execution completed.
I1008 11:18:17.443941 194610 master_service.cpp:10619] [EVICT-TRIGGER] memory_ratio=1 high_watermark=0.9 need_mem_eviction=0 eviction_ratio=0.05
I1008 11:18:17.445060 194610 master_service.cpp:12526] [EVICT-RESULT] evicted_count=0, eviction_base=30, actual_evict_ratio=0, target_evict_ratio=0.15
I1008 11:18:17.445084 194610 master_service.cpp:10630] [EVICT-DONE] BatchEvict execution completed.
I1008 11:18:17.455147 194610 master_service.cpp:10619] [EVICT-TRIGGER] memory_ratio=1 high_watermark=0.9 need_mem_eviction=0 eviction_ratio=0.05
I1008 11:18:17.456880 194610 master_service.cpp:12526] [EVICT-RESULT] evicted_count=0, eviction_base=30, actual_evict_ratio=0, target_evict_ratio=0.15
I1008 11:18:17.456905 194610 master_service.cpp:10630] [EVICT-DONE] BatchEvict execution completed.
I1008 11:18:17.466967 194610 master_service.cpp:10619] [EVICT-TRIGGER] memory_ratio=1 high_watermark=0.9 need_mem_eviction=0 eviction_ratio=0.05
I1008 11:18:17.468132 194610 master_service.cpp:12526] [EVICT-RESULT] evicted_count=0, eviction_base=30, actual_evict_ratio=0, target_evict_ratio=0.15
I1008 11:18:17.468156 194610 master_service.cpp:10630] [EVICT-DONE] BatchEvict execution completed.
I1008 11:18:17.478219 194610 master_service.cpp:10619] [EVICT-TRIGGER] memory_ratio=1 high_watermark=0.9 need_mem_eviction=0 eviction_ratio=0.05
I1008 11:18:17.479588 194610 master_service.cpp:12526] [EVICT-RESULT] evicted_count=0, eviction_base=30, actual_evict_ratio=0, target_evict_ratio=0.15
I1008 11:18:17.479614 194610 master_service.cpp:10630] [EVICT-DONE] BatchEvict execution completed.
I1008 11:18:17.489675 194610 master_service.cpp:10619] [EVICT-TRIGGER] memory_ratio=1 high_watermark=0.9 need_mem_eviction=0 eviction_ratio=0.05
I1008 11:18:17.490794 194610 master_service.cpp:12526] [EVICT-RESULT] evicted_count=0, eviction_base=30, actual_evict_ratio=0, target_evict_ratio=0.15
I1008 11:18:17.490819 194610 master_service.cpp:10630] [EVICT-DONE] BatchEvict execution completed.
I1008 11:18:17.500882 194610 master_service.cpp:10619] [EVICT-TRIGGER] memory_ratio=1 high_watermark=0.9 need_mem_eviction=0 eviction_ratio=0.05
I1008 11:18:17.502149 194610 master_service.cpp:12526] [EVICT-RESULT] evicted_count=0, eviction_base=30, actual_evict_ratio=0, target_evict_ratio=0.15
I1008 11:18:17.502173 194610 master_service.cpp:10630] [EVICT-DONE] BatchEvict execution completed.
I1008 11:18:17.512235 194610 master_service.cpp:10619] [EVICT-TRIGGER] memory_ratio=1 high_watermark=0.9 need_mem_eviction=0 eviction_ratio=0.05
I1008 11:18:17.513366 194610 master_service.cpp:12526] [EVICT-RESULT] evicted_count=0, eviction_base=30, actual_evict_ratio=0, target_evict_ratio=0.15
I1008 11:18:17.513399 194610 master_service.cpp:10630] [EVICT-DONE] BatchEvict execution completed.
I1008 11:18:17.523463 194610 master_service.cpp:10619] [EVICT-TRIGGER] memory_ratio=1 high_watermark=0.9 need_mem_eviction=0 eviction_ratio=0.05
I1008 11:18:17.524750 194610 master_service.cpp:12526] [EVICT-RESULT] evicted_count=0, eviction_base=30, actual_evict_ratio=0, target_evict_ratio=0.15
I1008 11:18:17.524775 194610 master_service.cpp:10630] [EVICT-DONE] BatchEvict execution completed.
I1008 11:18:17.534837 194610 master_service.cpp:10619] [EVICT-TRIGGER] memory_ratio=1 high_watermark=0.9 need_mem_eviction=0 eviction_ratio=0.05
I1008 11:18:17.535960 194610 master_service.cpp:12526] [EVICT-RESULT] evicted_count=0, eviction_base=30, actual_evict_ratio=0, target_evict_ratio=0.15
I1008 11:18:17.535984 194610 master_service.cpp:10630] [EVICT-DONE] BatchEvict execution completed.
I1008 11:18:17.546047 194610 master_service.cpp:10619] [EVICT-TRIGGER] memory_ratio=1 high_watermark=0.9 need_mem_eviction=0 eviction_ratio=0.05
I1008 11:18:17.547365 194610 master_service.cpp:12526] [EVICT-RESULT] evicted_count=0, eviction_base=30, actual_evict_ratio=0, target_evict_ratio=0.15
I1008 11:18:17.547391 194610 master_service.cpp:10630] [EVICT-DONE] BatchEvict execution completed.
I1008 11:18:17.557453 194610 master_service.cpp:10619] [EVICT-TRIGGER] memory_ratio=1 high_watermark=0.9 need_mem_eviction=0 eviction_ratio=0.05
I1008 11:18:17.558583 194610 master_service.cpp:12526] [EVICT-RESULT] evicted_count=0, eviction_base=30, actual_evict_ratio=0, target_evict_ratio=0.15
I1008 11:18:17.558606 194610 master_service.cpp:10630] [EVICT-DONE] BatchEvict execution completed.
I1008 11:18:17.568670 194610 master_service.cpp:10619] [EVICT-TRIGGER] memory_ratio=1 high_watermark=0.9 need_mem_eviction=0 eviction_ratio=0.05
I1008 11:18:17.569968 194610 master_service.cpp:12526] [EVICT-RESULT] evicted_count=0, eviction_base=30, actual_evict_ratio=0, target_evict_ratio=0.15
I1008 11:18:17.569993 194610 master_service.cpp:10630] [EVICT-DONE] BatchEvict execution completed.
I1008 11:18:17.580054 194610 master_service.cpp:10619] [EVICT-TRIGGER] memory_ratio=1 high_watermark=0.9 need_mem_eviction=0 eviction_ratio=0.05
I1008 11:18:17.581199 194610 master_service.cpp:12526] [EVICT-RESULT] evicted_count=0, eviction_base=30, actual_evict_ratio=0, target_evict_ratio=0.15
I1008 11:18:17.581224 194610 master_service.cpp:10630] [EVICT-DONE] BatchEvict execution completed.
I1008 11:18:17.591286 194610 master_service.cpp:10619] [EVICT-TRIGGER] memory_ratio=1 high_watermark=0.9 need_mem_eviction=0 eviction_ratio=0.05
I1008 11:18:17.592692 194610 master_service.cpp:12526] [EVICT-RESULT] evicted_count=0, eviction_base=30, actual_evict_ratio=0, target_evict_ratio=0.15
I1008 11:18:17.592718 194610 master_service.cpp:10630] [EVICT-DONE] BatchEvict execution completed.
I1008 11:18:17.602782 194610 master_service.cpp:10619] [EVICT-TRIGGER] memory_ratio=1 high_watermark=0.9 need_mem_eviction=0 eviction_ratio=0.05
I1008 11:18:17.603961 194610 master_service.cpp:12526] [EVICT-RESULT] evicted_count=0, eviction_base=30, actual_evict_ratio=0, target_evict_ratio=0.15
I1008 11:18:17.603986 194610 master_service.cpp:10630] [EVICT-DONE] BatchEvict execution completed.
I1008 11:18:17.614049 194610 master_service.cpp:10619] [EVICT-TRIGGER] memory_ratio=1 high_watermark=0.9 need_mem_eviction=0 eviction_ratio=0.05
I1008 11:18:17.615594 194610 master_service.cpp:12526] [EVICT-RESULT] evicted_count=0, eviction_base=30, actual_evict_ratio=0, target_evict_ratio=0.15
I1008 11:18:17.615621 194610 master_service.cpp:10630] [EVICT-DONE] BatchEvict execution completed.
I1008 11:18:17.625685 194610 master_service.cpp:10619] [EVICT-TRIGGER] memory_ratio=1 high_watermark=0.9 need_mem_eviction=0 eviction_ratio=0.05
I1008 11:18:17.626953 194610 master_service.cpp:12526] [EVICT-RESULT] evicted_count=0, eviction_base=30, actual_evict_ratio=0, target_evict_ratio=0.15
I1008 11:18:17.626978 194610 master_service.cpp:10630] [EVICT-DONE] BatchEvict execution completed.
I1008 11:18:17.637045 194610 master_service.cpp:10619] [EVICT-TRIGGER] memory_ratio=1 high_watermark=0.9 need_mem_eviction=0 eviction_ratio=0.05
I1008 11:18:17.638587 194610 master_service.cpp:12526] [EVICT-RESULT] evicted_count=0, eviction_base=30, actual_evict_ratio=0, target_evict_ratio=0.15
I1008 11:18:17.638613 194610 master_service.cpp:10630] [EVICT-DONE] BatchEvict execution completed.
I1008 11:18:17.648680 194610 master_service.cpp:10619] [EVICT-TRIGGER] memory_ratio=1 high_watermark=0.9 need_mem_eviction=0 eviction_ratio=0.05
I1008 11:18:17.649947 194610 master_service.cpp:12526] [EVICT-RESULT] evicted_count=0, eviction_base=30, actual_evict_ratio=0, target_evict_ratio=0.15
I1008 11:18:17.649974 194610 master_service.cpp:10630] [EVICT-DONE] BatchEvict execution completed.
I1008 11:18:17.660039 194610 master_service.cpp:10619] [EVICT-TRIGGER] memory_ratio=1 high_watermark=0.9 need_mem_eviction=0 eviction_ratio=0.05
I1008 11:18:17.661549 194610 master_service.cpp:12526] [EVICT-RESULT] evicted_count=0, eviction_base=30, actual_evict_ratio=0, target_evict_ratio=0.15
I1008 11:18:17.661576 194610 master_service.cpp:10630] [EVICT-DONE] BatchEvict execution completed.
I1008 11:18:17.671638 194610 master_service.cpp:10619] [EVICT-TRIGGER] memory_ratio=1 high_watermark=0.9 need_mem_eviction=0 eviction_ratio=0.05
I1008 11:18:17.672855 194610 master_service.cpp:12526] [EVICT-RESULT] evicted_count=0, eviction_base=30, actual_evict_ratio=0, target_evict_ratio=0.15
I1008 11:18:17.672880 194610 master_service.cpp:10630] [EVICT-DONE] BatchEvict execution completed.
I1008 11:18:17.682941 194610 master_service.cpp:10619] [EVICT-TRIGGER] memory_ratio=1 high_watermark=0.9 need_mem_eviction=0 eviction_ratio=0.05
I1008 11:18:17.684278 194610 master_service.cpp:12526] [EVICT-RESULT] evicted_count=0, eviction_base=30, actual_evict_ratio=0, target_evict_ratio=0.15
I1008 11:18:17.684302 194610 master_service.cpp:10630] [EVICT-DONE] BatchEvict execution completed.
I1008 11:18:17.694365 194610 master_service.cpp:10619] [EVICT-TRIGGER] memory_ratio=1 high_watermark=0.9 need_mem_eviction=0 eviction_ratio=0.05
I1008 11:18:17.695564 194610 master_service.cpp:12526] [EVICT-RESULT] evicted_count=0, eviction_base=30, actual_evict_ratio=0, target_evict_ratio=0.15
I1008 11:18:17.695588 194610 master_service.cpp:10630] [EVICT-DONE] BatchEvict execution completed.
I1008 11:18:17.705650 194610 master_service.cpp:10619] [EVICT-TRIGGER] memory_ratio=1 high_watermark=0.9 need_mem_eviction=0 eviction_ratio=0.05
I1008 11:18:17.707003 194610 master_service.cpp:12526] [EVICT-RESULT] evicted_count=0, eviction_base=30, actual_evict_ratio=0, target_evict_ratio=0.15
I1008 11:18:17.707028 194610 master_service.cpp:10630] [EVICT-DONE] BatchEvict execution completed.
I1008 11:18:17.717089 194610 master_service.cpp:10619] [EVICT-TRIGGER] memory_ratio=1 high_watermark=0.9 need_mem_eviction=0 eviction_ratio=0.05
I1008 11:18:17.718254 194610 master_service.cpp:12526] [EVICT-RESULT] evicted_count=0, eviction_base=30, actual_evict_ratio=0, target_evict_ratio=0.15
I1008 11:18:17.718279 194610 master_service.cpp:10630] [EVICT-DONE] BatchEvict execution completed.
I1008 11:18:17.728340 194610 master_service.cpp:10619] [EVICT-TRIGGER] memory_ratio=1 high_watermark=0.9 need_mem_eviction=0 eviction_ratio=0.05
I1008 11:18:17.729658 194610 master_service.cpp:12526] [EVICT-RESULT] evicted_count=0, eviction_base=30, actual_evict_ratio=0, target_evict_ratio=0.15
I1008 11:18:17.729683 194610 master_service.cpp:10630] [EVICT-DONE] BatchEvict execution completed.
I1008 11:18:17.739745 194610 master_service.cpp:10619] [EVICT-TRIGGER] memory_ratio=1 high_watermark=0.9 need_mem_eviction=0 eviction_ratio=0.05
I1008 11:18:17.740895 194610 master_service.cpp:12526] [EVICT-RESULT] evicted_count=0, eviction_base=30, actual_evict_ratio=0, target_evict_ratio=0.15
I1008 11:18:17.740919 194610 master_service.cpp:10630] [EVICT-DONE] BatchEvict execution completed.
I1008 11:18:17.750982 194610 master_service.cpp:10619] [EVICT-TRIGGER] memory_ratio=1 high_watermark=0.9 need_mem_eviction=0 eviction_ratio=0.05
I1008 11:18:17.752288 194610 master_service.cpp:12526] [EVICT-RESULT] evicted_count=0, eviction_base=30, actual_evict_ratio=0, target_evict_ratio=0.15
I1008 11:18:17.752323 194610 master_service.cpp:10630] [EVICT-DONE] BatchEvict execution completed.
I1008 11:18:17.762387 194610 master_service.cpp:10619] [EVICT-TRIGGER] memory_ratio=1 high_watermark=0.9 need_mem_eviction=0 eviction_ratio=0.05
I1008 11:18:17.763571 194610 master_service.cpp:12526] [EVICT-RESULT] evicted_count=0, eviction_base=30, actual_evict_ratio=0, target_evict_ratio=0.15
I1008 11:18:17.763597 194610 master_service.cpp:10630] [EVICT-DONE] BatchEvict execution completed.
I1008 11:18:17.773658 194610 master_service.cpp:10619] [EVICT-TRIGGER] memory_ratio=1 high_watermark=0.9 need_mem_eviction=0 eviction_ratio=0.05
I1008 11:18:17.774995 194610 master_service.cpp:12526] [EVICT-RESULT] evicted_count=0, eviction_base=30, actual_evict_ratio=0, target_evict_ratio=0.15
I1008 11:18:17.775020 194610 master_service.cpp:10630] [EVICT-DONE] BatchEvict execution completed.
I1008 11:18:17.785084 194610 master_service.cpp:10619] [EVICT-TRIGGER] memory_ratio=1 high_watermark=0.9 need_mem_eviction=0 eviction_ratio=0.05
I1008 11:18:17.786244 194610 master_service.cpp:12526] [EVICT-RESULT] evicted_count=0, eviction_base=30, actual_evict_ratio=0, target_evict_ratio=0.15
I1008 11:18:17.786268 194610 master_service.cpp:10630] [EVICT-DONE] BatchEvict execution completed.
I1008 11:18:17.796330 194610 master_service.cpp:10619] [EVICT-TRIGGER] memory_ratio=1 high_watermark=0.9 need_mem_eviction=0 eviction_ratio=0.05
I1008 11:18:17.797667 194610 master_service.cpp:12526] [EVICT-RESULT] evicted_count=0, eviction_base=30, actual_evict_ratio=0, target_evict_ratio=0.15
I1008 11:18:17.797693 194610 master_service.cpp:10630] [EVICT-DONE] BatchEvict execution completed.
I1008 11:18:17.807755 194610 master_service.cpp:10619] [EVICT-TRIGGER] memory_ratio=1 high_watermark=0.9 need_mem_eviction=0 eviction_ratio=0.05
I1008 11:18:17.808940 194610 master_service.cpp:12526] [EVICT-RESULT] evicted_count=0, eviction_base=30, actual_evict_ratio=0, target_evict_ratio=0.15
I1008 11:18:17.808964 194610 master_service.cpp:10630] [EVICT-DONE] BatchEvict execution completed.
I1008 11:18:17.819025 194610 master_service.cpp:10619] [EVICT-TRIGGER] memory_ratio=1 high_watermark=0.9 need_mem_eviction=0 eviction_ratio=0.05
I1008 11:18:17.820421 194610 master_service.cpp:12526] [EVICT-RESULT] evicted_count=0, eviction_base=30, actual_evict_ratio=0, target_evict_ratio=0.15
I1008 11:18:17.820446 194610 master_service.cpp:10630] [EVICT-DONE] BatchEvict execution completed.
I1008 11:18:17.830507 194610 master_service.cpp:10619] [EVICT-TRIGGER] memory_ratio=1 high_watermark=0.9 need_mem_eviction=0 eviction_ratio=0.05
I1008 11:18:17.831717 194610 master_service.cpp:12526] [EVICT-RESULT] evicted_count=0, eviction_base=30, actual_evict_ratio=0, target_evict_ratio=0.15
I1008 11:18:17.831743 194610 master_service.cpp:10630] [EVICT-DONE] BatchEvict execution completed.
I1008 11:18:17.841804 194610 master_service.cpp:10619] [EVICT-TRIGGER] memory_ratio=1 high_watermark=0.9 need_mem_eviction=0 eviction_ratio=0.05
I1008 11:18:17.843156 194610 master_service.cpp:12526] [EVICT-RESULT] evicted_count=0, eviction_base=30, actual_evict_ratio=0, target_evict_ratio=0.15
I1008 11:18:17.843181 194610 master_service.cpp:10630] [EVICT-DONE] BatchEvict execution completed.
I1008 11:18:17.853243 194610 master_service.cpp:10619] [EVICT-TRIGGER] memory_ratio=1 high_watermark=0.9 need_mem_eviction=0 eviction_ratio=0.05
I1008 11:18:17.854382 194610 master_service.cpp:12526] [EVICT-RESULT] evicted_count=0, eviction_base=30, actual_evict_ratio=0, target_evict_ratio=0.15
I1008 11:18:17.854405 194610 master_service.cpp:10630] [EVICT-DONE] BatchEvict execution completed.
I1008 11:18:17.864468 194610 master_service.cpp:10619] [EVICT-TRIGGER] memory_ratio=1 high_watermark=0.9 need_mem_eviction=0 eviction_ratio=0.05
I1008 11:18:17.865792 194610 master_service.cpp:12526] [EVICT-RESULT] evicted_count=0, eviction_base=30, actual_evict_ratio=0, target_evict_ratio=0.15
I1008 11:18:17.865824 194610 master_service.cpp:10630] [EVICT-DONE] BatchEvict execution completed.
I1008 11:18:17.875887 194610 master_service.cpp:10619] [EVICT-TRIGGER] memory_ratio=1 high_watermark=0.9 need_mem_eviction=0 eviction_ratio=0.05
I1008 11:18:17.877048 194610 master_service.cpp:12526] [EVICT-RESULT] evicted_count=0, eviction_base=30, actual_evict_ratio=0, target_evict_ratio=0.15
I1008 11:18:17.877074 194610 master_service.cpp:10630] [EVICT-DONE] BatchEvict execution completed.
I1008 11:18:17.887135 194610 master_service.cpp:10619] [EVICT-TRIGGER] memory_ratio=1 high_watermark=0.9 need_mem_eviction=0 eviction_ratio=0.05
I1008 11:18:17.888443 194610 master_service.cpp:12526] [EVICT-RESULT] evicted_count=0, eviction_base=30, actual_evict_ratio=0, target_evict_ratio=0.15
I1008 11:18:17.888468 194610 master_service.cpp:10630] [EVICT-DONE] BatchEvict execution completed.
I1008 11:18:17.898530 194610 master_service.cpp:10619] [EVICT-TRIGGER] memory_ratio=1 high_watermark=0.9 need_mem_eviction=0 eviction_ratio=0.05
I1008 11:18:17.899701 194610 master_service.cpp:12526] [EVICT-RESULT] evicted_count=0, eviction_base=30, actual_evict_ratio=0, target_evict_ratio=0.15
I1008 11:18:17.899729 194610 master_service.cpp:10630] [EVICT-DONE] BatchEvict execution completed.
I1008 11:18:17.909791 194610 master_service.cpp:10619] [EVICT-TRIGGER] memory_ratio=1 high_watermark=0.9 need_mem_eviction=0 eviction_ratio=0.05
I1008 11:18:17.911113 194610 master_service.cpp:12526] [EVICT-RESULT] evicted_count=0, eviction_base=30, actual_evict_ratio=0, target_evict_ratio=0.15
I1008 11:18:17.911139 194610 master_service.cpp:10630] [EVICT-DONE] BatchEvict execution completed.
I1008 11:18:17.921200 194610 master_service.cpp:10619] [EVICT-TRIGGER] memory_ratio=1 high_watermark=0.9 need_mem_eviction=0 eviction_ratio=0.05
I1008 11:18:17.922329 194610 master_service.cpp:12526] [EVICT-RESULT] evicted_count=0, eviction_base=30, actual_evict_ratio=0, target_evict_ratio=0.15
I1008 11:18:17.922354 194610 master_service.cpp:10630] [EVICT-DONE] BatchEvict execution completed.
I1008 11:18:17.932417 194610 master_service.cpp:10619] [EVICT-TRIGGER] memory_ratio=1 high_watermark=0.9 need_mem_eviction=0 eviction_ratio=0.05
I1008 11:18:17.933748 194610 master_service.cpp:12526] [EVICT-RESULT] evicted_count=0, eviction_base=30, actual_evict_ratio=0, target_evict_ratio=0.15
I1008 11:18:17.933772 194610 master_service.cpp:10630] [EVICT-DONE] BatchEvict execution completed.
I1008 11:18:17.943835 194610 master_service.cpp:10619] [EVICT-TRIGGER] memory_ratio=1 high_watermark=0.9 need_mem_eviction=0 eviction_ratio=0.05
I1008 11:18:17.944979 194610 master_service.cpp:12526] [EVICT-RESULT] evicted_count=0, eviction_base=30, actual_evict_ratio=0, target_evict_ratio=0.15
I1008 11:18:17.945004 194610 master_service.cpp:10630] [EVICT-DONE] BatchEvict execution completed.
I1008 11:18:17.955068 194610 master_service.cpp:10619] [EVICT-TRIGGER] memory_ratio=1 high_watermark=0.9 need_mem_eviction=0 eviction_ratio=0.05
I1008 11:18:17.956372 194610 master_service.cpp:12526] [EVICT-RESULT] evicted_count=0, eviction_base=30, actual_evict_ratio=0, target_evict_ratio=0.15
I1008 11:18:17.956396 194610 master_service.cpp:10630] [EVICT-DONE] BatchEvict execution completed.
I1008 11:18:17.966459 194610 master_service.cpp:10619] [EVICT-TRIGGER] memory_ratio=1 high_watermark=0.9 need_mem_eviction=0 eviction_ratio=0.05
I1008 11:18:17.967681 194610 master_service.cpp:12526] [EVICT-RESULT] evicted_count=0, eviction_base=30, actual_evict_ratio=0, target_evict_ratio=0.15
I1008 11:18:17.967707 194610 master_service.cpp:10630] [EVICT-DONE] BatchEvict execution completed.
I1008 11:18:17.977770 194610 master_service.cpp:10619] [EVICT-TRIGGER] memory_ratio=1 high_watermark=0.9 need_mem_eviction=0 eviction_ratio=0.05
I1008 11:18:17.979106 194610 master_service.cpp:12526] [EVICT-RESULT] evicted_count=0, eviction_base=30, actual_evict_ratio=0, target_evict_ratio=0.15
I1008 11:18:17.979131 194610 master_service.cpp:10630] [EVICT-DONE] BatchEvict execution completed.
I1008 11:18:17.989193 194610 master_service.cpp:10619] [EVICT-TRIGGER] memory_ratio=1 high_watermark=0.9 need_mem_eviction=0 eviction_ratio=0.05
I1008 11:18:17.990325 194610 master_service.cpp:12526] [EVICT-RESULT] evicted_count=0, eviction_base=30, actual_evict_ratio=0, target_evict_ratio=0.15
I1008 11:18:17.990350 194610 master_service.cpp:10630] [EVICT-DONE] BatchEvict execution completed.
I1008 11:18:18.000412 194610 master_service.cpp:10619] [EVICT-TRIGGER] memory_ratio=1 high_watermark=0.9 need_mem_eviction=0 eviction_ratio=0.05
I1008 11:18:18.001765 194610 master_service.cpp:12526] [EVICT-RESULT] evicted_count=0, eviction_base=30, actual_evict_ratio=0, target_evict_ratio=0.15
I1008 11:18:18.001791 194610 master_service.cpp:10630] [EVICT-DONE] BatchEvict execution completed.
I1008 11:18:18.011853 194610 master_service.cpp:10619] [EVICT-TRIGGER] memory_ratio=1 high_watermark=0.9 need_mem_eviction=0 eviction_ratio=0.05
I1008 11:18:18.013003 194610 master_service.cpp:12526] [EVICT-RESULT] evicted_count=0, eviction_base=30, actual_evict_ratio=0, target_evict_ratio=0.15
I1008 11:18:18.013029 194610 master_service.cpp:10630] [EVICT-DONE] BatchEvict execution completed.
I1008 11:18:18.023092 194610 master_service.cpp:10619] [EVICT-TRIGGER] memory_ratio=1 high_watermark=0.9 need_mem_eviction=0 eviction_ratio=0.05
I1008 11:18:18.024405 194610 master_service.cpp:12526] [EVICT-RESULT] evicted_count=0, eviction_base=30, actual_evict_ratio=0, target_evict_ratio=0.15
I1008 11:18:18.024430 194610 master_service.cpp:10630] [EVICT-DONE] BatchEvict execution completed.
I1008 11:18:18.034492 194610 master_service.cpp:10619] [EVICT-TRIGGER] memory_ratio=1 high_watermark=0.9 need_mem_eviction=0 eviction_ratio=0.05
I1008 11:18:18.037796 194610 master_service.cpp:12526] [EVICT-RESULT] evicted_count=5, eviction_base=30, actual_evict_ratio=0.166667, target_evict_ratio=0.15
I1008 11:18:18.037827 194610 master_service.cpp:10630] [EVICT-DONE] BatchEvict execution completed.
I1008 11:18:19.163950 194610 master_service.cpp:10619] [EVICT-TRIGGER] memory_ratio=0.9375 high_watermark=0.9 need_mem_eviction=0 eviction_ratio=0.05
I1008 11:18:19.166623 194610 master_service.cpp:12526] [EVICT-RESULT] evicted_count=3, eviction_base=30, actual_evict_ratio=0.1, target_evict_ratio=0.0875
I1008 11:18:19.166657 194610 master_service.cpp:10630] [EVICT-DONE] BatchEvict execution completed.
I1008 11:18:19.176721 194610 master_service.cpp:10619] [EVICT-TRIGGER] memory_ratio=0.90625 high_watermark=0.9 need_mem_eviction=0 eviction_ratio=0.05
I1008 11:18:19.179204 194610 master_service.cpp:12526] [EVICT-RESULT] evicted_count=2, eviction_base=29, actual_evict_ratio=0.0689655, target_evict_ratio=0.05625
I1008 11:18:19.179234 194610 master_service.cpp:10630] [EVICT-DONE] BatchEvict execution completed.
I1008 11:18:22.938907 194618 master_admin_service.cpp:315] Master Admin Metrics: role=leader, state=serving, service_ready=true, master={Mem Storage: 1.00 MB / 32.00 MB (3.1%) | NVMe-oF SSD: 0 B / 0 B | SSD Storage: 2.02 MB / 4.00 TB | Keys: 17 (soft-pinned: 0) | Clients: 2 | Requests (Success/Total per sec): PutStart=3.20/9.60, PutEnd=6.40/6.40, PutRevoke=0.00/0.00, Get=0.50/0.50, Exist=0.00/0.00, Del=3.10/9.60, DelAll=0.00/0.00, Ping=1.00/1.00, CopyStart=0.00/0.00, CopyEnd=0.00/0.00, CopyRevoke=0.00/0.00, MoveStart=0.00/0.00, MoveEnd=0.00/0.00, MoveRevoke=0.00/0.00, EvictDiskReplica=0.00/0.00 | Batch Requests (per sec, Req=Success/PartialSuccess/Total, Item=Success/Total): PutStart:(Req=0.00/0.00/0.00, Item=0.00/0.00), PutEnd:(Req=0.00/0.00/0.00, Item=0.00/0.00), PutRevoke:(Req=0.00/0.00/0.00, Item=0.00/0.00), Get:(Req=0.90/0.00/0.90, Item=16.00/16.00), ExistKey:(Req=0.00/0.00/0.00, Item=0.00/0.00), QueryIp:(Req=0.00/0.00/0.00, Item=0.00/0.00), Clear:(Req=0.00/0.00/0.00, Item=0.00/0.00), CreateMoveTask:(Req=0.00/0.00), CreateCopyTask:(Req=0.00/0.00), QueryTask:(Req=0.00/0.00), FetchTasks:(Req=0.80/0.80), MarkTaskToComplete:(Req=0.00/0.00) | Eviction: Success/Attempts=6/84, AllocFail=64, PartialAlloc=0, keys=10, size=10.00 MB | Mem Eviction: Success/Attempts=6/84, keys=10, size=10.00 MB | NoF Eviction: Success/Attempts=0/0, keys=0, size=0 B | Discard: Released/Total=0/0, StagingSize=0 B | Promotion: in_flight=0, admitted=5, completed=5, failed=0, cancelled=0, expired=0, bytes=5.00 MB, rejected(freq/wm/cap)=0/0/0 | Snapshots: Success=0, Fail=0}, ha={HA Metrics Summary: last_seq=0, applied_seq=0, lag=0, pending=0, mutation_queue=0, batch_commits=0, sync_commits=0, skipped=0, checksum_fail=0, etcd_fail=0, watch_disconn=0, state=0, writer_accepting=false, writer_retry_count=0, writer_retry_delay_ms=0, writer_waiting_slots=0, writer_committed_queue=0, writer_callback_queue=0, writer_durable_batch=0, writer_durable_seq=0, writer_last_error=0}
I1008 11:18:23.937145 194611 master_service.cpp:12856] client_id=13350723077928090618-8172109720665866151, action=client_liveness_suspected
I1008 11:18:24.264271 194606 master.cpp:1857] Shutdown signal received, exiting gracefully
I1008 11:18:24.265081 194612 master_service.cpp:3119] Task cleanup thread stopped
I1008 11:18:24.954993 194609 client_offboarding.cpp:163] Client offboarding worker stopped
=== prefetch ===
WARNING: Logging before InitGoogleLogging() is written to STDERR
I1008 11:18:24.977174 199180 master.cpp:1548] Mooncake master version: 0.3.13 (git: af797e8e9)
I1008 11:18:24.977402 199180 master.cpp:1683] Master service started on port 50051, max_threads=16, enable_metric_reporting=1, metrics_port=9003, metrics_host=<ip>, default_kv_lease_ttl=500, default_kv_soft_pin_ttl=1800000, max_kv_soft_pin_ttl=86400000, allow_evict_soft_pinned_objects=1, eviction_ratio=0.05, eviction_high_watermark_ratio=0.9, tenant_eviction_high_watermark_ratio=0.9, enable_ha=0, enable_oplog=0, weight_management_oplog_capability_confirmed=0, enable_oplog_snapshot=0, snapshot_chunk_object_count=1000000, enable_offload=1, enable_kv_events=0, kv_events_bind_endpoint=, kv_events_backend_id=, offload_on_evict=1, offload_force_evict=0, offloading_queue_limit=50000, offload_cap_ratio=0.5, ha_backend_type=etcd, ha_backend_connstring=, etcd_endpoints=, client_active_ttl_sec=10, client_suspicion_ttl_sec=20, rpc_thread_num=16, rpc_port=50051, rpc_address=<ip>, rpc_interface=, rpc_conn_timeout_seconds=0, rpc_enable_tcp_no_delay=1, rpc protocol=tcp, cluster_id=mooncake_cluster, root_fs_dir=/tmp/mooncake_ci_prefetch, global_file_segment_size=9223372036854775807, memory_allocator=offset, enable_http_metadata_server=0, http_metadata_server_port=8080, http_metadata_server_host=<ip>, enable_metadata_cleanup_on_timeout=0, put_start_discard_timeout_sec=30, put_start_release_timeout_sec=600, max_total_finished_tasks=10000, max_total_pending_tasks=10000, max_total_processing_tasks=10000, pending_task_timeout_sec=300, processing_task_timeout_sec=300, enable_snapshot=0, enable_snapshot_restore=0, snapshot_interval_seconds=600, snapshot_backup_dir=, snapshot_object_store_type=, snapshot_catalog_store_type=, snapshot_retention_count=2, max_retry_attempts=10, enable_cxl=0, cxl_path=/dev/dax0.0, cxl_size=8589934592
I1008 11:18:24.977890 199180 master_service.cpp:381] Offload-on-evict mode enabled: DRAM offload to LOCAL_DISK will occur at eviction time instead of PutEnd
I1008 11:18:24.978120 199183 client_offboarding.cpp:94] Client offboarding worker started
I1008 11:18:24.978420 199186 master_service.cpp:3096] Task cleanup thread started
I1008 11:18:24.981184 199180 master_admin_service.cpp:324] Master admin server started on port 9003
I1008 11:18:24.981794 199192 master_admin_service.cpp:315] Master Admin Metrics: role=leader, state=serving, service_ready=false, master={Mem Storage: 0 B / 0 B | NVMe-oF SSD: 0 B / 0 B | SSD Storage: 0 B / infinite | Keys: 0 (soft-pinned: 0) | Clients: 0 | Requests (Success/Total per sec): PutStart=0.00/0.00, PutEnd=0.00/0.00, PutRevoke=0.00/0.00, Get=0.00/0.00, Exist=0.00/0.00, Del=0.00/0.00, DelAll=0.00/0.00, Ping=0.00/0.00, CopyStart=0.00/0.00, CopyEnd=0.00/0.00, CopyRevoke=0.00/0.00, MoveStart=0.00/0.00, MoveEnd=0.00/0.00, MoveRevoke=0.00/0.00, EvictDiskReplica=0.00/0.00 | Batch Requests (per sec, Req=Success/PartialSuccess/Total, Item=Success/Total): PutStart:(Req=0.00/0.00/0.00, Item=0.00/0.00), PutEnd:(Req=0.00/0.00/0.00, Item=0.00/0.00), PutRevoke:(Req=0.00/0.00/0.00, Item=0.00/0.00), Get:(Req=0.00/0.00/0.00, Item=0.00/0.00), ExistKey:(Req=0.00/0.00/0.00, Item=0.00/0.00), QueryIp:(Req=0.00/0.00/0.00, Item=0.00/0.00), Clear:(Req=0.00/0.00/0.00, Item=0.00/0.00), CreateMoveTask:(Req=0.00/0.00), CreateCopyTask:(Req=0.00/0.00), QueryTask:(Req=0.00/0.00), FetchTasks:(Req=0.00/0.00), MarkTaskToComplete:(Req=0.00/0.00) | Eviction: Success/Attempts=0/0, AllocFail=0, PartialAlloc=0, keys=0, size=0 B | Mem Eviction: Success/Attempts=0/0, keys=0, size=0 B | NoF Eviction: Success/Attempts=0/0, keys=0, size=0 B | Discard: Released/Total=0/0, StagingSize=0 B | Promotion: in_flight=0, admitted=0, completed=0, failed=0, cancelled=0, expired=0, bytes=0 B, rejected(freq/wm/cap)=0/0/0 | Snapshots: Success=0, Fail=0}, ha={HA Metrics Summary: last_seq=0, applied_seq=0, lag=0, pending=0, mutation_queue=0, batch_commits=0, sync_commits=0, skipped=0, checksum_fail=0, etcd_fail=0, watch_disconn=0, state=0, writer_accepting=false, writer_retry_count=0, writer_retry_delay_ms=0, writer_waiting_slots=0, writer_committed_queue=0, writer_callback_queue=0, writer_durable_batch=0, writer_durable_seq=0, writer_last_error=0}
I1008 11:18:25.187930 199199 master_service.cpp:914] client_id=14575944438629957857-4966457082047642289, action=mount_segment, segment_name=<ip>:12839
W1008 11:18:25.189195 199199 segment.cpp:333] segment_name=<ip>:12839, warn=segment_already_exists
I1008 11:18:25.372969 199200 rpc_service.cpp:1613] Mount local disk segment with client id is : 14575944438629957857-4966457082047642289, enable offloading is: 1
I1008 11:18:25.531283 199184 master_service.cpp:10619] [EVICT-TRIGGER] memory_ratio=0.9375 high_watermark=0.9 need_mem_eviction=0 eviction_ratio=0.05
I1008 11:18:25.536616 199184 master_service.cpp:12526] [EVICT-RESULT] evicted_count=0, eviction_base=30, actual_evict_ratio=0, target_evict_ratio=0.0875
W1008 11:18:25.536659 199184 master_service.cpp:12534] [EVICT] No memory freed this cycle; 29 objects deferred for disk offload. Consider lowering eviction_high_watermark_ratio.
I1008 11:18:25.536675 199184 master_service.cpp:10630] [EVICT-DONE] BatchEvict execution completed.
I1008 11:18:25.546710 199184 master_service.cpp:10619] [EVICT-TRIGGER] memory_ratio=1 high_watermark=0.9 need_mem_eviction=1 eviction_ratio=0.05
I1008 11:18:25.550957 199184 master_service.cpp:12526] [EVICT-RESULT] evicted_count=0, eviction_base=3, actual_evict_ratio=0, target_evict_ratio=0.15
W1008 11:18:25.550987 199184 master_service.cpp:12534] [EVICT] No memory freed this cycle; 3 objects deferred for disk offload. Consider lowering eviction_high_watermark_ratio.
I1008 11:18:25.550995 199184 master_service.cpp:10630] [EVICT-DONE] BatchEvict execution completed.
I1008 11:18:25.561056 199184 master_service.cpp:10619] [EVICT-TRIGGER] memory_ratio=1 high_watermark=0.9 need_mem_eviction=1 eviction_ratio=0.05
I1008 11:18:25.562587 199184 master_service.cpp:10630] [EVICT-DONE] BatchEvict execution completed.
I1008 11:18:25.572660 199184 master_service.cpp:10619] [EVICT-TRIGGER] memory_ratio=1 high_watermark=0.9 need_mem_eviction=1 eviction_ratio=0.05
I1008 11:18:25.574046 199184 master_service.cpp:10630] [EVICT-DONE] BatchEvict execution completed.
I1008 11:18:25.584121 199184 master_service.cpp:10619] [EVICT-TRIGGER] memory_ratio=1 high_watermark=0.9 need_mem_eviction=1 eviction_ratio=0.05
I1008 11:18:25.585670 199184 master_service.cpp:10630] [EVICT-DONE] BatchEvict execution completed.
I1008 11:18:25.595745 199184 master_service.cpp:10619] [EVICT-TRIGGER] memory_ratio=1 high_watermark=0.9 need_mem_eviction=1 eviction_ratio=0.05
I1008 11:18:25.597136 199184 master_service.cpp:10630] [EVICT-DONE] BatchEvict execution completed.
I1008 11:18:25.607214 199184 master_service.cpp:10619] [EVICT-TRIGGER] memory_ratio=1 high_watermark=0.9 need_mem_eviction=1 eviction_ratio=0.05
I1008 11:18:25.609115 199184 master_service.cpp:10630] [EVICT-DONE] BatchEvict execution completed.
I1008 11:18:25.619199 199184 master_service.cpp:10619] [EVICT-TRIGGER] memory_ratio=1 high_watermark=0.9 need_mem_eviction=1 eviction_ratio=0.05
I1008 11:18:25.620802 199184 master_service.cpp:10630] [EVICT-DONE] BatchEvict execution completed.
I1008 11:18:25.630880 199184 master_service.cpp:10619] [EVICT-TRIGGER] memory_ratio=1 high_watermark=0.9 need_mem_eviction=1 eviction_ratio=0.05
I1008 11:18:25.632474 199184 master_service.cpp:10630] [EVICT-DONE] BatchEvict execution completed.
I1008 11:18:25.642550 199184 master_service.cpp:10619] [EVICT-TRIGGER] memory_ratio=1 high_watermark=0.9 need_mem_eviction=1 eviction_ratio=0.05
I1008 11:18:25.644035 199184 master_service.cpp:10630] [EVICT-DONE] BatchEvict execution completed.
I1008 11:18:25.654112 199184 master_service.cpp:10619] [EVICT-TRIGGER] memory_ratio=1 high_watermark=0.9 need_mem_eviction=1 eviction_ratio=0.05
I1008 11:18:25.655658 199184 master_service.cpp:10630] [EVICT-DONE] BatchEvict execution completed.
I1008 11:18:25.665735 199184 master_service.cpp:10619] [EVICT-TRIGGER] memory_ratio=1 high_watermark=0.9 need_mem_eviction=1 eviction_ratio=0.05
I1008 11:18:25.667567 199184 master_service.cpp:10630] [EVICT-DONE] BatchEvict execution completed.
I1008 11:18:25.677663 199184 master_service.cpp:10619] [EVICT-TRIGGER] memory_ratio=1 high_watermark=0.9 need_mem_eviction=1 eviction_ratio=0.05
I1008 11:18:25.679255 199184 master_service.cpp:10630] [EVICT-DONE] BatchEvict execution completed.
I1008 11:18:25.689332 199184 master_service.cpp:10619] [EVICT-TRIGGER] memory_ratio=1 high_watermark=0.9 need_mem_eviction=1 eviction_ratio=0.05
I1008 11:18:25.690682 199184 master_service.cpp:10630] [EVICT-DONE] BatchEvict execution completed.
I1008 11:18:25.700757 199184 master_service.cpp:10619] [EVICT-TRIGGER] memory_ratio=1 high_watermark=0.9 need_mem_eviction=1 eviction_ratio=0.05
I1008 11:18:25.702296 199184 master_service.cpp:10630] [EVICT-DONE] BatchEvict execution completed.
I1008 11:18:25.712371 199184 master_service.cpp:10619] [EVICT-TRIGGER] memory_ratio=1 high_watermark=0.9 need_mem_eviction=1 eviction_ratio=0.05
I1008 11:18:25.713723 199184 master_service.cpp:10630] [EVICT-DONE] BatchEvict execution completed.
I1008 11:18:25.723819 199184 master_service.cpp:10619] [EVICT-TRIGGER] memory_ratio=1 high_watermark=0.9 need_mem_eviction=1 eviction_ratio=0.05
I1008 11:18:25.725611 199184 master_service.cpp:10630] [EVICT-DONE] BatchEvict execution completed.
I1008 11:18:25.735694 199184 master_service.cpp:10619] [EVICT-TRIGGER] memory_ratio=1 high_watermark=0.9 need_mem_eviction=1 eviction_ratio=0.05
I1008 11:18:25.737079 199184 master_service.cpp:10630] [EVICT-DONE] BatchEvict execution completed.
I1008 11:18:25.747157 199184 master_service.cpp:10619] [EVICT-TRIGGER] memory_ratio=1 high_watermark=0.9 need_mem_eviction=1 eviction_ratio=0.05
I1008 11:18:25.748690 199184 master_service.cpp:10630] [EVICT-DONE] BatchEvict execution completed.
I1008 11:18:25.758782 199184 master_service.cpp:10619] [EVICT-TRIGGER] memory_ratio=1 high_watermark=0.9 need_mem_eviction=1 eviction_ratio=0.05
I1008 11:18:25.760160 199184 master_service.cpp:10630] [EVICT-DONE] BatchEvict execution completed.
I1008 11:18:25.770239 199184 master_service.cpp:10619] [EVICT-TRIGGER] memory_ratio=1 high_watermark=0.9 need_mem_eviction=1 eviction_ratio=0.05
I1008 11:18:25.771749 199184 master_service.cpp:10630] [EVICT-DONE] BatchEvict execution completed.
I1008 11:18:25.781826 199184 master_service.cpp:10619] [EVICT-TRIGGER] memory_ratio=1 high_watermark=0.9 need_mem_eviction=1 eviction_ratio=0.05
I1008 11:18:25.783202 199184 master_service.cpp:10630] [EVICT-DONE] BatchEvict execution completed.
I1008 11:18:25.793279 199184 master_service.cpp:10619] [EVICT-TRIGGER] memory_ratio=1 high_watermark=0.9 need_mem_eviction=1 eviction_ratio=0.05
I1008 11:18:25.794808 199184 master_service.cpp:10630] [EVICT-DONE] BatchEvict execution completed.
I1008 11:18:25.804885 199184 master_service.cpp:10619] [EVICT-TRIGGER] memory_ratio=1 high_watermark=0.9 need_mem_eviction=1 eviction_ratio=0.05
I1008 11:18:25.806245 199184 master_service.cpp:10630] [EVICT-DONE] BatchEvict execution completed.
I1008 11:18:25.816321 199184 master_service.cpp:10619] [EVICT-TRIGGER] memory_ratio=1 high_watermark=0.9 need_mem_eviction=0 eviction_ratio=0.05
I1008 11:18:25.817792 199184 master_service.cpp:10630] [EVICT-DONE] BatchEvict execution completed.
I1008 11:18:25.827867 199184 master_service.cpp:10619] [EVICT-TRIGGER] memory_ratio=1 high_watermark=0.9 need_mem_eviction=0 eviction_ratio=0.05
I1008 11:18:25.829208 199184 master_service.cpp:10630] [EVICT-DONE] BatchEvict execution completed.
I1008 11:18:25.839282 199184 master_service.cpp:10619] [EVICT-TRIGGER] memory_ratio=1 high_watermark=0.9 need_mem_eviction=0 eviction_ratio=0.05
I1008 11:18:25.840819 199184 master_service.cpp:10630] [EVICT-DONE] BatchEvict execution completed.
I1008 11:18:25.850893 199184 master_service.cpp:10619] [EVICT-TRIGGER] memory_ratio=1 high_watermark=0.9 need_mem_eviction=0 eviction_ratio=0.05
I1008 11:18:25.852226 199184 master_service.cpp:10630] [EVICT-DONE] BatchEvict execution completed.
I1008 11:18:25.862299 199184 master_service.cpp:10619] [EVICT-TRIGGER] memory_ratio=1 high_watermark=0.9 need_mem_eviction=0 eviction_ratio=0.05
I1008 11:18:25.863976 199184 master_service.cpp:10630] [EVICT-DONE] BatchEvict execution completed.
I1008 11:18:25.874051 199184 master_service.cpp:10619] [EVICT-TRIGGER] memory_ratio=1 high_watermark=0.9 need_mem_eviction=0 eviction_ratio=0.05
I1008 11:18:25.875428 199184 master_service.cpp:10630] [EVICT-DONE] BatchEvict execution completed.
I1008 11:18:25.885504 199184 master_service.cpp:10619] [EVICT-TRIGGER] memory_ratio=1 high_watermark=0.9 need_mem_eviction=0 eviction_ratio=0.05
I1008 11:18:25.886999 199184 master_service.cpp:10630] [EVICT-DONE] BatchEvict execution completed.
I1008 11:18:25.897074 199184 master_service.cpp:10619] [EVICT-TRIGGER] memory_ratio=1 high_watermark=0.9 need_mem_eviction=0 eviction_ratio=0.05
I1008 11:18:25.898408 199184 master_service.cpp:10630] [EVICT-DONE] BatchEvict execution completed.
I1008 11:18:25.908483 199184 master_service.cpp:10619] [EVICT-TRIGGER] memory_ratio=1 high_watermark=0.9 need_mem_eviction=0 eviction_ratio=0.05
I1008 11:18:25.909986 199184 master_service.cpp:10630] [EVICT-DONE] BatchEvict execution completed.
I1008 11:18:25.920065 199184 master_service.cpp:10619] [EVICT-TRIGGER] memory_ratio=1 high_watermark=0.9 need_mem_eviction=0 eviction_ratio=0.05
I1008 11:18:25.921620 199184 master_service.cpp:10630] [EVICT-DONE] BatchEvict execution completed.
I1008 11:18:25.931699 199184 master_service.cpp:10619] [EVICT-TRIGGER] memory_ratio=1 high_watermark=0.9 need_mem_eviction=0 eviction_ratio=0.05
I1008 11:18:25.933243 199184 master_service.cpp:10630] [EVICT-DONE] BatchEvict execution completed.
I1008 11:18:25.943318 199184 master_service.cpp:10619] [EVICT-TRIGGER] memory_ratio=1 high_watermark=0.9 need_mem_eviction=0 eviction_ratio=0.05
I1008 11:18:25.944661 199184 master_service.cpp:10630] [EVICT-DONE] BatchEvict execution completed.
I1008 11:18:25.954721 199184 master_service.cpp:10619] [EVICT-TRIGGER] memory_ratio=1 high_watermark=0.9 need_mem_eviction=0 eviction_ratio=0.05
I1008 11:18:25.956219 199184 master_service.cpp:10630] [EVICT-DONE] BatchEvict execution completed.
I1008 11:18:25.966292 199184 master_service.cpp:10619] [EVICT-TRIGGER] memory_ratio=1 high_watermark=0.9 need_mem_eviction=0 eviction_ratio=0.05
I1008 11:18:25.967654 199184 master_service.cpp:10630] [EVICT-DONE] BatchEvict execution completed.
I1008 11:18:25.977730 199184 master_service.cpp:10619] [EVICT-TRIGGER] memory_ratio=1 high_watermark=0.9 need_mem_eviction=0 eviction_ratio=0.05
I1008 11:18:25.979249 199184 master_service.cpp:10630] [EVICT-DONE] BatchEvict execution completed.
I1008 11:18:25.989326 199184 master_service.cpp:10619] [EVICT-TRIGGER] memory_ratio=1 high_watermark=0.9 need_mem_eviction=0 eviction_ratio=0.05
I1008 11:18:25.990670 199184 master_service.cpp:10630] [EVICT-DONE] BatchEvict execution completed.
I1008 11:18:26.000744 199184 master_service.cpp:10619] [EVICT-TRIGGER] memory_ratio=1 high_watermark=0.9 need_mem_eviction=0 eviction_ratio=0.05
I1008 11:18:26.002261 199184 master_service.cpp:10630] [EVICT-DONE] BatchEvict execution completed.
I1008 11:18:26.012336 199184 master_service.cpp:10619] [EVICT-TRIGGER] memory_ratio=1 high_watermark=0.9 need_mem_eviction=0 eviction_ratio=0.05
I1008 11:18:26.013718 199184 master_service.cpp:10630] [EVICT-DONE] BatchEvict execution completed.
I1008 11:18:26.023793 199184 master_service.cpp:10619] [EVICT-TRIGGER] memory_ratio=1 high_watermark=0.9 need_mem_eviction=0 eviction_ratio=0.05
I1008 11:18:26.025372 199184 master_service.cpp:10630] [EVICT-DONE] BatchEvict execution completed.
I1008 11:18:26.035449 199184 master_service.cpp:10619] [EVICT-TRIGGER] memory_ratio=1 high_watermark=0.9 need_mem_eviction=0 eviction_ratio=0.05
I1008 11:18:26.036803 199184 master_service.cpp:10630] [EVICT-DONE] BatchEvict execution completed.
I1008 11:18:26.046880 199184 master_service.cpp:10619] [EVICT-TRIGGER] memory_ratio=1 high_watermark=0.9 need_mem_eviction=0 eviction_ratio=0.05
I1008 11:18:26.048352 199184 master_service.cpp:10630] [EVICT-DONE] BatchEvict execution completed.
I1008 11:18:26.058425 199184 master_service.cpp:10619] [EVICT-TRIGGER] memory_ratio=1 high_watermark=0.9 need_mem_eviction=0 eviction_ratio=0.05
I1008 11:18:26.059966 199184 master_service.cpp:10630] [EVICT-DONE] BatchEvict execution completed.
I1008 11:18:26.070041 199184 master_service.cpp:10619] [EVICT-TRIGGER] memory_ratio=1 high_watermark=0.9 need_mem_eviction=0 eviction_ratio=0.05
I1008 11:18:26.071535 199184 master_service.cpp:10630] [EVICT-DONE] BatchEvict execution completed.
I1008 11:18:26.081612 199184 master_service.cpp:10619] [EVICT-TRIGGER] memory_ratio=1 high_watermark=0.9 need_mem_eviction=0 eviction_ratio=0.05
I1008 11:18:26.082973 199184 master_service.cpp:10630] [EVICT-DONE] BatchEvict execution completed.
I1008 11:18:26.093046 199184 master_service.cpp:10619] [EVICT-TRIGGER] memory_ratio=1 high_watermark=0.9 need_mem_eviction=0 eviction_ratio=0.05
I1008 11:18:26.094542 199184 master_service.cpp:10630] [EVICT-DONE] BatchEvict execution completed.
I1008 11:18:26.104616 199184 master_service.cpp:10619] [EVICT-TRIGGER] memory_ratio=1 high_watermark=0.9 need_mem_eviction=0 eviction_ratio=0.05
I1008 11:18:26.105955 199184 master_service.cpp:10630] [EVICT-DONE] BatchEvict execution completed.
I1008 11:18:26.116029 199184 master_service.cpp:10619] [EVICT-TRIGGER] memory_ratio=1 high_watermark=0.9 need_mem_eviction=0 eviction_ratio=0.05
I1008 11:18:26.117502 199184 master_service.cpp:10630] [EVICT-DONE] BatchEvict execution completed.
I1008 11:18:26.127576 199184 master_service.cpp:10619] [EVICT-TRIGGER] memory_ratio=1 high_watermark=0.9 need_mem_eviction=0 eviction_ratio=0.05
I1008 11:18:26.128944 199184 master_service.cpp:10630] [EVICT-DONE] BatchEvict execution completed.
I1008 11:18:26.139019 199184 master_service.cpp:10619] [EVICT-TRIGGER] memory_ratio=1 high_watermark=0.9 need_mem_eviction=0 eviction_ratio=0.05
I1008 11:18:26.140518 199184 master_service.cpp:10630] [EVICT-DONE] BatchEvict execution completed.
I1008 11:18:26.150594 199184 master_service.cpp:10619] [EVICT-TRIGGER] memory_ratio=1 high_watermark=0.9 need_mem_eviction=0 eviction_ratio=0.05
I1008 11:18:26.151993 199184 master_service.cpp:10630] [EVICT-DONE] BatchEvict execution completed.
I1008 11:18:26.162070 199184 master_service.cpp:10619] [EVICT-TRIGGER] memory_ratio=1 high_watermark=0.9 need_mem_eviction=0 eviction_ratio=0.05
I1008 11:18:26.163640 199184 master_service.cpp:10630] [EVICT-DONE] BatchEvict execution completed.
I1008 11:18:26.173720 199184 master_service.cpp:10619] [EVICT-TRIGGER] memory_ratio=1 high_watermark=0.9 need_mem_eviction=0 eviction_ratio=0.05
I1008 11:18:26.175076 199184 master_service.cpp:10630] [EVICT-DONE] BatchEvict execution completed.
I1008 11:18:26.185154 199184 master_service.cpp:10619] [EVICT-TRIGGER] memory_ratio=1 high_watermark=0.9 need_mem_eviction=0 eviction_ratio=0.05
I1008 11:18:26.186664 199184 master_service.cpp:10630] [EVICT-DONE] BatchEvict execution completed.
I1008 11:18:26.196740 199184 master_service.cpp:10619] [EVICT-TRIGGER] memory_ratio=1 high_watermark=0.9 need_mem_eviction=0 eviction_ratio=0.05
I1008 11:18:26.198136 199184 master_service.cpp:10630] [EVICT-DONE] BatchEvict execution completed.
I1008 11:18:26.208213 199184 master_service.cpp:10619] [EVICT-TRIGGER] memory_ratio=1 high_watermark=0.9 need_mem_eviction=0 eviction_ratio=0.05
I1008 11:18:26.209749 199184 master_service.cpp:10630] [EVICT-DONE] BatchEvict execution completed.
I1008 11:18:26.219825 199184 master_service.cpp:10619] [EVICT-TRIGGER] memory_ratio=1 high_watermark=0.9 need_mem_eviction=0 eviction_ratio=0.05
I1008 11:18:26.221125 199184 master_service.cpp:10630] [EVICT-DONE] BatchEvict execution completed.
I1008 11:18:26.231200 199184 master_service.cpp:10619] [EVICT-TRIGGER] memory_ratio=1 high_watermark=0.9 need_mem_eviction=0 eviction_ratio=0.05
I1008 11:18:26.232723 199184 master_service.cpp:10630] [EVICT-DONE] BatchEvict execution completed.
I1008 11:18:26.242799 199184 master_service.cpp:10619] [EVICT-TRIGGER] memory_ratio=1 high_watermark=0.9 need_mem_eviction=0 eviction_ratio=0.05
I1008 11:18:26.244131 199184 master_service.cpp:10630] [EVICT-DONE] BatchEvict execution completed.
I1008 11:18:26.254220 199184 master_service.cpp:10619] [EVICT-TRIGGER] memory_ratio=1 high_watermark=0.9 need_mem_eviction=0 eviction_ratio=0.05
I1008 11:18:26.256178 199184 master_service.cpp:10630] [EVICT-DONE] BatchEvict execution completed.
I1008 11:18:26.266255 199184 master_service.cpp:10619] [EVICT-TRIGGER] memory_ratio=1 high_watermark=0.9 need_mem_eviction=0 eviction_ratio=0.05
I1008 11:18:26.267663 199184 master_service.cpp:10630] [EVICT-DONE] BatchEvict execution completed.
I1008 11:18:26.277737 199184 master_service.cpp:10619] [EVICT-TRIGGER] memory_ratio=1 high_watermark=0.9 need_mem_eviction=0 eviction_ratio=0.05
I1008 11:18:26.279285 199184 master_service.cpp:10630] [EVICT-DONE] BatchEvict execution completed.
I1008 11:18:26.289361 199184 master_service.cpp:10619] [EVICT-TRIGGER] memory_ratio=1 high_watermark=0.9 need_mem_eviction=0 eviction_ratio=0.05
I1008 11:18:26.290717 199184 master_service.cpp:10630] [EVICT-DONE] BatchEvict execution completed.
I1008 11:18:26.300792 199184 master_service.cpp:10619] [EVICT-TRIGGER] memory_ratio=1 high_watermark=0.9 need_mem_eviction=0 eviction_ratio=0.05
I1008 11:18:26.302251 199184 master_service.cpp:10630] [EVICT-DONE] BatchEvict execution completed.
I1008 11:18:26.312325 199184 master_service.cpp:10619] [EVICT-TRIGGER] memory_ratio=1 high_watermark=0.9 need_mem_eviction=0 eviction_ratio=0.05
I1008 11:18:26.314069 199184 master_service.cpp:10630] [EVICT-DONE] BatchEvict execution completed.
I1008 11:18:26.324146 199184 master_service.cpp:10619] [EVICT-TRIGGER] memory_ratio=1 high_watermark=0.9 need_mem_eviction=0 eviction_ratio=0.05
I1008 11:18:26.325666 199184 master_service.cpp:10630] [EVICT-DONE] BatchEvict execution completed.
I1008 11:18:26.335740 199184 master_service.cpp:10619] [EVICT-TRIGGER] memory_ratio=1 high_watermark=0.9 need_mem_eviction=0 eviction_ratio=0.05
I1008 11:18:26.337080 199184 master_service.cpp:10630] [EVICT-DONE] BatchEvict execution completed.
I1008 11:18:26.347155 199184 master_service.cpp:10619] [EVICT-TRIGGER] memory_ratio=1 high_watermark=0.9 need_mem_eviction=0 eviction_ratio=0.05
I1008 11:18:26.348665 199184 master_service.cpp:10630] [EVICT-DONE] BatchEvict execution completed.
I1008 11:18:26.358708 199184 master_service.cpp:10619] [EVICT-TRIGGER] memory_ratio=1 high_watermark=0.9 need_mem_eviction=0 eviction_ratio=0.05
I1008 11:18:26.360021 199184 master_service.cpp:10630] [EVICT-DONE] BatchEvict execution completed.
I1008 11:18:26.370096 199184 master_service.cpp:10619] [EVICT-TRIGGER] memory_ratio=1 high_watermark=0.9 need_mem_eviction=0 eviction_ratio=0.05
I1008 11:18:26.371603 199184 master_service.cpp:10630] [EVICT-DONE] BatchEvict execution completed.
I1008 11:18:26.381680 199184 master_service.cpp:10619] [EVICT-TRIGGER] memory_ratio=1 high_watermark=0.9 need_mem_eviction=0 eviction_ratio=0.05
I1008 11:18:26.383033 199184 master_service.cpp:10630] [EVICT-DONE] BatchEvict execution completed.
I1008 11:18:26.393110 199184 master_service.cpp:10619] [EVICT-TRIGGER] memory_ratio=1 high_watermark=0.9 need_mem_eviction=0 eviction_ratio=0.05
I1008 11:18:26.394629 199184 master_service.cpp:10630] [EVICT-DONE] BatchEvict execution completed.
I1008 11:18:26.404706 199184 master_service.cpp:10619] [EVICT-TRIGGER] memory_ratio=1 high_watermark=0.9 need_mem_eviction=0 eviction_ratio=0.05
I1008 11:18:26.406107 199184 master_service.cpp:10630] [EVICT-DONE] BatchEvict execution completed.
I1008 11:18:26.416181 199184 master_service.cpp:10619] [EVICT-TRIGGER] memory_ratio=1 high_watermark=0.9 need_mem_eviction=0 eviction_ratio=0.05
I1008 11:18:26.417695 199184 master_service.cpp:10630] [EVICT-DONE] BatchEvict execution completed.
I1008 11:18:26.427770 199184 master_service.cpp:10619] [EVICT-TRIGGER] memory_ratio=1 high_watermark=0.9 need_mem_eviction=0 eviction_ratio=0.05
I1008 11:18:26.429101 199184 master_service.cpp:10630] [EVICT-DONE] BatchEvict execution completed.
I1008 11:18:26.439175 199184 master_service.cpp:10619] [EVICT-TRIGGER] memory_ratio=1 high_watermark=0.9 need_mem_eviction=0 eviction_ratio=0.05
I1008 11:18:26.440699 199184 master_service.cpp:10630] [EVICT-DONE] BatchEvict execution completed.
I1008 11:18:26.450773 199184 master_service.cpp:10619] [EVICT-TRIGGER] memory_ratio=1 high_watermark=0.9 need_mem_eviction=0 eviction_ratio=0.05
I1008 11:18:26.452108 199184 master_service.cpp:10630] [EVICT-DONE] BatchEvict execution completed.
I1008 11:18:26.462183 199184 master_service.cpp:10619] [EVICT-TRIGGER] memory_ratio=1 high_watermark=0.9 need_mem_eviction=0 eviction_ratio=0.05
I1008 11:18:26.464048 199184 master_service.cpp:10630] [EVICT-DONE] BatchEvict execution completed.
I1008 11:18:26.474124 199184 master_service.cpp:10619] [EVICT-TRIGGER] memory_ratio=1 high_watermark=0.9 need_mem_eviction=0 eviction_ratio=0.05
I1008 11:18:26.475546 199184 master_service.cpp:10630] [EVICT-DONE] BatchEvict execution completed.
I1008 11:18:26.485622 199184 master_service.cpp:10619] [EVICT-TRIGGER] memory_ratio=1 high_watermark=0.9 need_mem_eviction=0 eviction_ratio=0.05
I1008 11:18:26.487142 199184 master_service.cpp:10630] [EVICT-DONE] BatchEvict execution completed.
I1008 11:18:26.497218 199184 master_service.cpp:10619] [EVICT-TRIGGER] memory_ratio=1 high_watermark=0.9 need_mem_eviction=0 eviction_ratio=0.05
I1008 11:18:26.498550 199184 master_service.cpp:10630] [EVICT-DONE] BatchEvict execution completed.
I1008 11:18:26.508626 199184 master_service.cpp:10619] [EVICT-TRIGGER] memory_ratio=1 high_watermark=0.9 need_mem_eviction=0 eviction_ratio=0.05
I1008 11:18:26.510479 199184 master_service.cpp:10630] [EVICT-DONE] BatchEvict execution completed.
I1008 11:18:26.520555 199184 master_service.cpp:10619] [EVICT-TRIGGER] memory_ratio=1 high_watermark=0.9 need_mem_eviction=0 eviction_ratio=0.05
I1008 11:18:26.521934 199184 master_service.cpp:10630] [EVICT-DONE] BatchEvict execution completed.
I1008 11:18:26.532007 199184 master_service.cpp:10619] [EVICT-TRIGGER] memory_ratio=1 high_watermark=0.9 need_mem_eviction=0 eviction_ratio=0.05
I1008 11:18:26.533545 199184 master_service.cpp:10630] [EVICT-DONE] BatchEvict execution completed.
I1008 11:18:26.543619 199184 master_service.cpp:10619] [EVICT-TRIGGER] memory_ratio=1 high_watermark=0.9 need_mem_eviction=0 eviction_ratio=0.05
I1008 11:18:26.544996 199184 master_service.cpp:10630] [EVICT-DONE] BatchEvict execution completed.
I1008 11:18:26.555070 199184 master_service.cpp:10619] [EVICT-TRIGGER] memory_ratio=1 high_watermark=0.9 need_mem_eviction=0 eviction_ratio=0.05
I1008 11:18:26.556559 199184 master_service.cpp:10630] [EVICT-DONE] BatchEvict execution completed.
I1008 11:18:26.566632 199184 master_service.cpp:10619] [EVICT-TRIGGER] memory_ratio=1 high_watermark=0.9 need_mem_eviction=0 eviction_ratio=0.05
I1008 11:18:26.567983 199184 master_service.cpp:10630] [EVICT-DONE] BatchEvict execution completed.
I1008 11:18:26.578058 199184 master_service.cpp:10619] [EVICT-TRIGGER] memory_ratio=1 high_watermark=0.9 need_mem_eviction=0 eviction_ratio=0.05
I1008 11:18:26.579577 199184 master_service.cpp:10630] [EVICT-DONE] BatchEvict execution completed.
I1008 11:18:26.589653 199184 master_service.cpp:10619] [EVICT-TRIGGER] memory_ratio=1 high_watermark=0.9 need_mem_eviction=0 eviction_ratio=0.05
I1008 11:18:26.590969 199184 master_service.cpp:10630] [EVICT-DONE] BatchEvict execution completed.
I1008 11:18:26.601043 199184 master_service.cpp:10619] [EVICT-TRIGGER] memory_ratio=1 high_watermark=0.9 need_mem_eviction=0 eviction_ratio=0.05
I1008 11:18:26.602537 199184 master_service.cpp:10630] [EVICT-DONE] BatchEvict execution completed.
I1008 11:18:26.612612 199184 master_service.cpp:10619] [EVICT-TRIGGER] memory_ratio=1 high_watermark=0.9 need_mem_eviction=0 eviction_ratio=0.05
I1008 11:18:26.613916 199184 master_service.cpp:10630] [EVICT-DONE] BatchEvict execution completed.
I1008 11:18:26.623989 199184 master_service.cpp:10619] [EVICT-TRIGGER] memory_ratio=1 high_watermark=0.9 need_mem_eviction=0 eviction_ratio=0.05
I1008 11:18:26.625480 199184 master_service.cpp:10630] [EVICT-DONE] BatchEvict execution completed.
I1008 11:18:26.635555 199184 master_service.cpp:10619] [EVICT-TRIGGER] memory_ratio=1 high_watermark=0.9 need_mem_eviction=0 eviction_ratio=0.05
I1008 11:18:26.636915 199184 master_service.cpp:10630] [EVICT-DONE] BatchEvict execution completed.
I1008 11:18:26.646991 199184 master_service.cpp:10619] [EVICT-TRIGGER] memory_ratio=1 high_watermark=0.9 need_mem_eviction=0 eviction_ratio=0.05
I1008 11:18:26.648499 199184 master_service.cpp:10630] [EVICT-DONE] BatchEvict execution completed.
I1008 11:18:26.658574 199184 master_service.cpp:10619] [EVICT-TRIGGER] memory_ratio=1 high_watermark=0.9 need_mem_eviction=0 eviction_ratio=0.05
I1008 11:18:26.659919 199184 master_service.cpp:10630] [EVICT-DONE] BatchEvict execution completed.
I1008 11:18:26.669994 199184 master_service.cpp:10619] [EVICT-TRIGGER] memory_ratio=1 high_watermark=0.9 need_mem_eviction=0 eviction_ratio=0.05
I1008 11:18:26.671895 199184 master_service.cpp:10630] [EVICT-DONE] BatchEvict execution completed.
I1008 11:18:26.681972 199184 master_service.cpp:10619] [EVICT-TRIGGER] memory_ratio=1 high_watermark=0.9 need_mem_eviction=0 eviction_ratio=0.05
I1008 11:18:26.683748 199184 master_service.cpp:10630] [EVICT-DONE] BatchEvict execution completed.
I1008 11:18:26.693825 199184 master_service.cpp:10619] [EVICT-TRIGGER] memory_ratio=1 high_watermark=0.9 need_mem_eviction=0 eviction_ratio=0.05
I1008 11:18:26.695434 199184 master_service.cpp:10630] [EVICT-DONE] BatchEvict execution completed.
I1008 11:18:26.705509 199184 master_service.cpp:10619] [EVICT-TRIGGER] memory_ratio=1 high_watermark=0.9 need_mem_eviction=0 eviction_ratio=0.05
I1008 11:18:26.706877 199184 master_service.cpp:10630] [EVICT-DONE] BatchEvict execution completed.
I1008 11:18:26.716953 199184 master_service.cpp:10619] [EVICT-TRIGGER] memory_ratio=1 high_watermark=0.9 need_mem_eviction=0 eviction_ratio=0.05
I1008 11:18:26.718484 199184 master_service.cpp:10630] [EVICT-DONE] BatchEvict execution completed.
I1008 11:18:26.728560 199184 master_service.cpp:10619] [EVICT-TRIGGER] memory_ratio=1 high_watermark=0.9 need_mem_eviction=0 eviction_ratio=0.05
I1008 11:18:26.729920 199184 master_service.cpp:10630] [EVICT-DONE] BatchEvict execution completed.
I1008 11:18:26.739995 199184 master_service.cpp:10619] [EVICT-TRIGGER] memory_ratio=1 high_watermark=0.9 need_mem_eviction=0 eviction_ratio=0.05
I1008 11:18:26.741478 199184 master_service.cpp:10630] [EVICT-DONE] BatchEvict execution completed.
I1008 11:18:26.751552 199184 master_service.cpp:10619] [EVICT-TRIGGER] memory_ratio=1 high_watermark=0.9 need_mem_eviction=0 eviction_ratio=0.05
I1008 11:18:26.752892 199184 master_service.cpp:10630] [EVICT-DONE] BatchEvict execution completed.
I1008 11:18:26.762969 199184 master_service.cpp:10619] [EVICT-TRIGGER] memory_ratio=1 high_watermark=0.9 need_mem_eviction=0 eviction_ratio=0.05
I1008 11:18:26.764452 199184 master_service.cpp:10630] [EVICT-DONE] BatchEvict execution completed.
I1008 11:18:26.774525 199184 master_service.cpp:10619] [EVICT-TRIGGER] memory_ratio=1 high_watermark=0.9 need_mem_eviction=0 eviction_ratio=0.05
I1008 11:18:26.775880 199184 master_service.cpp:10630] [EVICT-DONE] BatchEvict execution completed.
I1008 11:18:26.785956 199184 master_service.cpp:10619] [EVICT-TRIGGER] memory_ratio=1 high_watermark=0.9 need_mem_eviction=0 eviction_ratio=0.05
I1008 11:18:26.787524 199184 master_service.cpp:10630] [EVICT-DONE] BatchEvict execution completed.
I1008 11:18:26.797600 199184 master_service.cpp:10619] [EVICT-TRIGGER] memory_ratio=1 high_watermark=0.9 need_mem_eviction=0 eviction_ratio=0.05
I1008 11:18:26.798961 199184 master_service.cpp:10630] [EVICT-DONE] BatchEvict execution completed.
I1008 11:18:26.809036 199184 master_service.cpp:10619] [EVICT-TRIGGER] memory_ratio=1 high_watermark=0.9 need_mem_eviction=0 eviction_ratio=0.05
I1008 11:18:26.810496 199184 master_service.cpp:10630] [EVICT-DONE] BatchEvict execution completed.
I1008 11:18:26.820570 199184 master_service.cpp:10619] [EVICT-TRIGGER] memory_ratio=1 high_watermark=0.9 need_mem_eviction=0 eviction_ratio=0.05
I1008 11:18:26.821914 199184 master_service.cpp:10630] [EVICT-DONE] BatchEvict execution completed.
I1008 11:18:26.832000 199184 master_service.cpp:10619] [EVICT-TRIGGER] memory_ratio=1 high_watermark=0.9 need_mem_eviction=0 eviction_ratio=0.05
I1008 11:18:26.833529 199184 master_service.cpp:10630] [EVICT-DONE] BatchEvict execution completed.
I1008 11:18:26.843604 199184 master_service.cpp:10619] [EVICT-TRIGGER] memory_ratio=1 high_watermark=0.9 need_mem_eviction=0 eviction_ratio=0.05
I1008 11:18:26.844954 199184 master_service.cpp:10630] [EVICT-DONE] BatchEvict execution completed.
I1008 11:18:26.855033 199184 master_service.cpp:10619] [EVICT-TRIGGER] memory_ratio=1 high_watermark=0.9 need_mem_eviction=0 eviction_ratio=0.05
I1008 11:18:26.856566 199184 master_service.cpp:10630] [EVICT-DONE] BatchEvict execution completed.
I1008 11:18:26.866641 199184 master_service.cpp:10619] [EVICT-TRIGGER] memory_ratio=1 high_watermark=0.9 need_mem_eviction=0 eviction_ratio=0.05
I1008 11:18:26.867995 199184 master_service.cpp:10630] [EVICT-DONE] BatchEvict execution completed.
I1008 11:18:26.878069 199184 master_service.cpp:10619] [EVICT-TRIGGER] memory_ratio=1 high_watermark=0.9 need_mem_eviction=0 eviction_ratio=0.05
I1008 11:18:26.879568 199184 master_service.cpp:10630] [EVICT-DONE] BatchEvict execution completed.
I1008 11:18:26.889643 199184 master_service.cpp:10619] [EVICT-TRIGGER] memory_ratio=1 high_watermark=0.9 need_mem_eviction=0 eviction_ratio=0.05
I1008 11:18:26.890990 199184 master_service.cpp:10630] [EVICT-DONE] BatchEvict execution completed.
I1008 11:18:26.901065 199184 master_service.cpp:10619] [EVICT-TRIGGER] memory_ratio=1 high_watermark=0.9 need_mem_eviction=0 eviction_ratio=0.05
I1008 11:18:26.902550 199184 master_service.cpp:10630] [EVICT-DONE] BatchEvict execution completed.
I1008 11:18:26.912623 199184 master_service.cpp:10619] [EVICT-TRIGGER] memory_ratio=1 high_watermark=0.9 need_mem_eviction=0 eviction_ratio=0.05
I1008 11:18:26.913965 199184 master_service.cpp:10630] [EVICT-DONE] BatchEvict execution completed.
I1008 11:18:26.924041 199184 master_service.cpp:10619] [EVICT-TRIGGER] memory_ratio=1 high_watermark=0.9 need_mem_eviction=0 eviction_ratio=0.05
I1008 11:18:26.925629 199184 master_service.cpp:10630] [EVICT-DONE] BatchEvict execution completed.
I1008 11:18:26.935705 199184 master_service.cpp:10619] [EVICT-TRIGGER] memory_ratio=1 high_watermark=0.9 need_mem_eviction=0 eviction_ratio=0.05
I1008 11:18:26.937054 199184 master_service.cpp:10630] [EVICT-DONE] BatchEvict execution completed.
I1008 11:18:26.947130 199184 master_service.cpp:10619] [EVICT-TRIGGER] memory_ratio=1 high_watermark=0.9 need_mem_eviction=0 eviction_ratio=0.05
I1008 11:18:26.948594 199184 master_service.cpp:10630] [EVICT-DONE] BatchEvict execution completed.
I1008 11:18:26.958668 199184 master_service.cpp:10619] [EVICT-TRIGGER] memory_ratio=1 high_watermark=0.9 need_mem_eviction=0 eviction_ratio=0.05
I1008 11:18:26.959999 199184 master_service.cpp:10630] [EVICT-DONE] BatchEvict execution completed.
I1008 11:18:26.970074 199184 master_service.cpp:10619] [EVICT-TRIGGER] memory_ratio=1 high_watermark=0.9 need_mem_eviction=0 eviction_ratio=0.05
I1008 11:18:26.971541 199184 master_service.cpp:10630] [EVICT-DONE] BatchEvict execution completed.
I1008 11:18:26.981617 199184 master_service.cpp:10619] [EVICT-TRIGGER] memory_ratio=1 high_watermark=0.9 need_mem_eviction=0 eviction_ratio=0.05
I1008 11:18:26.982946 199184 master_service.cpp:10630] [EVICT-DONE] BatchEvict execution completed.
I1008 11:18:26.993021 199184 master_service.cpp:10619] [EVICT-TRIGGER] memory_ratio=1 high_watermark=0.9 need_mem_eviction=0 eviction_ratio=0.05
I1008 11:18:26.994453 199184 master_service.cpp:10630] [EVICT-DONE] BatchEvict execution completed.
I1008 11:18:27.004527 199184 master_service.cpp:10619] [EVICT-TRIGGER] memory_ratio=1 high_watermark=0.9 need_mem_eviction=0 eviction_ratio=0.05
I1008 11:18:27.005862 199184 master_service.cpp:10630] [EVICT-DONE] BatchEvict execution completed.
I1008 11:18:27.015936 199184 master_service.cpp:10619] [EVICT-TRIGGER] memory_ratio=1 high_watermark=0.9 need_mem_eviction=0 eviction_ratio=0.05
I1008 11:18:27.017508 199184 master_service.cpp:10630] [EVICT-DONE] BatchEvict execution completed.
I1008 11:18:27.027592 199184 master_service.cpp:10619] [EVICT-TRIGGER] memory_ratio=1 high_watermark=0.9 need_mem_eviction=0 eviction_ratio=0.05
I1008 11:18:27.028906 199184 master_service.cpp:10630] [EVICT-DONE] BatchEvict execution completed.
I1008 11:18:27.038980 199184 master_service.cpp:10619] [EVICT-TRIGGER] memory_ratio=1 high_watermark=0.9 need_mem_eviction=0 eviction_ratio=0.05
I1008 11:18:27.040446 199184 master_service.cpp:10630] [EVICT-DONE] BatchEvict execution completed.
I1008 11:18:27.050521 199184 master_service.cpp:10619] [EVICT-TRIGGER] memory_ratio=1 high_watermark=0.9 need_mem_eviction=0 eviction_ratio=0.05
I1008 11:18:27.051858 199184 master_service.cpp:10630] [EVICT-DONE] BatchEvict execution completed.
I1008 11:18:27.061936 199184 master_service.cpp:10619] [EVICT-TRIGGER] memory_ratio=1 high_watermark=0.9 need_mem_eviction=0 eviction_ratio=0.05
I1008 11:18:27.063454 199184 master_service.cpp:10630] [EVICT-DONE] BatchEvict execution completed.
I1008 11:18:27.073530 199184 master_service.cpp:10619] [EVICT-TRIGGER] memory_ratio=1 high_watermark=0.9 need_mem_eviction=0 eviction_ratio=0.05
I1008 11:18:27.074854 199184 master_service.cpp:10630] [EVICT-DONE] BatchEvict execution completed.
I1008 11:18:27.084940 199184 master_service.cpp:10619] [EVICT-TRIGGER] memory_ratio=1 high_watermark=0.9 need_mem_eviction=0 eviction_ratio=0.05
I1008 11:18:27.086483 199184 master_service.cpp:10630] [EVICT-DONE] BatchEvict execution completed.
I1008 11:18:27.096560 199184 master_service.cpp:10619] [EVICT-TRIGGER] memory_ratio=1 high_watermark=0.9 need_mem_eviction=0 eviction_ratio=0.05
I1008 11:18:27.098009 199184 master_service.cpp:10630] [EVICT-DONE] BatchEvict execution completed.
I1008 11:18:27.108090 199184 master_service.cpp:10619] [EVICT-TRIGGER] memory_ratio=1 high_watermark=0.9 need_mem_eviction=0 eviction_ratio=0.05
I1008 11:18:27.112171 199184 master_service.cpp:10630] [EVICT-DONE] BatchEvict execution completed.
I1008 11:18:27.122325 199184 master_service.cpp:10619] [EVICT-TRIGGER] memory_ratio=1 high_watermark=0.9 need_mem_eviction=0 eviction_ratio=0.05
I1008 11:18:27.126647 199184 master_service.cpp:10630] [EVICT-DONE] BatchEvict execution completed.
I1008 11:18:27.136732 199184 master_service.cpp:10619] [EVICT-TRIGGER] memory_ratio=1 high_watermark=0.9 need_mem_eviction=0 eviction_ratio=0.05
I1008 11:18:27.138368 199184 master_service.cpp:10630] [EVICT-DONE] BatchEvict execution completed.
I1008 11:18:27.148444 199184 master_service.cpp:10619] [EVICT-TRIGGER] memory_ratio=1 high_watermark=0.9 need_mem_eviction=0 eviction_ratio=0.05
I1008 11:18:27.149833 199184 master_service.cpp:10630] [EVICT-DONE] BatchEvict execution completed.
I1008 11:18:27.159906 199184 master_service.cpp:10619] [EVICT-TRIGGER] memory_ratio=1 high_watermark=0.9 need_mem_eviction=0 eviction_ratio=0.05
I1008 11:18:27.161428 199184 master_service.cpp:10630] [EVICT-DONE] BatchEvict execution completed.
I1008 11:18:27.171504 199184 master_service.cpp:10619] [EVICT-TRIGGER] memory_ratio=1 high_watermark=0.9 need_mem_eviction=0 eviction_ratio=0.05
I1008 11:18:27.172889 199184 master_service.cpp:10630] [EVICT-DONE] BatchEvict execution completed.
I1008 11:18:27.182962 199184 master_service.cpp:10619] [EVICT-TRIGGER] memory_ratio=1 high_watermark=0.9 need_mem_eviction=0 eviction_ratio=0.05
I1008 11:18:27.184473 199184 master_service.cpp:10630] [EVICT-DONE] BatchEvict execution completed.
I1008 11:18:27.194545 199184 master_service.cpp:10619] [EVICT-TRIGGER] memory_ratio=1 high_watermark=0.9 need_mem_eviction=0 eviction_ratio=0.05
I1008 11:18:27.195935 199184 master_service.cpp:10630] [EVICT-DONE] BatchEvict execution completed.
I1008 11:18:27.206010 199184 master_service.cpp:10619] [EVICT-TRIGGER] memory_ratio=1 high_watermark=0.9 need_mem_eviction=0 eviction_ratio=0.05
I1008 11:18:27.207538 199184 master_service.cpp:10630] [EVICT-DONE] BatchEvict execution completed.
I1008 11:18:27.217612 199184 master_service.cpp:10619] [EVICT-TRIGGER] memory_ratio=1 high_watermark=0.9 need_mem_eviction=0 eviction_ratio=0.05
I1008 11:18:27.219010 199184 master_service.cpp:10630] [EVICT-DONE] BatchEvict execution completed.
I1008 11:18:27.229084 199184 master_service.cpp:10619] [EVICT-TRIGGER] memory_ratio=1 high_watermark=0.9 need_mem_eviction=0 eviction_ratio=0.05
I1008 11:18:27.230613 199184 master_service.cpp:10630] [EVICT-DONE] BatchEvict execution completed.
I1008 11:18:27.240686 199184 master_service.cpp:10619] [EVICT-TRIGGER] memory_ratio=1 high_watermark=0.9 need_mem_eviction=0 eviction_ratio=0.05
I1008 11:18:27.242059 199184 master_service.cpp:10630] [EVICT-DONE] BatchEvict execution completed.
I1008 11:18:27.252132 199184 master_service.cpp:10619] [EVICT-TRIGGER] memory_ratio=1 high_watermark=0.9 need_mem_eviction=0 eviction_ratio=0.05
I1008 11:18:27.253671 199184 master_service.cpp:10630] [EVICT-DONE] BatchEvict execution completed.
I1008 11:18:27.263746 199184 master_service.cpp:10619] [EVICT-TRIGGER] memory_ratio=1 high_watermark=0.9 need_mem_eviction=0 eviction_ratio=0.05
I1008 11:18:27.265096 199184 master_service.cpp:10630] [EVICT-DONE] BatchEvict execution completed.
I1008 11:18:27.275169 199184 master_service.cpp:10619] [EVICT-TRIGGER] memory_ratio=1 high_watermark=0.9 need_mem_eviction=0 eviction_ratio=0.05
I1008 11:18:27.276700 199184 master_service.cpp:10630] [EVICT-DONE] BatchEvict execution completed.
I1008 11:18:27.286773 199184 master_service.cpp:10619] [EVICT-TRIGGER] memory_ratio=1 high_watermark=0.9 need_mem_eviction=0 eviction_ratio=0.05
I1008 11:18:27.288101 199184 master_service.cpp:10630] [EVICT-DONE] BatchEvict execution completed.
I1008 11:18:27.298177 199184 master_service.cpp:10619] [EVICT-TRIGGER] memory_ratio=1 high_watermark=0.9 need_mem_eviction=0 eviction_ratio=0.05
I1008 11:18:27.299736 199184 master_service.cpp:10630] [EVICT-DONE] BatchEvict execution completed.
I1008 11:18:27.309810 199184 master_service.cpp:10619] [EVICT-TRIGGER] memory_ratio=1 high_watermark=0.9 need_mem_eviction=0 eviction_ratio=0.05
I1008 11:18:27.311205 199184 master_service.cpp:10630] [EVICT-DONE] BatchEvict execution completed.
I1008 11:18:27.321280 199184 master_service.cpp:10619] [EVICT-TRIGGER] memory_ratio=1 high_watermark=0.9 need_mem_eviction=0 eviction_ratio=0.05
I1008 11:18:27.322845 199184 master_service.cpp:10630] [EVICT-DONE] BatchEvict execution completed.
I1008 11:18:27.332921 199184 master_service.cpp:10619] [EVICT-TRIGGER] memory_ratio=1 high_watermark=0.9 need_mem_eviction=0 eviction_ratio=0.05
I1008 11:18:27.334328 199184 master_service.cpp:10630] [EVICT-DONE] BatchEvict execution completed.
I1008 11:18:27.344403 199184 master_service.cpp:10619] [EVICT-TRIGGER] memory_ratio=1 high_watermark=0.9 need_mem_eviction=0 eviction_ratio=0.05
I1008 11:18:27.345963 199184 master_service.cpp:10630] [EVICT-DONE] BatchEvict execution completed.
I1008 11:18:27.356036 199184 master_service.cpp:10619] [EVICT-TRIGGER] memory_ratio=1 high_watermark=0.9 need_mem_eviction=0 eviction_ratio=0.05
I1008 11:18:27.357419 199184 master_service.cpp:10630] [EVICT-DONE] BatchEvict execution completed.
I1008 11:18:27.367492 199184 master_service.cpp:10619] [EVICT-TRIGGER] memory_ratio=1 high_watermark=0.9 need_mem_eviction=0 eviction_ratio=0.05
I1008 11:18:27.369069 199184 master_service.cpp:10630] [EVICT-DONE] BatchEvict execution completed.
I1008 11:18:27.379143 199184 master_service.cpp:10619] [EVICT-TRIGGER] memory_ratio=1 high_watermark=0.9 need_mem_eviction=0 eviction_ratio=0.05
I1008 11:18:27.380565 199184 master_service.cpp:10630] [EVICT-DONE] BatchEvict execution completed.
I1008 11:18:27.390640 199184 master_service.cpp:10619] [EVICT-TRIGGER] memory_ratio=1 high_watermark=0.9 need_mem_eviction=0 eviction_ratio=0.05
I1008 11:18:27.392252 199184 master_service.cpp:12526] [EVICT-RESULT] evicted_count=0, eviction_base=7, actual_evict_ratio=0, target_evict_ratio=0.15
I1008 11:18:27.392284 199184 master_service.cpp:10630] [EVICT-DONE] BatchEvict execution completed.
I1008 11:18:27.402348 199184 master_service.cpp:10619] [EVICT-TRIGGER] memory_ratio=1 high_watermark=0.9 need_mem_eviction=0 eviction_ratio=0.05
I1008 11:18:27.403761 199184 master_service.cpp:12526] [EVICT-RESULT] evicted_count=0, eviction_base=10, actual_evict_ratio=0, target_evict_ratio=0.15
I1008 11:18:27.403789 199184 master_service.cpp:10630] [EVICT-DONE] BatchEvict execution completed.
I1008 11:18:27.413851 199184 master_service.cpp:10619] [EVICT-TRIGGER] memory_ratio=1 high_watermark=0.9 need_mem_eviction=0 eviction_ratio=0.05
I1008 11:18:27.415525 199184 master_service.cpp:12526] [EVICT-RESULT] evicted_count=0, eviction_base=20, actual_evict_ratio=0, target_evict_ratio=0.15
I1008 11:18:27.415556 199184 master_service.cpp:10630] [EVICT-DONE] BatchEvict execution completed.
I1008 11:18:27.425621 199184 master_service.cpp:10619] [EVICT-TRIGGER] memory_ratio=1 high_watermark=0.9 need_mem_eviction=0 eviction_ratio=0.05
I1008 11:18:27.429986 199184 master_service.cpp:12526] [EVICT-RESULT] evicted_count=0, eviction_base=32, actual_evict_ratio=0, target_evict_ratio=0.15
W1008 11:18:27.430016 199184 master_service.cpp:12534] [EVICT] No memory freed this cycle; 2 objects deferred for disk offload. Consider lowering eviction_high_watermark_ratio.
I1008 11:18:27.430024 199184 master_service.cpp:10630] [EVICT-DONE] BatchEvict execution completed.
I1008 11:18:27.440085 199184 master_service.cpp:10619] [EVICT-TRIGGER] memory_ratio=1 high_watermark=0.9 need_mem_eviction=0 eviction_ratio=0.05
I1008 11:18:27.441643 199184 master_service.cpp:12526] [EVICT-RESULT] evicted_count=0, eviction_base=30, actual_evict_ratio=0, target_evict_ratio=0.15
I1008 11:18:27.441669 199184 master_service.cpp:10630] [EVICT-DONE] BatchEvict execution completed.
I1008 11:18:27.451730 199184 master_service.cpp:10619] [EVICT-TRIGGER] memory_ratio=1 high_watermark=0.9 need_mem_eviction=0 eviction_ratio=0.05
I1008 11:18:27.453116 199184 master_service.cpp:12526] [EVICT-RESULT] evicted_count=0, eviction_base=30, actual_evict_ratio=0, target_evict_ratio=0.15
I1008 11:18:27.453141 199184 master_service.cpp:10630] [EVICT-DONE] BatchEvict execution completed.
I1008 11:18:27.463202 199184 master_service.cpp:10619] [EVICT-TRIGGER] memory_ratio=1 high_watermark=0.9 need_mem_eviction=0 eviction_ratio=0.05
I1008 11:18:27.464701 199184 master_service.cpp:12526] [EVICT-RESULT] evicted_count=0, eviction_base=30, actual_evict_ratio=0, target_evict_ratio=0.15
I1008 11:18:27.464726 199184 master_service.cpp:10630] [EVICT-DONE] BatchEvict execution completed.
I1008 11:18:27.474788 199184 master_service.cpp:10619] [EVICT-TRIGGER] memory_ratio=1 high_watermark=0.9 need_mem_eviction=0 eviction_ratio=0.05
I1008 11:18:27.476147 199184 master_service.cpp:12526] [EVICT-RESULT] evicted_count=0, eviction_base=30, actual_evict_ratio=0, target_evict_ratio=0.15
I1008 11:18:27.476172 199184 master_service.cpp:10630] [EVICT-DONE] BatchEvict execution completed.
I1008 11:18:27.486233 199184 master_service.cpp:10619] [EVICT-TRIGGER] memory_ratio=1 high_watermark=0.9 need_mem_eviction=0 eviction_ratio=0.05
I1008 11:18:27.487785 199184 master_service.cpp:12526] [EVICT-RESULT] evicted_count=0, eviction_base=30, actual_evict_ratio=0, target_evict_ratio=0.15
I1008 11:18:27.487811 199184 master_service.cpp:10630] [EVICT-DONE] BatchEvict execution completed.
I1008 11:18:27.497874 199184 master_service.cpp:10619] [EVICT-TRIGGER] memory_ratio=1 high_watermark=0.9 need_mem_eviction=0 eviction_ratio=0.05
I1008 11:18:27.499342 199184 master_service.cpp:12526] [EVICT-RESULT] evicted_count=0, eviction_base=30, actual_evict_ratio=0, target_evict_ratio=0.15
I1008 11:18:27.499368 199184 master_service.cpp:10630] [EVICT-DONE] BatchEvict execution completed.
I1008 11:18:27.509430 199184 master_service.cpp:10619] [EVICT-TRIGGER] memory_ratio=1 high_watermark=0.9 need_mem_eviction=0 eviction_ratio=0.05
I1008 11:18:27.510978 199184 master_service.cpp:12526] [EVICT-RESULT] evicted_count=0, eviction_base=30, actual_evict_ratio=0, target_evict_ratio=0.15
I1008 11:18:27.511004 199184 master_service.cpp:10630] [EVICT-DONE] BatchEvict execution completed.
I1008 11:18:27.521065 199184 master_service.cpp:10619] [EVICT-TRIGGER] memory_ratio=1 high_watermark=0.9 need_mem_eviction=0 eviction_ratio=0.05
I1008 11:18:27.522452 199184 master_service.cpp:12526] [EVICT-RESULT] evicted_count=0, eviction_base=30, actual_evict_ratio=0, target_evict_ratio=0.15
I1008 11:18:27.522476 199184 master_service.cpp:10630] [EVICT-DONE] BatchEvict execution completed.
I1008 11:18:27.532537 199184 master_service.cpp:10619] [EVICT-TRIGGER] memory_ratio=1 high_watermark=0.9 need_mem_eviction=0 eviction_ratio=0.05
I1008 11:18:27.534091 199184 master_service.cpp:12526] [EVICT-RESULT] evicted_count=0, eviction_base=30, actual_evict_ratio=0, target_evict_ratio=0.15
I1008 11:18:27.534116 199184 master_service.cpp:10630] [EVICT-DONE] BatchEvict execution completed.
I1008 11:18:27.544179 199184 master_service.cpp:10619] [EVICT-TRIGGER] memory_ratio=1 high_watermark=0.9 need_mem_eviction=0 eviction_ratio=0.05
I1008 11:18:27.545547 199184 master_service.cpp:12526] [EVICT-RESULT] evicted_count=0, eviction_base=30, actual_evict_ratio=0, target_evict_ratio=0.15
I1008 11:18:27.545571 199184 master_service.cpp:10630] [EVICT-DONE] BatchEvict execution completed.
I1008 11:18:27.555632 199184 master_service.cpp:10619] [EVICT-TRIGGER] memory_ratio=1 high_watermark=0.9 need_mem_eviction=0 eviction_ratio=0.05
I1008 11:18:27.557112 199184 master_service.cpp:12526] [EVICT-RESULT] evicted_count=0, eviction_base=30, actual_evict_ratio=0, target_evict_ratio=0.15
I1008 11:18:27.557137 199184 master_service.cpp:10630] [EVICT-DONE] BatchEvict execution completed.
I1008 11:18:27.567198 199184 master_service.cpp:10619] [EVICT-TRIGGER] memory_ratio=1 high_watermark=0.9 need_mem_eviction=0 eviction_ratio=0.05
I1008 11:18:27.568594 199184 master_service.cpp:12526] [EVICT-RESULT] evicted_count=0, eviction_base=30, actual_evict_ratio=0, target_evict_ratio=0.15
I1008 11:18:27.568619 199184 master_service.cpp:10630] [EVICT-DONE] BatchEvict execution completed.
I1008 11:18:27.578681 199184 master_service.cpp:10619] [EVICT-TRIGGER] memory_ratio=1 high_watermark=0.9 need_mem_eviction=0 eviction_ratio=0.05
I1008 11:18:27.580214 199184 master_service.cpp:12526] [EVICT-RESULT] evicted_count=0, eviction_base=30, actual_evict_ratio=0, target_evict_ratio=0.15
I1008 11:18:27.580240 199184 master_service.cpp:10630] [EVICT-DONE] BatchEvict execution completed.
I1008 11:18:27.590302 199184 master_service.cpp:10619] [EVICT-TRIGGER] memory_ratio=1 high_watermark=0.9 need_mem_eviction=0 eviction_ratio=0.05
I1008 11:18:27.591881 199184 master_service.cpp:12526] [EVICT-RESULT] evicted_count=0, eviction_base=30, actual_evict_ratio=0, target_evict_ratio=0.15
I1008 11:18:27.591907 199184 master_service.cpp:10630] [EVICT-DONE] BatchEvict execution completed.
I1008 11:18:27.601969 199184 master_service.cpp:10619] [EVICT-TRIGGER] memory_ratio=1 high_watermark=0.9 need_mem_eviction=0 eviction_ratio=0.05
I1008 11:18:27.603511 199184 master_service.cpp:12526] [EVICT-RESULT] evicted_count=0, eviction_base=30, actual_evict_ratio=0, target_evict_ratio=0.15
I1008 11:18:27.603538 199184 master_service.cpp:10630] [EVICT-DONE] BatchEvict execution completed.
I1008 11:18:27.613598 199184 master_service.cpp:10619] [EVICT-TRIGGER] memory_ratio=1 high_watermark=0.9 need_mem_eviction=0 eviction_ratio=0.05
I1008 11:18:27.614964 199184 master_service.cpp:12526] [EVICT-RESULT] evicted_count=0, eviction_base=30, actual_evict_ratio=0, target_evict_ratio=0.15
I1008 11:18:27.614989 199184 master_service.cpp:10630] [EVICT-DONE] BatchEvict execution completed.
I1008 11:18:27.625051 199184 master_service.cpp:10619] [EVICT-TRIGGER] memory_ratio=1 high_watermark=0.9 need_mem_eviction=0 eviction_ratio=0.05
I1008 11:18:27.626566 199184 master_service.cpp:12526] [EVICT-RESULT] evicted_count=0, eviction_base=30, actual_evict_ratio=0, target_evict_ratio=0.15
I1008 11:18:27.626590 199184 master_service.cpp:10630] [EVICT-DONE] BatchEvict execution completed.
I1008 11:18:27.636652 199184 master_service.cpp:10619] [EVICT-TRIGGER] memory_ratio=1 high_watermark=0.9 need_mem_eviction=0 eviction_ratio=0.05
I1008 11:18:27.638401 199184 master_service.cpp:12526] [EVICT-RESULT] evicted_count=0, eviction_base=30, actual_evict_ratio=0, target_evict_ratio=0.15
I1008 11:18:27.638437 199184 master_service.cpp:10630] [EVICT-DONE] BatchEvict execution completed.
I1008 11:18:27.648500 199184 master_service.cpp:10619] [EVICT-TRIGGER] memory_ratio=1 high_watermark=0.9 need_mem_eviction=0 eviction_ratio=0.05
I1008 11:18:27.650053 199184 master_service.cpp:12526] [EVICT-RESULT] evicted_count=0, eviction_base=30, actual_evict_ratio=0, target_evict_ratio=0.15
I1008 11:18:27.650079 199184 master_service.cpp:10630] [EVICT-DONE] BatchEvict execution completed.
I1008 11:18:27.660140 199184 master_service.cpp:10619] [EVICT-TRIGGER] memory_ratio=1 high_watermark=0.9 need_mem_eviction=0 eviction_ratio=0.05
I1008 11:18:27.661509 199184 master_service.cpp:12526] [EVICT-RESULT] evicted_count=0, eviction_base=30, actual_evict_ratio=0, target_evict_ratio=0.15
I1008 11:18:27.661533 199184 master_service.cpp:10630] [EVICT-DONE] BatchEvict execution completed.
I1008 11:18:27.671595 199184 master_service.cpp:10619] [EVICT-TRIGGER] memory_ratio=1 high_watermark=0.9 need_mem_eviction=0 eviction_ratio=0.05
I1008 11:18:27.673161 199184 master_service.cpp:12526] [EVICT-RESULT] evicted_count=0, eviction_base=30, actual_evict_ratio=0, target_evict_ratio=0.15
I1008 11:18:27.673185 199184 master_service.cpp:10630] [EVICT-DONE] BatchEvict execution completed.
I1008 11:18:27.683247 199184 master_service.cpp:10619] [EVICT-TRIGGER] memory_ratio=1 high_watermark=0.9 need_mem_eviction=0 eviction_ratio=0.05
I1008 11:18:27.684629 199184 master_service.cpp:12526] [EVICT-RESULT] evicted_count=0, eviction_base=30, actual_evict_ratio=0, target_evict_ratio=0.15
I1008 11:18:27.684654 199184 master_service.cpp:10630] [EVICT-DONE] BatchEvict execution completed.
I1008 11:18:27.694729 199184 master_service.cpp:10619] [EVICT-TRIGGER] memory_ratio=1 high_watermark=0.9 need_mem_eviction=0 eviction_ratio=0.05
I1008 11:18:27.696260 199184 master_service.cpp:12526] [EVICT-RESULT] evicted_count=0, eviction_base=30, actual_evict_ratio=0, target_evict_ratio=0.15
I1008 11:18:27.696285 199184 master_service.cpp:10630] [EVICT-DONE] BatchEvict execution completed.
I1008 11:18:27.706347 199184 master_service.cpp:10619] [EVICT-TRIGGER] memory_ratio=1 high_watermark=0.9 need_mem_eviction=0 eviction_ratio=0.05
I1008 11:18:27.707764 199184 master_service.cpp:12526] [EVICT-RESULT] evicted_count=0, eviction_base=30, actual_evict_ratio=0, target_evict_ratio=0.15
I1008 11:18:27.707789 199184 master_service.cpp:10630] [EVICT-DONE] BatchEvict execution completed.
I1008 11:18:27.717851 199184 master_service.cpp:10619] [EVICT-TRIGGER] memory_ratio=1 high_watermark=0.9 need_mem_eviction=0 eviction_ratio=0.05
I1008 11:18:27.719403 199184 master_service.cpp:12526] [EVICT-RESULT] evicted_count=0, eviction_base=30, actual_evict_ratio=0, target_evict_ratio=0.15
I1008 11:18:27.719427 199184 master_service.cpp:10630] [EVICT-DONE] BatchEvict execution completed.
I1008 11:18:27.729488 199184 master_service.cpp:10619] [EVICT-TRIGGER] memory_ratio=1 high_watermark=0.9 need_mem_eviction=0 eviction_ratio=0.05
I1008 11:18:27.730876 199184 master_service.cpp:12526] [EVICT-RESULT] evicted_count=0, eviction_base=30, actual_evict_ratio=0, target_evict_ratio=0.15
I1008 11:18:27.730902 199184 master_service.cpp:10630] [EVICT-DONE] BatchEvict execution completed.
I1008 11:18:27.740964 199184 master_service.cpp:10619] [EVICT-TRIGGER] memory_ratio=1 high_watermark=0.9 need_mem_eviction=0 eviction_ratio=0.05
I1008 11:18:27.742489 199184 master_service.cpp:12526] [EVICT-RESULT] evicted_count=0, eviction_base=30, actual_evict_ratio=0, target_evict_ratio=0.15
I1008 11:18:27.742514 199184 master_service.cpp:10630] [EVICT-DONE] BatchEvict execution completed.
I1008 11:18:27.752575 199184 master_service.cpp:10619] [EVICT-TRIGGER] memory_ratio=1 high_watermark=0.9 need_mem_eviction=0 eviction_ratio=0.05
I1008 11:18:27.753944 199184 master_service.cpp:12526] [EVICT-RESULT] evicted_count=0, eviction_base=30, actual_evict_ratio=0, target_evict_ratio=0.15
I1008 11:18:27.753970 199184 master_service.cpp:10630] [EVICT-DONE] BatchEvict execution completed.
I1008 11:18:27.764041 199184 master_service.cpp:10619] [EVICT-TRIGGER] memory_ratio=1 high_watermark=0.9 need_mem_eviction=0 eviction_ratio=0.05
I1008 11:18:27.765590 199184 master_service.cpp:12526] [EVICT-RESULT] evicted_count=0, eviction_base=30, actual_evict_ratio=0, target_evict_ratio=0.15
I1008 11:18:27.765615 199184 master_service.cpp:10630] [EVICT-DONE] BatchEvict execution completed.
I1008 11:18:27.775677 199184 master_service.cpp:10619] [EVICT-TRIGGER] memory_ratio=1 high_watermark=0.9 need_mem_eviction=0 eviction_ratio=0.05
I1008 11:18:27.777078 199184 master_service.cpp:12526] [EVICT-RESULT] evicted_count=0, eviction_base=30, actual_evict_ratio=0, target_evict_ratio=0.15
I1008 11:18:27.777103 199184 master_service.cpp:10630] [EVICT-DONE] BatchEvict execution completed.
I1008 11:18:27.787164 199184 master_service.cpp:10619] [EVICT-TRIGGER] memory_ratio=1 high_watermark=0.9 need_mem_eviction=0 eviction_ratio=0.05
I1008 11:18:27.788661 199184 master_service.cpp:12526] [EVICT-RESULT] evicted_count=0, eviction_base=30, actual_evict_ratio=0, target_evict_ratio=0.15
I1008 11:18:27.788686 199184 master_service.cpp:10630] [EVICT-DONE] BatchEvict execution completed.
I1008 11:18:27.798709 199184 master_service.cpp:10619] [EVICT-TRIGGER] memory_ratio=1 high_watermark=0.9 need_mem_eviction=0 eviction_ratio=0.05
I1008 11:18:27.800117 199184 master_service.cpp:12526] [EVICT-RESULT] evicted_count=0, eviction_base=30, actual_evict_ratio=0, target_evict_ratio=0.15
I1008 11:18:27.800143 199184 master_service.cpp:10630] [EVICT-DONE] BatchEvict execution completed.
I1008 11:18:27.810205 199184 master_service.cpp:10619] [EVICT-TRIGGER] memory_ratio=1 high_watermark=0.9 need_mem_eviction=0 eviction_ratio=0.05
I1008 11:18:27.811734 199184 master_service.cpp:12526] [EVICT-RESULT] evicted_count=0, eviction_base=30, actual_evict_ratio=0, target_evict_ratio=0.15
I1008 11:18:27.811760 199184 master_service.cpp:10630] [EVICT-DONE] BatchEvict execution completed.
I1008 11:18:27.821822 199184 master_service.cpp:10619] [EVICT-TRIGGER] memory_ratio=1 high_watermark=0.9 need_mem_eviction=0 eviction_ratio=0.05
I1008 11:18:27.823541 199184 master_service.cpp:12526] [EVICT-RESULT] evicted_count=0, eviction_base=30, actual_evict_ratio=0, target_evict_ratio=0.15
I1008 11:18:27.823567 199184 master_service.cpp:10630] [EVICT-DONE] BatchEvict execution completed.
I1008 11:18:27.833630 199184 master_service.cpp:10619] [EVICT-TRIGGER] memory_ratio=1 high_watermark=0.9 need_mem_eviction=0 eviction_ratio=0.05
I1008 11:18:27.835211 199184 master_service.cpp:12526] [EVICT-RESULT] evicted_count=0, eviction_base=30, actual_evict_ratio=0, target_evict_ratio=0.15
I1008 11:18:27.835237 199184 master_service.cpp:10630] [EVICT-DONE] BatchEvict execution completed.
I1008 11:18:27.845299 199184 master_service.cpp:10619] [EVICT-TRIGGER] memory_ratio=1 high_watermark=0.9 need_mem_eviction=0 eviction_ratio=0.05
I1008 11:18:27.846675 199184 master_service.cpp:12526] [EVICT-RESULT] evicted_count=0, eviction_base=30, actual_evict_ratio=0, target_evict_ratio=0.15
I1008 11:18:27.846700 199184 master_service.cpp:10630] [EVICT-DONE] BatchEvict execution completed.
I1008 11:18:27.856774 199184 master_service.cpp:10619] [EVICT-TRIGGER] memory_ratio=1 high_watermark=0.9 need_mem_eviction=0 eviction_ratio=0.05
I1008 11:18:27.858409 199184 master_service.cpp:12526] [EVICT-RESULT] evicted_count=0, eviction_base=30, actual_evict_ratio=0, target_evict_ratio=0.15
I1008 11:18:27.858435 199184 master_service.cpp:10630] [EVICT-DONE] BatchEvict execution completed.
I1008 11:18:27.868497 199184 master_service.cpp:10619] [EVICT-TRIGGER] memory_ratio=1 high_watermark=0.9 need_mem_eviction=0 eviction_ratio=0.05
I1008 11:18:27.869884 199184 master_service.cpp:12526] [EVICT-RESULT] evicted_count=0, eviction_base=30, actual_evict_ratio=0, target_evict_ratio=0.15
I1008 11:18:27.869910 199184 master_service.cpp:10630] [EVICT-DONE] BatchEvict execution completed.
I1008 11:18:27.879971 199184 master_service.cpp:10619] [EVICT-TRIGGER] memory_ratio=1 high_watermark=0.9 need_mem_eviction=0 eviction_ratio=0.05
I1008 11:18:27.881542 199184 master_service.cpp:12526] [EVICT-RESULT] evicted_count=0, eviction_base=30, actual_evict_ratio=0, target_evict_ratio=0.15
I1008 11:18:27.881567 199184 master_service.cpp:10630] [EVICT-DONE] BatchEvict execution completed.
I1008 11:18:27.891629 199184 master_service.cpp:10619] [EVICT-TRIGGER] memory_ratio=1 high_watermark=0.9 need_mem_eviction=0 eviction_ratio=0.05
I1008 11:18:27.892997 199184 master_service.cpp:12526] [EVICT-RESULT] evicted_count=0, eviction_base=30, actual_evict_ratio=0, target_evict_ratio=0.15
I1008 11:18:27.893023 199184 master_service.cpp:10630] [EVICT-DONE] BatchEvict execution completed.
I1008 11:18:27.903084 199184 master_service.cpp:10619] [EVICT-TRIGGER] memory_ratio=1 high_watermark=0.9 need_mem_eviction=0 eviction_ratio=0.05
I1008 11:18:27.909650 199184 master_service.cpp:12526] [EVICT-RESULT] evicted_count=0, eviction_base=30, actual_evict_ratio=0, target_evict_ratio=0.15
I1008 11:18:27.909677 199184 master_service.cpp:10630] [EVICT-DONE] BatchEvict execution completed.
I1008 11:18:27.919739 199184 master_service.cpp:10619] [EVICT-TRIGGER] memory_ratio=1 high_watermark=0.9 need_mem_eviction=0 eviction_ratio=0.05
I1008 11:18:27.921197 199184 master_service.cpp:12526] [EVICT-RESULT] evicted_count=0, eviction_base=30, actual_evict_ratio=0, target_evict_ratio=0.15
I1008 11:18:27.921222 199184 master_service.cpp:10630] [EVICT-DONE] BatchEvict execution completed.
I1008 11:18:27.931283 199184 master_service.cpp:10619] [EVICT-TRIGGER] memory_ratio=1 high_watermark=0.9 need_mem_eviction=0 eviction_ratio=0.05
I1008 11:18:27.932804 199184 master_service.cpp:12526] [EVICT-RESULT] evicted_count=0, eviction_base=30, actual_evict_ratio=0, target_evict_ratio=0.15
I1008 11:18:27.932829 199184 master_service.cpp:10630] [EVICT-DONE] BatchEvict execution completed.
I1008 11:18:27.942891 199184 master_service.cpp:10619] [EVICT-TRIGGER] memory_ratio=1 high_watermark=0.9 need_mem_eviction=0 eviction_ratio=0.05
I1008 11:18:27.944619 199184 master_service.cpp:12526] [EVICT-RESULT] evicted_count=0, eviction_base=30, actual_evict_ratio=0, target_evict_ratio=0.15
I1008 11:18:27.944645 199184 master_service.cpp:10630] [EVICT-DONE] BatchEvict execution completed.
I1008 11:18:27.954710 199184 master_service.cpp:10619] [EVICT-TRIGGER] memory_ratio=1 high_watermark=0.9 need_mem_eviction=0 eviction_ratio=0.05
I1008 11:18:27.956713 199184 master_service.cpp:12526] [EVICT-RESULT] evicted_count=0, eviction_base=30, actual_evict_ratio=0, target_evict_ratio=0.15
I1008 11:18:27.956739 199184 master_service.cpp:10630] [EVICT-DONE] BatchEvict execution completed.
I1008 11:18:27.966800 199184 master_service.cpp:10619] [EVICT-TRIGGER] memory_ratio=1 high_watermark=0.9 need_mem_eviction=0 eviction_ratio=0.05
I1008 11:18:27.968525 199184 master_service.cpp:12526] [EVICT-RESULT] evicted_count=0, eviction_base=30, actual_evict_ratio=0, target_evict_ratio=0.15
I1008 11:18:27.968550 199184 master_service.cpp:10630] [EVICT-DONE] BatchEvict execution completed.
I1008 11:18:27.978613 199184 master_service.cpp:10619] [EVICT-TRIGGER] memory_ratio=1 high_watermark=0.9 need_mem_eviction=0 eviction_ratio=0.05
I1008 11:18:27.980212 199184 master_service.cpp:12526] [EVICT-RESULT] evicted_count=0, eviction_base=30, actual_evict_ratio=0, target_evict_ratio=0.15
I1008 11:18:27.980238 199184 master_service.cpp:10630] [EVICT-DONE] BatchEvict execution completed.
I1008 11:18:27.990299 199184 master_service.cpp:10619] [EVICT-TRIGGER] memory_ratio=1 high_watermark=0.9 need_mem_eviction=0 eviction_ratio=0.05
I1008 11:18:27.991714 199184 master_service.cpp:12526] [EVICT-RESULT] evicted_count=0, eviction_base=30, actual_evict_ratio=0, target_evict_ratio=0.15
I1008 11:18:27.991740 199184 master_service.cpp:10630] [EVICT-DONE] BatchEvict execution completed.
I1008 11:18:28.001802 199184 master_service.cpp:10619] [EVICT-TRIGGER] memory_ratio=1 high_watermark=0.9 need_mem_eviction=0 eviction_ratio=0.05
I1008 11:18:28.003754 199184 master_service.cpp:12526] [EVICT-RESULT] evicted_count=0, eviction_base=30, actual_evict_ratio=0, target_evict_ratio=0.15
I1008 11:18:28.003791 199184 master_service.cpp:10630] [EVICT-DONE] BatchEvict execution completed.
I1008 11:18:28.013854 199184 master_service.cpp:10619] [EVICT-TRIGGER] memory_ratio=1 high_watermark=0.9 need_mem_eviction=0 eviction_ratio=0.05
I1008 11:18:28.015327 199184 master_service.cpp:12526] [EVICT-RESULT] evicted_count=0, eviction_base=30, actual_evict_ratio=0, target_evict_ratio=0.15
I1008 11:18:28.015353 199184 master_service.cpp:10630] [EVICT-DONE] BatchEvict execution completed.
I1008 11:18:28.025416 199184 master_service.cpp:10619] [EVICT-TRIGGER] memory_ratio=1 high_watermark=0.9 need_mem_eviction=0 eviction_ratio=0.05
I1008 11:18:28.027026 199184 master_service.cpp:12526] [EVICT-RESULT] evicted_count=0, eviction_base=30, actual_evict_ratio=0, target_evict_ratio=0.15
I1008 11:18:28.027051 199184 master_service.cpp:10630] [EVICT-DONE] BatchEvict execution completed.
I1008 11:18:28.037113 199184 master_service.cpp:10619] [EVICT-TRIGGER] memory_ratio=1 high_watermark=0.9 need_mem_eviction=0 eviction_ratio=0.05
I1008 11:18:28.038491 199184 master_service.cpp:12526] [EVICT-RESULT] evicted_count=0, eviction_base=30, actual_evict_ratio=0, target_evict_ratio=0.15
I1008 11:18:28.038515 199184 master_service.cpp:10630] [EVICT-DONE] BatchEvict execution completed.
I1008 11:18:28.048578 199184 master_service.cpp:10619] [EVICT-TRIGGER] memory_ratio=1 high_watermark=0.9 need_mem_eviction=0 eviction_ratio=0.05
I1008 11:18:28.050215 199184 master_service.cpp:12526] [EVICT-RESULT] evicted_count=0, eviction_base=30, actual_evict_ratio=0, target_evict_ratio=0.15
I1008 11:18:28.050240 199184 master_service.cpp:10630] [EVICT-DONE] BatchEvict execution completed.
I1008 11:18:28.060302 199184 master_service.cpp:10619] [EVICT-TRIGGER] memory_ratio=1 high_watermark=0.9 need_mem_eviction=0 eviction_ratio=0.05
I1008 11:18:28.061749 199184 master_service.cpp:12526] [EVICT-RESULT] evicted_count=0, eviction_base=30, actual_evict_ratio=0, target_evict_ratio=0.15
I1008 11:18:28.061775 199184 master_service.cpp:10630] [EVICT-DONE] BatchEvict execution completed.
I1008 11:18:28.071841 199184 master_service.cpp:10619] [EVICT-TRIGGER] memory_ratio=1 high_watermark=0.9 need_mem_eviction=0 eviction_ratio=0.05
I1008 11:18:28.073402 199184 master_service.cpp:12526] [EVICT-RESULT] evicted_count=0, eviction_base=30, actual_evict_ratio=0, target_evict_ratio=0.15
I1008 11:18:28.073427 199184 master_service.cpp:10630] [EVICT-DONE] BatchEvict execution completed.
I1008 11:18:28.083490 199184 master_service.cpp:10619] [EVICT-TRIGGER] memory_ratio=1 high_watermark=0.9 need_mem_eviction=0 eviction_ratio=0.05
I1008 11:18:28.084852 199184 master_service.cpp:12526] [EVICT-RESULT] evicted_count=0, eviction_base=30, actual_evict_ratio=0, target_evict_ratio=0.15
I1008 11:18:28.084877 199184 master_service.cpp:10630] [EVICT-DONE] BatchEvict execution completed.
I1008 11:18:28.094939 199184 master_service.cpp:10619] [EVICT-TRIGGER] memory_ratio=1 high_watermark=0.9 need_mem_eviction=0 eviction_ratio=0.05
I1008 11:18:28.096535 199184 master_service.cpp:12526] [EVICT-RESULT] evicted_count=0, eviction_base=30, actual_evict_ratio=0, target_evict_ratio=0.15
I1008 11:18:28.096561 199184 master_service.cpp:10630] [EVICT-DONE] BatchEvict execution completed.
I1008 11:18:28.106623 199184 master_service.cpp:10619] [EVICT-TRIGGER] memory_ratio=1 high_watermark=0.9 need_mem_eviction=0 eviction_ratio=0.05
I1008 11:18:28.107977 199184 master_service.cpp:12526] [EVICT-RESULT] evicted_count=0, eviction_base=30, actual_evict_ratio=0, target_evict_ratio=0.15
I1008 11:18:28.108004 199184 master_service.cpp:10630] [EVICT-DONE] BatchEvict execution completed.
I1008 11:18:28.118065 199184 master_service.cpp:10619] [EVICT-TRIGGER] memory_ratio=1 high_watermark=0.9 need_mem_eviction=0 eviction_ratio=0.05
I1008 11:18:28.120191 199184 master_service.cpp:12526] [EVICT-RESULT] evicted_count=0, eviction_base=30, actual_evict_ratio=0, target_evict_ratio=0.15
I1008 11:18:28.120218 199184 master_service.cpp:10630] [EVICT-DONE] BatchEvict execution completed.
I1008 11:18:28.130291 199184 master_service.cpp:10619] [EVICT-TRIGGER] memory_ratio=1 high_watermark=0.9 need_mem_eviction=0 eviction_ratio=0.05
I1008 11:18:28.131769 199184 master_service.cpp:12526] [EVICT-RESULT] evicted_count=0, eviction_base=30, actual_evict_ratio=0, target_evict_ratio=0.15
I1008 11:18:28.131795 199184 master_service.cpp:10630] [EVICT-DONE] BatchEvict execution completed.
I1008 11:18:28.141858 199184 master_service.cpp:10619] [EVICT-TRIGGER] memory_ratio=1 high_watermark=0.9 need_mem_eviction=0 eviction_ratio=0.05
I1008 11:18:28.143389 199184 master_service.cpp:12526] [EVICT-RESULT] evicted_count=0, eviction_base=30, actual_evict_ratio=0, target_evict_ratio=0.15
I1008 11:18:28.143415 199184 master_service.cpp:10630] [EVICT-DONE] BatchEvict execution completed.
I1008 11:18:28.153476 199184 master_service.cpp:10619] [EVICT-TRIGGER] memory_ratio=1 high_watermark=0.9 need_mem_eviction=0 eviction_ratio=0.05
I1008 11:18:28.154860 199184 master_service.cpp:12526] [EVICT-RESULT] evicted_count=0, eviction_base=30, actual_evict_ratio=0, target_evict_ratio=0.15
I1008 11:18:28.154887 199184 master_service.cpp:10630] [EVICT-DONE] BatchEvict execution completed.
I1008 11:18:28.164948 199184 master_service.cpp:10619] [EVICT-TRIGGER] memory_ratio=1 high_watermark=0.9 need_mem_eviction=0 eviction_ratio=0.05
I1008 11:18:28.166457 199184 master_service.cpp:12526] [EVICT-RESULT] evicted_count=0, eviction_base=30, actual_evict_ratio=0, target_evict_ratio=0.15
I1008 11:18:28.166483 199184 master_service.cpp:10630] [EVICT-DONE] BatchEvict execution completed.
I1008 11:18:28.176544 199184 master_service.cpp:10619] [EVICT-TRIGGER] memory_ratio=1 high_watermark=0.9 need_mem_eviction=0 eviction_ratio=0.05
I1008 11:18:28.177968 199184 master_service.cpp:12526] [EVICT-RESULT] evicted_count=0, eviction_base=30, actual_evict_ratio=0, target_evict_ratio=0.15
I1008 11:18:28.177992 199184 master_service.cpp:10630] [EVICT-DONE] BatchEvict execution completed.
I1008 11:18:28.188055 199184 master_service.cpp:10619] [EVICT-TRIGGER] memory_ratio=1 high_watermark=0.9 need_mem_eviction=0 eviction_ratio=0.05
I1008 11:18:28.189549 199184 master_service.cpp:12526] [EVICT-RESULT] evicted_count=0, eviction_base=30, actual_evict_ratio=0, target_evict_ratio=0.15
I1008 11:18:28.189574 199184 master_service.cpp:10630] [EVICT-DONE] BatchEvict execution completed.
I1008 11:18:28.199635 199184 master_service.cpp:10619] [EVICT-TRIGGER] memory_ratio=1 high_watermark=0.9 need_mem_eviction=0 eviction_ratio=0.05
I1008 11:18:28.201015 199184 master_service.cpp:12526] [EVICT-RESULT] evicted_count=0, eviction_base=30, actual_evict_ratio=0, target_evict_ratio=0.15
I1008 11:18:28.201040 199184 master_service.cpp:10630] [EVICT-DONE] BatchEvict execution completed.
I1008 11:18:28.211102 199184 master_service.cpp:10619] [EVICT-TRIGGER] memory_ratio=1 high_watermark=0.9 need_mem_eviction=0 eviction_ratio=0.05
I1008 11:18:28.212621 199184 master_service.cpp:12526] [EVICT-RESULT] evicted_count=0, eviction_base=30, actual_evict_ratio=0, target_evict_ratio=0.15
I1008 11:18:28.212646 199184 master_service.cpp:10630] [EVICT-DONE] BatchEvict execution completed.
I1008 11:18:28.222709 199184 master_service.cpp:10619] [EVICT-TRIGGER] memory_ratio=1 high_watermark=0.9 need_mem_eviction=0 eviction_ratio=0.05
I1008 11:18:28.224102 199184 master_service.cpp:12526] [EVICT-RESULT] evicted_count=0, eviction_base=30, actual_evict_ratio=0, target_evict_ratio=0.15
I1008 11:18:28.224128 199184 master_service.cpp:10630] [EVICT-DONE] BatchEvict execution completed.
I1008 11:18:28.234190 199184 master_service.cpp:10619] [EVICT-TRIGGER] memory_ratio=1 high_watermark=0.9 need_mem_eviction=0 eviction_ratio=0.05
I1008 11:18:28.235728 199184 master_service.cpp:12526] [EVICT-RESULT] evicted_count=0, eviction_base=30, actual_evict_ratio=0, target_evict_ratio=0.15
I1008 11:18:28.235754 199184 master_service.cpp:10630] [EVICT-DONE] BatchEvict execution completed.
I1008 11:18:28.245816 199184 master_service.cpp:10619] [EVICT-TRIGGER] memory_ratio=1 high_watermark=0.9 need_mem_eviction=0 eviction_ratio=0.05
I1008 11:18:28.247583 199184 master_service.cpp:12526] [EVICT-RESULT] evicted_count=0, eviction_base=30, actual_evict_ratio=0, target_evict_ratio=0.15
I1008 11:18:28.247611 199184 master_service.cpp:10630] [EVICT-DONE] BatchEvict execution completed.
I1008 11:18:28.257673 199184 master_service.cpp:10619] [EVICT-TRIGGER] memory_ratio=1 high_watermark=0.9 need_mem_eviction=0 eviction_ratio=0.05
I1008 11:18:28.259270 199184 master_service.cpp:12526] [EVICT-RESULT] evicted_count=0, eviction_base=30, actual_evict_ratio=0, target_evict_ratio=0.15
I1008 11:18:28.259296 199184 master_service.cpp:10630] [EVICT-DONE] BatchEvict execution completed.
I1008 11:18:28.269358 199184 master_service.cpp:10619] [EVICT-TRIGGER] memory_ratio=1 high_watermark=0.9 need_mem_eviction=0 eviction_ratio=0.05
I1008 11:18:28.270819 199184 master_service.cpp:12526] [EVICT-RESULT] evicted_count=0, eviction_base=30, actual_evict_ratio=0, target_evict_ratio=0.15
I1008 11:18:28.270848 199184 master_service.cpp:10630] [EVICT-DONE] BatchEvict execution completed.
I1008 11:18:28.280910 199184 master_service.cpp:10619] [EVICT-TRIGGER] memory_ratio=1 high_watermark=0.9 need_mem_eviction=0 eviction_ratio=0.05
I1008 11:18:28.282480 199184 master_service.cpp:12526] [EVICT-RESULT] evicted_count=0, eviction_base=30, actual_evict_ratio=0, target_evict_ratio=0.15
I1008 11:18:28.282505 199184 master_service.cpp:10630] [EVICT-DONE] BatchEvict execution completed.
I1008 11:18:28.292567 199184 master_service.cpp:10619] [EVICT-TRIGGER] memory_ratio=1 high_watermark=0.9 need_mem_eviction=0 eviction_ratio=0.05
I1008 11:18:28.294581 199184 master_service.cpp:12526] [EVICT-RESULT] evicted_count=0, eviction_base=30, actual_evict_ratio=0, target_evict_ratio=0.15
I1008 11:18:28.294608 199184 master_service.cpp:10630] [EVICT-DONE] BatchEvict execution completed.
I1008 11:18:28.304672 199184 master_service.cpp:10619] [EVICT-TRIGGER] memory_ratio=1 high_watermark=0.9 need_mem_eviction=0 eviction_ratio=0.05
I1008 11:18:28.307999 199184 master_service.cpp:12526] [EVICT-RESULT] evicted_count=5, eviction_base=30, actual_evict_ratio=0.166667, target_evict_ratio=0.15
I1008 11:18:28.308030 199184 master_service.cpp:10630] [EVICT-DONE] BatchEvict execution completed.
I1008 11:18:29.826180 199184 master_service.cpp:10619] [EVICT-TRIGGER] memory_ratio=0.9375 high_watermark=0.9 need_mem_eviction=0 eviction_ratio=0.05
I1008 11:18:29.829572 199184 master_service.cpp:12526] [EVICT-RESULT] evicted_count=3, eviction_base=30, actual_evict_ratio=0.1, target_evict_ratio=0.0875
I1008 11:18:29.829612 199184 master_service.cpp:10630] [EVICT-DONE] BatchEvict execution completed.
I1008 11:18:29.839674 199184 master_service.cpp:10619] [EVICT-TRIGGER] memory_ratio=0.90625 high_watermark=0.9 need_mem_eviction=0 eviction_ratio=0.05
I1008 11:18:29.842727 199184 master_service.cpp:12526] [EVICT-RESULT] evicted_count=2, eviction_base=29, actual_evict_ratio=0.0689655, target_evict_ratio=0.05625
I1008 11:18:29.842759 199184 master_service.cpp:10630] [EVICT-DONE] BatchEvict execution completed.
I1008 11:18:29.852823 199184 master_service.cpp:10619] [EVICT-TRIGGER] memory_ratio=0.9375 high_watermark=0.9 need_mem_eviction=0 eviction_ratio=0.05
I1008 11:18:29.855777 199184 master_service.cpp:12526] [EVICT-RESULT] evicted_count=3, eviction_base=30, actual_evict_ratio=0.1, target_evict_ratio=0.0875
I1008 11:18:29.855808 199184 master_service.cpp:10630] [EVICT-DONE] BatchEvict execution completed.
I1008 11:18:29.865870 199184 master_service.cpp:10619] [EVICT-TRIGGER] memory_ratio=0.90625 high_watermark=0.9 need_mem_eviction=0 eviction_ratio=0.05
I1008 11:18:29.868835 199184 master_service.cpp:12526] [EVICT-RESULT] evicted_count=2, eviction_base=29, actual_evict_ratio=0.0689655, target_evict_ratio=0.05625
I1008 11:18:29.868867 199184 master_service.cpp:10630] [EVICT-DONE] BatchEvict execution completed.
I1008 11:18:29.878930 199184 master_service.cpp:10619] [EVICT-TRIGGER] memory_ratio=0.9375 high_watermark=0.9 need_mem_eviction=0 eviction_ratio=0.05
I1008 11:18:29.881879 199184 master_service.cpp:12526] [EVICT-RESULT] evicted_count=3, eviction_base=29, actual_evict_ratio=0.103448, target_evict_ratio=0.0875
I1008 11:18:29.881930 199184 master_service.cpp:10630] [EVICT-DONE] BatchEvict execution completed.
I1008 11:18:29.891995 199184 master_service.cpp:10619] [EVICT-TRIGGER] memory_ratio=0.9375 high_watermark=0.9 need_mem_eviction=0 eviction_ratio=0.05
I1008 11:18:29.894936 199184 master_service.cpp:12526] [EVICT-RESULT] evicted_count=3, eviction_base=29, actual_evict_ratio=0.103448, target_evict_ratio=0.0875
I1008 11:18:29.894968 199184 master_service.cpp:10630] [EVICT-DONE] BatchEvict execution completed.
I1008 11:18:29.905031 199184 master_service.cpp:10619] [EVICT-TRIGGER] memory_ratio=0.90625 high_watermark=0.9 need_mem_eviction=0 eviction_ratio=0.05
I1008 11:18:29.907923 199184 master_service.cpp:12526] [EVICT-RESULT] evicted_count=2, eviction_base=28, actual_evict_ratio=0.0714286, target_evict_ratio=0.05625
I1008 11:18:29.907955 199184 master_service.cpp:10630] [EVICT-DONE] BatchEvict execution completed.
I1008 11:18:29.918017 199184 master_service.cpp:10619] [EVICT-TRIGGER] memory_ratio=0.9375 high_watermark=0.9 need_mem_eviction=0 eviction_ratio=0.05
I1008 11:18:29.927094 199184 master_service.cpp:12526] [EVICT-RESULT] evicted_count=3, eviction_base=29, actual_evict_ratio=0.103448, target_evict_ratio=0.0875
I1008 11:18:29.927127 199184 master_service.cpp:10630] [EVICT-DONE] BatchEvict execution completed.
I1008 11:18:29.937191 199184 master_service.cpp:10619] [EVICT-TRIGGER] memory_ratio=0.90625 high_watermark=0.9 need_mem_eviction=0 eviction_ratio=0.05
I1008 11:18:29.940104 199184 master_service.cpp:12526] [EVICT-RESULT] evicted_count=2, eviction_base=28, actual_evict_ratio=0.0714286, target_evict_ratio=0.05625
I1008 11:18:29.940135 199184 master_service.cpp:10630] [EVICT-DONE] BatchEvict execution completed.
I1008 11:18:29.950197 199184 master_service.cpp:10619] [EVICT-TRIGGER] memory_ratio=0.90625 high_watermark=0.9 need_mem_eviction=0 eviction_ratio=0.05
I1008 11:18:29.953150 199184 master_service.cpp:12526] [EVICT-RESULT] evicted_count=2, eviction_base=28, actual_evict_ratio=0.0714286, target_evict_ratio=0.05625
I1008 11:18:29.953186 199184 master_service.cpp:10630] [EVICT-DONE] BatchEvict execution completed.
I1008 11:18:29.963253 199184 master_service.cpp:10619] [EVICT-TRIGGER] memory_ratio=0.9375 high_watermark=0.9 need_mem_eviction=0 eviction_ratio=0.05
I1008 11:18:29.967794 199184 master_service.cpp:12526] [EVICT-RESULT] evicted_count=0, eviction_base=28, actual_evict_ratio=0, target_evict_ratio=0.0875
W1008 11:18:29.967824 199184 master_service.cpp:12534] [EVICT] No memory freed this cycle; 26 objects deferred for disk offload. Consider lowering eviction_high_watermark_ratio.
I1008 11:18:29.967834 199184 master_service.cpp:10630] [EVICT-DONE] BatchEvict execution completed.
I1008 11:18:29.977896 199184 master_service.cpp:10619] [EVICT-TRIGGER] memory_ratio=1 high_watermark=0.9 need_mem_eviction=0 eviction_ratio=0.05
I1008 11:18:29.982251 199184 master_service.cpp:12526] [EVICT-RESULT] evicted_count=0, eviction_base=4, actual_evict_ratio=0, target_evict_ratio=0.15
W1008 11:18:29.982281 199184 master_service.cpp:12534] [EVICT] No memory freed this cycle; 3 objects deferred for disk offload. Consider lowering eviction_high_watermark_ratio.
I1008 11:18:29.982290 199184 master_service.cpp:10630] [EVICT-DONE] BatchEvict execution completed.
I1008 11:18:29.992352 199184 master_service.cpp:10619] [EVICT-TRIGGER] memory_ratio=1 high_watermark=0.9 need_mem_eviction=1 eviction_ratio=0.05
I1008 11:18:29.994443 199184 master_service.cpp:12526] [EVICT-RESULT] evicted_count=0, eviction_base=1, actual_evict_ratio=0, target_evict_ratio=0.15
I1008 11:18:29.994472 199184 master_service.cpp:10630] [EVICT-DONE] BatchEvict execution completed.
I1008 11:18:30.004536 199184 master_service.cpp:10619] [EVICT-TRIGGER] memory_ratio=1 high_watermark=0.9 need_mem_eviction=1 eviction_ratio=0.05
I1008 11:18:30.006413 199184 master_service.cpp:12526] [EVICT-RESULT] evicted_count=0, eviction_base=1, actual_evict_ratio=0, target_evict_ratio=0.15
I1008 11:18:30.006456 199184 master_service.cpp:10630] [EVICT-DONE] BatchEvict execution completed.
I1008 11:18:30.016521 199184 master_service.cpp:10619] [EVICT-TRIGGER] memory_ratio=1 high_watermark=0.9 need_mem_eviction=1 eviction_ratio=0.05
I1008 11:18:30.018148 199184 master_service.cpp:12526] [EVICT-RESULT] evicted_count=0, eviction_base=1, actual_evict_ratio=0, target_evict_ratio=0.15
I1008 11:18:30.018177 199184 master_service.cpp:10630] [EVICT-DONE] BatchEvict execution completed.
I1008 11:18:30.028241 199184 master_service.cpp:10619] [EVICT-TRIGGER] memory_ratio=1 high_watermark=0.9 need_mem_eviction=1 eviction_ratio=0.05
I1008 11:18:30.029597 199184 master_service.cpp:12526] [EVICT-RESULT] evicted_count=0, eviction_base=1, actual_evict_ratio=0, target_evict_ratio=0.15
I1008 11:18:30.029624 199184 master_service.cpp:10630] [EVICT-DONE] BatchEvict execution completed.
I1008 11:18:30.039687 199184 master_service.cpp:10619] [EVICT-TRIGGER] memory_ratio=1 high_watermark=0.9 need_mem_eviction=1 eviction_ratio=0.05
I1008 11:18:30.041244 199184 master_service.cpp:12526] [EVICT-RESULT] evicted_count=0, eviction_base=1, actual_evict_ratio=0, target_evict_ratio=0.15
I1008 11:18:30.041270 199184 master_service.cpp:10630] [EVICT-DONE] BatchEvict execution completed.
I1008 11:18:30.051331 199184 master_service.cpp:10619] [EVICT-TRIGGER] memory_ratio=1 high_watermark=0.9 need_mem_eviction=1 eviction_ratio=0.05
I1008 11:18:30.052727 199184 master_service.cpp:12526] [EVICT-RESULT] evicted_count=0, eviction_base=1, actual_evict_ratio=0, target_evict_ratio=0.15
I1008 11:18:30.052752 199184 master_service.cpp:10630] [EVICT-DONE] BatchEvict execution completed.
I1008 11:18:30.062816 199184 master_service.cpp:10619] [EVICT-TRIGGER] memory_ratio=1 high_watermark=0.9 need_mem_eviction=1 eviction_ratio=0.05
I1008 11:18:30.064334 199184 master_service.cpp:12526] [EVICT-RESULT] evicted_count=0, eviction_base=1, actual_evict_ratio=0, target_evict_ratio=0.15
I1008 11:18:30.064360 199184 master_service.cpp:10630] [EVICT-DONE] BatchEvict execution completed.
I1008 11:18:30.074424 199184 master_service.cpp:10619] [EVICT-TRIGGER] memory_ratio=1 high_watermark=0.9 need_mem_eviction=1 eviction_ratio=0.05
I1008 11:18:30.075848 199184 master_service.cpp:12526] [EVICT-RESULT] evicted_count=0, eviction_base=1, actual_evict_ratio=0, target_evict_ratio=0.15
I1008 11:18:30.075873 199184 master_service.cpp:10630] [EVICT-DONE] BatchEvict execution completed.
I1008 11:18:30.085935 199184 master_service.cpp:10619] [EVICT-TRIGGER] memory_ratio=1 high_watermark=0.9 need_mem_eviction=1 eviction_ratio=0.05
I1008 11:18:30.087532 199184 master_service.cpp:12526] [EVICT-RESULT] evicted_count=0, eviction_base=1, actual_evict_ratio=0, target_evict_ratio=0.15
I1008 11:18:30.087558 199184 master_service.cpp:10630] [EVICT-DONE] BatchEvict execution completed.
I1008 11:18:30.097620 199184 master_service.cpp:10619] [EVICT-TRIGGER] memory_ratio=1 high_watermark=0.9 need_mem_eviction=1 eviction_ratio=0.05
I1008 11:18:30.098981 199184 master_service.cpp:12526] [EVICT-RESULT] evicted_count=0, eviction_base=1, actual_evict_ratio=0, target_evict_ratio=0.15
I1008 11:18:30.099007 199184 master_service.cpp:10630] [EVICT-DONE] BatchEvict execution completed.
I1008 11:18:30.109068 199184 master_service.cpp:10619] [EVICT-TRIGGER] memory_ratio=1 high_watermark=0.9 need_mem_eviction=1 eviction_ratio=0.05
I1008 11:18:30.110730 199184 master_service.cpp:12526] [EVICT-RESULT] evicted_count=0, eviction_base=1, actual_evict_ratio=0, target_evict_ratio=0.15
I1008 11:18:30.110759 199184 master_service.cpp:10630] [EVICT-DONE] BatchEvict execution completed.
I1008 11:18:30.120823 199184 master_service.cpp:10619] [EVICT-TRIGGER] memory_ratio=1 high_watermark=0.9 need_mem_eviction=1 eviction_ratio=0.05
I1008 11:18:30.122211 199184 master_service.cpp:12526] [EVICT-RESULT] evicted_count=0, eviction_base=1, actual_evict_ratio=0, target_evict_ratio=0.15
I1008 11:18:30.122238 199184 master_service.cpp:10630] [EVICT-DONE] BatchEvict execution completed.
I1008 11:18:30.132301 199184 master_service.cpp:10619] [EVICT-TRIGGER] memory_ratio=1 high_watermark=0.9 need_mem_eviction=1 eviction_ratio=0.05
I1008 11:18:30.133853 199184 master_service.cpp:12526] [EVICT-RESULT] evicted_count=0, eviction_base=1, actual_evict_ratio=0, target_evict_ratio=0.15
I1008 11:18:30.133878 199184 master_service.cpp:10630] [EVICT-DONE] BatchEvict execution completed.
I1008 11:18:30.143941 199184 master_service.cpp:10619] [EVICT-TRIGGER] memory_ratio=1 high_watermark=0.9 need_mem_eviction=1 eviction_ratio=0.05
I1008 11:18:30.145879 199184 master_service.cpp:12526] [EVICT-RESULT] evicted_count=0, eviction_base=1, actual_evict_ratio=0, target_evict_ratio=0.15
I1008 11:18:30.145905 199184 master_service.cpp:10630] [EVICT-DONE] BatchEvict execution completed.
I1008 11:18:30.155967 199184 master_service.cpp:10619] [EVICT-TRIGGER] memory_ratio=1 high_watermark=0.9 need_mem_eviction=1 eviction_ratio=0.05
I1008 11:18:30.157562 199184 master_service.cpp:12526] [EVICT-RESULT] evicted_count=0, eviction_base=1, actual_evict_ratio=0, target_evict_ratio=0.15
I1008 11:18:30.157588 199184 master_service.cpp:10630] [EVICT-DONE] BatchEvict execution completed.
I1008 11:18:30.167651 199184 master_service.cpp:10619] [EVICT-TRIGGER] memory_ratio=1 high_watermark=0.9 need_mem_eviction=1 eviction_ratio=0.05
I1008 11:18:30.169019 199184 master_service.cpp:12526] [EVICT-RESULT] evicted_count=0, eviction_base=1, actual_evict_ratio=0, target_evict_ratio=0.15
I1008 11:18:30.169044 199184 master_service.cpp:10630] [EVICT-DONE] BatchEvict execution completed.
I1008 11:18:30.179106 199184 master_service.cpp:10619] [EVICT-TRIGGER] memory_ratio=1 high_watermark=0.9 need_mem_eviction=1 eviction_ratio=0.05
I1008 11:18:30.180634 199184 master_service.cpp:12526] [EVICT-RESULT] evicted_count=0, eviction_base=1, actual_evict_ratio=0, target_evict_ratio=0.15
I1008 11:18:30.180658 199184 master_service.cpp:10630] [EVICT-DONE] BatchEvict execution completed.
I1008 11:18:30.190721 199184 master_service.cpp:10619] [EVICT-TRIGGER] memory_ratio=1 high_watermark=0.9 need_mem_eviction=1 eviction_ratio=0.05
I1008 11:18:30.192122 199184 master_service.cpp:12526] [EVICT-RESULT] evicted_count=0, eviction_base=1, actual_evict_ratio=0, target_evict_ratio=0.15
I1008 11:18:30.192148 199184 master_service.cpp:10630] [EVICT-DONE] BatchEvict execution completed.
I1008 11:18:30.202211 199184 master_service.cpp:10619] [EVICT-TRIGGER] memory_ratio=1 high_watermark=0.9 need_mem_eviction=1 eviction_ratio=0.05
I1008 11:18:30.206492 199184 master_service.cpp:12526] [EVICT-RESULT] evicted_count=0, eviction_base=1, actual_evict_ratio=0, target_evict_ratio=0.15
I1008 11:18:30.206521 199184 master_service.cpp:10630] [EVICT-DONE] BatchEvict execution completed.
I1008 11:18:30.216584 199184 master_service.cpp:10619] [EVICT-TRIGGER] memory_ratio=1 high_watermark=0.9 need_mem_eviction=1 eviction_ratio=0.05
I1008 11:18:30.217983 199184 master_service.cpp:12526] [EVICT-RESULT] evicted_count=0, eviction_base=1, actual_evict_ratio=0, target_evict_ratio=0.15
I1008 11:18:30.218009 199184 master_service.cpp:10630] [EVICT-DONE] BatchEvict execution completed.
I1008 11:18:30.228071 199184 master_service.cpp:10619] [EVICT-TRIGGER] memory_ratio=1 high_watermark=0.9 need_mem_eviction=1 eviction_ratio=0.05
I1008 11:18:30.229609 199184 master_service.cpp:12526] [EVICT-RESULT] evicted_count=0, eviction_base=1, actual_evict_ratio=0, target_evict_ratio=0.15
I1008 11:18:30.229635 199184 master_service.cpp:10630] [EVICT-DONE] BatchEvict execution completed.
I1008 11:18:30.239697 199184 master_service.cpp:10619] [EVICT-TRIGGER] memory_ratio=1 high_watermark=0.9 need_mem_eviction=1 eviction_ratio=0.05
I1008 11:18:30.241070 199184 master_service.cpp:12526] [EVICT-RESULT] evicted_count=0, eviction_base=1, actual_evict_ratio=0, target_evict_ratio=0.15
I1008 11:18:30.241094 199184 master_service.cpp:10630] [EVICT-DONE] BatchEvict execution completed.
I1008 11:18:30.251156 199184 master_service.cpp:10619] [EVICT-TRIGGER] memory_ratio=1 high_watermark=0.9 need_mem_eviction=1 eviction_ratio=0.05
I1008 11:18:30.252699 199184 master_service.cpp:12526] [EVICT-RESULT] evicted_count=0, eviction_base=1, actual_evict_ratio=0, target_evict_ratio=0.15
I1008 11:18:30.252736 199184 master_service.cpp:10630] [EVICT-DONE] BatchEvict execution completed.
I1008 11:18:30.262799 199184 master_service.cpp:10619] [EVICT-TRIGGER] memory_ratio=1 high_watermark=0.9 need_mem_eviction=1 eviction_ratio=0.05
I1008 11:18:30.264183 199184 master_service.cpp:12526] [EVICT-RESULT] evicted_count=0, eviction_base=1, actual_evict_ratio=0, target_evict_ratio=0.15
I1008 11:18:30.264207 199184 master_service.cpp:10630] [EVICT-DONE] BatchEvict execution completed.
I1008 11:18:30.274269 199184 master_service.cpp:10619] [EVICT-TRIGGER] memory_ratio=1 high_watermark=0.9 need_mem_eviction=1 eviction_ratio=0.05
I1008 11:18:30.275822 199184 master_service.cpp:12526] [EVICT-RESULT] evicted_count=0, eviction_base=1, actual_evict_ratio=0, target_evict_ratio=0.15
I1008 11:18:30.275848 199184 master_service.cpp:10630] [EVICT-DONE] BatchEvict execution completed.
I1008 11:18:30.285912 199184 master_service.cpp:10619] [EVICT-TRIGGER] memory_ratio=1 high_watermark=0.9 need_mem_eviction=1 eviction_ratio=0.05
I1008 11:18:30.287307 199184 master_service.cpp:12526] [EVICT-RESULT] evicted_count=0, eviction_base=1, actual_evict_ratio=0, target_evict_ratio=0.15
I1008 11:18:30.287333 199184 master_service.cpp:10630] [EVICT-DONE] BatchEvict execution completed.
I1008 11:18:30.297394 199184 master_service.cpp:10619] [EVICT-TRIGGER] memory_ratio=1 high_watermark=0.9 need_mem_eviction=1 eviction_ratio=0.05
I1008 11:18:30.299331 199184 master_service.cpp:12526] [EVICT-RESULT] evicted_count=0, eviction_base=1, actual_evict_ratio=0, target_evict_ratio=0.15
I1008 11:18:30.299358 199184 master_service.cpp:10630] [EVICT-DONE] BatchEvict execution completed.
I1008 11:18:30.309425 199184 master_service.cpp:10619] [EVICT-TRIGGER] memory_ratio=1 high_watermark=0.9 need_mem_eviction=1 eviction_ratio=0.05
I1008 11:18:30.313521 199184 master_service.cpp:12526] [EVICT-RESULT] evicted_count=1, eviction_base=1, actual_evict_ratio=1, target_evict_ratio=0.15
I1008 11:18:30.313552 199184 master_service.cpp:10630] [EVICT-DONE] BatchEvict execution completed.
I1008 11:18:30.323616 199184 master_service.cpp:10619] [EVICT-TRIGGER] memory_ratio=0.96875 high_watermark=0.9 need_mem_eviction=0 eviction_ratio=0.05
I1008 11:18:30.325024 199184 master_service.cpp:10630] [EVICT-DONE] BatchEvict execution completed.
I1008 11:18:30.335099 199184 master_service.cpp:10619] [EVICT-TRIGGER] memory_ratio=0.96875 high_watermark=0.9 need_mem_eviction=0 eviction_ratio=0.05
I1008 11:18:30.336606 199184 master_service.cpp:10630] [EVICT-DONE] BatchEvict execution completed.
I1008 11:18:30.346680 199184 master_service.cpp:10619] [EVICT-TRIGGER] memory_ratio=0.96875 high_watermark=0.9 need_mem_eviction=0 eviction_ratio=0.05
I1008 11:18:30.348068 199184 master_service.cpp:10630] [EVICT-DONE] BatchEvict execution completed.
I1008 11:18:30.358144 199184 master_service.cpp:10619] [EVICT-TRIGGER] memory_ratio=0.96875 high_watermark=0.9 need_mem_eviction=0 eviction_ratio=0.05
I1008 11:18:30.359694 199184 master_service.cpp:10630] [EVICT-DONE] BatchEvict execution completed.
I1008 11:18:30.369771 199184 master_service.cpp:10619] [EVICT-TRIGGER] memory_ratio=0.96875 high_watermark=0.9 need_mem_eviction=0 eviction_ratio=0.05
I1008 11:18:30.371135 199184 master_service.cpp:10630] [EVICT-DONE] BatchEvict execution completed.
I1008 11:18:30.381211 199184 master_service.cpp:10619] [EVICT-TRIGGER] memory_ratio=0.96875 high_watermark=0.9 need_mem_eviction=0 eviction_ratio=0.05
I1008 11:18:30.382822 199184 master_service.cpp:10630] [EVICT-DONE] BatchEvict execution completed.
I1008 11:18:30.392899 199184 master_service.cpp:10619] [EVICT-TRIGGER] memory_ratio=0.96875 high_watermark=0.9 need_mem_eviction=0 eviction_ratio=0.05
I1008 11:18:30.394440 199184 master_service.cpp:10630] [EVICT-DONE] BatchEvict execution completed.
I1008 11:18:30.404516 199184 master_service.cpp:10619] [EVICT-TRIGGER] memory_ratio=0.96875 high_watermark=0.9 need_mem_eviction=0 eviction_ratio=0.05
I1008 11:18:30.406080 199184 master_service.cpp:10630] [EVICT-DONE] BatchEvict execution completed.
I1008 11:18:30.416157 199184 master_service.cpp:10619] [EVICT-TRIGGER] memory_ratio=0.96875 high_watermark=0.9 need_mem_eviction=0 eviction_ratio=0.05
I1008 11:18:30.417539 199184 master_service.cpp:10630] [EVICT-DONE] BatchEvict execution completed.
I1008 11:18:30.427615 199184 master_service.cpp:10619] [EVICT-TRIGGER] memory_ratio=0.96875 high_watermark=0.9 need_mem_eviction=0 eviction_ratio=0.05
I1008 11:18:30.429118 199184 master_service.cpp:10630] [EVICT-DONE] BatchEvict execution completed.
I1008 11:18:30.439194 199184 master_service.cpp:10619] [EVICT-TRIGGER] memory_ratio=0.96875 high_watermark=0.9 need_mem_eviction=0 eviction_ratio=0.05
I1008 11:18:30.440534 199184 master_service.cpp:10630] [EVICT-DONE] BatchEvict execution completed.
I1008 11:18:30.450609 199184 master_service.cpp:10619] [EVICT-TRIGGER] memory_ratio=0.96875 high_watermark=0.9 need_mem_eviction=0 eviction_ratio=0.05
I1008 11:18:30.452438 199184 master_service.cpp:10630] [EVICT-DONE] BatchEvict execution completed.
I1008 11:18:30.462515 199184 master_service.cpp:10619] [EVICT-TRIGGER] memory_ratio=0.96875 high_watermark=0.9 need_mem_eviction=0 eviction_ratio=0.05
I1008 11:18:30.463923 199184 master_service.cpp:10630] [EVICT-DONE] BatchEvict execution completed.
I1008 11:18:30.473999 199184 master_service.cpp:10619] [EVICT-TRIGGER] memory_ratio=0.96875 high_watermark=0.9 need_mem_eviction=0 eviction_ratio=0.05
I1008 11:18:30.475521 199184 master_service.cpp:10630] [EVICT-DONE] BatchEvict execution completed.
I1008 11:18:30.485597 199184 master_service.cpp:10619] [EVICT-TRIGGER] memory_ratio=0.96875 high_watermark=0.9 need_mem_eviction=0 eviction_ratio=0.05
I1008 11:18:30.487002 199184 master_service.cpp:10630] [EVICT-DONE] BatchEvict execution completed.
I1008 11:18:30.497078 199184 master_service.cpp:10619] [EVICT-TRIGGER] memory_ratio=0.96875 high_watermark=0.9 need_mem_eviction=0 eviction_ratio=0.05
I1008 11:18:30.498651 199184 master_service.cpp:10630] [EVICT-DONE] BatchEvict execution completed.
I1008 11:18:30.508728 199184 master_service.cpp:10619] [EVICT-TRIGGER] memory_ratio=0.96875 high_watermark=0.9 need_mem_eviction=0 eviction_ratio=0.05
I1008 11:18:30.513451 199184 master_service.cpp:10630] [EVICT-DONE] BatchEvict execution completed.
I1008 11:18:30.523528 199184 master_service.cpp:10619] [EVICT-TRIGGER] memory_ratio=0.96875 high_watermark=0.9 need_mem_eviction=0 eviction_ratio=0.05
I1008 11:18:30.525149 199184 master_service.cpp:10630] [EVICT-DONE] BatchEvict execution completed.
I1008 11:18:30.535225 199184 master_service.cpp:10619] [EVICT-TRIGGER] memory_ratio=0.96875 high_watermark=0.9 need_mem_eviction=0 eviction_ratio=0.05
I1008 11:18:30.536592 199184 master_service.cpp:10630] [EVICT-DONE] BatchEvict execution completed.
I1008 11:18:30.546666 199184 master_service.cpp:10619] [EVICT-TRIGGER] memory_ratio=0.96875 high_watermark=0.9 need_mem_eviction=0 eviction_ratio=0.05
I1008 11:18:30.548357 199184 master_service.cpp:10630] [EVICT-DONE] BatchEvict execution completed.
I1008 11:18:30.558431 199184 master_service.cpp:10619] [EVICT-TRIGGER] memory_ratio=0.96875 high_watermark=0.9 need_mem_eviction=0 eviction_ratio=0.05
I1008 11:18:30.559811 199184 master_service.cpp:10630] [EVICT-DONE] BatchEvict execution completed.
I1008 11:18:30.569887 199184 master_service.cpp:10619] [EVICT-TRIGGER] memory_ratio=0.96875 high_watermark=0.9 need_mem_eviction=0 eviction_ratio=0.05
I1008 11:18:30.571451 199184 master_service.cpp:10630] [EVICT-DONE] BatchEvict execution completed.
I1008 11:18:30.581528 199184 master_service.cpp:10619] [EVICT-TRIGGER] memory_ratio=0.96875 high_watermark=0.9 need_mem_eviction=0 eviction_ratio=0.05
I1008 11:18:30.582888 199184 master_service.cpp:10630] [EVICT-DONE] BatchEvict execution completed.
I1008 11:18:30.592963 199184 master_service.cpp:10619] [EVICT-TRIGGER] memory_ratio=0.96875 high_watermark=0.9 need_mem_eviction=0 eviction_ratio=0.05
I1008 11:18:30.594529 199184 master_service.cpp:10630] [EVICT-DONE] BatchEvict execution completed.
I1008 11:18:30.604616 199184 master_service.cpp:10619] [EVICT-TRIGGER] memory_ratio=0.96875 high_watermark=0.9 need_mem_eviction=0 eviction_ratio=0.05
I1008 11:18:30.605978 199184 master_service.cpp:10630] [EVICT-DONE] BatchEvict execution completed.
I1008 11:18:30.616053 199184 master_service.cpp:10619] [EVICT-TRIGGER] memory_ratio=0.96875 high_watermark=0.9 need_mem_eviction=0 eviction_ratio=0.05
I1008 11:18:30.618454 199184 master_service.cpp:10630] [EVICT-DONE] BatchEvict execution completed.
I1008 11:18:30.628592 199184 master_service.cpp:10619] [EVICT-TRIGGER] memory_ratio=0.96875 high_watermark=0.9 need_mem_eviction=0 eviction_ratio=0.05
I1008 11:18:30.630318 199184 master_service.cpp:10630] [EVICT-DONE] BatchEvict execution completed.
I1008 11:18:30.640403 199184 master_service.cpp:10619] [EVICT-TRIGGER] memory_ratio=0.96875 high_watermark=0.9 need_mem_eviction=0 eviction_ratio=0.05
I1008 11:18:30.642037 199184 master_service.cpp:10630] [EVICT-DONE] BatchEvict execution completed.
I1008 11:18:30.652119 199184 master_service.cpp:10619] [EVICT-TRIGGER] memory_ratio=0.96875 high_watermark=0.9 need_mem_eviction=0 eviction_ratio=0.05
I1008 11:18:30.653566 199184 master_service.cpp:10630] [EVICT-DONE] BatchEvict execution completed.
I1008 11:18:30.663645 199184 master_service.cpp:10619] [EVICT-TRIGGER] memory_ratio=0.96875 high_watermark=0.9 need_mem_eviction=0 eviction_ratio=0.05
I1008 11:18:30.665238 199184 master_service.cpp:10630] [EVICT-DONE] BatchEvict execution completed.
I1008 11:18:30.675318 199184 master_service.cpp:10619] [EVICT-TRIGGER] memory_ratio=0.96875 high_watermark=0.9 need_mem_eviction=0 eviction_ratio=0.05
I1008 11:18:30.676720 199184 master_service.cpp:10630] [EVICT-DONE] BatchEvict execution completed.
I1008 11:18:30.686797 199184 master_service.cpp:10619] [EVICT-TRIGGER] memory_ratio=0.96875 high_watermark=0.9 need_mem_eviction=0 eviction_ratio=0.05
I1008 11:18:30.688388 199184 master_service.cpp:10630] [EVICT-DONE] BatchEvict execution completed.
I1008 11:18:30.698465 199184 master_service.cpp:10619] [EVICT-TRIGGER] memory_ratio=0.96875 high_watermark=0.9 need_mem_eviction=0 eviction_ratio=0.05
I1008 11:18:30.699929 199184 master_service.cpp:10630] [EVICT-DONE] BatchEvict execution completed.
I1008 11:18:30.710008 199184 master_service.cpp:10619] [EVICT-TRIGGER] memory_ratio=0.96875 high_watermark=0.9 need_mem_eviction=0 eviction_ratio=0.05
I1008 11:18:30.711705 199184 master_service.cpp:10630] [EVICT-DONE] BatchEvict execution completed.
I1008 11:18:30.721788 199184 master_service.cpp:10619] [EVICT-TRIGGER] memory_ratio=0.96875 high_watermark=0.9 need_mem_eviction=0 eviction_ratio=0.05
I1008 11:18:30.723728 199184 master_service.cpp:10630] [EVICT-DONE] BatchEvict execution completed.
I1008 11:18:30.733824 199184 master_service.cpp:10619] [EVICT-TRIGGER] memory_ratio=0.96875 high_watermark=0.9 need_mem_eviction=0 eviction_ratio=0.05
I1008 11:18:30.735630 199184 master_service.cpp:10630] [EVICT-DONE] BatchEvict execution completed.
I1008 11:18:30.745719 199184 master_service.cpp:10619] [EVICT-TRIGGER] memory_ratio=0.96875 high_watermark=0.9 need_mem_eviction=0 eviction_ratio=0.05
I1008 11:18:30.747645 199184 master_service.cpp:10630] [EVICT-DONE] BatchEvict execution completed.
I1008 11:18:30.757728 199184 master_service.cpp:10619] [EVICT-TRIGGER] memory_ratio=0.96875 high_watermark=0.9 need_mem_eviction=0 eviction_ratio=0.05
I1008 11:18:30.759734 199184 master_service.cpp:10630] [EVICT-DONE] BatchEvict execution completed.
I1008 11:18:30.769814 199184 master_service.cpp:10619] [EVICT-TRIGGER] memory_ratio=0.96875 high_watermark=0.9 need_mem_eviction=0 eviction_ratio=0.05
I1008 11:18:30.771311 199184 master_service.cpp:10630] [EVICT-DONE] BatchEvict execution completed.
I1008 11:18:30.781391 199184 master_service.cpp:10619] [EVICT-TRIGGER] memory_ratio=0.96875 high_watermark=0.9 need_mem_eviction=0 eviction_ratio=0.05
I1008 11:18:30.782992 199184 master_service.cpp:10630] [EVICT-DONE] BatchEvict execution completed.
I1008 11:18:30.793072 199184 master_service.cpp:10619] [EVICT-TRIGGER] memory_ratio=0.96875 high_watermark=0.9 need_mem_eviction=0 eviction_ratio=0.05
I1008 11:18:30.794555 199184 master_service.cpp:10630] [EVICT-DONE] BatchEvict execution completed.
I1008 11:18:30.804637 199184 master_service.cpp:10619] [EVICT-TRIGGER] memory_ratio=0.96875 high_watermark=0.9 need_mem_eviction=0 eviction_ratio=0.05
I1008 11:18:30.810969 199184 master_service.cpp:10630] [EVICT-DONE] BatchEvict execution completed.
I1008 11:18:30.821055 199184 master_service.cpp:10619] [EVICT-TRIGGER] memory_ratio=0.96875 high_watermark=0.9 need_mem_eviction=0 eviction_ratio=0.05
I1008 11:18:30.822523 199184 master_service.cpp:10630] [EVICT-DONE] BatchEvict execution completed.
I1008 11:18:30.832602 199184 master_service.cpp:10619] [EVICT-TRIGGER] memory_ratio=0.96875 high_watermark=0.9 need_mem_eviction=0 eviction_ratio=0.05
I1008 11:18:30.834162 199184 master_service.cpp:10630] [EVICT-DONE] BatchEvict execution completed.
I1008 11:18:30.844240 199184 master_service.cpp:10619] [EVICT-TRIGGER] memory_ratio=0.96875 high_watermark=0.9 need_mem_eviction=0 eviction_ratio=0.05
I1008 11:18:30.845645 199184 master_service.cpp:10630] [EVICT-DONE] BatchEvict execution completed.
I1008 11:18:30.855722 199184 master_service.cpp:10619] [EVICT-TRIGGER] memory_ratio=0.96875 high_watermark=0.9 need_mem_eviction=0 eviction_ratio=0.05
I1008 11:18:30.857285 199184 master_service.cpp:10630] [EVICT-DONE] BatchEvict execution completed.
I1008 11:18:30.867360 199184 master_service.cpp:10619] [EVICT-TRIGGER] memory_ratio=0.96875 high_watermark=0.9 need_mem_eviction=0 eviction_ratio=0.05
I1008 11:18:30.868798 199184 master_service.cpp:10630] [EVICT-DONE] BatchEvict execution completed.
I1008 11:18:30.878873 199184 master_service.cpp:10619] [EVICT-TRIGGER] memory_ratio=0.96875 high_watermark=0.9 need_mem_eviction=0 eviction_ratio=0.05
I1008 11:18:30.880417 199184 master_service.cpp:10630] [EVICT-DONE] BatchEvict execution completed.
I1008 11:18:30.890494 199184 master_service.cpp:10619] [EVICT-TRIGGER] memory_ratio=0.96875 high_watermark=0.9 need_mem_eviction=0 eviction_ratio=0.05
I1008 11:18:30.891932 199184 master_service.cpp:10630] [EVICT-DONE] BatchEvict execution completed.
I1008 11:18:30.902011 199184 master_service.cpp:10619] [EVICT-TRIGGER] memory_ratio=0.96875 high_watermark=0.9 need_mem_eviction=0 eviction_ratio=0.05
I1008 11:18:30.903623 199184 master_service.cpp:10630] [EVICT-DONE] BatchEvict execution completed.
I1008 11:18:30.913707 199184 master_service.cpp:10619] [EVICT-TRIGGER] memory_ratio=0.96875 high_watermark=0.9 need_mem_eviction=0 eviction_ratio=0.05
I1008 11:18:30.915200 199184 master_service.cpp:10630] [EVICT-DONE] BatchEvict execution completed.
I1008 11:18:30.925282 199184 master_service.cpp:10619] [EVICT-TRIGGER] memory_ratio=0.96875 high_watermark=0.9 need_mem_eviction=0 eviction_ratio=0.05
I1008 11:18:30.926899 199184 master_service.cpp:10630] [EVICT-DONE] BatchEvict execution completed.
I1008 11:18:30.936987 199184 master_service.cpp:10619] [EVICT-TRIGGER] memory_ratio=0.96875 high_watermark=0.9 need_mem_eviction=0 eviction_ratio=0.05
I1008 11:18:30.938449 199184 master_service.cpp:10630] [EVICT-DONE] BatchEvict execution completed.
I1008 11:18:30.948531 199184 master_service.cpp:10619] [EVICT-TRIGGER] memory_ratio=0.96875 high_watermark=0.9 need_mem_eviction=0 eviction_ratio=0.05
I1008 11:18:30.950531 199184 master_service.cpp:10630] [EVICT-DONE] BatchEvict execution completed.
I1008 11:18:30.960610 199184 master_service.cpp:10619] [EVICT-TRIGGER] memory_ratio=0.96875 high_watermark=0.9 need_mem_eviction=0 eviction_ratio=0.05
I1008 11:18:30.962074 199184 master_service.cpp:10630] [EVICT-DONE] BatchEvict execution completed.
I1008 11:18:30.972151 199184 master_service.cpp:10619] [EVICT-TRIGGER] memory_ratio=0.96875 high_watermark=0.9 need_mem_eviction=0 eviction_ratio=0.05
I1008 11:18:30.973742 199184 master_service.cpp:10630] [EVICT-DONE] BatchEvict execution completed.
I1008 11:18:30.983819 199184 master_service.cpp:10619] [EVICT-TRIGGER] memory_ratio=0.96875 high_watermark=0.9 need_mem_eviction=0 eviction_ratio=0.05
I1008 11:18:30.985266 199184 master_service.cpp:10630] [EVICT-DONE] BatchEvict execution completed.
I1008 11:18:30.995342 199184 master_service.cpp:10619] [EVICT-TRIGGER] memory_ratio=0.96875 high_watermark=0.9 need_mem_eviction=0 eviction_ratio=0.05
I1008 11:18:30.996906 199184 master_service.cpp:10630] [EVICT-DONE] BatchEvict execution completed.
I1008 11:18:31.006983 199184 master_service.cpp:10619] [EVICT-TRIGGER] memory_ratio=0.96875 high_watermark=0.9 need_mem_eviction=0 eviction_ratio=0.05
I1008 11:18:31.008384 199184 master_service.cpp:10630] [EVICT-DONE] BatchEvict execution completed.
I1008 11:18:31.018462 199184 master_service.cpp:10619] [EVICT-TRIGGER] memory_ratio=0.96875 high_watermark=0.9 need_mem_eviction=0 eviction_ratio=0.05
I1008 11:18:31.020045 199184 master_service.cpp:10630] [EVICT-DONE] BatchEvict execution completed.
I1008 11:18:31.030124 199184 master_service.cpp:10619] [EVICT-TRIGGER] memory_ratio=0.96875 high_watermark=0.9 need_mem_eviction=0 eviction_ratio=0.05
I1008 11:18:31.031562 199184 master_service.cpp:10630] [EVICT-DONE] BatchEvict execution completed.
I1008 11:18:31.041640 199184 master_service.cpp:10619] [EVICT-TRIGGER] memory_ratio=0.96875 high_watermark=0.9 need_mem_eviction=0 eviction_ratio=0.05
I1008 11:18:31.043255 199184 master_service.cpp:10630] [EVICT-DONE] BatchEvict execution completed.
I1008 11:18:31.053334 199184 master_service.cpp:10619] [EVICT-TRIGGER] memory_ratio=0.96875 high_watermark=0.9 need_mem_eviction=0 eviction_ratio=0.05
I1008 11:18:31.054740 199184 master_service.cpp:10630] [EVICT-DONE] BatchEvict execution completed.
I1008 11:18:31.064818 199184 master_service.cpp:10619] [EVICT-TRIGGER] memory_ratio=0.96875 high_watermark=0.9 need_mem_eviction=0 eviction_ratio=0.05
I1008 11:18:31.066386 199184 master_service.cpp:10630] [EVICT-DONE] BatchEvict execution completed.
I1008 11:18:31.076464 199184 master_service.cpp:10619] [EVICT-TRIGGER] memory_ratio=0.96875 high_watermark=0.9 need_mem_eviction=0 eviction_ratio=0.05
I1008 11:18:31.078191 199184 master_service.cpp:10630] [EVICT-DONE] BatchEvict execution completed.
I1008 11:18:31.088270 199184 master_service.cpp:10619] [EVICT-TRIGGER] memory_ratio=0.96875 high_watermark=0.9 need_mem_eviction=0 eviction_ratio=0.05
I1008 11:18:31.089840 199184 master_service.cpp:10630] [EVICT-DONE] BatchEvict execution completed.
I1008 11:18:31.099917 199184 master_service.cpp:10619] [EVICT-TRIGGER] memory_ratio=0.96875 high_watermark=0.9 need_mem_eviction=0 eviction_ratio=0.05
I1008 11:18:31.101331 199184 master_service.cpp:10630] [EVICT-DONE] BatchEvict execution completed.
I1008 11:18:31.111408 199184 master_service.cpp:10619] [EVICT-TRIGGER] memory_ratio=0.96875 high_watermark=0.9 need_mem_eviction=0 eviction_ratio=0.05
I1008 11:18:31.112984 199184 master_service.cpp:10630] [EVICT-DONE] BatchEvict execution completed.
I1008 11:18:31.123060 199184 master_service.cpp:10619] [EVICT-TRIGGER] memory_ratio=0.96875 high_watermark=0.9 need_mem_eviction=0 eviction_ratio=0.05
I1008 11:18:31.124760 199184 master_service.cpp:10630] [EVICT-DONE] BatchEvict execution completed.
I1008 11:18:31.134840 199184 master_service.cpp:10619] [EVICT-TRIGGER] memory_ratio=0.96875 high_watermark=0.9 need_mem_eviction=0 eviction_ratio=0.05
I1008 11:18:31.136411 199184 master_service.cpp:10630] [EVICT-DONE] BatchEvict execution completed.
I1008 11:18:31.146487 199184 master_service.cpp:10619] [EVICT-TRIGGER] memory_ratio=0.96875 high_watermark=0.9 need_mem_eviction=0 eviction_ratio=0.05
I1008 11:18:31.147917 199184 master_service.cpp:10630] [EVICT-DONE] BatchEvict execution completed.
I1008 11:18:31.157994 199184 master_service.cpp:10619] [EVICT-TRIGGER] memory_ratio=0.96875 high_watermark=0.9 need_mem_eviction=0 eviction_ratio=0.05
I1008 11:18:31.159541 199184 master_service.cpp:10630] [EVICT-DONE] BatchEvict execution completed.
I1008 11:18:31.169618 199184 master_service.cpp:10619] [EVICT-TRIGGER] memory_ratio=0.96875 high_watermark=0.9 need_mem_eviction=0 eviction_ratio=0.05
I1008 11:18:31.171070 199184 master_service.cpp:10630] [EVICT-DONE] BatchEvict execution completed.
I1008 11:18:31.181169 199184 master_service.cpp:10619] [EVICT-TRIGGER] memory_ratio=0.96875 high_watermark=0.9 need_mem_eviction=0 eviction_ratio=0.05
I1008 11:18:31.182721 199184 master_service.cpp:10630] [EVICT-DONE] BatchEvict execution completed.
I1008 11:18:31.192796 199184 master_service.cpp:10619] [EVICT-TRIGGER] memory_ratio=0.96875 high_watermark=0.9 need_mem_eviction=0 eviction_ratio=0.05
I1008 11:18:31.194193 199184 master_service.cpp:10630] [EVICT-DONE] BatchEvict execution completed.
I1008 11:18:31.204269 199184 master_service.cpp:10619] [EVICT-TRIGGER] memory_ratio=0.96875 high_watermark=0.9 need_mem_eviction=0 eviction_ratio=0.05
I1008 11:18:31.205816 199184 master_service.cpp:10630] [EVICT-DONE] BatchEvict execution completed.
I1008 11:18:31.215893 199184 master_service.cpp:10619] [EVICT-TRIGGER] memory_ratio=0.96875 high_watermark=0.9 need_mem_eviction=0 eviction_ratio=0.05
I1008 11:18:31.217262 199184 master_service.cpp:10630] [EVICT-DONE] BatchEvict execution completed.
I1008 11:18:31.227337 199184 master_service.cpp:10619] [EVICT-TRIGGER] memory_ratio=0.96875 high_watermark=0.9 need_mem_eviction=0 eviction_ratio=0.05
I1008 11:18:31.228878 199184 master_service.cpp:10630] [EVICT-DONE] BatchEvict execution completed.
I1008 11:18:31.238955 199184 master_service.cpp:10619] [EVICT-TRIGGER] memory_ratio=0.96875 high_watermark=0.9 need_mem_eviction=0 eviction_ratio=0.05
I1008 11:18:31.240363 199184 master_service.cpp:10630] [EVICT-DONE] BatchEvict execution completed.
I1008 11:18:31.250439 199184 master_service.cpp:10619] [EVICT-TRIGGER] memory_ratio=0.96875 high_watermark=0.9 need_mem_eviction=0 eviction_ratio=0.05
I1008 11:18:31.252009 199184 master_service.cpp:10630] [EVICT-DONE] BatchEvict execution completed.
I1008 11:18:31.262086 199184 master_service.cpp:10619] [EVICT-TRIGGER] memory_ratio=0.96875 high_watermark=0.9 need_mem_eviction=0 eviction_ratio=0.05
I1008 11:18:31.263468 199184 master_service.cpp:10630] [EVICT-DONE] BatchEvict execution completed.
I1008 11:18:31.273545 199184 master_service.cpp:10619] [EVICT-TRIGGER] memory_ratio=0.96875 high_watermark=0.9 need_mem_eviction=0 eviction_ratio=0.05
I1008 11:18:31.275075 199184 master_service.cpp:10630] [EVICT-DONE] BatchEvict execution completed.
I1008 11:18:31.285153 199184 master_service.cpp:10619] [EVICT-TRIGGER] memory_ratio=0.96875 high_watermark=0.9 need_mem_eviction=0 eviction_ratio=0.05
I1008 11:18:31.286528 199184 master_service.cpp:10630] [EVICT-DONE] BatchEvict execution completed.
I1008 11:18:31.296605 199184 master_service.cpp:10619] [EVICT-TRIGGER] memory_ratio=0.96875 high_watermark=0.9 need_mem_eviction=0 eviction_ratio=0.05
I1008 11:18:31.298120 199184 master_service.cpp:10630] [EVICT-DONE] BatchEvict execution completed.
I1008 11:18:31.308198 199184 master_service.cpp:10619] [EVICT-TRIGGER] memory_ratio=0.96875 high_watermark=0.9 need_mem_eviction=0 eviction_ratio=0.05
I1008 11:18:31.309593 199184 master_service.cpp:10630] [EVICT-DONE] BatchEvict execution completed.
I1008 11:18:31.319670 199184 master_service.cpp:10619] [EVICT-TRIGGER] memory_ratio=0.96875 high_watermark=0.9 need_mem_eviction=0 eviction_ratio=0.05
I1008 11:18:31.321209 199184 master_service.cpp:10630] [EVICT-DONE] BatchEvict execution completed.
I1008 11:18:31.331288 199184 master_service.cpp:10619] [EVICT-TRIGGER] memory_ratio=0.96875 high_watermark=0.9 need_mem_eviction=0 eviction_ratio=0.05
I1008 11:18:31.332731 199184 master_service.cpp:10630] [EVICT-DONE] BatchEvict execution completed.
I1008 11:18:31.342810 199184 master_service.cpp:10619] [EVICT-TRIGGER] memory_ratio=0.96875 high_watermark=0.9 need_mem_eviction=0 eviction_ratio=0.05
I1008 11:18:31.344353 199184 master_service.cpp:10630] [EVICT-DONE] BatchEvict execution completed.
I1008 11:18:31.354430 199184 master_service.cpp:10619] [EVICT-TRIGGER] memory_ratio=0.96875 high_watermark=0.9 need_mem_eviction=0 eviction_ratio=0.05
I1008 11:18:31.355814 199184 master_service.cpp:10630] [EVICT-DONE] BatchEvict execution completed.
I1008 11:18:31.365892 199184 master_service.cpp:10619] [EVICT-TRIGGER] memory_ratio=0.96875 high_watermark=0.9 need_mem_eviction=0 eviction_ratio=0.05
I1008 11:18:31.367458 199184 master_service.cpp:10630] [EVICT-DONE] BatchEvict execution completed.
I1008 11:18:31.377537 199184 master_service.cpp:10619] [EVICT-TRIGGER] memory_ratio=0.96875 high_watermark=0.9 need_mem_eviction=0 eviction_ratio=0.05
I1008 11:18:31.378942 199184 master_service.cpp:10630] [EVICT-DONE] BatchEvict execution completed.
I1008 11:18:31.389020 199184 master_service.cpp:10619] [EVICT-TRIGGER] memory_ratio=0.96875 high_watermark=0.9 need_mem_eviction=0 eviction_ratio=0.05
I1008 11:18:31.390552 199184 master_service.cpp:10630] [EVICT-DONE] BatchEvict execution completed.
I1008 11:18:31.400631 199184 master_service.cpp:10619] [EVICT-TRIGGER] memory_ratio=0.96875 high_watermark=0.9 need_mem_eviction=0 eviction_ratio=0.05
I1008 11:18:31.402019 199184 master_service.cpp:10630] [EVICT-DONE] BatchEvict execution completed.
I1008 11:18:31.412094 199184 master_service.cpp:10619] [EVICT-TRIGGER] memory_ratio=0.96875 high_watermark=0.9 need_mem_eviction=0 eviction_ratio=0.05
I1008 11:18:31.413614 199184 master_service.cpp:10630] [EVICT-DONE] BatchEvict execution completed.
I1008 11:18:31.423689 199184 master_service.cpp:10619] [EVICT-TRIGGER] memory_ratio=0.96875 high_watermark=0.9 need_mem_eviction=0 eviction_ratio=0.05
I1008 11:18:31.425098 199184 master_service.cpp:10630] [EVICT-DONE] BatchEvict execution completed.
I1008 11:18:31.435178 199184 master_service.cpp:10619] [EVICT-TRIGGER] memory_ratio=0.96875 high_watermark=0.9 need_mem_eviction=0 eviction_ratio=0.05
I1008 11:18:31.436882 199184 master_service.cpp:10630] [EVICT-DONE] BatchEvict execution completed.
I1008 11:18:31.446972 199184 master_service.cpp:10619] [EVICT-TRIGGER] memory_ratio=0.96875 high_watermark=0.9 need_mem_eviction=0 eviction_ratio=0.05
I1008 11:18:31.448487 199184 master_service.cpp:12526] [EVICT-RESULT] evicted_count=0, eviction_base=10, actual_evict_ratio=0, target_evict_ratio=0.11875
I1008 11:18:31.448520 199184 master_service.cpp:10630] [EVICT-DONE] BatchEvict execution completed.
I1008 11:18:31.458588 199184 master_service.cpp:10619] [EVICT-TRIGGER] memory_ratio=0.96875 high_watermark=0.9 need_mem_eviction=0 eviction_ratio=0.05
I1008 11:18:31.460377 199184 master_service.cpp:12526] [EVICT-RESULT] evicted_count=0, eviction_base=10, actual_evict_ratio=0, target_evict_ratio=0.11875
I1008 11:18:31.460414 199184 master_service.cpp:10630] [EVICT-DONE] BatchEvict execution completed.
I1008 11:18:31.470482 199184 master_service.cpp:10619] [EVICT-TRIGGER] memory_ratio=0.96875 high_watermark=0.9 need_mem_eviction=0 eviction_ratio=0.05
I1008 11:18:31.472167 199184 master_service.cpp:12526] [EVICT-RESULT] evicted_count=0, eviction_base=20, actual_evict_ratio=0, target_evict_ratio=0.11875
I1008 11:18:31.472208 199184 master_service.cpp:10630] [EVICT-DONE] BatchEvict execution completed.
I1008 11:18:31.482273 199184 master_service.cpp:10619] [EVICT-TRIGGER] memory_ratio=0.96875 high_watermark=0.9 need_mem_eviction=0 eviction_ratio=0.05
I1008 11:18:31.483942 199184 master_service.cpp:12526] [EVICT-RESULT] evicted_count=0, eviction_base=31, actual_evict_ratio=0, target_evict_ratio=0.11875
I1008 11:18:31.483973 199184 master_service.cpp:10630] [EVICT-DONE] BatchEvict execution completed.
I1008 11:18:31.494035 199184 master_service.cpp:10619] [EVICT-TRIGGER] memory_ratio=0.96875 high_watermark=0.9 need_mem_eviction=0 eviction_ratio=0.05
I1008 11:18:31.495481 199184 master_service.cpp:12526] [EVICT-RESULT] evicted_count=0, eviction_base=31, actual_evict_ratio=0, target_evict_ratio=0.11875
I1008 11:18:31.495507 199184 master_service.cpp:10630] [EVICT-DONE] BatchEvict execution completed.
I1008 11:18:31.505570 199184 master_service.cpp:10619] [EVICT-TRIGGER] memory_ratio=0.96875 high_watermark=0.9 need_mem_eviction=0 eviction_ratio=0.05
I1008 11:18:31.507121 199184 master_service.cpp:12526] [EVICT-RESULT] evicted_count=0, eviction_base=31, actual_evict_ratio=0, target_evict_ratio=0.11875
I1008 11:18:31.507148 199184 master_service.cpp:10630] [EVICT-DONE] BatchEvict execution completed.
I1008 11:18:31.517225 199184 master_service.cpp:10619] [EVICT-TRIGGER] memory_ratio=0.96875 high_watermark=0.9 need_mem_eviction=0 eviction_ratio=0.05
I1008 11:18:31.518625 199184 master_service.cpp:12526] [EVICT-RESULT] evicted_count=0, eviction_base=31, actual_evict_ratio=0, target_evict_ratio=0.11875
I1008 11:18:31.518653 199184 master_service.cpp:10630] [EVICT-DONE] BatchEvict execution completed.
I1008 11:18:31.528715 199184 master_service.cpp:10619] [EVICT-TRIGGER] memory_ratio=0.96875 high_watermark=0.9 need_mem_eviction=0 eviction_ratio=0.05
I1008 11:18:31.530969 199184 master_service.cpp:12526] [EVICT-RESULT] evicted_count=0, eviction_base=31, actual_evict_ratio=0, target_evict_ratio=0.11875
I1008 11:18:31.530997 199184 master_service.cpp:10630] [EVICT-DONE] BatchEvict execution completed.
I1008 11:18:31.541059 199184 master_service.cpp:10619] [EVICT-TRIGGER] memory_ratio=0.96875 high_watermark=0.9 need_mem_eviction=0 eviction_ratio=0.05
I1008 11:18:31.542459 199184 master_service.cpp:12526] [EVICT-RESULT] evicted_count=0, eviction_base=31, actual_evict_ratio=0, target_evict_ratio=0.11875
I1008 11:18:31.542485 199184 master_service.cpp:10630] [EVICT-DONE] BatchEvict execution completed.
I1008 11:18:31.552548 199184 master_service.cpp:10619] [EVICT-TRIGGER] memory_ratio=0.96875 high_watermark=0.9 need_mem_eviction=0 eviction_ratio=0.05
I1008 11:18:31.554093 199184 master_service.cpp:12526] [EVICT-RESULT] evicted_count=0, eviction_base=31, actual_evict_ratio=0, target_evict_ratio=0.11875
I1008 11:18:31.554121 199184 master_service.cpp:10630] [EVICT-DONE] BatchEvict execution completed.
I1008 11:18:31.564182 199184 master_service.cpp:10619] [EVICT-TRIGGER] memory_ratio=0.96875 high_watermark=0.9 need_mem_eviction=0 eviction_ratio=0.05
I1008 11:18:31.565528 199184 master_service.cpp:12526] [EVICT-RESULT] evicted_count=0, eviction_base=31, actual_evict_ratio=0, target_evict_ratio=0.11875
I1008 11:18:31.565555 199184 master_service.cpp:10630] [EVICT-DONE] BatchEvict execution completed.
I1008 11:18:31.575618 199184 master_service.cpp:10619] [EVICT-TRIGGER] memory_ratio=0.96875 high_watermark=0.9 need_mem_eviction=0 eviction_ratio=0.05
I1008 11:18:31.577180 199184 master_service.cpp:12526] [EVICT-RESULT] evicted_count=0, eviction_base=31, actual_evict_ratio=0, target_evict_ratio=0.11875
I1008 11:18:31.577207 199184 master_service.cpp:10630] [EVICT-DONE] BatchEvict execution completed.
I1008 11:18:31.587270 199184 master_service.cpp:10619] [EVICT-TRIGGER] memory_ratio=0.96875 high_watermark=0.9 need_mem_eviction=0 eviction_ratio=0.05
I1008 11:18:31.588657 199184 master_service.cpp:12526] [EVICT-RESULT] evicted_count=0, eviction_base=31, actual_evict_ratio=0, target_evict_ratio=0.11875
I1008 11:18:31.588683 199184 master_service.cpp:10630] [EVICT-DONE] BatchEvict execution completed.
I1008 11:18:31.598708 199184 master_service.cpp:10619] [EVICT-TRIGGER] memory_ratio=0.96875 high_watermark=0.9 need_mem_eviction=0 eviction_ratio=0.05
I1008 11:18:31.600265 199184 master_service.cpp:12526] [EVICT-RESULT] evicted_count=0, eviction_base=31, actual_evict_ratio=0, target_evict_ratio=0.11875
I1008 11:18:31.600292 199184 master_service.cpp:10630] [EVICT-DONE] BatchEvict execution completed.
I1008 11:18:31.610358 199184 master_service.cpp:10619] [EVICT-TRIGGER] memory_ratio=0.96875 high_watermark=0.9 need_mem_eviction=0 eviction_ratio=0.05
I1008 11:18:31.611824 199184 master_service.cpp:12526] [EVICT-RESULT] evicted_count=0, eviction_base=31, actual_evict_ratio=0, target_evict_ratio=0.11875
I1008 11:18:31.611852 199184 master_service.cpp:10630] [EVICT-DONE] BatchEvict execution completed.
I1008 11:18:31.621915 199184 master_service.cpp:10619] [EVICT-TRIGGER] memory_ratio=0.96875 high_watermark=0.9 need_mem_eviction=0 eviction_ratio=0.05
I1008 11:18:31.623757 199184 master_service.cpp:12526] [EVICT-RESULT] evicted_count=0, eviction_base=31, actual_evict_ratio=0, target_evict_ratio=0.11875
I1008 11:18:31.623798 199184 master_service.cpp:10630] [EVICT-DONE] BatchEvict execution completed.
I1008 11:18:31.633879 199184 master_service.cpp:10619] [EVICT-TRIGGER] memory_ratio=0.96875 high_watermark=0.9 need_mem_eviction=0 eviction_ratio=0.05
I1008 11:18:31.635306 199184 master_service.cpp:12526] [EVICT-RESULT] evicted_count=0, eviction_base=31, actual_evict_ratio=0, target_evict_ratio=0.11875
I1008 11:18:31.635346 199184 master_service.cpp:10630] [EVICT-DONE] BatchEvict execution completed.
I1008 11:18:31.645416 199184 master_service.cpp:10619] [EVICT-TRIGGER] memory_ratio=0.96875 high_watermark=0.9 need_mem_eviction=0 eviction_ratio=0.05
I1008 11:18:31.647190 199184 master_service.cpp:12526] [EVICT-RESULT] evicted_count=0, eviction_base=31, actual_evict_ratio=0, target_evict_ratio=0.11875
I1008 11:18:31.647240 199184 master_service.cpp:10630] [EVICT-DONE] BatchEvict execution completed.
I1008 11:18:31.657310 199184 master_service.cpp:10619] [EVICT-TRIGGER] memory_ratio=0.96875 high_watermark=0.9 need_mem_eviction=0 eviction_ratio=0.05
I1008 11:18:31.658932 199184 master_service.cpp:12526] [EVICT-RESULT] evicted_count=0, eviction_base=31, actual_evict_ratio=0, target_evict_ratio=0.11875
I1008 11:18:31.658977 199184 master_service.cpp:10630] [EVICT-DONE] BatchEvict execution completed.
I1008 11:18:31.669044 199184 master_service.cpp:10619] [EVICT-TRIGGER] memory_ratio=0.96875 high_watermark=0.9 need_mem_eviction=0 eviction_ratio=0.05
I1008 11:18:31.670811 199184 master_service.cpp:12526] [EVICT-RESULT] evicted_count=0, eviction_base=31, actual_evict_ratio=0, target_evict_ratio=0.11875
I1008 11:18:31.670854 199184 master_service.cpp:10630] [EVICT-DONE] BatchEvict execution completed.
I1008 11:18:31.680923 199184 master_service.cpp:10619] [EVICT-TRIGGER] memory_ratio=0.96875 high_watermark=0.9 need_mem_eviction=0 eviction_ratio=0.05
I1008 11:18:31.682444 199184 master_service.cpp:12526] [EVICT-RESULT] evicted_count=0, eviction_base=31, actual_evict_ratio=0, target_evict_ratio=0.11875
I1008 11:18:31.682479 199184 master_service.cpp:10630] [EVICT-DONE] BatchEvict execution completed.
I1008 11:18:31.692540 199184 master_service.cpp:10619] [EVICT-TRIGGER] memory_ratio=0.96875 high_watermark=0.9 need_mem_eviction=0 eviction_ratio=0.05
I1008 11:18:31.694144 199184 master_service.cpp:12526] [EVICT-RESULT] evicted_count=0, eviction_base=31, actual_evict_ratio=0, target_evict_ratio=0.11875
I1008 11:18:31.694175 199184 master_service.cpp:10630] [EVICT-DONE] BatchEvict execution completed.
I1008 11:18:31.704237 199184 master_service.cpp:10619] [EVICT-TRIGGER] memory_ratio=0.96875 high_watermark=0.9 need_mem_eviction=0 eviction_ratio=0.05
I1008 11:18:31.705646 199184 master_service.cpp:12526] [EVICT-RESULT] evicted_count=0, eviction_base=31, actual_evict_ratio=0, target_evict_ratio=0.11875
I1008 11:18:31.705672 199184 master_service.cpp:10630] [EVICT-DONE] BatchEvict execution completed.
I1008 11:18:31.715735 199184 master_service.cpp:10619] [EVICT-TRIGGER] memory_ratio=0.96875 high_watermark=0.9 need_mem_eviction=0 eviction_ratio=0.05
I1008 11:18:31.717588 199184 master_service.cpp:12526] [EVICT-RESULT] evicted_count=0, eviction_base=31, actual_evict_ratio=0, target_evict_ratio=0.11875
I1008 11:18:31.717617 199184 master_service.cpp:10630] [EVICT-DONE] BatchEvict execution completed.
I1008 11:18:31.727680 199184 master_service.cpp:10619] [EVICT-TRIGGER] memory_ratio=0.96875 high_watermark=0.9 need_mem_eviction=0 eviction_ratio=0.05
I1008 11:18:31.729089 199184 master_service.cpp:12526] [EVICT-RESULT] evicted_count=0, eviction_base=31, actual_evict_ratio=0, target_evict_ratio=0.11875
I1008 11:18:31.729115 199184 master_service.cpp:10630] [EVICT-DONE] BatchEvict execution completed.
I1008 11:18:31.739177 199184 master_service.cpp:10619] [EVICT-TRIGGER] memory_ratio=0.96875 high_watermark=0.9 need_mem_eviction=0 eviction_ratio=0.05
I1008 11:18:31.740746 199184 master_service.cpp:12526] [EVICT-RESULT] evicted_count=0, eviction_base=31, actual_evict_ratio=0, target_evict_ratio=0.11875
I1008 11:18:31.740772 199184 master_service.cpp:10630] [EVICT-DONE] BatchEvict execution completed.
I1008 11:18:31.750834 199184 master_service.cpp:10619] [EVICT-TRIGGER] memory_ratio=0.96875 high_watermark=0.9 need_mem_eviction=0 eviction_ratio=0.05
I1008 11:18:31.752213 199184 master_service.cpp:12526] [EVICT-RESULT] evicted_count=0, eviction_base=31, actual_evict_ratio=0, target_evict_ratio=0.11875
I1008 11:18:31.752238 199184 master_service.cpp:10630] [EVICT-DONE] BatchEvict execution completed.
I1008 11:18:31.762300 199184 master_service.cpp:10619] [EVICT-TRIGGER] memory_ratio=0.96875 high_watermark=0.9 need_mem_eviction=0 eviction_ratio=0.05
I1008 11:18:31.766637 199184 master_service.cpp:12526] [EVICT-RESULT] evicted_count=0, eviction_base=31, actual_evict_ratio=0, target_evict_ratio=0.11875
W1008 11:18:31.766666 199184 master_service.cpp:12534] [EVICT] No memory freed this cycle; 1 objects deferred for disk offload. Consider lowering eviction_high_watermark_ratio.
I1008 11:18:31.766675 199184 master_service.cpp:10630] [EVICT-DONE] BatchEvict execution completed.
I1008 11:18:31.776736 199184 master_service.cpp:10619] [EVICT-TRIGGER] memory_ratio=0.96875 high_watermark=0.9 need_mem_eviction=0 eviction_ratio=0.05
I1008 11:18:31.778112 199184 master_service.cpp:12526] [EVICT-RESULT] evicted_count=0, eviction_base=30, actual_evict_ratio=0, target_evict_ratio=0.11875
I1008 11:18:31.778139 199184 master_service.cpp:10630] [EVICT-DONE] BatchEvict execution completed.
I1008 11:18:31.788203 199184 master_service.cpp:10619] [EVICT-TRIGGER] memory_ratio=0.96875 high_watermark=0.9 need_mem_eviction=0 eviction_ratio=0.05
I1008 11:18:31.789760 199184 master_service.cpp:12526] [EVICT-RESULT] evicted_count=0, eviction_base=30, actual_evict_ratio=0, target_evict_ratio=0.11875
I1008 11:18:31.789789 199184 master_service.cpp:10630] [EVICT-DONE] BatchEvict execution completed.
I1008 11:18:31.799851 199184 master_service.cpp:10619] [EVICT-TRIGGER] memory_ratio=0.96875 high_watermark=0.9 need_mem_eviction=0 eviction_ratio=0.05
I1008 11:18:31.801198 199184 master_service.cpp:12526] [EVICT-RESULT] evicted_count=0, eviction_base=30, actual_evict_ratio=0, target_evict_ratio=0.11875
I1008 11:18:31.801223 199184 master_service.cpp:10630] [EVICT-DONE] BatchEvict execution completed.
I1008 11:18:31.811285 199184 master_service.cpp:10619] [EVICT-TRIGGER] memory_ratio=0.96875 high_watermark=0.9 need_mem_eviction=0 eviction_ratio=0.05
I1008 11:18:31.812801 199184 master_service.cpp:12526] [EVICT-RESULT] evicted_count=0, eviction_base=30, actual_evict_ratio=0, target_evict_ratio=0.11875
I1008 11:18:31.812829 199184 master_service.cpp:10630] [EVICT-DONE] BatchEvict execution completed.
I1008 11:18:31.822890 199184 master_service.cpp:10619] [EVICT-TRIGGER] memory_ratio=0.96875 high_watermark=0.9 need_mem_eviction=0 eviction_ratio=0.05
I1008 11:18:31.824285 199184 master_service.cpp:12526] [EVICT-RESULT] evicted_count=0, eviction_base=30, actual_evict_ratio=0, target_evict_ratio=0.11875
I1008 11:18:31.824312 199184 master_service.cpp:10630] [EVICT-DONE] BatchEvict execution completed.
I1008 11:18:31.834374 199184 master_service.cpp:10619] [EVICT-TRIGGER] memory_ratio=0.96875 high_watermark=0.9 need_mem_eviction=0 eviction_ratio=0.05
I1008 11:18:31.835942 199184 master_service.cpp:12526] [EVICT-RESULT] evicted_count=0, eviction_base=30, actual_evict_ratio=0, target_evict_ratio=0.11875
I1008 11:18:31.835969 199184 master_service.cpp:10630] [EVICT-DONE] BatchEvict execution completed.
I1008 11:18:31.846031 199184 master_service.cpp:10619] [EVICT-TRIGGER] memory_ratio=0.96875 high_watermark=0.9 need_mem_eviction=0 eviction_ratio=0.05
I1008 11:18:31.847419 199184 master_service.cpp:12526] [EVICT-RESULT] evicted_count=0, eviction_base=30, actual_evict_ratio=0, target_evict_ratio=0.11875
I1008 11:18:31.847446 199184 master_service.cpp:10630] [EVICT-DONE] BatchEvict execution completed.
I1008 11:18:31.857508 199184 master_service.cpp:10619] [EVICT-TRIGGER] memory_ratio=0.96875 high_watermark=0.9 need_mem_eviction=0 eviction_ratio=0.05
I1008 11:18:31.859050 199184 master_service.cpp:12526] [EVICT-RESULT] evicted_count=0, eviction_base=30, actual_evict_ratio=0, target_evict_ratio=0.11875
I1008 11:18:31.859099 199184 master_service.cpp:10630] [EVICT-DONE] BatchEvict execution completed.
I1008 11:18:31.869163 199184 master_service.cpp:10619] [EVICT-TRIGGER] memory_ratio=0.96875 high_watermark=0.9 need_mem_eviction=0 eviction_ratio=0.05
I1008 11:18:31.870510 199184 master_service.cpp:12526] [EVICT-RESULT] evicted_count=0, eviction_base=30, actual_evict_ratio=0, target_evict_ratio=0.11875
I1008 11:18:31.870536 199184 master_service.cpp:10630] [EVICT-DONE] BatchEvict execution completed.
I1008 11:18:31.880599 199184 master_service.cpp:10619] [EVICT-TRIGGER] memory_ratio=0.96875 high_watermark=0.9 need_mem_eviction=0 eviction_ratio=0.05
I1008 11:18:31.882138 199184 master_service.cpp:12526] [EVICT-RESULT] evicted_count=0, eviction_base=30, actual_evict_ratio=0, target_evict_ratio=0.11875
I1008 11:18:31.882164 199184 master_service.cpp:10630] [EVICT-DONE] BatchEvict execution completed.
I1008 11:18:31.892226 199184 master_service.cpp:10619] [EVICT-TRIGGER] memory_ratio=0.96875 high_watermark=0.9 need_mem_eviction=0 eviction_ratio=0.05
I1008 11:18:31.893589 199184 master_service.cpp:12526] [EVICT-RESULT] evicted_count=0, eviction_base=30, actual_evict_ratio=0, target_evict_ratio=0.11875
I1008 11:18:31.893615 199184 master_service.cpp:10630] [EVICT-DONE] BatchEvict execution completed.
I1008 11:18:31.903676 199184 master_service.cpp:10619] [EVICT-TRIGGER] memory_ratio=0.96875 high_watermark=0.9 need_mem_eviction=0 eviction_ratio=0.05
I1008 11:18:31.905202 199184 master_service.cpp:12526] [EVICT-RESULT] evicted_count=0, eviction_base=30, actual_evict_ratio=0, target_evict_ratio=0.11875
I1008 11:18:31.905229 199184 master_service.cpp:10630] [EVICT-DONE] BatchEvict execution completed.
I1008 11:18:31.915292 199184 master_service.cpp:10619] [EVICT-TRIGGER] memory_ratio=0.96875 high_watermark=0.9 need_mem_eviction=0 eviction_ratio=0.05
I1008 11:18:31.916659 199184 master_service.cpp:12526] [EVICT-RESULT] evicted_count=0, eviction_base=30, actual_evict_ratio=0, target_evict_ratio=0.11875
I1008 11:18:31.916685 199184 master_service.cpp:10630] [EVICT-DONE] BatchEvict execution completed.
I1008 11:18:31.926724 199184 master_service.cpp:10619] [EVICT-TRIGGER] memory_ratio=0.96875 high_watermark=0.9 need_mem_eviction=0 eviction_ratio=0.05
I1008 11:18:31.928236 199184 master_service.cpp:12526] [EVICT-RESULT] evicted_count=0, eviction_base=30, actual_evict_ratio=0, target_evict_ratio=0.11875
I1008 11:18:31.928262 199184 master_service.cpp:10630] [EVICT-DONE] BatchEvict execution completed.
I1008 11:18:31.938323 199184 master_service.cpp:10619] [EVICT-TRIGGER] memory_ratio=0.96875 high_watermark=0.9 need_mem_eviction=0 eviction_ratio=0.05
I1008 11:18:31.941900 199184 master_service.cpp:12526] [EVICT-RESULT] evicted_count=4, eviction_base=30, actual_evict_ratio=0.133333, target_evict_ratio=0.11875
I1008 11:18:31.941932 199184 master_service.cpp:10630] [EVICT-DONE] BatchEvict execution completed.
I1008 11:18:34.982198 199192 master_admin_service.cpp:315] Master Admin Metrics: role=leader, state=serving, service_ready=true, master={Mem Storage: 27.00 MB / 32.00 MB (84.4%) | NVMe-oF SSD: 0 B / 0 B | SSD Storage: 167.00 MB / 2.00 TB | Keys: 100 (soft-pinned: 0) | Clients: 1 | Requests (Success/Total per sec): PutStart=6.10/19.20, PutEnd=12.20/12.20, PutRevoke=0.00/0.00, Get=0.10/0.10, Exist=0.30/0.30, Del=0.00/0.00, DelAll=0.00/0.00, Ping=1.00/1.00, CopyStart=0.00/0.00, CopyEnd=0.00/0.00, CopyRevoke=0.00/0.00, MoveStart=0.00/0.00, MoveEnd=0.00/0.00, MoveRevoke=0.00/0.00, EvictDiskReplica=0.00/0.00 | Batch Requests (per sec, Req=Success/PartialSuccess/Total, Item=Success/Total): PutStart:(Req=0.00/0.00/0.00, Item=0.00/0.00), PutEnd:(Req=0.00/0.00/0.00, Item=0.00/0.00), PutRevoke:(Req=0.00/0.00/0.00, Item=0.00/0.00), Get:(Req=2.10/0.00/2.10, Item=22.40/22.40), ExistKey:(Req=0.00/0.00/0.00, Item=0.00/0.00), QueryIp:(Req=0.00/0.00/0.00, Item=0.00/0.00), Clear:(Req=0.00/0.00/0.00, Item=0.00/0.00), CreateMoveTask:(Req=0.00/0.00), CreateCopyTask:(Req=0.00/0.00), QueryTask:(Req=0.00/0.00), FetchTasks:(Req=1.00/1.00), MarkTaskToComplete:(Req=0.00/0.00) | Eviction: Success/Attempts=19/164, AllocFail=131, PartialAlloc=0, keys=35, size=35.00 MB | Mem Eviction: Success/Attempts=19/164, keys=35, size=35.00 MB | NoF Eviction: Success/Attempts=0/0, keys=0, size=0 B | Discard: Released/Total=0/0, StagingSize=0 B | Promotion: in_flight=0, admitted=0, completed=1, failed=0, cancelled=0, expired=0, bytes=1.00 MB, rejected(freq/wm/cap)=0/0/0 | Snapshots: Success=0, Fail=0}, ha={HA Metrics Summary: last_seq=0, applied_seq=0, lag=0, pending=0, mutation_queue=0, batch_commits=0, sync_commits=0, skipped=0, checksum_fail=0, etcd_fail=0, watch_disconn=0, state=0, writer_accepting=false, writer_retry_count=0, writer_retry_delay_ms=0, writer_waiting_slots=0, writer_committed_queue=0, writer_callback_queue=0, writer_durable_batch=0, writer_durable_seq=0, writer_last_error=0}
I1008 11:18:38.970394 199184 master_service.cpp:10619] [EVICT-TRIGGER] memory_ratio=0.9375 high_watermark=0.9 need_mem_eviction=0 eviction_ratio=0.05
I1008 11:18:38.975189 199184 master_service.cpp:12526] [EVICT-RESULT] evicted_count=0, eviction_base=23, actual_evict_ratio=0, target_evict_ratio=0.0875
W1008 11:18:38.975224 199184 master_service.cpp:12534] [EVICT] No memory freed this cycle; 22 objects deferred for disk offload. Consider lowering eviction_high_watermark_ratio.
I1008 11:18:38.975236 199184 master_service.cpp:10630] [EVICT-DONE] BatchEvict execution completed.
I1008 11:18:38.985298 199184 master_service.cpp:10619] [EVICT-TRIGGER] memory_ratio=1 high_watermark=0.9 need_mem_eviction=0 eviction_ratio=0.05
I1008 11:18:38.991042 199184 master_service.cpp:12526] [EVICT-RESULT] evicted_count=0, eviction_base=3, actual_evict_ratio=0, target_evict_ratio=0.15
W1008 11:18:38.991072 199184 master_service.cpp:12534] [EVICT] No memory freed this cycle; 3 objects deferred for disk offload. Consider lowering eviction_high_watermark_ratio.
I1008 11:18:38.991080 199184 master_service.cpp:10630] [EVICT-DONE] BatchEvict execution completed.
I1008 11:18:39.001142 199184 master_service.cpp:10619] [EVICT-TRIGGER] memory_ratio=1 high_watermark=0.9 need_mem_eviction=1 eviction_ratio=0.05
I1008 11:18:39.002542 199184 master_service.cpp:10630] [EVICT-DONE] BatchEvict execution completed.
I1008 11:18:39.012619 199184 master_service.cpp:10619] [EVICT-TRIGGER] memory_ratio=1 high_watermark=0.9 need_mem_eviction=1 eviction_ratio=0.05
I1008 11:18:39.014132 199184 master_service.cpp:10630] [EVICT-DONE] BatchEvict execution completed.
I1008 11:18:39.024209 199184 master_service.cpp:10619] [EVICT-TRIGGER] memory_ratio=1 high_watermark=0.9 need_mem_eviction=1 eviction_ratio=0.05
I1008 11:18:39.025602 199184 master_service.cpp:10630] [EVICT-DONE] BatchEvict execution completed.
I1008 11:18:39.035678 199184 master_service.cpp:10619] [EVICT-TRIGGER] memory_ratio=1 high_watermark=0.9 need_mem_eviction=1 eviction_ratio=0.05
I1008 11:18:39.037174 199184 master_service.cpp:10630] [EVICT-DONE] BatchEvict execution completed.
I1008 11:18:39.047252 199184 master_service.cpp:10619] [EVICT-TRIGGER] memory_ratio=1 high_watermark=0.9 need_mem_eviction=1 eviction_ratio=0.05
I1008 11:18:39.048609 199184 master_service.cpp:10630] [EVICT-DONE] BatchEvict execution completed.
I1008 11:18:39.058686 199184 master_service.cpp:10619] [EVICT-TRIGGER] memory_ratio=1 high_watermark=0.9 need_mem_eviction=1 eviction_ratio=0.05
I1008 11:18:39.060242 199184 master_service.cpp:10630] [EVICT-DONE] BatchEvict execution completed.
I1008 11:18:39.070322 199184 master_service.cpp:10619] [EVICT-TRIGGER] memory_ratio=1 high_watermark=0.9 need_mem_eviction=1 eviction_ratio=0.05
I1008 11:18:39.071789 199184 master_service.cpp:10630] [EVICT-DONE] BatchEvict execution completed.
I1008 11:18:39.081866 199184 master_service.cpp:10619] [EVICT-TRIGGER] memory_ratio=1 high_watermark=0.9 need_mem_eviction=1 eviction_ratio=0.05
I1008 11:18:39.083432 199184 master_service.cpp:10630] [EVICT-DONE] BatchEvict execution completed.
I1008 11:18:39.093510 199184 master_service.cpp:10619] [EVICT-TRIGGER] memory_ratio=1 high_watermark=0.9 need_mem_eviction=1 eviction_ratio=0.05
I1008 11:18:39.094879 199184 master_service.cpp:10630] [EVICT-DONE] BatchEvict execution completed.
I1008 11:18:39.104956 199184 master_service.cpp:10619] [EVICT-TRIGGER] memory_ratio=1 high_watermark=0.9 need_mem_eviction=1 eviction_ratio=0.05
I1008 11:18:39.106504 199184 master_service.cpp:10630] [EVICT-DONE] BatchEvict execution completed.
I1008 11:18:39.116593 199184 master_service.cpp:10619] [EVICT-TRIGGER] memory_ratio=1 high_watermark=0.9 need_mem_eviction=1 eviction_ratio=0.05
I1008 11:18:39.118839 199184 master_service.cpp:10630] [EVICT-DONE] BatchEvict execution completed.
I1008 11:18:39.128921 199184 master_service.cpp:10619] [EVICT-TRIGGER] memory_ratio=1 high_watermark=0.9 need_mem_eviction=1 eviction_ratio=0.05
I1008 11:18:39.130484 199184 master_service.cpp:10630] [EVICT-DONE] BatchEvict execution completed.
I1008 11:18:39.140561 199184 master_service.cpp:10619] [EVICT-TRIGGER] memory_ratio=1 high_watermark=0.9 need_mem_eviction=1 eviction_ratio=0.05
I1008 11:18:39.141893 199184 master_service.cpp:10630] [EVICT-DONE] BatchEvict execution completed.
I1008 11:18:39.151971 199184 master_service.cpp:10619] [EVICT-TRIGGER] memory_ratio=1 high_watermark=0.9 need_mem_eviction=1 eviction_ratio=0.05
I1008 11:18:39.153520 199184 master_service.cpp:10630] [EVICT-DONE] BatchEvict execution completed.
I1008 11:18:39.163597 199184 master_service.cpp:10619] [EVICT-TRIGGER] memory_ratio=1 high_watermark=0.9 need_mem_eviction=1 eviction_ratio=0.05
I1008 11:18:39.164984 199184 master_service.cpp:10630] [EVICT-DONE] BatchEvict execution completed.
I1008 11:18:39.175061 199184 master_service.cpp:10619] [EVICT-TRIGGER] memory_ratio=1 high_watermark=0.9 need_mem_eviction=1 eviction_ratio=0.05
I1008 11:18:39.176980 199184 master_service.cpp:10630] [EVICT-DONE] BatchEvict execution completed.
I1008 11:18:39.187057 199184 master_service.cpp:10619] [EVICT-TRIGGER] memory_ratio=1 high_watermark=0.9 need_mem_eviction=1 eviction_ratio=0.05
I1008 11:18:39.188472 199184 master_service.cpp:10630] [EVICT-DONE] BatchEvict execution completed.
I1008 11:18:39.198549 199184 master_service.cpp:10619] [EVICT-TRIGGER] memory_ratio=1 high_watermark=0.9 need_mem_eviction=1 eviction_ratio=0.05
I1008 11:18:39.200101 199184 master_service.cpp:10630] [EVICT-DONE] BatchEvict execution completed.
I1008 11:18:39.210178 199184 master_service.cpp:10619] [EVICT-TRIGGER] memory_ratio=1 high_watermark=0.9 need_mem_eviction=1 eviction_ratio=0.05
I1008 11:18:39.211553 199184 master_service.cpp:10630] [EVICT-DONE] BatchEvict execution completed.
I1008 11:18:39.221632 199184 master_service.cpp:10619] [EVICT-TRIGGER] memory_ratio=1 high_watermark=0.9 need_mem_eviction=1 eviction_ratio=0.05
I1008 11:18:39.223201 199184 master_service.cpp:10630] [EVICT-DONE] BatchEvict execution completed.
I1008 11:18:39.233278 199184 master_service.cpp:10619] [EVICT-TRIGGER] memory_ratio=1 high_watermark=0.9 need_mem_eviction=1 eviction_ratio=0.05
I1008 11:18:39.234651 199184 master_service.cpp:10630] [EVICT-DONE] BatchEvict execution completed.
I1008 11:18:39.244727 199184 master_service.cpp:10619] [EVICT-TRIGGER] memory_ratio=1 high_watermark=0.9 need_mem_eviction=1 eviction_ratio=0.05
I1008 11:18:39.246235 199184 master_service.cpp:10630] [EVICT-DONE] BatchEvict execution completed.
I1008 11:18:39.256311 199184 master_service.cpp:10619] [EVICT-TRIGGER] memory_ratio=1 high_watermark=0.9 need_mem_eviction=1 eviction_ratio=0.05
I1008 11:18:39.257710 199184 master_service.cpp:10630] [EVICT-DONE] BatchEvict execution completed.
I1008 11:18:39.267786 199184 master_service.cpp:10619] [EVICT-TRIGGER] memory_ratio=1 high_watermark=0.9 need_mem_eviction=1 eviction_ratio=0.05
I1008 11:18:39.269671 199184 master_service.cpp:10630] [EVICT-DONE] BatchEvict execution completed.
I1008 11:18:39.279749 199184 master_service.cpp:10619] [EVICT-TRIGGER] memory_ratio=1 high_watermark=0.9 need_mem_eviction=1 eviction_ratio=0.05
I1008 11:18:39.281162 199184 master_service.cpp:10630] [EVICT-DONE] BatchEvict execution completed.
I1008 11:18:39.291237 199184 master_service.cpp:10619] [EVICT-TRIGGER] memory_ratio=1 high_watermark=0.9 need_mem_eviction=0 eviction_ratio=0.05
I1008 11:18:39.292761 199184 master_service.cpp:10630] [EVICT-DONE] BatchEvict execution completed.
I1008 11:18:39.302838 199184 master_service.cpp:10619] [EVICT-TRIGGER] memory_ratio=1 high_watermark=0.9 need_mem_eviction=0 eviction_ratio=0.05
I1008 11:18:39.304193 199184 master_service.cpp:10630] [EVICT-DONE] BatchEvict execution completed.
I1008 11:18:39.314270 199184 master_service.cpp:10619] [EVICT-TRIGGER] memory_ratio=1 high_watermark=0.9 need_mem_eviction=0 eviction_ratio=0.05
I1008 11:18:39.315834 199184 master_service.cpp:10630] [EVICT-DONE] BatchEvict execution completed.
I1008 11:18:39.325910 199184 master_service.cpp:10619] [EVICT-TRIGGER] memory_ratio=1 high_watermark=0.9 need_mem_eviction=0 eviction_ratio=0.05
I1008 11:18:39.327291 199184 master_service.cpp:10630] [EVICT-DONE] BatchEvict execution completed.
I1008 11:18:39.337368 199184 master_service.cpp:10619] [EVICT-TRIGGER] memory_ratio=1 high_watermark=0.9 need_mem_eviction=0 eviction_ratio=0.05
I1008 11:18:39.338862 199184 master_service.cpp:10630] [EVICT-DONE] BatchEvict execution completed.
I1008 11:18:39.348940 199184 master_service.cpp:10619] [EVICT-TRIGGER] memory_ratio=1 high_watermark=0.9 need_mem_eviction=0 eviction_ratio=0.05
I1008 11:18:39.350286 199184 master_service.cpp:10630] [EVICT-DONE] BatchEvict execution completed.
I1008 11:18:39.360361 199184 master_service.cpp:10619] [EVICT-TRIGGER] memory_ratio=1 high_watermark=0.9 need_mem_eviction=0 eviction_ratio=0.05
I1008 11:18:39.361860 199184 master_service.cpp:10630] [EVICT-DONE] BatchEvict execution completed.
I1008 11:18:39.371937 199184 master_service.cpp:10619] [EVICT-TRIGGER] memory_ratio=1 high_watermark=0.9 need_mem_eviction=0 eviction_ratio=0.05
I1008 11:18:39.373310 199184 master_service.cpp:10630] [EVICT-DONE] BatchEvict execution completed.
I1008 11:18:39.383387 199184 master_service.cpp:10619] [EVICT-TRIGGER] memory_ratio=1 high_watermark=0.9 need_mem_eviction=0 eviction_ratio=0.05
I1008 11:18:39.384915 199184 master_service.cpp:10630] [EVICT-DONE] BatchEvict execution completed.
I1008 11:18:39.394992 199184 master_service.cpp:10619] [EVICT-TRIGGER] memory_ratio=1 high_watermark=0.9 need_mem_eviction=0 eviction_ratio=0.05
I1008 11:18:39.396754 199184 master_service.cpp:10630] [EVICT-DONE] BatchEvict execution completed.
I1008 11:18:39.406883 199184 master_service.cpp:10619] [EVICT-TRIGGER] memory_ratio=1 high_watermark=0.9 need_mem_eviction=0 eviction_ratio=0.05
I1008 11:18:39.408975 199184 master_service.cpp:10630] [EVICT-DONE] BatchEvict execution completed.
I1008 11:18:39.419054 199184 master_service.cpp:10619] [EVICT-TRIGGER] memory_ratio=1 high_watermark=0.9 need_mem_eviction=0 eviction_ratio=0.05
I1008 11:18:39.420482 199184 master_service.cpp:10630] [EVICT-DONE] BatchEvict execution completed.
I1008 11:18:39.430558 199184 master_service.cpp:10619] [EVICT-TRIGGER] memory_ratio=1 high_watermark=0.9 need_mem_eviction=0 eviction_ratio=0.05
I1008 11:18:39.432602 199184 master_service.cpp:10630] [EVICT-DONE] BatchEvict execution completed.
I1008 11:18:39.442682 199184 master_service.cpp:10619] [EVICT-TRIGGER] memory_ratio=1 high_watermark=0.9 need_mem_eviction=0 eviction_ratio=0.05
I1008 11:18:39.444156 199184 master_service.cpp:10630] [EVICT-DONE] BatchEvict execution completed.
I1008 11:18:39.454233 199184 master_service.cpp:10619] [EVICT-TRIGGER] memory_ratio=1 high_watermark=0.9 need_mem_eviction=0 eviction_ratio=0.05
I1008 11:18:39.455788 199184 master_service.cpp:10630] [EVICT-DONE] BatchEvict execution completed.
I1008 11:18:39.465866 199184 master_service.cpp:10619] [EVICT-TRIGGER] memory_ratio=1 high_watermark=0.9 need_mem_eviction=0 eviction_ratio=0.05
I1008 11:18:39.467252 199184 master_service.cpp:10630] [EVICT-DONE] BatchEvict execution completed.
I1008 11:18:39.477329 199184 master_service.cpp:10619] [EVICT-TRIGGER] memory_ratio=1 high_watermark=0.9 need_mem_eviction=0 eviction_ratio=0.05
I1008 11:18:39.478847 199184 master_service.cpp:10630] [EVICT-DONE] BatchEvict execution completed.
I1008 11:18:39.488933 199184 master_service.cpp:10619] [EVICT-TRIGGER] memory_ratio=1 high_watermark=0.9 need_mem_eviction=0 eviction_ratio=0.05
I1008 11:18:39.490677 199184 master_service.cpp:10630] [EVICT-DONE] BatchEvict execution completed.
I1008 11:18:39.500756 199184 master_service.cpp:10619] [EVICT-TRIGGER] memory_ratio=1 high_watermark=0.9 need_mem_eviction=0 eviction_ratio=0.05
I1008 11:18:39.502306 199184 master_service.cpp:10630] [EVICT-DONE] BatchEvict execution completed.
I1008 11:18:39.512383 199184 master_service.cpp:10619] [EVICT-TRIGGER] memory_ratio=1 high_watermark=0.9 need_mem_eviction=0 eviction_ratio=0.05
I1008 11:18:39.513753 199184 master_service.cpp:10630] [EVICT-DONE] BatchEvict execution completed.
I1008 11:18:39.523833 199184 master_service.cpp:10619] [EVICT-TRIGGER] memory_ratio=1 high_watermark=0.9 need_mem_eviction=0 eviction_ratio=0.05
I1008 11:18:39.525777 199184 master_service.cpp:10630] [EVICT-DONE] BatchEvict execution completed.
I1008 11:18:39.535857 199184 master_service.cpp:10619] [EVICT-TRIGGER] memory_ratio=1 high_watermark=0.9 need_mem_eviction=0 eviction_ratio=0.05
I1008 11:18:39.537331 199184 master_service.cpp:12526] [EVICT-RESULT] evicted_count=0, eviction_base=2, actual_evict_ratio=0, target_evict_ratio=0.15
I1008 11:18:39.537360 199184 master_service.cpp:10630] [EVICT-DONE] BatchEvict execution completed.
I1008 11:18:39.547425 199184 master_service.cpp:10619] [EVICT-TRIGGER] memory_ratio=1 high_watermark=0.9 need_mem_eviction=0 eviction_ratio=0.05
I1008 11:18:39.549016 199184 master_service.cpp:12526] [EVICT-RESULT] evicted_count=0, eviction_base=2, actual_evict_ratio=0, target_evict_ratio=0.15
I1008 11:18:39.549044 199184 master_service.cpp:10630] [EVICT-DONE] BatchEvict execution completed.
I1008 11:18:39.559108 199184 master_service.cpp:10619] [EVICT-TRIGGER] memory_ratio=1 high_watermark=0.9 need_mem_eviction=0 eviction_ratio=0.05
I1008 11:18:39.560516 199184 master_service.cpp:12526] [EVICT-RESULT] evicted_count=0, eviction_base=12, actual_evict_ratio=0, target_evict_ratio=0.15
I1008 11:18:39.560545 199184 master_service.cpp:10630] [EVICT-DONE] BatchEvict execution completed.
I1008 11:18:39.570609 199184 master_service.cpp:10619] [EVICT-TRIGGER] memory_ratio=1 high_watermark=0.9 need_mem_eviction=0 eviction_ratio=0.05
I1008 11:18:39.572192 199184 master_service.cpp:12526] [EVICT-RESULT] evicted_count=0, eviction_base=12, actual_evict_ratio=0, target_evict_ratio=0.15
I1008 11:18:39.572224 199184 master_service.cpp:10630] [EVICT-DONE] BatchEvict execution completed.
I1008 11:18:39.582286 199184 master_service.cpp:10619] [EVICT-TRIGGER] memory_ratio=1 high_watermark=0.9 need_mem_eviction=0 eviction_ratio=0.05
I1008 11:18:39.586511 199184 master_service.cpp:12526] [EVICT-RESULT] evicted_count=0, eviction_base=25, actual_evict_ratio=0, target_evict_ratio=0.15
W1008 11:18:39.586540 199184 master_service.cpp:12534] [EVICT] No memory freed this cycle; 3 objects deferred for disk offload. Consider lowering eviction_high_watermark_ratio.
I1008 11:18:39.586548 199184 master_service.cpp:10630] [EVICT-DONE] BatchEvict execution completed.
I1008 11:18:39.596609 199184 master_service.cpp:10619] [EVICT-TRIGGER] memory_ratio=1 high_watermark=0.9 need_mem_eviction=0 eviction_ratio=0.05
I1008 11:18:39.598132 199184 master_service.cpp:12526] [EVICT-RESULT] evicted_count=0, eviction_base=22, actual_evict_ratio=0, target_evict_ratio=0.15
I1008 11:18:39.598158 199184 master_service.cpp:10630] [EVICT-DONE] BatchEvict execution completed.
I1008 11:18:39.608222 199184 master_service.cpp:10619] [EVICT-TRIGGER] memory_ratio=1 high_watermark=0.9 need_mem_eviction=0 eviction_ratio=0.05
I1008 11:18:39.609548 199184 master_service.cpp:12526] [EVICT-RESULT] evicted_count=0, eviction_base=22, actual_evict_ratio=0, target_evict_ratio=0.15
I1008 11:18:39.609575 199184 master_service.cpp:10630] [EVICT-DONE] BatchEvict execution completed.
I1008 11:18:39.619637 199184 master_service.cpp:10619] [EVICT-TRIGGER] memory_ratio=1 high_watermark=0.9 need_mem_eviction=0 eviction_ratio=0.05
I1008 11:18:39.621160 199184 master_service.cpp:12526] [EVICT-RESULT] evicted_count=0, eviction_base=22, actual_evict_ratio=0, target_evict_ratio=0.15
I1008 11:18:39.621198 199184 master_service.cpp:10630] [EVICT-DONE] BatchEvict execution completed.
I1008 11:18:39.631263 199184 master_service.cpp:10619] [EVICT-TRIGGER] memory_ratio=1 high_watermark=0.9 need_mem_eviction=0 eviction_ratio=0.05
I1008 11:18:39.632629 199184 master_service.cpp:12526] [EVICT-RESULT] evicted_count=0, eviction_base=22, actual_evict_ratio=0, target_evict_ratio=0.15
I1008 11:18:39.632656 199184 master_service.cpp:10630] [EVICT-DONE] BatchEvict execution completed.
I1008 11:18:39.642709 199184 master_service.cpp:10619] [EVICT-TRIGGER] memory_ratio=1 high_watermark=0.9 need_mem_eviction=0 eviction_ratio=0.05
I1008 11:18:39.644287 199184 master_service.cpp:12526] [EVICT-RESULT] evicted_count=0, eviction_base=22, actual_evict_ratio=0, target_evict_ratio=0.15
I1008 11:18:39.644315 199184 master_service.cpp:10630] [EVICT-DONE] BatchEvict execution completed.
I1008 11:18:39.654377 199184 master_service.cpp:10619] [EVICT-TRIGGER] memory_ratio=1 high_watermark=0.9 need_mem_eviction=0 eviction_ratio=0.05
I1008 11:18:39.655789 199184 master_service.cpp:12526] [EVICT-RESULT] evicted_count=0, eviction_base=22, actual_evict_ratio=0, target_evict_ratio=0.15
I1008 11:18:39.655817 199184 master_service.cpp:10630] [EVICT-DONE] BatchEvict execution completed.
I1008 11:18:39.665879 199184 master_service.cpp:10619] [EVICT-TRIGGER] memory_ratio=1 high_watermark=0.9 need_mem_eviction=0 eviction_ratio=0.05
I1008 11:18:39.667480 199184 master_service.cpp:12526] [EVICT-RESULT] evicted_count=0, eviction_base=22, actual_evict_ratio=0, target_evict_ratio=0.15
I1008 11:18:39.667508 199184 master_service.cpp:10630] [EVICT-DONE] BatchEvict execution completed.
I1008 11:18:39.677572 199184 master_service.cpp:10619] [EVICT-TRIGGER] memory_ratio=1 high_watermark=0.9 need_mem_eviction=0 eviction_ratio=0.05
I1008 11:18:39.679577 199184 master_service.cpp:12526] [EVICT-RESULT] evicted_count=0, eviction_base=22, actual_evict_ratio=0, target_evict_ratio=0.15
I1008 11:18:39.679608 199184 master_service.cpp:10630] [EVICT-DONE] BatchEvict execution completed.
I1008 11:18:39.689671 199184 master_service.cpp:10619] [EVICT-TRIGGER] memory_ratio=1 high_watermark=0.9 need_mem_eviction=0 eviction_ratio=0.05
I1008 11:18:39.691514 199184 master_service.cpp:12526] [EVICT-RESULT] evicted_count=0, eviction_base=22, actual_evict_ratio=0, target_evict_ratio=0.15
I1008 11:18:39.691552 199184 master_service.cpp:10630] [EVICT-DONE] BatchEvict execution completed.
I1008 11:18:39.701617 199184 master_service.cpp:10619] [EVICT-TRIGGER] memory_ratio=1 high_watermark=0.9 need_mem_eviction=0 eviction_ratio=0.05
I1008 11:18:39.703379 199184 master_service.cpp:12526] [EVICT-RESULT] evicted_count=0, eviction_base=22, actual_evict_ratio=0, target_evict_ratio=0.15
I1008 11:18:39.703408 199184 master_service.cpp:10630] [EVICT-DONE] BatchEvict execution completed.
I1008 11:18:39.713470 199184 master_service.cpp:10619] [EVICT-TRIGGER] memory_ratio=1 high_watermark=0.9 need_mem_eviction=0 eviction_ratio=0.05
I1008 11:18:39.715104 199184 master_service.cpp:12526] [EVICT-RESULT] evicted_count=0, eviction_base=22, actual_evict_ratio=0, target_evict_ratio=0.15
I1008 11:18:39.715131 199184 master_service.cpp:10630] [EVICT-DONE] BatchEvict execution completed.
I1008 11:18:39.725193 199184 master_service.cpp:10619] [EVICT-TRIGGER] memory_ratio=1 high_watermark=0.9 need_mem_eviction=0 eviction_ratio=0.05
I1008 11:18:39.726557 199184 master_service.cpp:12526] [EVICT-RESULT] evicted_count=0, eviction_base=22, actual_evict_ratio=0, target_evict_ratio=0.15
I1008 11:18:39.726583 199184 master_service.cpp:10630] [EVICT-DONE] BatchEvict execution completed.
I1008 11:18:39.736646 199184 master_service.cpp:10619] [EVICT-TRIGGER] memory_ratio=1 high_watermark=0.9 need_mem_eviction=0 eviction_ratio=0.05
I1008 11:18:39.738258 199184 master_service.cpp:12526] [EVICT-RESULT] evicted_count=0, eviction_base=22, actual_evict_ratio=0, target_evict_ratio=0.15
I1008 11:18:39.738286 199184 master_service.cpp:10630] [EVICT-DONE] BatchEvict execution completed.
I1008 11:18:39.748366 199184 master_service.cpp:10619] [EVICT-TRIGGER] memory_ratio=1 high_watermark=0.9 need_mem_eviction=0 eviction_ratio=0.05
I1008 11:18:39.749775 199184 master_service.cpp:12526] [EVICT-RESULT] evicted_count=0, eviction_base=22, actual_evict_ratio=0, target_evict_ratio=0.15
I1008 11:18:39.749802 199184 master_service.cpp:10630] [EVICT-DONE] BatchEvict execution completed.
I1008 11:18:39.759864 199184 master_service.cpp:10619] [EVICT-TRIGGER] memory_ratio=1 high_watermark=0.9 need_mem_eviction=0 eviction_ratio=0.05
I1008 11:18:39.761482 199184 master_service.cpp:12526] [EVICT-RESULT] evicted_count=0, eviction_base=22, actual_evict_ratio=0, target_evict_ratio=0.15
I1008 11:18:39.761509 199184 master_service.cpp:10630] [EVICT-DONE] BatchEvict execution completed.
I1008 11:18:39.771572 199184 master_service.cpp:10619] [EVICT-TRIGGER] memory_ratio=1 high_watermark=0.9 need_mem_eviction=0 eviction_ratio=0.05
I1008 11:18:39.773056 199184 master_service.cpp:12526] [EVICT-RESULT] evicted_count=0, eviction_base=22, actual_evict_ratio=0, target_evict_ratio=0.15
I1008 11:18:39.773085 199184 master_service.cpp:10630] [EVICT-DONE] BatchEvict execution completed.
I1008 11:18:39.783149 199184 master_service.cpp:10619] [EVICT-TRIGGER] memory_ratio=1 high_watermark=0.9 need_mem_eviction=0 eviction_ratio=0.05
I1008 11:18:39.784775 199184 master_service.cpp:12526] [EVICT-RESULT] evicted_count=0, eviction_base=22, actual_evict_ratio=0, target_evict_ratio=0.15
I1008 11:18:39.784807 199184 master_service.cpp:10630] [EVICT-DONE] BatchEvict execution completed.
I1008 11:18:39.794885 199184 master_service.cpp:10619] [EVICT-TRIGGER] memory_ratio=1 high_watermark=0.9 need_mem_eviction=0 eviction_ratio=0.05
I1008 11:18:39.796991 199184 master_service.cpp:12526] [EVICT-RESULT] evicted_count=0, eviction_base=22, actual_evict_ratio=0, target_evict_ratio=0.15
I1008 11:18:39.797024 199184 master_service.cpp:10630] [EVICT-DONE] BatchEvict execution completed.
I1008 11:18:39.807089 199184 master_service.cpp:10619] [EVICT-TRIGGER] memory_ratio=1 high_watermark=0.9 need_mem_eviction=0 eviction_ratio=0.05
I1008 11:18:39.809239 199184 master_service.cpp:12526] [EVICT-RESULT] evicted_count=0, eviction_base=22, actual_evict_ratio=0, target_evict_ratio=0.15
I1008 11:18:39.809269 199184 master_service.cpp:10630] [EVICT-DONE] BatchEvict execution completed.
I1008 11:18:39.819332 199184 master_service.cpp:10619] [EVICT-TRIGGER] memory_ratio=1 high_watermark=0.9 need_mem_eviction=0 eviction_ratio=0.05
I1008 11:18:39.821074 199184 master_service.cpp:12526] [EVICT-RESULT] evicted_count=0, eviction_base=22, actual_evict_ratio=0, target_evict_ratio=0.15
I1008 11:18:39.821103 199184 master_service.cpp:10630] [EVICT-DONE] BatchEvict execution completed.
I1008 11:18:39.831166 199184 master_service.cpp:10619] [EVICT-TRIGGER] memory_ratio=1 high_watermark=0.9 need_mem_eviction=0 eviction_ratio=0.05
I1008 11:18:39.832779 199184 master_service.cpp:12526] [EVICT-RESULT] evicted_count=0, eviction_base=22, actual_evict_ratio=0, target_evict_ratio=0.15
I1008 11:18:39.832806 199184 master_service.cpp:10630] [EVICT-DONE] BatchEvict execution completed.
I1008 11:18:39.842868 199184 master_service.cpp:10619] [EVICT-TRIGGER] memory_ratio=1 high_watermark=0.9 need_mem_eviction=0 eviction_ratio=0.05
I1008 11:18:39.844280 199184 master_service.cpp:12526] [EVICT-RESULT] evicted_count=0, eviction_base=22, actual_evict_ratio=0, target_evict_ratio=0.15
I1008 11:18:39.844305 199184 master_service.cpp:10630] [EVICT-DONE] BatchEvict execution completed.
I1008 11:18:39.854368 199184 master_service.cpp:10619] [EVICT-TRIGGER] memory_ratio=1 high_watermark=0.9 need_mem_eviction=0 eviction_ratio=0.05
I1008 11:18:39.855994 199184 master_service.cpp:12526] [EVICT-RESULT] evicted_count=0, eviction_base=22, actual_evict_ratio=0, target_evict_ratio=0.15
I1008 11:18:39.856022 199184 master_service.cpp:10630] [EVICT-DONE] BatchEvict execution completed.
I1008 11:18:39.866084 199184 master_service.cpp:10619] [EVICT-TRIGGER] memory_ratio=1 high_watermark=0.9 need_mem_eviction=0 eviction_ratio=0.05
I1008 11:18:39.867565 199184 master_service.cpp:12526] [EVICT-RESULT] evicted_count=0, eviction_base=22, actual_evict_ratio=0, target_evict_ratio=0.15
I1008 11:18:39.867594 199184 master_service.cpp:10630] [EVICT-DONE] BatchEvict execution completed.
I1008 11:18:39.877655 199184 master_service.cpp:10619] [EVICT-TRIGGER] memory_ratio=1 high_watermark=0.9 need_mem_eviction=0 eviction_ratio=0.05
I1008 11:18:39.879242 199184 master_service.cpp:12526] [EVICT-RESULT] evicted_count=0, eviction_base=22, actual_evict_ratio=0, target_evict_ratio=0.15
I1008 11:18:39.879269 199184 master_service.cpp:10630] [EVICT-DONE] BatchEvict execution completed.
I1008 11:18:39.889331 199184 master_service.cpp:10619] [EVICT-TRIGGER] memory_ratio=1 high_watermark=0.9 need_mem_eviction=0 eviction_ratio=0.05
I1008 11:18:39.890761 199184 master_service.cpp:12526] [EVICT-RESULT] evicted_count=0, eviction_base=22, actual_evict_ratio=0, target_evict_ratio=0.15
I1008 11:18:39.890789 199184 master_service.cpp:10630] [EVICT-DONE] BatchEvict execution completed.
I1008 11:18:39.900851 199184 master_service.cpp:10619] [EVICT-TRIGGER] memory_ratio=1 high_watermark=0.9 need_mem_eviction=0 eviction_ratio=0.05
I1008 11:18:39.902388 199184 master_service.cpp:12526] [EVICT-RESULT] evicted_count=0, eviction_base=22, actual_evict_ratio=0, target_evict_ratio=0.15
I1008 11:18:39.902415 199184 master_service.cpp:10630] [EVICT-DONE] BatchEvict execution completed.
I1008 11:18:39.912477 199184 master_service.cpp:10619] [EVICT-TRIGGER] memory_ratio=1 high_watermark=0.9 need_mem_eviction=0 eviction_ratio=0.05
I1008 11:18:39.913878 199184 master_service.cpp:12526] [EVICT-RESULT] evicted_count=0, eviction_base=22, actual_evict_ratio=0, target_evict_ratio=0.15
I1008 11:18:39.913904 199184 master_service.cpp:10630] [EVICT-DONE] BatchEvict execution completed.
I1008 11:18:39.923965 199184 master_service.cpp:10619] [EVICT-TRIGGER] memory_ratio=1 high_watermark=0.9 need_mem_eviction=0 eviction_ratio=0.05
I1008 11:18:39.925907 199184 master_service.cpp:12526] [EVICT-RESULT] evicted_count=0, eviction_base=22, actual_evict_ratio=0, target_evict_ratio=0.15
I1008 11:18:39.925935 199184 master_service.cpp:10630] [EVICT-DONE] BatchEvict execution completed.
I1008 11:18:39.935997 199184 master_service.cpp:10619] [EVICT-TRIGGER] memory_ratio=1 high_watermark=0.9 need_mem_eviction=0 eviction_ratio=0.05
I1008 11:18:39.937394 199184 master_service.cpp:12526] [EVICT-RESULT] evicted_count=0, eviction_base=22, actual_evict_ratio=0, target_evict_ratio=0.15
I1008 11:18:39.937422 199184 master_service.cpp:10630] [EVICT-DONE] BatchEvict execution completed.
I1008 11:18:39.947484 199184 master_service.cpp:10619] [EVICT-TRIGGER] memory_ratio=1 high_watermark=0.9 need_mem_eviction=0 eviction_ratio=0.05
I1008 11:18:39.949002 199184 master_service.cpp:12526] [EVICT-RESULT] evicted_count=0, eviction_base=22, actual_evict_ratio=0, target_evict_ratio=0.15
I1008 11:18:39.949028 199184 master_service.cpp:10630] [EVICT-DONE] BatchEvict execution completed.
I1008 11:18:39.959089 199184 master_service.cpp:10619] [EVICT-TRIGGER] memory_ratio=1 high_watermark=0.9 need_mem_eviction=0 eviction_ratio=0.05
I1008 11:18:39.960450 199184 master_service.cpp:12526] [EVICT-RESULT] evicted_count=0, eviction_base=22, actual_evict_ratio=0, target_evict_ratio=0.15
I1008 11:18:39.960477 199184 master_service.cpp:10630] [EVICT-DONE] BatchEvict execution completed.
I1008 11:18:39.970538 199184 master_service.cpp:10619] [EVICT-TRIGGER] memory_ratio=1 high_watermark=0.9 need_mem_eviction=0 eviction_ratio=0.05
I1008 11:18:39.972137 199184 master_service.cpp:12526] [EVICT-RESULT] evicted_count=0, eviction_base=22, actual_evict_ratio=0, target_evict_ratio=0.15
I1008 11:18:39.972164 199184 master_service.cpp:10630] [EVICT-DONE] BatchEvict execution completed.
I1008 11:18:39.982226 199184 master_service.cpp:10619] [EVICT-TRIGGER] memory_ratio=1 high_watermark=0.9 need_mem_eviction=0 eviction_ratio=0.05
I1008 11:18:39.983685 199184 master_service.cpp:12526] [EVICT-RESULT] evicted_count=0, eviction_base=22, actual_evict_ratio=0, target_evict_ratio=0.15
I1008 11:18:39.983722 199184 master_service.cpp:10630] [EVICT-DONE] BatchEvict execution completed.
I1008 11:18:39.993788 199184 master_service.cpp:10619] [EVICT-TRIGGER] memory_ratio=1 high_watermark=0.9 need_mem_eviction=0 eviction_ratio=0.05
I1008 11:18:39.996052 199184 master_service.cpp:12526] [EVICT-RESULT] evicted_count=0, eviction_base=22, actual_evict_ratio=0, target_evict_ratio=0.15
I1008 11:18:39.996084 199184 master_service.cpp:10630] [EVICT-DONE] BatchEvict execution completed.
I1008 11:18:40.006153 199184 master_service.cpp:10619] [EVICT-TRIGGER] memory_ratio=1 high_watermark=0.9 need_mem_eviction=0 eviction_ratio=0.05
I1008 11:18:40.007735 199184 master_service.cpp:12526] [EVICT-RESULT] evicted_count=0, eviction_base=22, actual_evict_ratio=0, target_evict_ratio=0.15
I1008 11:18:40.007764 199184 master_service.cpp:10630] [EVICT-DONE] BatchEvict execution completed.
I1008 11:18:40.017827 199184 master_service.cpp:10619] [EVICT-TRIGGER] memory_ratio=1 high_watermark=0.9 need_mem_eviction=0 eviction_ratio=0.05
I1008 11:18:40.020920 199184 master_service.cpp:12526] [EVICT-RESULT] evicted_count=2, eviction_base=22, actual_evict_ratio=0.0909091, target_evict_ratio=0.15
I1008 11:18:40.020949 199184 master_service.cpp:10630] [EVICT-DONE] BatchEvict execution completed.
I1008 11:18:41.277812 199184 master_service.cpp:10619] [EVICT-TRIGGER] memory_ratio=0.96875 high_watermark=0.9 need_mem_eviction=0 eviction_ratio=0.05
I1008 11:18:41.281376 199184 master_service.cpp:12526] [EVICT-RESULT] evicted_count=3, eviction_base=20, actual_evict_ratio=0.15, target_evict_ratio=0.11875
I1008 11:18:41.281421 199184 master_service.cpp:10630] [EVICT-DONE] BatchEvict execution completed.
I1008 11:18:44.693840 199180 master.cpp:1857] Shutdown signal received, exiting gracefully
I1008 11:18:44.694674 199186 master_service.cpp:3119] Task cleanup thread stopped
I1008 11:18:44.981410 199183 client_offboarding.cpp:163] Client offboarding worker stopped
SMOKE_RC=1
